frame,t,f_number,exposure_s,iso,master_gain_db,white_balance_raw,ext_magnification_pct,gyro_abs_mean,accel_mean_x,accel_mean_y,accel_mean_z
0,0.0,5.61156555446709,0.015625,250,8,33,100,87.43781094527363,-1619.8,-514.3,8124.1
1,0.0334,5.61156555446709,0.015625,250,8,33,100,58.58706467661692,-1638.1,-505.8,8120.5
2,0.0667,5.61156555446709,0.015625,250,8,33,100,79.53030303030303,-1838.4,-543.6,8086.2
3,0.1001,5.61156555446709,0.015625,250,8,33,100,78.79601990049751,-1594.3,-462.1,8134.3
4,0.1335,5.61156555446709,0.015625,250,8,33,100,56.38805970149254,-1714.9,-506.1,8110.0
5,0.1668,5.61156555446709,0.015625,250,8,33,100,87.62189054726367,-1769.3,-502.5,8097.6
6,0.2002,5.61156555446709,0.015625,250,8,33,100,70.98484848484848,-1600.3,-517.5,8124.8
7,0.2336,5.61156555446709,0.015625,250,8,33,100,62.56716417910448,-1756.8,-513.6,8103.5
8,0.2669,5.61156555446709,0.015625,250,8,33,100,87.40796019900498,-1712.1,-505.3,8108.9
9,0.3003,5.61156555446709,0.015625,250,8,33,100,59.039800995024876,-1642.8,-495.6,8119.3
10,0.3337,5.61156555446709,0.015625,250,8,33,100,77.43939393939394,-1771.3,-506.3,8102.7
11,0.367,5.61156555446709,0.015625,250,8,33,100,78.62189054726367,-1662.3,-509.7,8118.0
12,0.4004,5.61156555446709,0.015625,250,8,33,100,64.05970149253731,-1690.9,-502.6,8117.2
13,0.4338,5.61156555446709,0.015625,250,8,33,100,78.6969696969697,-1744.8,-515.0,8103.6
14,0.4671,5.61156555446709,0.015625,250,8,33,100,72.05970149253731,-1648.9,-493.9,8115.8
15,0.5005,5.61156555446709,0.015625,250,8,33,100,66.46766169154229,-1729.8,-507.9,8104.9
16,0.5339,5.61156555446709,0.015625,250,8,33,100,81.67661691542288,-1710.4,-506.2,8110.8
17,0.5672,5.61156555446709,0.015625,250,8,33,100,67.91919191919192,-1659.0,-509.3,8116.0
18,0.6006,5.61156555446709,0.015625,250,8,33,100,71.39800995024876,-1741.4,-505.9,8106.1
19,0.634,5.61156555446709,0.015625,250,8,33,100,78.06965174129353,-1680.3,-504.5,8112.7
20,0.6673,5.61156555446709,0.015625,250,8,33,100,65.43283582089552,-1690.1,-501.9,8115.8
21,0.7007,5.61156555446709,0.015625,250,8,33,100,77.84848484848484,-1731.0,-508.6,8108.0
22,0.7341,5.61156555446709,0.015625,250,8,33,100,71.50248756218906,-1670.0,-506.8,8114.1
23,0.7674,5.61156555446709,0.015625,250,8,33,100,69.8905472636816,-1711.6,-510.0,8110.0
24,0.8008,5.61156555446709,0.015625,250,8,33,100,76.59701492537313,-1706.1,-509.3,8112.0
25,0.8342,5.61156555446709,0.015625,250,8,33,100,70.08585858585859,-1679.5,-502.7,8114.3
26,0.8675,5.61156555446709,0.015625,250,8,33,100,71.76616915422886,-1719.4,-503.5,8108.6
27,0.9009,5.61156555446709,0.015625,250,8,33,100,75.56716417910448,-1689.1,-502.9,8113.4
28,0.9343,5.61156555446709,0.015625,250,8,33,100,69.23737373737374,-1692.8,-509.6,8112.3
29,0.9676,5.61156555446709,0.015625,250,8,33,100,74.61691542288557,-1715.6,-503.9,8111.5
30,1.001,5.61156555446709,0.015625,250,8,33,100,72.8955223880597,-1684.1,-506.4,8111.4
31,1.0344,5.61156555446709,0.015625,250,8,33,100,70.62189054726367,-1706.0,-504.3,8107.4
32,1.0677,5.61156555446709,0.015625,250,8,33,100,75.56565656565657,-1705.1,-505.4,8110.0
33,1.1011,5.61156555446709,0.015625,250,8,33,100,71.57213930348259,-1687.1,-504.7,8118.9
34,1.1345,5.61156555446709,0.015625,250,8,33,100,73.70149253731343,-1711.0,-507.1,8110.7
35,1.1678,5.61156555446709,0.015625,250,8,33,100,72.91542288557214,-1697.7,-505.8,8110.4
36,1.2012,5.61156555446709,0.015625,250,8,33,100,70.25252525252525,-1699.1,-507.4,8112.4
37,1.2346,5.61156555446709,0.015625,250,8,33,100,73.87064676616916,-1708.6,-505.3,8107.5
38,1.2679,5.61156555446709,0.015625,250,8,33,100,73.35820895522389,-1692.9,-503.4,8114.0
39,1.3013,5.61156555446709,0.015625,250,8,33,100,71.50746268656717,-1704.8,-510.0,8109.6
40,1.3347,5.61156555446709,0.015625,250,8,33,100,73.9040404040404,-1700.5,-504.3,8111.1
41,1.368,5.61156555446709,0.015625,250,8,33,100,71.82089552238806,-1694.9,-504.0,8110.0
42,1.4014,5.61156555446709,0.015625,250,8,33,100,73.42288557213931,-1705.4,-506.5,8110.5
43,1.4348,5.61156555446709,0.015625,250,8,33,100,73.21717171717172,-1695.8,-504.1,8110.4
44,1.4681,5.61156555446709,0.015625,250,8,33,100,71.55223880597015,-1703.0,-507.8,8109.1
45,1.5015,5.61156555446709,0.015625,250,8,33,100,73.02487562189054,-1702.0,-507.2,8109.8
46,1.5349,5.61156555446709,0.015625,250,8,33,100,72.77611940298507,-1697.7,-507.8,8109.6
47,1.5682,5.61156555446709,0.015625,250,8,33,100,72.34848484848484,-1705.2,-505.9,8112.5
48,1.6016,5.61156555446709,0.015625,250,8,33,100,73.54228855721394,-1699.9,-502.9,8109.0
49,1.635,5.61156555446709,0.015625,250,8,33,100,71.45771144278606,-1700.2,-503.1,8107.6
50,1.6683,5.61156555446709,0.015625,250,8,33,100,73.48756218905473,-1703.4,-508.8,8109.1
51,1.7017,5.61156555446709,0.015625,250,8,33,100,72.76767676767676,-1701.0,-510.2,8111.7
52,1.7351,5.61156555446709,0.015625,250,8,33,100,72.91044776119404,-1702.8,-508.3,8108.6
53,1.7684,5.61156555446709,0.015625,250,8,33,100,73.7860696517413,-1699.3,-509.7,8107.3
54,1.8018,5.61156555446709,0.015625,250,8,33,100,72.07960199004975,-1696.4,-509.6,8111.7
55,1.8352,5.61156555446709,0.015625,250,8,33,100,72.67171717171718,-1702.2,-506.8,8107.6
56,1.8685,5.61156555446709,0.015625,250,8,33,100,72.37810945273633,-1698.3,-507.8,8111.6
57,1.9019,5.61156555446709,0.015625,250,8,33,100,73.85074626865672,-1701.5,-506.9,8110.8
58,1.9353,5.61156555446709,0.015625,250,8,33,100,71.87373737373737,-1697.5,-506.2,8110.6
59,1.9686,5.61156555446709,0.015625,250,8,33,100,72.13432835820896,-1699.8,-503.0,8109.5
60,2.002,5.61156555446709,0.015625,250,8,33,100,72.16417910447761,-1698.8,-507.5,8111.9
61,2.0354,5.61156555446709,0.015625,250,8,33,100,72.88059701492537,-1696.4,-504.1,8111.6
62,2.0687,5.61156555446709,0.015625,250,8,33,100,72.12626262626263,-1698.1,-508.8,8113.5
63,2.1021,5.61156555446709,0.015625,250,8,33,100,73.48756218905473,-1703.3,-506.4,8109.0
64,2.1355,5.61156555446709,0.015625,250,8,33,100,72.64676616915423,-1698.4,-510.4,8109.6
65,2.1688,5.61156555446709,0.015625,250,8,33,100,72.8905472636816,-1703.1,-503.3,8111.1
66,2.2022,5.61156555446709,0.015625,250,8,33,100,72.14141414141415,-1700.1,-507.0,8111.7
67,2.2356,5.61156555446709,0.015625,250,8,33,100,72.97512437810946,-1697.7,-504.2,8108.6
68,2.2689,5.61156555446709,0.015625,250,8,33,100,72.42288557213931,-1701.2,-509.0,8107.0
69,2.3023,5.61156555446709,0.015625,250,8,33,100,73.08457711442786,-1700.9,-504.4,8108.9
70,2.3357,5.61156555446709,0.015625,250,8,33,100,71.58080808080808,-1698.0,-505.8,8113.0
71,2.369,5.61156555446709,0.015625,250,8,33,100,73.16915422885572,-1701.4,-506.5,8107.8
72,2.4024,5.61156555446709,0.015625,250,8,33,100,73.1592039800995,-1698.6,-503.5,8113.0
73,2.4358,5.61156555446709,0.015625,250,8,33,100,73.07070707070707,-1701.9,-510.4,8113.0
74,2.4691,5.61156555446709,0.015625,250,8,33,100,73.44776119402985,-1698.6,-505.9,8107.7
75,2.5025,5.61156555446709,0.015625,250,8,33,100,71.97014925373135,-1699.6,-506.6,8110.1
76,2.5359,5.61156555446709,0.015625,250,8,33,100,72.01492537313433,-1702.0,-505.3,8110.0
77,2.5692,5.61156555446709,0.015625,250,8,33,100,72.1919191919192,-1696.4,-507.8,8108.7
78,2.6026,5.61156555446709,0.015625,250,8,33,100,72.14427860696517,-1698.9,-504.3,8112.6
79,2.636,5.61156555446709,0.015625,250,8,33,100,73.17910447761194,-1700.7,-507.4,8113.7
80,2.6693,5.61156555446709,0.015625,250,8,33,100,73.1044776119403,-1696.8,-506.7,8110.3
81,2.7027,5.61156555446709,0.015625,250,8,33,100,72.24242424242425,-1699.3,-506.4,8111.7
82,2.7361,5.61156555446709,0.015625,250,8,33,100,72.60199004975124,-1698.0,-505.6,8114.5
83,2.7694,5.61156555446709,0.015625,250,8,33,100,73.59701492537313,-1699.0,-504.8,8113.6
84,2.8028,5.61156555446709,0.015625,250,8,33,100,73.1044776119403,-1696.8,-507.6,8110.6
85,2.8362,5.61156555446709,0.015625,250,8,33,100,73.41414141414141,-1701.1,-507.0,8108.7
86,2.8695,5.61156555446709,0.015625,250,8,33,100,72.06965174129353,-1700.0,-509.1,8110.0
87,2.9029,5.61156555446709,0.015625,250,8,33,100,73.32835820895522,-1694.0,-505.7,8113.9
88,2.9363,5.61156555446709,0.015625,250,8,33,100,72.58585858585859,-1699.0,-504.1,8112.7
89,2.9696,5.61156555446709,0.015625,250,8,33,100,73.01492537313433,-1701.0,-503.2,8112.3
90,3.003,5.61156555446709,0.015625,250,8,33,100,70.72139303482587,-1695.4,-507.8,8111.9
91,3.0364,5.61156555446709,0.015625,250,8,33,100,73.81094527363184,-1699.9,-507.1,8110.4
92,3.0697,5.61156555446709,0.015625,250,8,33,100,71.62626262626263,-1701.3,-508.5,8108.6
93,3.1031,5.61156555446709,0.015625,250,8,33,100,72.33830845771145,-1700.3,-503.8,8111.6
94,3.1365,5.61156555446709,0.015625,250,8,33,100,73.07960199004975,-1700.9,-505.1,8114.3
95,3.1698,5.61156555446709,0.015625,250,8,33,100,72.44776119402985,-1698.1,-505.7,8111.2
96,3.2032,5.61156555446709,0.015625,250,8,33,100,72.97979797979798,-1699.0,-510.6,8112.8
97,3.2366,5.61156555446709,0.015625,250,8,33,100,72.92039800995025,-1698.6,-506.6,8108.4
98,3.2699,5.61156555446709,0.015625,250,8,33,100,72.53731343283582,-1701.3,-505.3,8115.3
99,3.3033,5.61156555446709,0.015625,250,8,33,100,72.53233830845771,-1705.6,-507.2,8107.9
100,3.3367,5.61156555446709,0.015625,250,8,33,100,73.96464646464646,-1698.6,-506.5,8109.9
101,3.37,5.61156555446709,0.015625,250,8,33,100,71.96517412935323,-1701.5,-508.4,8110.4
102,3.4034,5.61156555446709,0.015625,250,8,33,100,73.68656716417911,-1699.9,-505.8,8112.7
103,3.4368,5.61156555446709,0.015625,250,8,33,100,72.27272727272727,-1699.1,-509.8,8112.8
104,3.4701,5.61156555446709,0.015625,250,8,33,100,72.30348258706468,-1702.9,-505.8,8112.2
105,3.5035,5.61156555446709,0.015625,250,8,33,100,72.6318407960199,-1697.5,-507.8,8111.4
106,3.5369,5.61156555446709,0.015625,250,8,33,100,72.30348258706468,-1701.8,-505.8,8107.3
107,3.5702,5.61156555446709,0.015625,250,8,33,100,73.35353535353535,-1702.1,-510.0,8109.9
108,3.6036,5.61156555446709,0.015625,250,8,33,100,72.24875621890547,-1696.7,-505.7,8110.5
109,3.637,5.61156555446709,0.015625,250,8,33,100,71.5273631840796,-1703.5,-503.3,8110.9
110,3.6703,5.61156555446709,0.015625,250,8,33,100,72.88557213930348,-1697.9,-504.5,8108.8
111,3.7037,5.61156555446709,0.015625,250,8,33,100,72.83333333333333,-1701.7,-503.1,8109.9
112,3.7371,5.61156555446709,0.015625,250,8,33,100,72.86567164179104,-1701.4,-504.9,8113.3
113,3.7704,5.61156555446709,0.015625,250,8,33,100,72.44776119402985,-1701.9,-506.5,8111.4
114,3.8038,5.61156555446709,0.015625,250,8,33,100,73.05472636815921,-1698.6,-508.8,8109.4
115,3.8372,5.61156555446709,0.015625,250,8,33,100,73.01515151515152,-1701.2,-506.5,8112.5
116,3.8705,5.61156555446709,0.015625,250,8,33,100,72.87562189054727,-1702.4,-504.4,8107.2
117,3.9039,5.61156555446709,0.015625,250,8,33,100,72.22388059701493,-1701.2,-506.8,8112.1
118,3.9373,5.61156555446709,0.015625,250,8,33,100,72.01010101010101,-1696.2,-510.7,8112.9
119,3.9706,5.61156555446709,0.015625,250,8,33,100,73.21890547263682,-1702.4,-506.5,8112.1
120,4.004,5.61156555446709,0.015625,250,8,33,100,73.53731343283582,-1697.6,-510.0,8112.9
121,4.0374,5.61156555446709,0.015625,250,8,33,100,71.58208955223881,-1703.0,-505.3,8107.2
122,4.0707,5.61156555446709,0.015625,250,8,33,100,72.85858585858585,-1701.9,-506.3,8107.2
123,4.1041,5.61156555446709,0.015625,250,8,33,100,71.66666666666667,-1699.3,-506.0,8111.3
124,4.1375,5.61156555446709,0.015625,250,8,33,100,71.35820895522389,-1703.0,-506.7,8113.3
125,4.1708,5.61156555446709,0.015625,250,8,33,100,71.95522388059702,-1700.9,-506.9,8115.6
126,4.2042,5.61156555446709,0.015625,250,8,33,100,72.5050505050505,-1702.2,-504.2,8110.2
127,4.2376,5.61156555446709,0.015625,250,8,33,100,72.53731343283582,-1698.5,-506.6,8109.4
128,4.2709,5.61156555446709,0.015625,250,8,33,100,72.88059701492537,-1701.2,-502.3,8111.8
129,4.3043,5.61156555446709,0.015625,250,8,33,100,72.98507462686567,-1703.8,-506.2,8109.2
130,4.3377,5.61156555446709,0.015625,250,8,33,100,72.45959595959596,-1702.1,-507.2,8109.0
131,4.371,5.61156555446709,0.015625,250,8,33,100,72.79601990049751,-1697.5,-508.0,8113.2
132,4.4044,5.61156555446709,0.015625,250,8,33,100,72.14427860696517,-1701.0,-502.5,8115.4
133,4.4378,5.61156555446709,0.015625,250,8,33,100,71.98989898989899,-1700.8,-504.0,8111.5
134,4.4711,5.61156555446709,0.015625,250,8,33,100,72.09452736318408,-1699.1,-509.3,8109.2
135,4.5045,5.61156555446709,0.015625,250,8,33,100,72.76119402985074,-1700.3,-509.3,8113.7
136,4.5379,5.61156555446709,0.015625,250,8,33,100,72.24378109452736,-1699.7,-509.2,8108.6
137,4.5712,5.61156555446709,0.015625,250,8,33,100,72.86868686868686,-1701.4,-503.0,8111.7
138,4.6046,5.61156555446709,0.015625,250,8,33,100,72.78109452736318,-1700.0,-506.4,8108.6
139,4.638,5.61156555446709,0.015625,250,8,33,100,73.05472636815921,-1699.7,-499.2,8115.4
140,4.6713,5.61156555446709,0.015625,250,8,33,100,71.75621890547264,-1702.3,-510.1,8111.8
141,4.7047,5.61156555446709,0.015625,250,8,33,100,72.61111111111111,-1701.5,-508.6,8110.1
142,4.7381,5.61156555446709,0.015625,250,8,33,100,72.60199004975124,-1699.1,-507.1,8111.3
143,4.7714,5.61156555446709,0.015625,250,8,33,100,71.41293532338308,-1700.8,-503.3,8111.5
144,4.8048,5.61156555446709,0.015625,250,8,33,100,72.31343283582089,-1697.3,-505.4,8111.3
145,4.8382,5.61156555446709,0.015625,250,8,33,100,71.88383838383838,-1702.5,-504.7,8113.5
146,4.8715,5.61156555446709,0.015625,250,8,33,100,74.2089552238806,-1699.8,-507.1,8112.7
147,4.9049,5.61156555446709,0.015625,250,8,33,100,71.93532338308458,-1696.7,-506.8,8110.5
148,4.9383,5.61156555446709,0.015625,250,8,33,100,71.79292929292929,-1702.3,-507.1,8106.8
149,4.9716,5.61156555446709,0.015625,250,8,33,100,73.2139303482587,-1695.2,-508.3,8110.9
150,5.005,5.61156555446709,0.015625,250,8,33,100,73.0049751243781,-1703.9,-505.7,8111.4
151,5.0384,5.61156555446709,0.015625,250,8,33,100,72.54228855721394,-1698.5,-507.2,8114.6
152,5.0717,5.61156555446709,0.015625,250,8,33,100,72.3989898989899,-1697.8,-507.2,8112.8
153,5.1051,5.61156555446709,0.015625,250,8,33,100,72.23383084577114,-1701.1,-506.2,8110.9
154,5.1385,5.61156555446709,0.015625,250,8,33,100,73.40796019900498,-1697.5,-503.9,8110.4
155,5.1718,5.61156555446709,0.015625,250,8,33,100,72.53731343283582,-1701.5,-503.3,8109.7
156,5.2052,5.61156555446709,0.015625,250,8,33,100,73.21212121212122,-1700.9,-506.9,8108.2
157,5.2386,5.61156555446709,0.015625,250,8,33,100,71.96517412935323,-1702.1,-508.1,8112.9
158,5.2719,5.61156555446709,0.015625,250,8,33,100,73.13432835820896,-1704.3,-510.1,8112.6
159,5.3053,5.61156555446709,0.015625,250,8,33,100,72.64179104477611,-1697.9,-508.1,8109.9
160,5.3387,5.61156555446709,0.015625,250,8,33,100,72.37373737373737,-1701.3,-505.1,8110.7
161,5.372,5.61156555446709,0.015625,250,8,33,100,72.76119402985074,-1700.4,-509.9,8108.5
162,5.4054,5.61156555446709,0.015625,250,8,33,100,72.8407960199005,-1700.0,-505.6,8110.4
163,5.4388,5.61156555446709,0.015625,250,8,33,100,71.62121212121212,-1704.6,-508.0,8113.1
164,5.4721,5.61156555446709,0.015625,250,8,33,100,72.65671641791045,-1699.9,-506.0,8111.7
165,5.5055,5.61156555446709,0.015625,250,8,33,100,72.0049751243781,-1697.3,-507.5,8113.4
166,5.5389,5.61156555446709,0.015625,250,8,33,100,72.11940298507463,-1702.5,-501.5,8114.4
167,5.5722,5.61156555446709,0.015625,250,8,33,100,72.73232323232324,-1700.3,-509.6,8107.0
168,5.6056,5.61156555446709,0.015625,250,8,33,100,71.32835820895522,-1698.9,-507.6,8109.9
169,5.639,5.61156555446709,0.015625,250,8,33,100,72.5223880597015,-1699.6,-504.8,8110.8
170,5.6723,5.61156555446709,0.015625,250,8,33,100,72.58208955223881,-1700.5,-506.3,8113.9
171,5.7057,5.61156555446709,0.015625,250,8,33,100,73.37373737373737,-1701.1,-505.8,8109.5
172,5.7391,5.61156555446709,0.015625,250,8,33,100,72.60696517412936,-1695.7,-507.9,8110.9
173,5.7724,5.61156555446709,0.015625,250,8,33,100,72.09950248756219,-1702.1,-507.8,8111.6
174,5.8058,5.61156555446709,0.015625,250,8,33,100,72.87562189054727,-1701.7,-507.5,8109.9
175,5.8392,5.61156555446709,0.015625,250,8,33,100,72.65656565656566,-1697.4,-507.6,8109.4
176,5.8725,5.61156555446709,0.015625,250,8,33,100,73.17412935323384,-1700.3,-506.1,8112.0
177,5.9059,5.61156555446709,0.015625,250,8,33,100,73.0049751243781,-1697.9,-507.1,8112.6
178,5.9393,5.61156555446709,0.015625,250,8,33,100,72.52020202020202,-1700.4,-506.8,8110.7
179,5.9726,5.61156555446709,0.015625,250,8,33,100,72.97512437810946,-1701.4,-506.8,8108.5
180,6.006,5.61156555446709,0.015625,250,8,33,100,72.48756218905473,-1692.9,-506.0,8109.3
181,6.0394,5.61156555446709,0.015625,250,8,33,100,71.34328358208955,-1701.1,-503.0,8110.2
182,6.0727,5.61156555446709,0.015625,250,8,33,100,73.29292929292929,-1697.7,-506.8,8108.1
183,6.1061,5.61156555446709,0.015625,250,8,33,100,71.51741293532338,-1697.2,-507.9,8109.9
184,6.1395,5.61156555446709,0.015625,250,8,33,100,73.95024875621891,-1703.6,-507.9,8108.7
185,6.1728,5.61156555446709,0.015625,250,8,33,100,72.7860696517413,-1694.9,-505.6,8113.2
186,6.2062,5.61156555446709,0.015625,250,8,33,100,73.17171717171718,-1701.4,-506.6,8112.7
187,6.2396,5.61156555446709,0.015625,250,8,33,100,72.69154228855722,-1696.5,-506.3,8111.9
188,6.2729,5.61156555446709,0.015625,250,8,33,100,71.636815920398,-1700.0,-506.4,8111.5
189,6.3063,5.61156555446709,0.015625,250,8,33,100,73.44776119402985,-1702.2,-507.7,8111.1
190,6.3397,5.61156555446709,0.015625,250,8,33,100,72.71212121212122,-1698.7,-508.5,8109.6
191,6.373,5.61156555446709,0.015625,250,8,33,100,72.14427860696517,-1699.9,-507.9,8109.8
192,6.4064,5.61156555446709,0.015625,250,8,33,100,72.25373134328358,-1703.0,-510.2,8111.8
193,6.4398,5.61156555446709,0.015625,250,8,33,100,73.48989898989899,-1696.2,-506.4,8114.2
194,6.4731,5.61156555446709,0.015625,250,8,33,100,72.14427860696517,-1701.9,-508.3,8108.7
195,6.5065,5.61156555446709,0.015625,250,8,33,100,72.1044776119403,-1701.0,-508.0,8109.6
196,6.5399,5.61156555446709,0.015625,250,8,33,100,72.14925373134328,-1704.2,-506.1,8109.5
197,6.5732,5.61156555446709,0.015625,250,8,33,100,72.89393939393939,-1701.2,-506.6,8114.1
198,6.6066,5.61156555446709,0.015625,250,8,33,100,73.46268656716418,-1697.1,-504.7,8110.6
199,6.64,5.61156555446709,0.015625,250,8,33,100,71.8905472636816,-1702.8,-506.1,8109.2
200,6.6733,5.61156555446709,0.015625,250,8,33,100,72.80099502487562,-1702.3,-505.3,8110.5
201,6.7067,5.61156555446709,0.015625,250,8,33,100,72.24747474747475,-1696.6,-507.3,8114.8
202,6.7401,5.61156555446709,0.015625,250,8,33,100,71.69154228855722,-1700.4,-507.6,8111.9
203,6.7734,5.61156555446709,0.015625,250,8,33,100,72.8955223880597,-1703.6,-508.4,8107.9
204,6.8068,5.61156555446709,0.015625,250,8,33,100,72.85074626865672,-1698.5,-506.6,8109.7
205,6.8402,5.61156555446709,0.015625,250,8,33,100,72.37878787878788,-1705.2,-506.7,8112.2
206,6.8735,5.61156555446709,0.015625,250,8,33,100,72.35323383084577,-1697.7,-505.8,8111.9
207,6.9069,5.61156555446709,0.015625,250,8,33,100,72.72139303482587,-1700.4,-510.8,8112.1
208,6.9403,5.61156555446709,0.015625,250,8,33,100,72.15656565656566,-1700.0,-506.3,8113.8
209,6.9736,5.61156555446709,0.015625,250,8,33,100,72.57213930348259,-1701.9,-507.9,8111.9
210,7.007,5.61156555446709,0.015625,250,8,33,100,71.93034825870647,-1700.7,-503.7,8112.9
211,7.0404,5.61156555446709,0.015625,250,8,33,100,73.49253731343283,-1701.8,-507.4,8111.5
212,7.0737,5.61156555446709,0.015625,250,8,33,100,71.75252525252525,-1700.3,-504.1,8110.9
213,7.1071,5.61156555446709,0.015625,250,8,33,100,73.30845771144278,-1703.6,-508.8,8111.1
214,7.1405,5.61156555446709,0.015625,250,8,33,100,73.05970149253731,-1700.2,-510.9,8110.7
215,7.1738,5.61156555446709,0.015625,250,8,33,100,73.21890547263682,-1696.5,-502.7,8109.9
216,7.2072,5.61156555446709,0.015625,250,8,33,100,71.46969696969697,-1703.5,-505.5,8113.7
217,7.2406,5.61156555446709,0.015625,250,8,33,100,73.46268656716418,-1702.6,-506.9,8110.9
218,7.2739,5.61156555446709,0.015625,250,8,33,100,71.66666666666667,-1697.5,-505.2,8109.3
219,7.3073,5.61156555446709,0.015625,250,8,33,100,72.54726368159204,-1702.5,-505.2,8112.0
220,7.3407,5.61156555446709,0.015625,250,8,33,100,72.9090909090909,-1699.1,-507.6,8111.1
221,7.374,5.61156555446709,0.015625,250,8,33,100,72.61194029850746,-1702.2,-508.1,8109.8
222,7.4074,5.61156555446709,0.015625,250,8,33,100,72.16417910447761,-1697.3,-506.7,8112.1
223,7.4408,5.61156555446709,0.015625,250,8,33,100,71.8080808080808,-1699.2,-502.7,8115.2
224,7.4741,5.61156555446709,0.015625,250,8,33,100,73.16417910447761,-1701.2,-506.2,8110.4
225,7.5075,5.61156555446709,0.015625,250,8,33,100,72.42288557213931,-1697.4,-504.7,8113.6
226,7.5409,5.61156555446709,0.015625,250,8,33,100,72.78109452736318,-1704.0,-508.3,8111.1
227,7.5742,5.61156555446709,0.015625,250,8,33,100,73.12121212121212,-1702.2,-508.2,8113.3
228,7.6076,5.61156555446709,0.015625,250,8,33,100,72.86069651741293,-1696.1,-506.9,8113.1
229,7.641,5.61156555446709,0.015625,250,8,33,100,72.58706467661692,-1699.6,-504.0,8111.6
230,7.6743,5.61156555446709,0.015625,250,8,33,100,72.81592039800995,-1699.3,-506.4,8111.8
231,7.7077,5.61156555446709,0.015625,250,8,33,100,72.85353535353535,-1698.5,-505.8,8109.4
232,7.7411,5.61156555446709,0.015625,250,8,33,100,72.55223880597015,-1700.3,-504.8,8114.5
233,7.7744,5.61156555446709,0.015625,250,8,33,100,72.69154228855722,-1700.0,-509.2,8112.4
234,7.8078,5.61156555446709,0.015625,250,8,33,100,71.90049751243781,-1705.2,-507.4,8110.8
235,7.8412,5.61156555446709,0.015625,250,8,33,100,72.76767676767676,-1698.4,-507.7,8112.7
236,7.8745,5.61156555446709,0.015625,250,8,33,100,71.65174129353234,-1699.3,-506.1,8109.4
237,7.9079,5.61156555446709,0.015625,250,8,33,100,72.68159203980099,-1696.1,-505.6,8109.8
238,7.9413,5.61156555446709,0.015625,250,8,33,100,72.03535353535354,-1700.6,-510.9,8111.9
239,7.9746,5.61156555446709,0.015625,250,8,33,100,72.92039800995025,-1699.6,-507.2,8112.9
240,8.008,5.61156555446709,0.015625,250,8,33,100,73.1044776119403,-1700.3,-509.3,8110.1
241,8.0414,5.61156555446709,0.015625,250,8,33,100,72.11442786069652,-1699.3,-507.2,8111.5
242,8.0747,5.61156555446709,0.015625,250,8,33,100,73.22222222222223,-1699.7,-502.4,8114.8
243,8.1081,5.61156555446709,0.015625,250,8,33,100,73.05970149253731,-1701.1,-504.0,8113.5
244,8.1415,5.61156555446709,0.015625,250,8,33,100,73.18905472636816,-1701.6,-505.8,8109.5
245,8.1748,5.61156555446709,0.015625,250,8,33,100,72.79601990049751,-1698.5,-506.1,8110.6
246,8.2082,5.61156555446709,0.015625,250,8,33,100,72.54040404040404,-1701.1,-506.8,8109.5
247,8.2416,5.61156555446709,0.015625,250,8,33,100,72.72139303482587,-1697.9,-507.1,8111.1
248,8.2749,5.61156555446709,0.015625,250,8,33,100,73.54228855721394,-1696.8,-507.4,8113.8
249,8.3083,5.61156555446709,0.015625,250,8,33,100,72.30845771144278,-1701.2,-505.2,8112.7
250,8.3417,5.61156555446709,0.015625,250,8,33,100,72.45959595959596,-1699.0,-505.6,8111.8
251,8.375,5.61156555446709,0.015625,250,8,33,100,72.88557213930348,-1700.9,-504.0,8114.6
252,8.4084,5.61156555446709,0.015625,250,8,33,100,73.2587064676617,-1701.1,-506.2,8112.6
253,8.4418,5.61156555446709,0.015625,250,8,33,100,72.21212121212122,-1694.2,-505.3,8111.3
254,8.4751,5.61156555446709,0.015625,250,8,33,100,72.80597014925372,-1700.7,-508.4,8114.1
255,8.5085,5.61156555446709,0.015625,250,8,33,100,73.18905472636816,-1700.2,-507.4,8113.1
256,8.5419,5.61156555446709,0.015625,250,8,33,100,72.83582089552239,-1696.6,-507.7,8114.9
257,8.5752,5.61156555446709,0.015625,250,8,33,100,72.04545454545455,-1698.8,-510.3,8109.8
258,8.6086,5.61156555446709,0.015625,250,8,33,100,71.87562189054727,-1699.9,-505.7,8108.3
259,8.642,5.61156555446709,0.015625,250,8,33,100,73.20398009950249,-1703.0,-506.6,8115.8
260,8.6753,5.61156555446709,0.015625,250,8,33,100,73.05472636815921,-1703.4,-505.2,8113.7
261,8.7087,5.61156555446709,0.015625,250,8,33,100,72.9090909090909,-1701.4,-502.3,8110.7
262,8.7421,5.61156555446709,0.015625,250,8,33,100,74.35323383084577,-1702.4,-503.0,8114.5
263,8.7754,5.61156555446709,0.015625,250,8,33,100,72.8407960199005,-1699.5,-507.1,8112.7
264,8.8088,5.61156555446709,0.015625,250,8,33,100,72.48258706467662,-1702.1,-506.3,8111.9
265,8.8422,5.61156555446709,0.015625,250,8,33,100,72.57070707070707,-1699.1,-508.0,8114.7
266,8.8755,5.61156555446709,0.015625,250,8,33,100,72.1044776119403,-1697.2,-503.9,8112.0
267,8.9089,5.61156555446709,0.015625,250,8,33,100,72.54228855721394,-1702.3,-508.2,8113.2
268,8.9423,5.61156555446709,0.015625,250,8,33,100,72.28282828282828,-1702.6,-508.4,8110.8
269,8.9756,5.61156555446709,0.015625,250,8,33,100,72.53233830845771,-1699.6,-507.5,8112.4
270,9.009,5.61156555446709,0.015625,250,8,33,100,72.5273631840796,-1697.2,-505.9,8110.3
271,9.0424,5.61156555446709,0.015625,250,8,33,100,72.55223880597015,-1699.2,-508.6,8113.8
272,9.0757,5.61156555446709,0.015625,250,8,33,100,71.70202020202021,-1703.5,-506.8,8106.2
273,9.1091,5.61156555446709,0.015625,250,8,33,100,72.78109452736318,-1696.6,-502.1,8111.1
274,9.1425,5.61156555446709,0.015625,250,8,33,100,72.49253731343283,-1700.5,-505.9,8113.1
275,9.1758,5.61156555446709,0.015625,250,8,33,100,73.6268656716418,-1701.1,-504.2,8112.3
276,9.2092,5.61156555446709,0.015625,250,8,33,100,72.05555555555556,-1695.6,-509.3,8113.0
277,9.2426,5.61156555446709,0.015625,250,8,33,100,71.98507462686567,-1705.6,-501.0,8111.1
278,9.2759,5.61156555446709,0.015625,250,8,33,100,72.35820895522389,-1700.4,-506.8,8112.7
279,9.3093,5.61156555446709,0.015625,250,8,33,100,71.90547263681592,-1696.1,-510.0,8113.5
280,9.3427,5.61156555446709,0.015625,250,8,33,100,72.87878787878788,-1701.6,-509.1,8112.1
281,9.376,5.61156555446709,0.015625,250,8,33,100,71.51243781094527,-1701.1,-503.2,8113.7
282,9.4094,5.61156555446709,0.015625,250,8,33,100,72.33830845771145,-1697.9,-504.0,8115.9
283,9.4428,5.61156555446709,0.015625,250,8,33,100,71.8080808080808,-1698.3,-506.9,8107.7
284,9.4761,5.61156555446709,0.015625,250,8,33,100,72.04477611940298,-1701.3,-508.4,8111.4
285,9.5095,5.61156555446709,0.015625,250,8,33,100,72.35323383084577,-1702.4,-511.3,8110.4
286,9.5429,5.61156555446709,0.015625,250,8,33,100,71.74626865671642,-1692.9,-503.6,8115.4
287,9.5762,5.61156555446709,0.015625,250,8,33,100,71.54040404040404,-1701.6,-507.1,8108.9
288,9.6096,5.61156555446709,0.015625,250,8,33,100,73.17910447761194,-1701.5,-501.7,8108.9
289,9.643,5.61156555446709,0.015625,250,8,33,100,72.14427860696517,-1698.9,-509.7,8115.3
290,9.6763,5.61156555446709,0.015625,250,8,33,100,73.08457711442786,-1700.5,-504.9,8111.8
291,9.7097,5.61156555446709,0.015625,250,8,33,100,73.33333333333333,-1697.7,-509.1,8107.6
292,9.7431,5.61156555446709,0.015625,250,8,33,100,71.93034825870647,-1699.9,-506.6,8110.7
293,9.7764,5.61156555446709,0.015625,250,8,33,100,72.2089552238806,-1699.3,-508.5,8110.2
294,9.8098,5.61156555446709,0.015625,250,8,33,100,71.76119402985074,-1695.9,-502.6,8112.1
295,9.8432,5.61156555446709,0.015625,250,8,33,100,72.60606060606061,-1703.3,-507.3,8110.1
296,9.8765,5.61156555446709,0.015625,250,8,33,100,71.88557213930348,-1698.7,-505.0,8112.6
297,9.9099,5.61156555446709,0.015625,250,8,33,100,72.35323383084577,-1698.9,-503.6,8116.9
298,9.9433,5.61156555446709,0.015625,250,8,33,100,73.15151515151516,-1704.5,-508.7,8115.1
299,9.9766,5.61156555446709,0.015625,250,8,33,100,73.30348258706468,-1695.5,-502.6,8114.0
300,10.01,5.61156555446709,0.015625,250,8,33,100,73.61691542288557,-1702.5,-508.6,8110.9
301,10.0434,5.61156555446709,0.015625,250,8,33,100,72.73134328358209,-1699.5,-506.2,8109.3
302,10.0767,5.61156555446709,0.015625,250,8,33,100,71.45454545454545,-1701.3,-508.7,8111.5
303,10.1101,5.61156555446709,0.015625,250,8,33,100,73.05472636815921,-1698.3,-504.3,8115.1
304,10.1435,5.61156555446709,0.015625,250,8,33,100,72.34825870646766,-1696.1,-504.3,8112.9
305,10.1768,5.61156555446709,0.015625,250,8,33,100,72.94527363184079,-1703.7,-506.3,8110.7
306,10.2102,5.61156555446709,0.015625,250,8,33,100,73.08585858585859,-1696.5,-506.8,8111.7
307,10.2436,5.61156555446709,0.015625,250,8,33,100,72.32835820895522,-1698.9,-506.4,8113.7
308,10.2769,5.61156555446709,0.015625,250,8,33,100,74.09950248756219,-1701.1,-502.1,8113.4
309,10.3103,5.61156555446709,0.015625,250,8,33,100,71.98009950248756,-1695.8,-509.0,8112.1
310,10.3437,5.61156555446709,0.015625,250,8,33,100,73.01010101010101,-1698.5,-504.9,8109.0
311,10.377,5.61156555446709,0.015625,250,8,33,100,72.16915422885572,-1700.0,-507.6,8111.6
312,10.4104,5.61156555446709,0.015625,250,8,33,100,73.1094527363184,-1700.7,-505.1,8113.7
313,10.4438,5.61156555446709,0.015625,250,8,33,100,72.0959595959596,-1701.8,-508.5,8113.5
314,10.4771,5.61156555446709,0.015625,250,8,33,100,72.03482587064677,-1698.0,-501.7,8113.8
315,10.5105,5.61156555446709,0.015625,250,8,33,100,72.56716417910448,-1701.9,-506.6,8110.0
316,10.5439,5.61156555446709,0.015625,250,8,33,100,72.96517412935323,-1698.3,-505.6,8110.3
317,10.5772,5.61156555446709,0.015625,250,8,33,100,72.95959595959596,-1701.2,-508.2,8111.5
318,10.6106,5.61156555446709,0.015625,250,8,33,100,72.57711442786069,-1701.6,-506.6,8109.5
319,10.644,5.61156555446709,0.015625,250,8,33,100,72.71144278606965,-1696.0,-508.7,8109.6
320,10.6773,5.61156555446709,0.015625,250,8,33,100,72.31840796019901,-1699.6,-500.0,8110.3
321,10.7107,5.61156555446709,0.015625,250,8,33,100,72.22222222222223,-1699.6,-502.0,8113.4
322,10.7441,5.61156555446709,0.015625,250,8,33,100,72.59701492537313,-1703.1,-506.0,8110.8
323,10.7774,5.61156555446709,0.015625,250,8,33,100,73.22388059701493,-1697.6,-508.6,8112.3
324,10.8108,5.61156555446709,0.015625,250,8,33,100,73.35323383084577,-1698.3,-507.9,8115.8
325,10.8442,5.61156555446709,0.015625,250,8,33,100,73.07070707070707,-1702.8,-504.6,8114.5
326,10.8775,5.61156555446709,0.015625,250,8,33,100,73.45771144278606,-1697.6,-508.4,8110.9
327,10.9109,5.61156555446709,0.015625,250,8,33,100,72.0,-1698.0,-504.2,8111.4
328,10.9443,5.61156555446709,0.015625,250,8,33,100,72.31818181818181,-1699.8,-509.0,8111.8
329,10.9776,5.61156555446709,0.015625,250,8,33,100,73.14925373134328,-1701.9,-507.4,8113.2
330,11.011,5.61156555446709,0.015625,250,8,33,100,70.61691542288557,-1696.5,-512.3,8114.1
331,11.0444,5.61156555446709,0.015625,250,8,33,100,71.8457711442786,-1699.5,-506.3,8109.9
332,11.0777,5.61156555446709,0.015625,250,8,33,100,73.58080808080808,-1701.6,-506.3,8113.6
333,11.1111,5.61156555446709,0.015625,250,8,33,100,72.86567164179104,-1701.4,-506.5,8111.6
334,11.1445,5.61156555446709,0.015625,250,8,33,100,73.53731343283582,-1701.8,-510.0,8110.1
335,11.1778,5.61156555446709,0.015625,250,8,33,100,72.46766169154229,-1698.9,-512.4,8111.8
336,11.2112,5.61156555446709,0.015625,250,8,33,100,73.01010101010101,-1697.3,-506.1,8114.6
337,11.2446,5.61156555446709,0.015625,250,8,33,100,72.75621890547264,-1700.7,-507.4,8109.6
338,11.2779,5.61156555446709,0.015625,250,8,33,100,72.59701492537313,-1696.1,-502.2,8116.0
339,11.3113,5.61156555446709,0.015625,250,8,33,100,73.2636815920398,-1697.3,-506.1,8113.0
340,11.3447,5.61156555446709,0.015625,250,8,33,100,73.02020202020202,-1702.9,-504.7,8113.7
341,11.378,5.61156555446709,0.015625,250,8,33,100,73.13432835820896,-1700.8,-508.0,8111.3
342,11.4114,5.61156555446709,0.015625,250,8,33,100,72.19402985074628,-1702.4,-502.3,8112.8
343,11.4448,5.61156555446709,0.015625,250,8,33,100,73.42929292929293,-1698.6,-505.4,8110.1
344,11.4781,5.61156555446709,0.015625,250,8,33,100,72.01492537313433,-1701.6,-504.5,8113.8
345,11.5115,5.61156555446709,0.015625,250,8,33,100,73.69154228855722,-1699.4,-504.6,8112.1
346,11.5449,5.61156555446709,0.015625,250,8,33,100,72.50746268656717,-1700.7,-509.7,8109.2
347,11.5782,5.61156555446709,0.015625,250,8,33,100,73.14141414141415,-1697.7,-505.9,8111.5
348,11.6116,5.61156555446709,0.015625,250,8,33,100,71.91542288557214,-1700.4,-508.9,8109.3
349,11.645,5.61156555446709,0.015625,250,8,33,100,73.53233830845771,-1699.3,-503.0,8112.5
350,11.6783,5.61156555446709,0.015625,250,8,33,100,72.07960199004975,-1704.0,-505.7,8110.3
351,11.7117,5.61156555446709,0.015625,250,8,33,100,73.24242424242425,-1698.6,-505.4,8109.0
352,11.7451,5.61156555446709,0.015625,250,8,33,100,72.49253731343283,-1697.0,-509.5,8112.2
353,11.7784,5.61156555446709,0.015625,250,8,33,100,73.26865671641791,-1701.7,-506.3,8113.2
354,11.8118,5.61156555446709,0.015625,250,8,33,100,74.31840796019901,-1695.2,-507.7,8110.6
355,11.8452,5.61156555446709,0.015625,250,8,33,100,71.73232323232324,-1702.7,-505.0,8114.9
356,11.8785,5.61156555446709,0.015625,250,8,33,100,73.34328358208955,-1702.2,-508.3,8112.3
357,11.9119,5.61156555446709,0.015625,250,8,33,100,72.11940298507463,-1696.7,-510.0,8110.1
358,11.9453,5.61156555446709,0.015625,250,8,33,100,73.02525252525253,-1699.1,-503.8,8110.8
359,11.9786,5.61156555446709,0.015625,250,8,33,100,72.39800995024876,-1701.1,-510.5,8112.3
360,12.012,5.61156555446709,0.015625,250,8,33,100,72.9950248756219,-1694.9,-506.4,8111.7
361,12.0454,5.61156555446709,0.015625,250,8,33,100,72.25373134328358,-1704.4,-508.8,8109.5
362,12.0787,5.61156555446709,0.015625,250,8,33,100,73.61616161616162,-1698.3,-503.5,8113.9
363,12.1121,5.61156555446709,0.015625,250,8,33,100,71.14925373134328,-1697.8,-507.2,8112.8
364,12.1455,5.61156555446709,0.015625,250,8,33,100,73.2587064676617,-1701.9,-505.7,8110.5
365,12.1788,5.61156555446709,0.015625,250,8,33,100,71.90547263681592,-1700.0,-506.2,8109.7
366,12.2122,5.61156555446709,0.015625,250,8,33,100,71.98484848484848,-1703.3,-504.6,8114.0
367,12.2456,5.61156555446709,0.015625,250,8,33,100,73.24875621890547,-1699.3,-508.8,8114.8
368,12.2789,5.61156555446709,0.015625,250,8,33,100,71.42288557213931,-1698.4,-507.8,8109.9
369,12.3123,5.61156555446709,0.015625,250,8,33,100,73.80099502487562,-1702.9,-505.7,8109.8
370,12.3457,5.61156555446709,0.015625,250,8,33,100,71.71212121212122,-1696.0,-506.6,8116.7
371,12.379,5.61156555446709,0.015625,250,8,33,100,73.45771144278606,-1701.2,-501.9,8110.5
372,12.4124,5.61156555446709,0.015625,250,8,33,100,71.68159203980099,-1700.1,-508.5,8111.6
373,12.4458,5.61156555446709,0.015625,250,8,33,100,72.37878787878788,-1700.3,-503.8,8111.3
374,12.4791,5.61156555446709,0.015625,250,8,33,100,73.16417910447761,-1700.1,-507.4,8113.6
375,12.5125,5.61156555446709,0.015625,250,8,33,100,72.43283582089552,-1698.7,-503.5,8111.4
376,12.5459,5.61156555446709,0.015625,250,8,33,100,72.45771144278606,-1701.9,-506.5,8115.3
377,12.5792,5.61156555446709,0.015625,250,8,33,100,72.70707070707071,-1702.4,-501.8,8112.1
378,12.6126,5.61156555446709,0.015625,250,8,33,100,72.1592039800995,-1702.8,-509.7,8110.5
379,12.646,5.61156555446709,0.015625,250,8,33,100,72.33830845771145,-1698.9,-506.5,8107.4
380,12.6793,5.61156555446709,0.015625,250,8,33,100,73.4776119402985,-1702.2,-508.1,8107.6
381,12.7127,5.61156555446709,0.015625,250,8,33,100,71.78282828282828,-1702.7,-505.4,8112.2
382,12.7461,5.61156555446709,0.015625,250,8,33,100,73.05970149253731,-1698.0,-508.7,8113.2
383,12.7794,5.61156555446709,0.015625,250,8,33,100,73.06467661691542,-1704.6,-506.5,8111.1
384,12.8128,5.61156555446709,0.015625,250,8,33,100,74.1542288557214,-1699.5,-506.8,8109.6
385,12.8462,5.61156555446709,0.015625,250,8,33,100,71.95959595959596,-1700.2,-506.9,8114.1
386,12.8795,5.61156555446709,0.015625,250,8,33,100,72.81094527363184,-1704.6,-505.8,8113.0
387,12.9129,5.61156555446709,0.015625,250,8,33,100,72.87562189054727,-1698.9,-509.3,8113.1
388,12.9463,5.61156555446709,0.015625,250,8,33,100,72.25252525252525,-1701.8,-505.3,8117.2
389,12.9796,5.61156555446709,0.015625,250,8,33,100,72.99004975124379,-1703.1,-507.6,8115.2
390,13.013,5.61156555446709,0.015625,250,8,33,100,71.27860696517413,-1698.4,-507.6,8109.4
391,13.0464,5.61156555446709,0.015625,250,8,33,100,73.09950248756219,-1700.7,-506.7,8115.3
392,13.0797,5.61156555446709,0.015625,250,8,33,100,72.45959595959596,-1702.7,-505.7,8112.8
393,13.1131,5.61156555446709,0.015625,250,8,33,100,72.72636815920399,-1700.6,-506.6,8108.4
394,13.1465,5.61156555446709,0.015625,250,8,33,100,73.26865671641791,-1696.7,-504.9,8112.6
395,13.1798,5.61156555446709,0.015625,250,8,33,100,71.87064676616916,-1698.5,-507.2,8110.7
396,13.2132,5.61156555446709,0.015625,250,8,33,100,74.0,-1702.5,-505.3,8114.2
397,13.2466,5.61156555446709,0.015625,250,8,33,100,73.31840796019901,-1699.9,-505.8,8114.3
398,13.2799,5.61156555446709,0.015625,250,8,33,100,72.33830845771145,-1698.9,-503.7,8111.4
399,13.3133,5.61156555446709,0.015625,250,8,33,100,73.40298507462687,-1699.7,-507.6,8111.1
400,13.3467,5.61156555446709,0.015625,250,8,33,100,72.4949494949495,-1701.0,-505.9,8110.7
401,13.38,5.61156555446709,0.015625,250,8,33,100,73.07960199004975,-1700.1,-506.1,8112.9
402,13.4134,5.61156555446709,0.015625,250,8,33,100,72.01990049751244,-1699.9,-507.9,8111.7
403,13.4468,5.61156555446709,0.015625,250,8,33,100,72.54545454545455,-1700.8,-501.7,8108.5
404,13.4801,5.61156555446709,0.015625,250,8,33,100,73.44776119402985,-1698.1,-504.7,8113.0
405,13.5135,5.61156555446709,0.015625,250,8,33,100,72.2089552238806,-1700.9,-505.8,8113.0
406,13.5469,5.61156555446709,0.015625,250,8,33,100,71.7363184079602,-1702.4,-504.2,8107.8
407,13.5802,5.61156555446709,0.015625,250,8,33,100,72.14646464646465,-1699.0,-508.7,8110.5
408,13.6136,5.61156555446709,0.015625,250,8,33,100,71.81592039800995,-1698.9,-502.1,8112.7
409,13.647,5.61156555446709,0.015625,250,8,33,100,71.92537313432835,-1699.4,-506.3,8109.9
410,13.6803,5.61156555446709,0.015625,250,8,33,100,71.37810945273633,-1698.2,-509.5,8115.0
411,13.7137,5.61156555446709,0.015625,250,8,33,100,72.20707070707071,-1698.8,-506.6,8108.3
412,13.7471,5.61156555446709,0.015625,250,8,33,100,73.0,-1700.4,-505.3,8109.8
413,13.7804,5.61156555446709,0.015625,250,8,33,100,72.13432835820896,-1704.4,-503.8,8110.9
414,13.8138,5.61156555446709,0.015625,250,8,33,100,73.29850746268657,-1698.4,-509.9,8112.5
415,13.8472,5.61156555446709,0.015625,250,8,33,100,72.8051282051282,-1701.7,-502.7,8113.6
416,13.8805,5.61156555446709,0.015625,250,8,33,100,72.00995024875621,-1701.0,-503.1,8112.5
417,13.9139,5.61156555446709,0.015625,250,8,33,100,72.32338308457712,-1703.2,-509.2,8114.1
418,13.9473,5.61156555446709,0.015625,250,8,33,100,72.3989898989899,-1698.8,-507.7,8112.7
419,13.9806,5.61156555446709,0.015625,250,8,33,100,71.68656716417911,-1698.8,-507.4,8113.2
420,14.014,5.61156555446709,0.015625,250,8,33,100,73.05472636815921,-1704.1,-508.0,8110.1
421,14.0474,5.61156555446709,0.015625,250,8,33,100,71.98507462686567,-1698.9,-507.4,8111.6
422,14.0807,5.61156555446709,0.015625,250,8,33,100,73.05555555555556,-1702.2,-503.3,8110.9
423,14.1141,5.61156555446709,0.015625,250,8,33,100,72.8905472636816,-1700.0,-505.2,8111.6
424,14.1475,5.61156555446709,0.015625,250,8,33,100,72.23880597014926,-1700.0,-506.0,8113.2
425,14.1808,5.61156555446709,0.015625,250,8,33,100,72.59203980099502,-1699.1,-507.6,8109.3
426,14.2142,5.61156555446709,0.015625,250,8,33,100,71.33333333333333,-1697.1,-507.2,8111.2
427,14.2476,5.61156555446709,0.015625,250,8,33,100,72.7910447761194,-1704.8,-506.6,8109.5
428,14.2809,5.61156555446709,0.015625,250,8,33,100,72.80597014925372,-1694.0,-506.7,8112.3
429,14.3143,5.61156555446709,0.015625,250,8,33,100,71.77114427860697,-1697.8,-504.8,8112.6
430,14.3477,5.61156555446709,0.015625,250,8,33,100,72.55555555555556,-1700.1,-505.7,8109.0
431,14.381,5.61156555446709,0.015625,250,8,33,100,72.66666666666667,-1695.5,-508.0,8112.6
432,14.4144,5.61156555446709,0.015625,250,8,33,100,72.08457711442786,-1700.9,-508.2,8112.3
433,14.4478,5.61156555446709,0.015625,250,8,33,100,72.67171717171718,-1698.8,-506.3,8112.3
434,14.4811,5.61156555446709,0.015625,250,8,33,100,72.24378109452736,-1704.3,-509.3,8109.7
435,14.5145,5.61156555446709,0.015625,250,8,33,100,74.08457711442786,-1700.2,-503.8,8112.6
436,14.5479,5.61156555446709,0.015625,250,8,33,100,71.2139303482587,-1694.3,-504.9,8112.3
437,14.5812,5.61156555446709,0.015625,250,8,33,100,73.08080808080808,-1704.4,-504.8,8114.3
438,14.6146,5.61156555446709,0.015625,250,8,33,100,72.70149253731343,-1696.0,-507.3,8111.2
439,14.648,5.61156555446709,0.015625,250,8,33,100,71.80597014925372,-1700.4,-508.6,8110.2
440,14.6813,5.61156555446709,0.015625,250,8,33,100,73.79601990049751,-1703.9,-507.3,8111.7
441,14.7147,5.61156555446709,0.015625,250,8,33,100,72.34848484848484,-1695.2,-507.4,8111.4
442,14.7481,5.61156555446709,0.015625,250,8,33,100,72.81592039800995,-1700.2,-503.8,8113.0
443,14.7814,5.61156555446709,0.015625,250,8,33,100,71.90049751243781,-1699.3,-507.7,8115.6
444,14.8148,5.61156555446709,0.015625,250,8,33,100,71.8955223880597,-1699.6,-504.7,8113.3
445,14.8482,5.61156555446709,0.015625,250,8,33,100,72.66161616161617,-1700.0,-507.9,8112.0
446,14.8815,5.61156555446709,0.015625,250,8,33,100,71.48258706467662,-1701.8,-505.9,8110.1
447,14.9149,5.61156555446709,0.015625,250,8,33,100,72.91044776119404,-1707.6,-509.7,8108.0
448,14.9483,5.61156555446709,0.015625,250,8,33,100,72.29230769230769,-1697.5,-506.3,8111.5
449,14.9816,5.61156555446709,0.015625,250,8,33,100,72.4776119402985,-1699.9,-508.4,8112.5
450,15.015,5.61156555446709,0.015625,250,8,33,100,73.2089552238806,-1704.0,-507.4,8110.9
451,15.0484,5.61156555446709,0.015625,250,8,33,100,72.17910447761194,-1699.4,-506.8,8111.4
452,15.0817,5.61156555446709,0.015625,250,8,33,100,72.87878787878788,-1701.1,-506.0,8113.3
453,15.1151,5.61156555446709,0.015625,250,8,33,100,72.55223880597015,-1697.7,-507.1,8112.2
454,15.1485,5.61156555446709,0.015625,250,8,33,100,71.83582089552239,-1701.4,-505.8,8113.3
455,15.1818,5.61156555446709,0.015625,250,8,33,100,72.76119402985074,-1704.6,-505.8,8110.0
456,15.2152,5.61156555446709,0.015625,250,8,33,100,72.16666666666667,-1699.2,-508.7,8113.8
457,15.2486,5.61156555446709,0.015625,250,8,33,100,71.38308457711443,-1702.8,-508.1,8110.1
458,15.2819,5.61156555446709,0.015625,250,8,33,100,73.01492537313433,-1702.7,-505.9,8111.4
459,15.3153,5.61156555446709,0.015625,250,8,33,100,72.91044776119404,-1698.1,-507.2,8113.5
460,15.3487,5.61156555446709,0.015625,250,8,33,100,73.27272727272727,-1701.2,-506.3,8107.6
461,15.382,5.61156555446709,0.015625,250,8,33,100,72.71144278606965,-1700.9,-506.9,8107.1
462,15.4154,5.61156555446709,0.015625,250,8,33,100,73.07462686567165,-1700.4,-506.3,8112.0
463,15.4488,5.61156555446709,0.015625,250,8,33,100,72.05050505050505,-1702.7,-506.5,8110.6
464,15.4821,5.61156555446709,0.015625,250,8,33,100,73.2139303482587,-1699.4,-502.7,8110.1
465,15.5155,5.61156555446709,0.015625,250,8,33,100,72.05472636815921,-1700.6,-507.7,8108.4
466,15.5489,5.61156555446709,0.015625,250,8,33,100,73.22885572139303,-1697.9,-505.9,8109.8
467,15.5822,5.61156555446709,0.015625,250,8,33,100,72.45959595959596,-1697.5,-503.9,8112.5
468,15.6156,5.61156555446709,0.015625,250,8,33,100,72.8955223880597,-1702.0,-506.3,8113.4
469,15.649,5.61156555446709,0.015625,250,8,33,100,73.48756218905473,-1698.6,-509.2,8110.9
470,15.6823,5.61156555446709,0.015625,250,8,33,100,71.8407960199005,-1700.4,-503.4,8110.5
471,15.7157,5.61156555446709,0.015625,250,8,33,100,73.31313131313131,-1704.1,-506.4,8108.5
472,15.7491,5.61156555446709,0.015625,250,8,33,100,71.82587064676616,-1698.0,-506.4,8111.9
473,15.7824,5.61156555446709,0.015625,250,8,33,100,72.92537313432835,-1701.7,-510.0,8110.9
474,15.8158,5.61156555446709,0.015625,250,8,33,100,72.55721393034825,-1699.3,-507.0,8107.9
475,15.8492,5.61156555446709,0.015625,250,8,33,100,71.81313131313131,-1699.8,-507.2,8112.0
476,15.8825,5.61156555446709,0.015625,250,8,33,100,73.51741293532338,-1701.1,-505.1,8112.6
477,15.9159,5.61156555446709,0.015625,250,8,33,100,73.32338308457712,-1694.9,-509.4,8108.4
478,15.9493,5.61156555446709,0.015625,250,8,33,100,71.06060606060606,-1701.2,-506.6,8113.6
479,15.9826,5.61156555446709,0.015625,250,8,33,100,73.54726368159204,-1700.9,-506.0,8108.2
480,16.016,5.61156555446709,0.015625,250,8,33,100,72.22885572139303,-1697.9,-509.7,8113.0
481,16.0494,5.61156555446709,0.015625,250,8,33,100,73.14925373134328,-1700.7,-505.6,8111.0
482,16.0827,5.61156555446709,0.015625,250,8,33,100,72.18686868686869,-1698.0,-505.5,8110.7
483,16.1161,5.61156555446709,0.015625,250,8,33,100,73.29850746268657,-1699.6,-505.3,8110.2
484,16.1495,5.61156555446709,0.015625,250,8,33,100,73.05970149253731,-1700.5,-510.1,8112.0
485,16.1828,5.61156555446709,0.015625,250,8,33,100,72.20398009950249,-1700.0,-505.5,8108.9
486,16.2162,5.61156555446709,0.015625,250,8,33,100,71.14141414141415,-1698.6,-505.3,8107.4
487,16.2496,5.61156555446709,0.015625,250,8,33,100,73.35323383084577,-1697.1,-505.6,8111.5
488,16.2829,5.61156555446709,0.015625,250,8,33,100,72.4776119402985,-1700.2,-506.8,8115.9
489,16.3163,5.61156555446709,0.015625,250,8,33,100,72.80597014925372,-1696.5,-510.0,8110.7
490,16.3497,5.61156555446709,0.015625,250,8,33,100,73.05050505050505,-1698.5,-506.9,8112.7
491,16.383,5.61156555446709,0.015625,250,8,33,100,72.80099502487562,-1704.0,-507.8,8113.2
492,16.4164,5.61156555446709,0.015625,250,8,33,100,71.90049751243781,-1698.8,-504.7,8111.4
493,16.4498,5.61156555446709,0.015625,250,8,33,100,72.22222222222223,-1701.4,-508.0,8113.2
494,16.4831,5.61156555446709,0.015625,250,8,33,100,71.57711442786069,-1703.7,-508.4,8111.6
495,16.5165,5.61156555446709,0.015625,250,8,33,100,71.46766169154229,-1694.8,-506.1,8110.7
496,16.5499,5.61156555446709,0.015625,250,8,33,100,72.90049751243781,-1702.7,-507.5,8112.7
497,16.5832,5.61156555446709,0.015625,250,8,33,100,72.74242424242425,-1697.4,-506.2,8109.1
498,16.6166,5.61156555446709,0.015625,250,8,33,100,72.75124378109453,-1703.9,-505.5,8114.2
499,16.65,5.61156555446709,0.015625,250,8,33,100,73.02487562189054,-1697.8,-504.9,8116.3
500,16.6833,5.61156555446709,0.015625,250,8,33,100,72.30845771144278,-1700.2,-508.1,8110.7
501,16.7167,5.61156555446709,0.015625,250,8,33,100,71.9949494949495,-1706.0,-505.2,8109.3
502,16.7501,5.61156555446709,0.015625,250,8,33,100,72.02985074626865,-1700.7,-509.3,8116.8
503,16.7834,5.61156555446709,0.015625,250,8,33,100,72.68159203980099,-1701.5,-506.6,8108.0
504,16.8168,5.61156555446709,0.015625,250,8,33,100,72.97014925373135,-1700.6,-505.1,8114.1
505,16.8502,5.61156555446709,0.015625,250,8,33,100,72.02525252525253,-1697.1,-504.4,8111.6
506,16.8835,5.61156555446709,0.015625,250,8,33,100,73.68159203980099,-1702.0,-508.7,8111.4
507,16.9169,5.61156555446709,0.015625,250,8,33,100,72.46268656716418,-1697.7,-508.8,8110.0
508,16.9503,5.61156555446709,0.015625,250,8,33,100,72.48989898989899,-1699.7,-506.3,8113.6
509,16.9836,5.61156555446709,0.015625,250,8,33,100,73.56218905472637,-1703.7,-508.0,8109.5
510,17.017,5.61156555446709,0.015625,250,8,33,100,72.7860696517413,-1690.6,-504.7,8116.0
511,17.0504,5.61156555446709,0.015625,250,8,33,100,71.8457711442786,-1704.1,-510.8,8107.5
512,17.0837,5.61156555446709,0.015625,250,8,33,100,73.73232323232324,-1696.5,-505.4,8117.0
513,17.1171,5.61156555446709,0.015625,250,8,33,100,72.33333333333333,-1699.1,-507.5,8108.3
514,17.1505,5.61156555446709,0.015625,250,8,33,100,72.57711442786069,-1700.1,-502.7,8112.1
515,17.1838,5.61156555446709,0.015625,250,8,33,100,72.58208955223881,-1694.6,-504.4,8109.6
516,17.2172,5.61156555446709,0.015625,250,8,33,100,71.5050505050505,-1707.2,-507.5,8109.4
517,17.2506,5.61156555446709,0.015625,250,8,33,100,73.67661691542288,-1697.6,-509.4,8111.7
518,17.2839,5.61156555446709,0.015625,250,8,33,100,70.71641791044776,-1698.1,-505.6,8115.6
519,17.3173,5.61156555446709,0.015625,250,8,33,100,73.04477611940298,-1703.8,-505.8,8111.9
520,17.3507,5.61156555446709,0.015625,250,8,33,100,73.63636363636364,-1693.5,-506.0,8109.1
521,17.384,5.61156555446709,0.015625,250,8,33,100,72.45273631840796,-1701.6,-504.0,8112.7
522,17.4174,5.61156555446709,0.015625,250,8,33,100,73.55721393034825,-1697.5,-508.5,8112.3
523,17.4508,5.61156555446709,0.015625,250,8,33,100,71.68181818181819,-1696.3,-506.2,8112.2
524,17.4841,5.61156555446709,0.015625,250,8,33,100,73.53731343283582,-1701.6,-509.2,8110.6
525,17.5175,5.61156555446709,0.015625,250,8,33,100,72.29850746268657,-1696.5,-503.7,8110.1
526,17.5509,5.61156555446709,0.015625,250,8,33,100,71.7363184079602,-1702.6,-504.8,8114.2
527,17.5842,5.61156555446709,0.015625,250,8,33,100,72.91919191919192,-1700.6,-505.4,8107.8
528,17.6176,5.61156555446709,0.015625,250,8,33,100,72.91542288557214,-1694.9,-508.2,8112.5
529,17.651,5.61156555446709,0.015625,250,8,33,100,71.16417910447761,-1706.4,-507.9,8111.9
530,17.6843,5.61156555446709,0.015625,250,8,33,100,73.61691542288557,-1696.9,-503.9,8114.8
531,17.7177,5.61156555446709,0.015625,250,8,33,100,71.26767676767676,-1697.5,-504.8,8108.8
532,17.7511,5.61156555446709,0.015625,250,8,33,100,73.96019900497512,-1705.7,-503.7,8110.4
533,17.7844,5.61156555446709,0.015625,250,8,33,100,72.68656716417911,-1698.2,-505.0,8111.3
534,17.8178,5.61156555446709,0.015625,250,8,33,100,73.81094527363184,-1699.7,-506.4,8109.2
535,17.8512,5.61156555446709,0.015625,250,8,33,100,71.78787878787878,-1700.8,-508.8,8110.9
536,17.8845,5.61156555446709,0.015625,250,8,33,100,72.01990049751244,-1700.6,-505.2,8113.5
537,17.9179,5.61156555446709,0.015625,250,8,33,100,72.85572139303483,-1701.4,-508.8,8113.8
538,17.9513,5.61156555446709,0.015625,250,8,33,100,73.34343434343434,-1698.2,-505.1,8110.7
539,17.9846,5.61156555446709,0.015625,250,8,33,100,72.05472636815921,-1699.5,-508.2,8109.0
540,18.018,5.61156555446709,0.015625,250,8,33,100,73.62189054726367,-1701.4,-505.1,8111.1
541,18.0514,5.61156555446709,0.015625,250,8,33,100,71.97014925373135,-1699.2,-509.2,8111.8
542,18.0847,5.61156555446709,0.015625,250,8,33,100,71.17676767676768,-1701.8,-502.5,8112.2
543,18.1181,5.61156555446709,0.015625,250,8,33,100,73.45771144278606,-1700.8,-504.1,8115.0
544,18.1515,5.61156555446709,0.015625,250,8,33,100,72.49253731343283,-1698.9,-507.7,8109.8
545,18.1848,5.61156555446709,0.015625,250,8,33,100,73.95024875621891,-1698.7,-508.0,8113.7
546,18.2182,5.61156555446709,0.015625,250,8,33,100,72.08585858585859,-1701.3,-506.2,8111.7
547,18.2516,5.61156555446709,0.015625,250,8,33,100,73.81094527363184,-1699.0,-503.8,8110.0
548,18.2849,5.61156555446709,0.015625,250,8,33,100,72.08457711442786,-1700.7,-505.9,8111.0
549,18.3183,5.61156555446709,0.015625,250,8,33,100,73.24378109452736,-1697.3,-504.4,8111.3
550,18.3517,5.61156555446709,0.015625,250,8,33,100,72.63636363636364,-1700.6,-507.0,8112.8
551,18.385,5.61156555446709,0.015625,250,8,33,100,72.54228855721394,-1699.8,-505.5,8111.8
552,18.4184,5.61156555446709,0.015625,250,8,33,100,72.96019900497512,-1699.9,-507.0,8109.6
553,18.4518,5.61156555446709,0.015625,250,8,33,100,72.68181818181819,-1699.6,-503.7,8112.7
554,18.4851,5.61156555446709,0.015625,250,8,33,100,72.64676616915423,-1705.3,-505.1,8108.0
555,18.5185,5.61156555446709,0.015625,250,8,33,100,71.66169154228855,-1698.1,-503.0,8110.9
556,18.5519,5.61156555446709,0.015625,250,8,33,100,73.70149253731343,-1697.0,-508.6,8108.9
557,18.5852,5.61156555446709,0.015625,250,8,33,100,72.73232323232324,-1700.2,-506.2,8109.2
558,18.6186,5.61156555446709,0.015625,250,8,33,100,73.2139303482587,-1696.1,-502.7,8113.0
559,18.652,5.61156555446709,0.015625,250,8,33,100,72.29850746268657,-1701.1,-508.6,8115.5
560,18.6853,5.61156555446709,0.015625,250,8,33,100,72.28855721393035,-1702.6,-505.8,8110.5
561,18.7187,5.61156555446709,0.015625,250,8,33,100,72.48484848484848,-1698.1,-509.2,8111.1
562,18.7521,5.61156555446709,0.015625,250,8,33,100,72.8407960199005,-1698.6,-505.4,8109.4
563,18.7854,5.61156555446709,0.015625,250,8,33,100,72.13930348258707,-1699.3,-509.0,8108.3
564,18.8188,5.61156555446709,0.015625,250,8,33,100,73.0,-1700.9,-503.7,8111.2
565,18.8522,5.61156555446709,0.015625,250,8,33,100,72.95454545454545,-1702.9,-506.8,8112.0
566,18.8855,5.61156555446709,0.015625,250,8,33,100,72.76616915422886,-1701.1,-503.8,8114.3
567,18.9189,5.61156555446709,0.015625,250,8,33,100,73.24378109452736,-1697.3,-509.0,8111.6
568,18.9523,5.61156555446709,0.015625,250,8,33,100,71.88888888888889,-1696.7,-504.8,8113.8
569,18.9856,5.61156555446709,0.015625,250,8,33,100,72.8905472636816,-1698.6,-506.6,8114.8
570,19.019,5.61156555446709,0.015625,250,8,33,100,71.56218905472637,-1700.1,-507.5,8110.1
571,19.0524,5.61156555446709,0.015625,250,8,33,100,73.85572139303483,-1698.5,-503.1,8110.3
572,19.0857,5.61156555446709,0.015625,250,8,33,100,72.1010101010101,-1698.9,-508.2,8114.0
573,19.1191,5.61156555446709,0.015625,250,8,33,100,73.85074626865672,-1701.2,-507.5,8108.7
574,19.1525,5.61156555446709,0.015625,250,8,33,100,72.71144278606965,-1698.8,-507.7,8109.7
575,19.1858,5.61156555446709,0.015625,250,8,33,100,72.85074626865672,-1698.3,-507.9,8110.1
576,19.2192,5.61156555446709,0.015625,250,8,33,100,73.44444444444444,-1701.5,-505.2,8113.5
577,19.2526,5.61156555446709,0.015625,250,8,33,100,72.99004975124379,-1698.0,-501.2,8112.3
578,19.2859,5.61156555446709,0.015625,250,8,33,100,72.88557213930348,-1698.1,-507.6,8110.8
579,19.3193,5.61156555446709,0.015625,250,8,33,100,73.49253731343283,-1703.4,-506.7,8111.1
580,19.3527,5.61156555446709,0.015625,250,8,33,100,73.07575757575758,-1697.7,-509.5,8113.1
581,19.386,5.61156555446709,0.015625,250,8,33,100,71.363184079602,-1699.7,-506.2,8112.0
582,19.4194,5.61156555446709,0.015625,250,8,33,100,73.0,-1699.4,-506.6,8112.7
583,19.4528,5.61156555446709,0.015625,250,8,33,100,72.17676767676768,-1700.7,-506.2,8109.2
584,19.4861,5.61156555446709,0.015625,250,8,33,100,72.53731343283582,-1700.8,-509.5,8113.2
585,19.5195,5.61156555446709,0.015625,250,8,33,100,73.1094527363184,-1695.6,-506.7,8114.0
586,19.5529,5.61156555446709,0.015625,250,8,33,100,71.76119402985074,-1698.7,-506.6,8113.7
587,19.5862,5.61156555446709,0.015625,250,8,33,100,72.74747474747475,-1702.1,-504.4,8111.5
588,19.6196,5.61156555446709,0.015625,250,8,33,100,72.60199004975124,-1691.7,-504.9,8112.0
589,19.653,5.61156555446709,0.015625,250,8,33,100,72.45273631840796,-1703.1,-505.4,8109.0
590,19.6863,5.61156555446709,0.015625,250,8,33,100,72.6318407960199,-1702.3,-505.5,8109.5
591,19.7197,5.61156555446709,0.015625,250,8,33,100,72.33838383838383,-1695.0,-505.5,8113.3
592,19.7531,5.61156555446709,0.015625,250,8,33,100,71.85074626865672,-1705.2,-507.2,8109.6
593,19.7864,5.61156555446709,0.015625,250,8,33,100,72.86567164179104,-1701.8,-503.8,8120.4
594,19.8198,5.61156555446709,0.015625,250,8,33,100,72.13930348258707,-1700.3,-506.7,8110.2
595,19.8532,5.61156555446709,0.015625,250,8,33,100,74.05050505050505,-1700.9,-506.5,8111.0
596,19.8865,5.61156555446709,0.015625,250,8,33,100,72.87064676616916,-1699.0,-504.4,8114.6
597,19.9199,5.61156555446709,0.015625,250,8,33,100,72.66169154228855,-1700.5,-501.4,8112.3
598,19.9533,5.61156555446709,0.015625,250,8,33,100,73.12626262626263,-1694.3,-504.5,8112.4
599,19.9866,5.61156555446709,0.015625,250,8,33,100,72.37810945273633,-1700.0,-500.8,8111.6
600,20.02,5.61156555446709,0.015625,250,8,33,100,73.00995024875621,-1703.2,-508.4,8111.6
601,20.0534,5.61156555446709,0.015625,250,8,33,100,73.23880597014926,-1695.0,-507.8,8113.1
602,20.0867,5.61156555446709,0.015625,250,8,33,100,71.6919191919192,-1704.0,-508.5,8110.3
603,20.1201,5.61156555446709,0.015625,250,8,33,100,73.75124378109453,-1699.5,-510.7,8114.4
604,20.1535,5.61156555446709,0.015625,250,8,33,100,72.39303482587064,-1695.9,-508.8,8112.5
605,20.1868,5.61156555446709,0.015625,250,8,33,100,72.64676616915423,-1700.4,-506.7,8113.2
606,20.2202,5.61156555446709,0.015625,250,8,33,100,73.63636363636364,-1703.2,-507.1,8108.1
607,20.2536,5.61156555446709,0.015625,250,8,33,100,71.86567164179104,-1695.3,-505.3,8111.3
608,20.2869,5.61156555446709,0.015625,250,8,33,100,73.42786069651741,-1702.2,-507.5,8109.4
609,20.3203,5.61156555446709,0.015625,250,8,33,100,72.77611940298507,-1701.4,-505.9,8108.4
610,20.3537,5.61156555446709,0.015625,250,8,33,100,72.28282828282828,-1698.4,-507.6,8109.0
611,20.387,5.61156555446709,0.015625,250,8,33,100,73.76119402985074,-1697.0,-505.3,8112.1
612,20.4204,5.61156555446709,0.015625,250,8,33,100,71.42786069651741,-1696.3,-509.5,8111.5
613,20.4538,5.61156555446709,0.015625,250,8,33,100,72.05050505050505,-1705.7,-506.2,8108.9
614,20.4871,5.61156555446709,0.015625,250,8,33,100,73.81592039800995,-1694.5,-508.4,8109.9
615,20.5205,5.61156555446709,0.015625,250,8,33,100,72.22388059701493,-1698.0,-503.8,8112.8
616,20.5539,5.61156555446709,0.015625,250,8,33,100,73.06965174129353,-1702.9,-502.3,8112.8
617,20.5872,5.61156555446709,0.015625,250,8,33,100,73.29797979797979,-1692.1,-508.0,8112.3
618,20.6206,5.61156555446709,0.015625,250,8,33,100,73.77611940298507,-1701.7,-505.9,8103.8
619,20.654,5.61156555446709,0.015625,250,8,33,100,72.05970149253731,-1694.4,-502.9,8115.3
620,20.6873,5.61156555446709,0.015625,250,8,33,100,72.95024875621891,-1703.5,-508.6,8111.7
621,20.7207,5.61156555446709,0.015625,250,8,33,100,73.34848484848484,-1700.6,-506.6,8113.1
622,20.7541,5.61156555446709,0.015625,250,8,33,100,71.51741293532338,-1694.3,-502.5,8111.8
623,20.7874,5.61156555446709,0.015625,250,8,33,100,72.98507462686567,-1708.1,-507.6,8111.3
624,20.8208,5.61156555446709,0.015625,250,8,33,100,72.91044776119404,-1698.3,-507.6,8114.3
625,20.8542,5.61156555446709,0.015625,250,8,33,100,72.1919191919192,-1697.2,-508.6,8114.4
626,20.8875,5.61156555446709,0.015625,250,8,33,100,72.01492537313433,-1704.3,-505.9,8111.9
627,20.9209,5.61156555446709,0.015625,250,8,33,100,72.8905472636816,-1699.1,-505.8,8114.7
628,20.9543,5.61156555446709,0.015625,250,8,33,100,71.55050505050505,-1701.1,-506.1,8114.5
629,20.9876,5.61156555446709,0.015625,250,8,33,100,73.33333333333333,-1701.5,-505.4,8111.6
630,21.021,5.61156555446709,0.015625,250,8,33,100,72.34825870646766,-1698.0,-508.5,8112.4
631,21.0544,5.61156555446709,0.015625,250,8,33,100,72.72636815920399,-1698.9,-505.6,8112.9
632,21.0877,5.61156555446709,0.015625,250,8,33,100,71.5909090909091,-1702.7,-506.9,8111.4
633,21.1211,5.61156555446709,0.015625,250,8,33,100,72.68656716417911,-1697.6,-508.5,8112.5
634,21.1545,5.61156555446709,0.015625,250,8,33,100,72.51741293532338,-1707.4,-508.6,8111.4
635,21.1878,5.61156555446709,0.015625,250,8,33,100,73.38308457711443,-1699.3,-504.2,8110.3
636,21.2212,5.61156555446709,0.015625,250,8,33,100,71.26262626262626,-1702.9,-507.9,8110.4
637,21.2546,5.61156555446709,0.015625,250,8,33,100,73.19402985074628,-1704.5,-507.4,8109.0
638,21.2879,5.61156555446709,0.015625,250,8,33,100,71.4726368159204,-1698.5,-506.7,8114.2
639,21.3213,5.61156555446709,0.015625,250,8,33,100,72.54228855721394,-1704.0,-509.7,8108.6
640,21.3547,5.61156555446709,0.015625,250,8,33,100,73.38383838383838,-1699.8,-507.8,8114.1
641,21.388,5.61156555446709,0.015625,250,8,33,100,71.30348258706468,-1700.8,-507.6,8114.0
642,21.4214,5.61156555446709,0.015625,250,8,33,100,73.29353233830845,-1700.2,-504.8,8115.4
643,21.4548,5.61156555446709,0.015625,250,8,33,100,73.4090909090909,-1698.0,-504.0,8108.3
644,21.4881,5.61156555446709,0.015625,250,8,33,100,72.24378109452736,-1702.4,-507.9,8112.2
645,21.5215,5.61156555446709,0.015625,250,8,33,100,72.70149253731343,-1701.6,-504.1,8111.5
646,21.5549,5.61156555446709,0.015625,250,8,33,100,71.6318407960199,-1697.1,-503.8,8111.5
647,21.5882,5.61156555446709,0.015625,250,8,33,100,73.5050505050505,-1702.0,-507.8,8109.6
648,21.6216,5.61156555446709,0.015625,250,8,33,100,72.30348258706468,-1697.9,-505.0,8110.7
649,21.655,5.61156555446709,0.015625,250,8,33,100,71.66666666666667,-1704.4,-505.6,8109.6
650,21.6883,5.61156555446709,0.015625,250,8,33,100,73.7910447761194,-1699.2,-509.4,8109.4
651,21.7217,5.61156555446709,0.015625,250,8,33,100,72.21717171717172,-1697.2,-505.6,8111.9
652,21.7551,5.61156555446709,0.015625,250,8,33,100,73.01990049751244,-1701.9,-507.0,8113.5
653,21.7884,5.61156555446709,0.015625,250,8,33,100,72.22388059701493,-1698.2,-508.9,8112.6
654,21.8218,5.61156555446709,0.015625,250,8,33,100,72.38308457711443,-1703.6,-507.8,8108.7
655,21.8552,5.61156555446709,0.015625,250,8,33,100,73.01010101010101,-1702.7,-506.6,8108.0
656,21.8885,5.61156555446709,0.015625,250,8,33,100,71.49253731343283,-1703.0,-506.4,8110.2
657,21.9219,5.61156555446709,0.015625,250,8,33,100,72.64676616915423,-1700.3,-505.2,8110.7
658,21.9553,5.61156555446709,0.015625,250,8,33,100,71.13131313131314,-1698.3,-504.0,8114.0
659,21.9886,5.61156555446709,0.015625,250,8,33,100,73.53731343283582,-1699.3,-506.9,8115.9
660,22.022,5.61156555446709,0.015625,250,8,33,100,72.27860696517413,-1699.4,-508.1,8111.4
661,22.0554,5.61156555446709,0.015625,250,8,33,100,72.35820895522389,-1696.8,-505.8,8114.3
662,22.0887,5.61156555446709,0.015625,250,8,33,100,73.25252525252525,-1702.1,-506.9,8109.8
663,22.1221,5.61156555446709,0.015625,250,8,33,100,72.58706467661692,-1697.1,-502.8,8109.8
664,22.1555,5.61156555446709,0.015625,250,8,33,100,71.75124378109453,-1698.4,-505.5,8109.6
665,22.1888,5.61156555446709,0.015625,250,8,33,100,73.41791044776119,-1698.2,-501.9,8111.9
666,22.2222,5.61156555446709,0.015625,250,8,33,100,72.73737373737374,-1699.9,-508.0,8109.9
667,22.2556,5.61156555446709,0.015625,250,8,33,100,72.92537313432835,-1703.6,-508.5,8112.6
668,22.2889,5.61156555446709,0.015625,250,8,33,100,73.90049751243781,-1698.1,-508.7,8109.3
669,22.3223,5.61156555446709,0.015625,250,8,33,100,72.35820895522389,-1697.9,-505.6,8113.8
670,22.3557,5.61156555446709,0.015625,250,8,33,100,72.14646464646465,-1700.4,-507.1,8111.1
671,22.389,5.61156555446709,0.015625,250,8,33,100,72.19402985074628,-1701.2,-507.3,8107.4
672,22.4224,5.61156555446709,0.015625,250,8,33,100,74.14427860696517,-1702.0,-505.8,8114.6
673,22.4558,5.61156555446709,0.015625,250,8,33,100,72.55050505050505,-1698.3,-507.6,8112.9
674,22.4891,5.61156555446709,0.015625,250,8,33,100,72.66169154228855,-1702.6,-505.3,8112.9
675,22.5225,5.61156555446709,0.015625,250,8,33,100,72.82587064676616,-1701.1,-511.4,8106.7
676,22.5559,5.61156555446709,0.015625,250,8,33,100,72.19402985074628,-1699.0,-501.7,8112.3
677,22.5892,5.61156555446709,0.015625,250,8,33,100,73.74747474747475,-1700.8,-506.6,8107.8
678,22.6226,5.61156555446709,0.015625,250,8,33,100,72.78109452736318,-1698.0,-504.7,8111.1
679,22.656,5.61156555446709,0.015625,250,8,33,100,72.81094527363184,-1699.7,-505.5,8111.2
680,22.6893,5.61156555446709,0.015625,250,8,33,100,71.90049751243781,-1698.6,-508.9,8110.9
681,22.7227,5.61156555446709,0.015625,250,8,33,100,72.56060606060606,-1699.5,-501.3,8113.4
682,22.7561,5.61156555446709,0.015625,250,8,33,100,73.40796019900498,-1703.4,-507.2,8113.4
683,22.7894,5.61156555446709,0.015625,250,8,33,100,73.20398009950249,-1698.4,-506.0,8110.0
684,22.8228,5.61156555446709,0.015625,250,8,33,100,71.42288557213931,-1697.3,-507.2,8112.7
685,22.8562,5.61156555446709,0.015625,250,8,33,100,73.01010101010101,-1698.4,-504.1,8113.3
686,22.8895,5.61156555446709,0.015625,250,8,33,100,71.64179104477611,-1700.4,-508.9,8114.2
687,22.9229,5.61156555446709,0.015625,250,8,33,100,74.13930348258707,-1701.7,-503.9,8108.1
688,22.9563,5.61156555446709,0.015625,250,8,33,100,72.06565656565657,-1697.7,-508.9,8113.6
689,22.9896,5.61156555446709,0.015625,250,8,33,100,73.05472636815921,-1703.2,-504.6,8112.2
690,23.023,5.61156555446709,0.015625,250,8,33,100,73.41293532338308,-1700.2,-509.9,8112.0
691,23.0564,5.61156555446709,0.015625,250,8,33,100,72.33333333333333,-1695.4,-506.2,8110.4
692,23.0897,5.61156555446709,0.015625,250,8,33,100,73.56565656565657,-1705.2,-508.1,8113.8
693,23.1231,5.61156555446709,0.015625,250,8,33,100,72.34825870646766,-1697.3,-505.3,8111.6
694,23.1565,5.61156555446709,0.015625,250,8,33,100,73.32835820895522,-1701.8,-508.3,8109.9
695,23.1898,5.61156555446709,0.015625,250,8,33,100,73.07960199004975,-1696.5,-506.5,8111.5
696,23.2232,5.61156555446709,0.015625,250,8,33,100,71.81313131313131,-1696.5,-509.7,8113.9
697,23.2566,5.61156555446709,0.015625,250,8,33,100,72.17412935323384,-1707.6,-510.4,8112.2
698,23.2899,5.61156555446709,0.015625,250,8,33,100,73.67661691542288,-1694.1,-504.4,8112.9
699,23.3233,5.61156555446709,0.015625,250,8,33,100,71.77611940298507,-1702.3,-506.5,8109.6
700,23.3567,5.61156555446709,0.015625,250,8,33,100,73.92929292929293,-1698.3,-504.0,8111.3
701,23.39,5.61156555446709,0.015625,250,8,33,100,72.48258706467662,-1697.3,-507.7,8110.6
702,23.4234,5.61156555446709,0.015625,250,8,33,100,73.0,-1702.6,-502.6,8114.7
703,23.4568,5.61156555446709,0.015625,250,8,33,100,72.42929292929293,-1699.3,-508.7,8109.1
704,23.4901,5.61156555446709,0.015625,250,8,33,100,72.67164179104478,-1700.5,-500.8,8114.1
705,23.5235,5.61156555446709,0.015625,250,8,33,100,73.27860696517413,-1702.5,-510.7,8111.2
706,23.5569,5.61156555446709,0.015625,250,8,33,100,72.12437810945273,-1699.5,-503.7,8114.7
707,23.5902,5.61156555446709,0.015625,250,8,33,100,73.53535353535354,-1704.1,-509.8,8111.2
708,23.6236,5.61156555446709,0.015625,250,8,33,100,72.7412935323383,-1697.3,-505.0,8109.4
709,23.657,5.61156555446709,0.015625,250,8,33,100,73.2587064676617,-1700.4,-507.0,8114.9
710,23.6903,5.61156555446709,0.015625,250,8,33,100,71.86069651741293,-1704.8,-504.0,8115.2
711,23.7237,5.61156555446709,0.015625,250,8,33,100,73.17171717171718,-1698.6,-505.6,8114.5
712,23.7571,5.61156555446709,0.015625,250,8,33,100,72.02487562189054,-1704.5,-512.3,8109.0
713,23.7904,5.61156555446709,0.015625,250,8,33,100,74.01492537313433,-1702.7,-506.0,8109.8
714,23.8238,5.61156555446709,0.015625,250,8,33,100,71.1094527363184,-1697.1,-507.7,8112.8
715,23.8572,5.61156555446709,0.015625,250,8,33,100,72.66666666666667,-1703.7,-506.0,8109.2
716,23.8905,5.61156555446709,0.015625,250,8,33,100,72.86567164179104,-1694.6,-505.2,8111.0
717,23.9239,5.61156555446709,0.015625,250,8,33,100,73.02487562189054,-1699.6,-507.4,8112.0
718,23.9573,5.61156555446709,0.015625,250,8,33,100,73.3030303030303,-1700.8,-508.3,8109.9
719,23.9906,5.61156555446709,0.015625,250,8,33,100,72.43283582089552,-1695.6,-505.2,8112.4
720,24.024,5.61156555446709,0.015625,250,8,33,100,72.82587064676616,-1701.5,-502.1,8112.2
721,24.0574,5.61156555446709,0.015625,250,8,33,100,73.16915422885572,-1695.7,-508.2,8111.9
722,24.0907,5.61156555446709,0.015625,250,8,33,100,73.29292929292929,-1701.5,-506.6,8112.5
723,24.1241,5.61156555446709,0.015625,250,8,33,100,73.16915422885572,-1700.2,-508.6,8111.8
724,24.1575,5.61156555446709,0.015625,250,8,33,100,72.48258706467662,-1702.9,-507.4,8113.6
725,24.1908,5.61156555446709,0.015625,250,8,33,100,73.50248756218906,-1701.3,-504.7,8112.1
726,24.2242,5.61156555446709,0.015625,250,8,33,100,71.83838383838383,-1698.6,-506.6,8115.2
727,24.2576,5.61156555446709,0.015625,250,8,33,100,72.14427860696517,-1703.3,-504.4,8110.9
728,24.2909,5.61156555446709,0.015625,250,8,33,100,72.56716417910448,-1701.0,-510.3,8113.5
729,24.3243,5.61156555446709,0.015625,250,8,33,100,72.34825870646766,-1699.2,-508.9,8109.6
730,24.3577,5.61156555446709,0.015625,250,8,33,100,73.29292929292929,-1698.2,-503.3,8113.2
731,24.391,5.61156555446709,0.015625,250,8,33,100,72.72636815920399,-1698.3,-504.6,8111.4
732,24.4244,5.61156555446709,0.015625,250,8,33,100,72.72139303482587,-1703.2,-506.9,8114.5
733,24.4578,5.61156555446709,0.015625,250,8,33,100,72.68686868686869,-1697.3,-506.0,8111.8
734,24.4911,5.61156555446709,0.015625,250,8,33,100,70.5223880597015,-1699.1,-506.5,8115.9
735,24.5245,5.61156555446709,0.015625,250,8,33,100,73.77611940298507,-1701.0,-504.2,8114.8
736,24.5579,5.61156555446709,0.015625,250,8,33,100,71.48756218905473,-1694.1,-507.9,8112.0
737,24.5912,5.61156555446709,0.015625,250,8,33,100,73.47979797979798,-1707.7,-504.5,8114.5
738,24.6246,5.61156555446709,0.015625,250,8,33,100,73.28358208955224,-1697.0,-511.0,8114.7
739,24.658,5.61156555446709,0.015625,250,8,33,100,73.05472636815921,-1701.7,-507.2,8114.2
740,24.6913,5.61156555446709,0.015625,250,8,33,100,73.2139303482587,-1700.4,-513.7,8113.6
741,24.7247,5.61156555446709,0.015625,250,8,33,100,71.06060606060606,-1697.6,-505.2,8113.0
742,24.7581,5.61156555446709,0.015625,250,8,33,100,73.39800995024876,-1701.0,-505.8,8108.6
743,24.7914,5.61156555446709,0.015625,250,8,33,100,72.5223880597015,-1693.2,-505.4,8114.0
744,24.8248,5.61156555446709,0.015625,250,8,33,100,73.09950248756219,-1706.9,-504.6,8112.1
745,24.8582,5.61156555446709,0.015625,250,8,33,100,73.60606060606061,-1696.2,-510.3,8110.1
746,24.8915,5.61156555446709,0.015625,250,8,33,100,72.40298507462687,-1700.2,-505.4,8109.3
747,24.9249,5.61156555446709,0.015625,250,8,33,100,73.78109452736318,-1703.1,-502.9,8110.2
748,24.9583,5.61156555446709,0.015625,250,8,33,100,72.0909090909091,-1698.4,-504.6,8111.1
749,24.9916,5.61156555446709,0.015625,250,8,33,100,73.03980099502488,-1711.0,-505.9,8112.2
750,25.025,5.61156555446709,0.015625,250,8,33,100,73.44776119402985,-1693.5,-505.3,8112.6
751,25.0584,5.61156555446709,0.015625,250,8,33,100,71.05472636815921,-1699.1,-507.3,8112.8
752,25.0917,5.61156555446709,0.015625,250,8,33,100,73.95959595959596,-1702.0,-506.6,8114.1
753,25.1251,5.61156555446709,0.015625,250,8,33,100,71.39800995024876,-1695.9,-506.9,8106.8
754,25.1585,5.61156555446709,0.015625,250,8,33,100,72.25373134328358,-1706.7,-505.2,8111.6
755,25.1918,5.61156555446709,0.015625,250,8,33,100,73.60199004975124,-1697.3,-509.4,8111.7
756,25.2252,5.61156555446709,0.015625,250,8,33,100,70.73737373737374,-1698.0,-508.3,8113.3
757,25.2586,5.61156555446709,0.015625,250,8,33,100,74.05970149253731,-1705.2,-507.2,8112.0
758,25.2919,5.61156555446709,0.015625,250,8,33,100,72.51741293532338,-1698.7,-504.3,8111.7
759,25.3253,5.61156555446709,0.015625,250,8,33,100,72.88557213930348,-1701.2,-507.1,8111.2
760,25.3587,5.61156555446709,0.015625,250,8,33,100,73.04545454545455,-1698.9,-508.1,8111.8
761,25.392,5.61156555446709,0.015625,250,8,33,100,71.69651741293532,-1697.8,-510.2,8107.4
762,25.4254,5.61156555446709,0.015625,250,8,33,100,73.16417910447761,-1703.1,-503.0,8111.0
763,25.4588,5.61156555446709,0.015625,250,8,33,100,72.52525252525253,-1697.1,-505.3,8110.8
764,25.4921,5.61156555446709,0.015625,250,8,33,100,72.76616915422886,-1699.8,-507.0,8106.9
765,25.5255,5.61156555446709,0.015625,250,8,33,100,72.3731343283582,-1701.3,-504.7,8113.2
766,25.5589,5.61156555446709,0.015625,250,8,33,100,71.88557213930348,-1701.1,-504.0,8113.0
767,25.5922,5.61156555446709,0.015625,250,8,33,100,73.71717171717172,-1701.5,-506.8,8110.5
768,25.6256,5.61156555446709,0.015625,250,8,33,100,72.60696517412936,-1700.3,-504.5,8111.2
769,25.659,5.61156555446709,0.015625,250,8,33,100,72.71144278606965,-1701.3,-503.3,8112.0
770,25.6923,5.61156555446709,0.015625,250,8,33,100,74.2139303482587,-1702.1,-507.3,8112.7
771,25.7257,5.61156555446709,0.015625,250,8,33,100,73.17171717171718,-1698.9,-507.1,8112.2
772,25.7591,5.61156555446709,0.015625,250,8,33,100,72.35820895522389,-1702.7,-506.4,8109.1
773,25.7924,5.61156555446709,0.015625,250,8,33,100,74.23383084577114,-1703.5,-505.8,8111.2
774,25.8258,5.61156555446709,0.015625,250,8,33,100,71.72636815920399,-1693.5,-504.5,8113.1
775,25.8592,5.61156555446709,0.015625,250,8,33,100,71.68686868686869,-1708.2,-504.4,8111.8
776,25.8925,5.61156555446709,0.015625,250,8,33,100,74.2139303482587,-1697.9,-504.8,8108.9
777,25.9259,5.61156555446709,0.015625,250,8,33,100,72.35323383084577,-1697.2,-508.7,8110.6
778,25.9593,5.61156555446709,0.015625,250,8,33,100,73.48989898989899,-1702.9,-507.5,8112.0
779,25.9926,5.61156555446709,0.015625,250,8,33,100,73.1094527363184,-1697.2,-503.5,8109.4
780,26.026,5.61156555446709,0.015625,250,8,33,100,72.58208955223881,-1706.6,-508.8,8109.8
781,26.0594,5.61156555446709,0.015625,250,8,33,100,74.27363184079601,-1696.9,-508.9,8115.0
782,26.0927,5.61156555446709,0.015625,250,8,33,100,71.8080808080808,-1703.0,-505.5,8110.8
783,26.1261,5.61156555446709,0.015625,250,8,33,100,74.0049751243781,-1703.4,-506.9,8113.3
784,26.1595,5.61156555446709,0.015625,250,8,33,100,71.83582089552239,-1693.9,-504.7,8112.0
785,26.1928,5.61156555446709,0.015625,250,8,33,100,72.96019900497512,-1703.1,-502.9,8110.5
786,26.2262,5.61156555446709,0.015625,250,8,33,100,72.9040404040404,-1700.8,-505.3,8112.2
787,26.2596,5.61156555446709,0.015625,250,8,33,100,72.05970149253731,-1701.0,-504.5,8110.6
788,26.2929,5.61156555446709,0.015625,250,8,33,100,73.5223880597015,-1703.3,-507.7,8116.4
789,26.3263,5.61156555446709,0.015625,250,8,33,100,72.42288557213931,-1700.9,-506.6,8110.9
790,26.3597,5.61156555446709,0.015625,250,8,33,100,72.79292929292929,-1701.5,-506.7,8109.0
791,26.393,5.61156555446709,0.015625,250,8,33,100,71.97014925373135,-1698.3,-504.9,8111.5
792,26.4264,5.61156555446709,0.015625,250,8,33,100,72.70646766169155,-1699.1,-507.2,8112.9
793,26.4598,5.61156555446709,0.015625,250,8,33,100,72.72727272727273,-1704.2,-509.1,8113.1
794,26.4931,5.61156555446709,0.015625,250,8,33,100,73.22388059701493,-1699.1,-506.4,8109.7
795,26.5265,5.61156555446709,0.015625,250,8,33,100,71.90049751243781,-1697.5,-505.9,8114.4
796,26.5599,5.61156555446709,0.015625,250,8,33,100,72.64676616915423,-1709.3,-508.9,8114.7
797,26.5932,5.61156555446709,0.015625,250,8,33,100,72.8030303030303,-1695.9,-507.4,8113.4
798,26.6266,5.61156555446709,0.015625,250,8,33,100,71.53731343283582,-1703.4,-508.1,8112.6
799,26.66,5.61156555446709,0.015625,250,8,33,100,72.99004975124379,-1700.2,-504.4,8108.3
800,26.6933,5.61156555446709,0.015625,250,8,33,100,72.45273631840796,-1696.6,-505.4,8113.4
801,26.7267,5.61156555446709,0.015625,250,8,33,100,71.54545454545455,-1706.8,-506.1,8110.5
802,26.7601,5.61156555446709,0.015625,250,8,33,100,73.4776119402985,-1693.4,-504.9,8111.4
803,26.7934,5.61156555446709,0.015625,250,8,33,100,71.24875621890547,-1700.7,-504.1,8113.8
804,26.8268,5.61156555446709,0.015625,250,8,33,100,73.91044776119404,-1709.6,-503.6,8110.4
805,26.8602,5.61156555446709,0.015625,250,8,33,100,72.67676767676768,-1692.6,-507.8,8111.9
806,26.8935,5.61156555446709,0.015625,250,8,33,100,72.31343283582089,-1703.0,-506.4,8110.3
807,26.9269,5.61156555446709,0.015625,250,8,33,100,74.4726368159204,-1699.7,-505.2,8112.0
808,26.9603,5.61156555446709,0.015625,250,8,33,100,72.42929292929293,-1695.9,-505.6,8117.5
809,26.9936,5.61156555446709,0.015625,250,8,33,100,73.96019900497512,-1706.6,-505.3,8109.3
810,27.027,5.61156555446709,0.015625,250,8,33,100,72.88557213930348,-1692.2,-507.9,8111.9
811,27.0604,5.61156555446709,0.015625,250,8,33,100,71.93532338308458,-1707.0,-508.2,8112.6
812,27.0937,5.61156555446709,0.015625,250,8,33,100,74.48989898989899,-1701.7,-507.2,8113.7
813,27.1271,5.61156555446709,0.015625,250,8,33,100,71.38805970149254,-1700.0,-509.0,8116.3
814,27.1605,5.61156555446709,0.015625,250,8,33,100,73.70149253731343,-1701.6,-506.9,8111.4
815,27.1938,5.61156555446709,0.015625,250,8,33,100,72.87064676616916,-1697.9,-507.7,8113.9
816,27.2272,5.61156555446709,0.015625,250,8,33,100,73.37373737373737,-1704.1,-505.3,8111.6
817,27.2606,5.61156555446709,0.015625,250,8,33,100,73.30845771144278,-1700.9,-509.4,8107.5
818,27.2939,5.61156555446709,0.015625,250,8,33,100,73.2089552238806,-1699.5,-504.9,8112.1
819,27.3273,5.61156555446709,0.015625,250,8,33,100,73.69651741293532,-1704.1,-508.7,8112.4
820,27.3607,5.61156555446709,0.015625,250,8,33,100,71.65656565656566,-1698.4,-501.1,8111.5
821,27.394,5.61156555446709,0.015625,250,8,33,100,72.90547263681592,-1704.2,-507.1,8109.0
822,27.4274,5.61156555446709,0.015625,250,8,33,100,73.55721393034825,-1698.7,-506.9,8112.0
823,27.4608,5.61156555446709,0.015625,250,8,33,100,73.37373737373737,-1695.7,-508.8,8112.5
824,27.4941,5.61156555446709,0.015625,250,8,33,100,73.83582089552239,-1704.0,-506.9,8111.1
825,27.5275,5.61156555446709,0.015625,250,8,33,100,73.29850746268657,-1697.9,-506.8,8111.9
826,27.5609,5.61156555446709,0.015625,250,8,33,100,72.2636815920398,-1702.6,-502.2,8112.7
827,27.5942,5.61156555446709,0.015625,250,8,33,100,74.08585858585859,-1702.2,-507.0,8115.9
828,27.6276,5.61156555446709,0.015625,250,8,33,100,71.26865671641791,-1697.8,-504.2,8111.4
829,27.661,5.61156555446709,0.015625,250,8,33,100,74.37810945273633,-1702.0,-507.7,8109.5
830,27.6943,5.61156555446709,0.015625,250,8,33,100,72.2089552238806,-1697.1,-505.6,8112.1
831,27.7277,5.61156555446709,0.015625,250,8,33,100,71.58080808080808,-1703.8,-503.6,8114.7
832,27.7611,5.61156555446709,0.015625,250,8,33,100,72.72636815920399,-1707.4,-509.8,8110.9
833,27.7944,5.61156555446709,0.015625,250,8,33,100,72.03980099502488,-1695.3,-504.9,8113.2
834,27.8278,5.61156555446709,0.015625,250,8,33,100,73.69651741293532,-1703.0,-507.5,8111.8
835,27.8612,5.61156555446709,0.015625,250,8,33,100,73.0,-1701.8,-505.4,8112.2
836,27.8945,5.61156555446709,0.015625,250,8,33,100,72.87562189054727,-1696.7,-506.9,8113.0
837,27.9279,5.61156555446709,0.015625,250,8,33,100,71.97512437810946,-1702.2,-506.6,8112.4
838,27.9613,5.61156555446709,0.015625,250,8,33,100,71.29797979797979,-1701.0,-504.7,8113.1
839,27.9946,5.61156555446709,0.015625,250,8,33,100,72.45771144278606,-1703.3,-507.3,8112.9
840,28.028,5.61156555446709,0.015625,250,8,33,100,72.77611940298507,-1695.5,-509.8,8111.4
841,28.0614,5.61156555446709,0.015625,250,8,33,100,70.56716417910448,-1702.7,-507.1,8112.4
842,28.0947,5.61156555446709,0.015625,250,8,33,100,72.20707070707071,-1703.8,-507.0,8110.0
843,28.1281,5.61156555446709,0.015625,250,8,33,100,72.01492537313433,-1697.5,-506.8,8113.1
844,28.1615,5.61156555446709,0.015625,250,8,33,100,72.85572139303483,-1702.7,-505.4,8110.5
845,28.1948,5.61156555446709,0.015625,250,8,33,100,72.91542288557214,-1700.2,-507.7,8109.0
846,28.2282,5.61156555446709,0.015625,250,8,33,100,72.20202020202021,-1700.0,-508.3,8111.5
847,28.2616,5.61156555446709,0.015625,250,8,33,100,74.23880597014926,-1699.0,-505.6,8110.8
848,28.2949,5.61156555446709,0.015625,250,8,33,100,71.37810945273633,-1700.3,-505.4,8111.2
849,28.3283,5.61156555446709,0.015625,250,8,33,100,73.34825870646766,-1701.0,-505.4,8113.7
850,28.3617,5.61156555446709,0.015625,250,8,33,100,72.63131313131314,-1692.7,-507.5,8114.0
851,28.395,5.61156555446709,0.015625,250,8,33,100,71.7910447761194,-1702.0,-504.5,8110.2
852,28.4284,5.61156555446709,0.015625,250,8,33,100,73.65174129353234,-1704.0,-506.0,8109.6
853,28.4618,5.61156555446709,0.015625,250,8,33,100,72.62121212121212,-1693.9,-505.9,8110.5
854,28.4951,5.61156555446709,0.015625,250,8,33,100,72.72139303482587,-1700.2,-506.8,8112.0
855,28.5285,5.61156555446709,0.015625,250,8,33,100,73.29353233830845,-1701.2,-505.3,8112.6
856,28.5619,5.61156555446709,0.015625,250,8,33,100,72.62189054726367,-1700.6,-506.3,8113.7
857,28.5952,5.61156555446709,0.015625,250,8,33,100,72.62121212121212,-1702.5,-507.6,8109.5
858,28.6286,5.61156555446709,0.015625,250,8,33,100,71.56716417910448,-1700.7,-505.3,8110.2
859,28.662,5.61156555446709,0.015625,250,8,33,100,72.8905472636816,-1704.5,-504.3,8113.6
860,28.6953,5.61156555446709,0.015625,250,8,33,100,72.44776119402985,-1697.5,-504.6,8113.1
861,28.7287,5.61156555446709,0.015625,250,8,33,100,72.9949494949495,-1701.7,-509.1,8112.5
862,28.7621,5.61156555446709,0.015625,250,8,33,100,71.96019900497512,-1700.1,-507.7,8109.1
863,28.7954,5.61156555446709,0.015625,250,8,33,100,71.72139303482587,-1699.8,-506.5,8110.6
864,28.8288,5.61156555446709,0.015625,250,8,33,100,73.19900497512438,-1700.5,-505.4,8113.2
865,28.8622,5.61156555446709,0.015625,250,8,33,100,72.39393939393939,-1702.8,-506.3,8109.2
866,28.8955,5.61156555446709,0.015625,250,8,33,100,72.03482587064677,-1704.4,-505.7,8113.3
867,28.9289,5.61156555446709,0.015625,250,8,33,100,74.0049751243781,-1697.2,-505.7,8112.0
868,28.9623,5.61156555446709,0.015625,250,8,33,100,72.16161616161617,-1699.4,-505.0,8112.0
869,28.9956,5.61156555446709,0.015625,250,8,33,100,72.67661691542288,-1706.1,-506.1,8109.8
870,29.029,5.61156555446709,0.015625,250,8,33,100,72.90547263681592,-1690.3,-507.3,8115.1
871,29.0624,5.61156555446709,0.015625,250,8,33,100,71.96019900497512,-1704.8,-508.2,8110.6
872,29.0957,5.61156555446709,0.015625,250,8,33,100,73.14646464646465,-1703.0,-503.1,8106.9
873,29.1291,5.61156555446709,0.015625,250,8,33,100,72.363184079602,-1691.9,-504.0,8115.0
874,29.1625,5.61156555446709,0.015625,250,8,33,100,74.02985074626865,-1708.2,-505.2,8109.0
875,29.1958,5.61156555446709,0.015625,250,8,33,100,72.44278606965175,-1692.2,-503.8,8112.7
876,29.2292,5.61156555446709,0.015625,250,8,33,100,71.34848484848484,-1707.6,-505.0,8113.5
877,29.2626,5.61156555446709,0.015625,250,8,33,100,74.22885572139303,-1697.7,-503.9,8112.3
878,29.2959,5.61156555446709,0.015625,250,8,33,100,71.35323383084577,-1689.7,-503.9,8110.3
879,29.3293,5.61156555446709,0.015625,250,8,33,100,72.49253731343283,-1712.0,-505.6,8108.7
880,29.3627,5.61156555446709,0.015625,250,8,33,100,73.05555555555556,-1698.4,-503.7,8113.1
881,29.396,5.61156555446709,0.015625,250,8,33,100,71.38308457711443,-1697.1,-506.5,8112.5
882,29.4294,5.61156555446709,0.015625,250,8,33,100,73.27363184079601,-1702.6,-502.7,8110.7
883,29.4628,5.61156555446709,0.015625,250,8,33,100,72.01010101010101,-1699.1,-505.9,8111.3
884,29.4961,5.61156555446709,0.015625,250,8,33,100,72.86567164179104,-1700.0,-505.6,8114.5
885,29.5295,5.61156555446709,0.015625,250,8,33,100,72.77611940298507,-1695.9,-506.6,8115.3
886,29.5629,5.61156555446709,0.015625,250,8,33,100,71.53233830845771,-1706.5,-504.7,8112.8
887,29.5962,5.61156555446709,0.015625,250,8,33,100,73.52525252525253,-1701.0,-507.6,8112.0
888,29.6296,5.61156555446709,0.015625,250,8,33,100,71.69154228855722,-1694.1,-507.0,8113.8
889,29.663,5.61156555446709,0.015625,250,8,33,100,74.42786069651741,-1703.7,-508.4,8110.2
890,29.6963,5.61156555446709,0.015625,250,8,33,100,72.12935323383084,-1697.5,-507.0,8110.4
891,29.7297,5.61156555446709,0.015625,250,8,33,100,72.74242424242425,-1699.0,-507.4,8114.6
892,29.7631,5.61156555446709,0.015625,250,8,33,100,72.5223880597015,-1704.0,-504.6,8109.0
893,29.7964,5.61156555446709,0.015625,250,8,33,100,73.28855721393035,-1697.1,-503.4,8111.6
894,29.8298,5.61156555446709,0.015625,250,8,33,100,72.53233830845771,-1700.2,-505.6,8115.6
895,29.8632,5.61156555446709,0.015625,250,8,33,100,74.45959595959596,-1701.7,-505.8,8110.7
896,29.8965,5.61156555446709,0.015625,250,8,33,100,71.8457711442786,-1694.3,-505.1,8115.1
897,29.9299,5.61156555446709,0.015625,250,8,33,100,73.91542288557214,-1706.4,-505.7,8110.4
898,29.9633,5.61156555446709,0.015625,250,8,33,100,72.33333333333333,-1691.9,-505.9,8113.5
899,29.9966,5.61156555446709,0.015625,250,8,33,100,71.28358208955224,-1700.5,-506.8,8111.8
900,30.03,5.61156555446709,0.015625,250,8,33,100,73.7363184079602,-1702.0,-509.3,8110.9
901,30.0634,5.61156555446709,0.015625,250,8,33,100,71.93532338308458,-1694.3,-504.2,8114.9
902,30.0967,5.61156555446709,0.015625,250,8,33,100,71.43939393939394,-1705.3,-509.3,8109.2
903,30.1301,5.61156555446709,0.015625,250,8,33,100,73.8457711442786,-1701.1,-505.1,8111.1
904,30.1635,5.61156555446709,0.015625,250,8,33,100,71.92537313432835,-1699.1,-509.5,8115.5
905,30.1968,5.61156555446709,0.015625,250,8,33,100,73.55721393034825,-1700.9,-507.2,8114.0
906,30.2302,5.61156555446709,0.015625,250,8,33,100,72.52525252525253,-1697.9,-505.3,8115.4
907,30.2636,5.61156555446709,0.015625,250,8,33,100,72.2636815920398,-1701.1,-505.3,8110.4
908,30.2969,5.61156555446709,0.015625,250,8,33,100,72.98009950248756,-1699.6,-504.6,8110.2
909,30.3303,5.61156555446709,0.015625,250,8,33,100,72.08457711442786,-1699.0,-504.0,8112.7
910,30.3637,5.61156555446709,0.015625,250,8,33,100,73.91414141414141,-1700.2,-501.5,8112.8
911,30.397,5.61156555446709,0.015625,250,8,33,100,71.81592039800995,-1699.7,-507.4,8113.5
912,30.4304,5.61156555446709,0.015625,250,8,33,100,73.33333333333333,-1704.7,-505.7,8108.7
913,30.4638,5.61156555446709,0.015625,250,8,33,100,73.03535353535354,-1699.2,-507.1,8108.5
914,30.4971,5.61156555446709,0.015625,250,8,33,100,71.03482587064677,-1701.5,-503.8,8109.5
915,30.5305,5.61156555446709,0.015625,250,8,33,100,73.53731343283582,-1701.1,-508.2,8109.6
916,30.5639,5.61156555446709,0.015625,250,8,33,100,72.0,-1695.4,-507.9,8110.4
917,30.5972,5.61156555446709,0.015625,250,8,33,100,74.18181818181819,-1704.5,-507.8,8114.8
918,30.6306,5.61156555446709,0.015625,250,8,33,100,71.77611940298507,-1700.5,-505.0,8109.8
919,30.664,5.61156555446709,0.015625,250,8,33,100,72.59701492537313,-1701.2,-504.2,8112.1
920,30.6973,5.61156555446709,0.015625,250,8,33,100,72.35323383084577,-1705.5,-506.0,8111.1
921,30.7307,5.61156555446709,0.015625,250,8,33,100,73.0050505050505,-1695.4,-503.2,8114.4
922,30.7641,5.61156555446709,0.015625,250,8,33,100,72.96517412935323,-1700.9,-507.5,8112.1
923,30.7974,5.61156555446709,0.015625,250,8,33,100,73.37810945273633,-1700.3,-508.5,8111.6
924,30.8308,5.61156555446709,0.015625,250,8,33,100,72.19900497512438,-1693.6,-506.7,8113.7
925,30.8642,5.61156555446709,0.015625,250,8,33,100,72.35858585858585,-1699.9,-503.4,8113.1
926,30.8975,5.61156555446709,0.015625,250,8,33,100,71.24875621890547,-1697.7,-507.0,8115.0
927,30.9309,5.61156555446709,0.015625,250,8,33,100,72.96517412935323,-1704.0,-504.2,8114.4
928,30.9643,5.61156555446709,0.015625,250,8,33,100,72.42424242424242,-1697.0,-511.8,8113.9
929,30.9976,5.61156555446709,0.015625,250,8,33,100,72.3731343283582,-1697.6,-505.8,8114.7
930,31.031,5.61156555446709,0.015625,250,8,33,100,72.7860696517413,-1702.1,-509.5,8111.3
931,31.0644,5.61156555446709,0.015625,250,8,33,100,71.2587064676617,-1700.3,-507.6,8113.3
932,31.0977,5.61156555446709,0.015625,250,8,33,100,73.64646464646465,-1703.5,-506.0,8113.3
933,31.1311,5.61156555446709,0.015625,250,8,33,100,72.59203980099502,-1695.5,-508.2,8108.4
934,31.1645,5.61156555446709,0.015625,250,8,33,100,73.0049751243781,-1702.2,-506.6,8112.0
935,31.1978,5.61156555446709,0.015625,250,8,33,100,71.60199004975124,-1696.0,-506.7,8111.1
936,31.2312,5.61156555446709,0.015625,250,8,33,100,73.91919191919192,-1701.1,-503.8,8112.2
937,31.2646,5.61156555446709,0.015625,250,8,33,100,72.55223880597015,-1700.0,-509.6,8109.7
938,31.2979,5.61156555446709,0.015625,250,8,33,100,72.68656716417911,-1700.8,-505.7,8111.6
939,31.3313,5.61156555446709,0.015625,250,8,33,100,71.96019900497512,-1700.9,-506.6,8111.0
940,31.3647,5.61156555446709,0.015625,250,8,33,100,72.48484848484848,-1703.0,-503.5,8114.4
941,31.398,5.61156555446709,0.015625,250,8,33,100,72.86567164179104,-1701.7,-510.6,8110.9
942,31.4314,5.61156555446709,0.015625,250,8,33,100,73.2139303482587,-1693.9,-501.4,8111.5
943,31.4648,5.61156555446709,0.015625,250,8,33,100,71.5050505050505,-1703.8,-508.3,8110.2
944,31.4981,5.61156555446709,0.015625,250,8,33,100,73.45771144278606,-1700.4,-503.9,8116.0
945,31.5315,5.61156555446709,0.015625,250,8,33,100,72.19402985074628,-1704.1,-507.0,8112.5
946,31.5649,5.61156555446709,0.015625,250,8,33,100,72.59701492537313,-1702.1,-504.6,8115.3
947,31.5982,5.61156555446709,0.015625,250,8,33,100,72.28282828282828,-1693.8,-509.4,8114.7
948,31.6316,5.61156555446709,0.015625,250,8,33,100,72.71144278606965,-1704.0,-505.9,8110.5
949,31.665,5.61156555446709,0.015625,250,8,33,100,72.85074626865672,-1698.5,-508.0,8108.2
950,31.6983,5.61156555446709,0.015625,250,8,33,100,72.57213930348259,-1698.3,-505.6,8113.8
951,31.7317,5.61156555446709,0.015625,250,8,33,100,72.15151515151516,-1700.0,-507.1,8111.3
952,31.7651,5.61156555446709,0.015625,250,8,33,100,72.31840796019901,-1698.7,-507.9,8112.6
953,31.7984,5.61156555446709,0.015625,250,8,33,100,71.91542288557214,-1701.6,-502.9,8113.8
954,31.8318,5.61156555446709,0.015625,250,8,33,100,72.83084577114428,-1704.1,-502.5,8110.6
955,31.8652,5.61156555446709,0.015625,250,8,33,100,72.58080808080808,-1695.2,-507.5,8109.4
956,31.8985,5.61156555446709,0.015625,250,8,33,100,72.77114427860697,-1701.6,-508.3,8109.7
957,31.9319,5.61156555446709,0.015625,250,8,33,100,72.51243781094527,-1699.5,-503.9,8110.1
958,31.9653,5.61156555446709,0.015625,250,8,33,100,72.51515151515152,-1704.0,-504.8,8107.6
959,31.9986,5.61156555446709,0.015625,250,8,33,100,72.28358208955224,-1697.4,-509.5,8112.7
960,32.032,5.61156555446709,0.015625,250,8,33,100,72.43283582089552,-1698.4,-504.2,8113.6
961,32.0654,5.61156555446709,0.015625,250,8,33,100,72.04477611940298,-1700.2,-506.9,8109.7
962,32.0987,5.61156555446709,0.015625,250,8,33,100,72.13636363636364,-1698.2,-507.9,8114.3
963,32.1321,5.61156555446709,0.015625,250,8,33,100,71.61194029850746,-1698.6,-507.2,8112.1
964,32.1655,5.61156555446709,0.015625,250,8,33,100,71.60696517412936,-1702.4,-503.9,8107.8
965,32.1988,5.61156555446709,0.015625,250,8,33,100,72.87064676616916,-1698.3,-507.1,8109.7
966,32.2322,5.61156555446709,0.015625,250,8,33,100,71.43939393939394,-1696.2,-506.5,8112.1
967,32.2656,5.61156555446709,0.015625,250,8,33,100,72.66666666666667,-1700.8,-508.3,8112.2
968,32.2989,5.61156555446709,0.015625,250,8,33,100,72.77114427860697,-1699.9,-507.3,8110.8
969,32.3323,5.61156555446709,0.015625,250,8,33,100,73.1094527363184,-1699.9,-504.4,8109.8
970,32.3657,5.61156555446709,0.015625,250,8,33,100,72.88888888888889,-1699.7,-508.6,8113.0
971,32.399,5.61156555446709,0.015625,250,8,33,100,72.26865671641791,-1700.5,-504.2,8108.5
972,32.4324,5.61156555446709,0.015625,250,8,33,100,72.4726368159204,-1698.8,-508.2,8111.9
973,32.4658,5.61156555446709,0.015625,250,8,33,100,71.82828282828282,-1698.2,-507.7,8113.3
974,32.4991,5.61156555446709,0.015625,250,8,33,100,73.02487562189054,-1696.8,-506.5,8106.9
975,32.5325,5.61156555446709,0.015625,250,8,33,100,71.64676616915423,-1697.5,-506.9,8112.6
976,32.5659,5.61156555446709,0.015625,250,8,33,100,72.7860696517413,-1703.5,-505.8,8109.9
977,32.5992,5.61156555446709,0.015625,250,8,33,100,72.16161616161617,-1699.0,-507.6,8112.5
978,32.6326,5.61156555446709,0.015625,250,8,33,100,72.92039800995025,-1701.5,-507.9,8113.0
979,32.666,5.61156555446709,0.015625,250,8,33,100,73.46766169154229,-1703.3,-508.8,8110.1
980,32.6993,5.61156555446709,0.015625,250,8,33,100,73.69651741293532,-1695.0,-505.5,8114.1
981,32.7327,5.61156555446709,0.015625,250,8,33,100,71.10606060606061,-1700.7,-504.5,8112.5
982,32.7661,5.61156555446709,0.015625,250,8,33,100,73.58706467661692,-1703.1,-507.4,8110.5
983,32.7994,5.61156555446709,0.015625,250,8,33,100,72.66169154228855,-1698.4,-506.0,8112.1
984,32.8328,5.61156555446709,0.015625,250,8,33,100,72.33333333333333,-1700.8,-501.5,8110.5
985,32.8662,5.61156555446709,0.015625,250,8,33,100,72.21717171717172,-1701.7,-510.1,8114.0
986,32.8995,5.61156555446709,0.015625,250,8,33,100,72.81094527363184,-1701.5,-507.0,8111.2
987,32.9329,5.61156555446709,0.015625,250,8,33,100,71.33333333333333,-1698.8,-510.9,8114.4
988,32.9663,5.61156555446709,0.015625,250,8,33,100,72.02020202020202,-1698.7,-503.9,8115.7
989,32.9996,5.61156555446709,0.015625,250,8,33,100,72.32835820895522,-1704.1,-509.0,8112.9
990,33.033,5.61156555446709,0.015625,250,8,33,100,73.1592039800995,-1696.9,-508.1,8111.8
991,33.0664,5.61156555446709,0.015625,250,8,33,100,72.29353233830845,-1695.5,-509.1,8107.3
992,33.0997,5.61156555446709,0.015625,250,8,33,100,73.61111111111111,-1702.2,-505.8,8114.4
993,33.1331,5.61156555446709,0.015625,250,8,33,100,74.45771144278606,-1701.0,-510.2,8111.1
994,33.1665,5.61156555446709,0.015625,250,8,33,100,71.16417910447761,-1700.8,-508.3,8113.7
995,33.1998,5.61156555446709,0.015625,250,8,33,100,72.56218905472637,-1699.0,-508.3,8112.1
996,33.2332,5.61156555446709,0.015625,250,8,33,100,72.28787878787878,-1700.5,-507.2,8111.3
997,33.2666,5.61156555446709,0.015625,250,8,33,100,72.30348258706468,-1703.5,-505.8,8111.5
998,33.2999,5.61156555446709,0.015625,250,8,33,100,72.25373134328358,-1697.8,-505.6,8111.7
999,33.3333,5.61156555446709,0.015625,250,8,33,100,72.08955223880596,-1699.0,-507.7,8109.5
1000,33.3667,5.61156555446709,0.015625,250,8,33,100,72.72727272727273,-1704.4,-509.2,8111.6
1001,33.4,5.61156555446709,0.015625,250,8,33,100,73.77611940298507,-1697.8,-505.7,8112.5
1002,33.4334,5.61156555446709,0.015625,250,8,33,100,71.80099502487562,-1700.6,-503.5,8113.9
1003,33.4668,5.61156555446709,0.015625,250,8,33,100,72.71717171717172,-1701.3,-504.2,8112.1
1004,33.5001,5.61156555446709,0.015625,250,8,33,100,73.51243781094527,-1695.9,-505.9,8111.8
1005,33.5335,5.61156555446709,0.015625,250,8,33,100,72.05472636815921,-1698.9,-507.3,8112.1
1006,33.5669,5.61156555446709,0.015625,250,8,33,100,72.34328358208955,-1698.2,-506.3,8113.9
1007,33.6002,5.61156555446709,0.015625,250,8,33,100,72.18181818181819,-1701.3,-503.3,8111.7
1008,33.6336,5.61156555446709,0.015625,250,8,33,100,72.90049751243781,-1700.7,-504.8,8112.2
1009,33.667,5.61156555446709,0.015625,250,8,33,100,72.44776119402985,-1695.7,-505.5,8113.3
1010,33.7003,5.61156555446709,0.015625,250,8,33,100,71.82089552238806,-1701.3,-509.7,8114.3
1011,33.7337,5.61156555446709,0.015625,250,8,33,100,73.08585858585859,-1699.2,-506.5,8114.1
1012,33.7671,5.61156555446709,0.015625,250,8,33,100,71.4776119402985,-1699.3,-505.3,8112.2
1013,33.8004,5.61156555446709,0.015625,250,8,33,100,73.21890547263682,-1704.0,-507.9,8115.0
1014,33.8338,5.61156555446709,0.015625,250,8,33,100,72.24378109452736,-1698.1,-509.7,8112.0
1015,33.8672,5.61156555446709,0.015625,250,8,33,100,72.70202020202021,-1702.7,-502.9,8113.5
1016,33.9005,5.61156555446709,0.015625,250,8,33,100,72.2587064676617,-1700.4,-511.2,8111.0
1017,33.9339,5.61156555446709,0.015625,250,8,33,100,72.3681592039801,-1701.7,-506.7,8114.3
1018,33.9673,5.61156555446709,0.015625,250,8,33,100,74.55050505050505,-1701.3,-509.9,8112.6
1019,34.0006,5.61156555446709,0.015625,250,8,33,100,72.91542288557214,-1692.9,-508.8,8112.7
1020,34.034,5.61156555446709,0.015625,250,8,33,100,71.38805970149254,-1704.1,-506.3,8112.3
1021,34.0674,5.61156555446709,0.015625,250,8,33,100,72.68656716417911,-1702.9,-504.9,8111.3
1022,34.1007,5.61156555446709,0.015625,250,8,33,100,72.26262626262626,-1698.9,-508.2,8109.6
1023,34.1341,5.61156555446709,0.015625,250,8,33,100,72.70646766169155,-1700.4,-506.3,8110.2
1024,34.1675,5.61156555446709,0.015625,250,8,33,100,72.71641791044776,-1698.1,-509.7,8113.6
1025,34.2008,5.61156555446709,0.015625,250,8,33,100,72.24875621890547,-1703.5,-503.1,8111.6
1026,34.2342,5.61156555446709,0.015625,250,8,33,100,73.6969696969697,-1698.2,-503.6,8111.4
1027,34.2676,5.61156555446709,0.015625,250,8,33,100,72.39800995024876,-1694.7,-505.0,8111.3
1028,34.3009,5.61156555446709,0.015625,250,8,33,100,73.75621890547264,-1704.4,-505.5,8111.6
1029,34.3343,5.61156555446709,0.015625,250,8,33,100,72.67164179104478,-1693.9,-506.8,8111.2
1030,34.3677,5.61156555446709,0.015625,250,8,33,100,72.26767676767676,-1699.1,-503.0,8112.3
1031,34.401,5.61156555446709,0.015625,250,8,33,100,73.50746268656717,-1701.5,-503.6,8111.5
1032,34.4344,5.61156555446709,0.015625,250,8,33,100,72.96019900497512,-1696.0,-504.2,8113.9
1033,34.4678,5.61156555446709,0.015625,250,8,33,100,73.26262626262626,-1704.2,-509.2,8110.5
1034,34.5011,5.61156555446709,0.015625,250,8,33,100,72.28855721393035,-1696.9,-506.3,8112.6
1035,34.5345,5.61156555446709,0.015625,250,8,33,100,72.59701492537313,-1700.2,-506.7,8109.7
1036,34.5679,5.61156555446709,0.015625,250,8,33,100,73.13432835820896,-1699.6,-507.4,8110.2
1037,34.6012,5.61156555446709,0.015625,250,8,33,100,72.81818181818181,-1694.3,-507.0,8114.3
1038,34.6346,5.61156555446709,0.015625,250,8,33,100,72.3731343283582,-1704.0,-507.6,8111.2
1039,34.668,5.61156555446709,0.015625,250,8,33,100,72.26865671641791,-1699.3,-507.9,8113.6
1040,34.7013,5.61156555446709,0.015625,250,8,33,100,71.66169154228855,-1704.1,-508.6,8110.2
1041,34.7347,5.61156555446709,0.015625,250,8,33,100,73.58585858585859,-1701.4,-505.6,8111.1
1042,34.7681,5.61156555446709,0.015625,250,8,33,100,71.53731343283582,-1699.2,-504.0,8115.0
1043,34.8014,5.61156555446709,0.015625,250,8,33,100,72.98507462686567,-1704.1,-507.2,8113.9
1044,34.8348,5.61156555446709,0.015625,250,8,33,100,73.16915422885572,-1696.7,-507.3,8111.6
1045,34.8682,5.61156555446709,0.015625,250,8,33,100,72.08080808080808,-1700.9,-506.6,8114.2
1046,34.9015,5.61156555446709,0.015625,250,8,33,100,72.94029850746269,-1704.4,-506.4,8107.4
1047,34.9349,5.61156555446709,0.015625,250,8,33,100,72.16417910447761,-1697.1,-502.3,8116.4
1048,34.9683,5.61156555446709,0.015625,250,8,33,100,72.03535353535354,-1705.6,-507.7,8108.2
1049,35.0016,5.61156555446709,0.015625,250,8,33,100,73.07960199004975,-1697.2,-506.8,8113.8
1050,35.035,5.61156555446709,0.015625,250,8,33,100,72.1542288557214,-1697.9,-507.3,8111.2
1051,35.0684,5.61156555446709,0.015625,250,8,33,100,72.1592039800995,-1702.1,-509.8,8111.1
1052,35.1017,5.61156555446709,0.015625,250,8,33,100,72.60606060606061,-1696.5,-505.2,8113.3
1053,35.1351,5.61156555446709,0.015625,250,8,33,100,73.04477611940298,-1702.8,-508.6,8116.0
1054,35.1685,5.61156555446709,0.015625,250,8,33,100,72.72636815920399,-1699.9,-506.1,8109.5
1055,35.2018,5.61156555446709,0.015625,250,8,33,100,72.80099502487562,-1701.2,-504.7,8109.6
1056,35.2352,5.61156555446709,0.015625,250,8,33,100,72.5,-1704.2,-509.8,8110.4
1057,35.2686,5.61156555446709,0.015625,250,8,33,100,72.6318407960199,-1696.9,-504.4,8115.1
1058,35.3019,5.61156555446709,0.015625,250,8,33,100,72.24875621890547,-1698.9,-506.6,8114.5
1059,35.3353,5.61156555446709,0.015625,250,8,33,100,72.82089552238806,-1701.6,-504.2,8111.0
1060,35.3687,5.61156555446709,0.015625,250,8,33,100,72.85353535353535,-1694.4,-507.4,8110.4
1061,35.402,5.61156555446709,0.015625,250,8,33,100,72.64179104477611,-1700.1,-503.3,8111.7
1062,35.4354,5.61156555446709,0.015625,250,8,33,100,74.05970149253731,-1701.0,-509.3,8113.6
1063,35.4688,5.61156555446709,0.015625,250,8,33,100,72.51515151515152,-1697.9,-508.5,8113.6
1064,35.5021,5.61156555446709,0.015625,250,8,33,100,73.33830845771145,-1698.8,-507.6,8110.4
1065,35.5355,5.61156555446709,0.015625,250,8,33,100,73.55223880597015,-1701.7,-506.9,8110.5
1066,35.5689,5.61156555446709,0.015625,250,8,33,100,72.7860696517413,-1700.6,-505.3,8110.7
1067,35.6022,5.61156555446709,0.015625,250,8,33,100,73.67171717171718,-1700.9,-505.5,8110.4
1068,35.6356,5.61156555446709,0.015625,250,8,33,100,73.32835820895522,-1698.7,-507.8,8113.2
1069,35.669,5.61156555446709,0.015625,250,8,33,100,72.59203980099502,-1705.3,-504.3,8114.4
1070,35.7023,5.61156555446709,0.015625,250,8,33,100,72.57213930348259,-1700.0,-506.7,8112.0
1071,35.7357,5.61156555446709,0.015625,250,8,33,100,72.18181818181819,-1700.0,-508.3,8110.1
1072,35.7691,5.61156555446709,0.015625,250,8,33,100,72.49253731343283,-1701.4,-506.8,8111.3
1073,35.8024,5.61156555446709,0.015625,250,8,33,100,73.09950248756219,-1697.7,-506.8,8113.3
1074,35.8358,5.61156555446709,0.015625,250,8,33,100,72.88557213930348,-1698.6,-508.7,8115.8
1075,35.8692,5.61156555446709,0.015625,250,8,33,100,72.77272727272727,-1700.3,-505.1,8116.1
1076,35.9025,5.61156555446709,0.015625,250,8,33,100,72.54228855721394,-1701.2,-507.6,8110.8
1077,35.9359,5.61156555446709,0.015625,250,8,33,100,73.04477611940298,-1701.6,-507.1,8114.2
1078,35.9693,5.61156555446709,0.015625,250,8,33,100,73.03030303030303,-1699.6,-507.8,8113.0
1079,36.0026,5.61156555446709,0.015625,250,8,33,100,72.03482587064677,-1699.7,-506.2,8112.5
1080,36.036,5.61156555446709,0.015625,250,8,33,100,72.8457711442786,-1704.7,-505.8,8113.9
1081,36.0694,5.61156555446709,0.015625,250,8,33,100,71.9950248756219,-1699.3,-506.7,8110.6
1082,36.1027,5.61156555446709,0.015625,250,8,33,100,72.29797979797979,-1699.5,-507.8,8113.5
1083,36.1361,5.61156555446709,0.015625,250,8,33,100,72.3731343283582,-1698.4,-506.6,8110.1
1084,36.1695,5.61156555446709,0.015625,250,8,33,100,72.59203980099502,-1696.7,-509.0,8112.8
1085,36.2028,5.61156555446709,0.015625,250,8,33,100,72.29353233830845,-1700.9,-505.5,8108.4
1086,36.2362,5.61156555446709,0.015625,250,8,33,100,73.28787878787878,-1698.8,-503.2,8113.4
1087,36.2696,5.61156555446709,0.015625,250,8,33,100,72.363184079602,-1699.0,-507.8,8111.5
1088,36.3029,5.61156555446709,0.015625,250,8,33,100,72.43283582089552,-1704.6,-507.3,8112.9
1089,36.3363,5.61156555446709,0.015625,250,8,33,100,72.46766169154229,-1699.1,-505.3,8112.9
1090,36.3697,5.61156555446709,0.015625,250,8,33,100,73.23737373737374,-1703.5,-505.0,8115.0
1091,36.403,5.61156555446709,0.015625,250,8,33,100,73.28855721393035,-1700.2,-505.0,8114.9
1092,36.4364,5.61156555446709,0.015625,250,8,33,100,72.43283582089552,-1701.6,-505.8,8111.6
1093,36.4698,5.61156555446709,0.015625,250,8,33,100,73.06060606060606,-1701.8,-507.0,8110.7
1094,36.5031,5.61156555446709,0.015625,250,8,33,100,72.07960199004975,-1697.9,-505.7,8111.3
1095,36.5365,5.61156555446709,0.015625,250,8,33,100,72.09452736318408,-1701.5,-507.7,8112.3
1096,36.5699,5.61156555446709,0.015625,250,8,33,100,72.71144278606965,-1700.3,-504.8,8113.3
1097,36.6032,5.61156555446709,0.015625,250,8,33,100,71.60606060606061,-1697.9,-505.5,8110.9
1098,36.6366,5.61156555446709,0.015625,250,8,33,100,72.22388059701493,-1703.4,-509.9,8109.2
1099,36.67,5.61156555446709,0.015625,250,8,33,100,73.69651741293532,-1701.3,-507.9,8111.9
1100,36.7033,5.61156555446709,0.015625,250,8,33,100,72.46766169154229,-1701.1,-508.8,8111.7
1101,36.7367,5.61156555446709,0.015625,250,8,33,100,72.73232323232324,-1701.0,-507.0,8108.4
1102,36.7701,5.61156555446709,0.015625,250,8,33,100,73.82089552238806,-1697.1,-507.0,8113.5
1103,36.8034,5.61156555446709,0.015625,250,8,33,100,72.41791044776119,-1700.6,-505.9,8110.6
1104,36.8368,5.61156555446709,0.015625,250,8,33,100,72.66169154228855,-1697.9,-506.1,8110.5
1105,36.8702,5.61156555446709,0.015625,250,8,33,100,72.9040404040404,-1701.6,-504.7,8110.2
1106,36.9035,5.61156555446709,0.015625,250,8,33,100,72.32835820895522,-1699.9,-506.3,8112.1
1107,36.9369,5.61156555446709,0.015625,250,8,33,100,71.29850746268657,-1699.8,-505.4,8113.7
1108,36.9703,5.61156555446709,0.015625,250,8,33,100,73.27272727272727,-1703.3,-505.8,8111.8
1109,37.0036,5.61156555446709,0.015625,250,8,33,100,71.75124378109453,-1702.7,-504.4,8109.6
1110,37.037,5.61156555446709,0.015625,250,8,33,100,72.41293532338308,-1703.6,-504.4,8113.4
1111,37.0704,5.61156555446709,0.015625,250,8,33,100,72.2636815920398,-1705.4,-508.3,8111.0
1112,37.1037,5.61156555446709,0.015625,250,8,33,100,73.18686868686869,-1699.5,-506.2,8113.8
1113,37.1371,5.61156555446709,0.015625,250,8,33,100,72.50248756218906,-1701.3,-504.8,8107.1
1114,37.1705,5.61156555446709,0.015625,250,8,33,100,72.8457711442786,-1700.1,-506.8,8111.1
1115,37.2038,5.61156555446709,0.015625,250,8,33,100,72.30845771144278,-1697.2,-506.1,8112.9
1116,37.2372,5.61156555446709,0.015625,250,8,33,100,73.25757575757575,-1699.2,-505.8,8110.9
1117,37.2706,5.61156555446709,0.015625,250,8,33,100,71.94029850746269,-1700.5,-505.2,8114.3
1118,37.3039,5.61156555446709,0.015625,250,8,33,100,74.33830845771145,-1701.3,-506.1,8112.1
1119,37.3373,5.61156555446709,0.015625,250,8,33,100,71.60199004975124,-1698.7,-508.6,8112.4
1120,37.3707,5.61156555446709,0.015625,250,8,33,100,72.02020202020202,-1699.7,-507.5,8111.2
1121,37.404,5.61156555446709,0.015625,250,8,33,100,72.05970149253731,-1702.8,-506.9,8109.9
1122,37.4374,5.61156555446709,0.015625,250,8,33,100,73.53233830845771,-1698.8,-507.6,8114.9
1123,37.4708,5.61156555446709,0.015625,250,8,33,100,73.9949494949495,-1701.5,-506.9,8114.4
1124,37.5041,5.61156555446709,0.015625,250,8,33,100,72.04975124378109,-1702.3,-503.9,8117.2
1125,37.5375,5.61156555446709,0.015625,250,8,33,100,72.5273631840796,-1704.0,-505.5,8116.9
1126,37.5709,5.61156555446709,0.015625,250,8,33,100,72.93034825870647,-1700.7,-507.5,8111.5
1127,37.6042,5.61156555446709,0.015625,250,8,33,100,72.78282828282828,-1698.0,-510.5,8114.4
1128,37.6376,5.61156555446709,0.015625,250,8,33,100,72.1592039800995,-1701.8,-510.1,8110.5
1129,37.671,5.61156555446709,0.015625,250,8,33,100,73.01492537313433,-1697.7,-508.0,8111.8
1130,37.7043,5.61156555446709,0.015625,250,8,33,100,71.82089552238806,-1702.2,-506.4,8111.1
1131,37.7377,5.61156555446709,0.015625,250,8,33,100,72.96969696969697,-1704.9,-506.7,8113.8
1132,37.7711,5.61156555446709,0.015625,250,8,33,100,73.39303482587064,-1699.2,-505.3,8111.0
1133,37.8044,5.61156555446709,0.015625,250,8,33,100,73.363184079602,-1700.9,-507.4,8114.7
1134,37.8378,5.61156555446709,0.015625,250,8,33,100,72.42786069651741,-1701.1,-504.5,8113.7
1135,37.8712,5.61156555446709,0.015625,250,8,33,100,72.5959595959596,-1696.8,-508.2,8111.4
1136,37.9045,5.61156555446709,0.015625,250,8,33,100,72.69154228855722,-1701.2,-504.9,8112.2
1137,37.9379,5.61156555446709,0.015625,250,8,33,100,72.86567164179104,-1702.9,-508.1,8109.8
1138,37.9713,5.61156555446709,0.015625,250,8,33,100,73.1969696969697,-1701.8,-508.8,8113.1
1139,38.0046,5.61156555446709,0.015625,250,8,33,100,71.48258706467662,-1696.2,-509.4,8111.6
1140,38.038,5.61156555446709,0.015625,250,8,33,100,72.41293532338308,-1705.2,-504.3,8113.4
1141,38.0714,5.61156555446709,0.015625,250,8,33,100,72.72139303482587,-1699.5,-506.4,8113.7
1142,38.1047,5.61156555446709,0.015625,250,8,33,100,71.75252525252525,-1698.3,-504.3,8111.5
1143,38.1381,5.61156555446709,0.015625,250,8,33,100,73.60696517412936,-1704.6,-504.3,8110.7
1144,38.1715,5.61156555446709,0.015625,250,8,33,100,72.41293532338308,-1699.3,-507.2,8114.7
1145,38.2048,5.61156555446709,0.015625,250,8,33,100,73.72139303482587,-1699.6,-510.1,8111.6
1146,38.2382,5.61156555446709,0.015625,250,8,33,100,72.64646464646465,-1700.8,-508.9,8112.7
1147,38.2716,5.61156555446709,0.015625,250,8,33,100,71.81094527363184,-1701.7,-502.3,8112.5
1148,38.3049,5.61156555446709,0.015625,250,8,33,100,72.39800995024876,-1700.1,-505.4,8114.6
1149,38.3383,5.61156555446709,0.015625,250,8,33,100,72.28358208955224,-1696.6,-504.1,8118.9
1150,38.3717,5.61156555446709,0.015625,250,8,33,100,72.72727272727273,-1700.8,-505.8,8115.0
1151,38.405,5.61156555446709,0.015625,250,8,33,100,72.70149253731343,-1699.3,-508.7,8110.2
1152,38.4384,5.61156555446709,0.015625,250,8,33,100,73.34328358208955,-1697.7,-509.6,8113.6
1153,38.4718,5.61156555446709,0.015625,250,8,33,100,72.32323232323232,-1700.1,-503.2,8113.6
1154,38.5051,5.61156555446709,0.015625,250,8,33,100,72.12935323383084,-1698.7,-504.1,8113.6
1155,38.5385,5.61156555446709,0.015625,250,8,33,100,72.94527363184079,-1699.2,-507.3,8110.9
1156,38.5719,5.61156555446709,0.015625,250,8,33,100,72.93034825870647,-1699.1,-505.3,8110.9
1157,38.6052,5.61156555446709,0.015625,250,8,33,100,71.56060606060606,-1702.1,-505.5,8111.1
1158,38.6386,5.61156555446709,0.015625,250,8,33,100,74.25373134328358,-1704.3,-504.8,8115.3
1159,38.672,5.61156555446709,0.015625,250,8,33,100,71.74626865671642,-1700.3,-506.9,8113.5
1160,38.7053,5.61156555446709,0.015625,250,8,33,100,73.09950248756219,-1702.0,-505.5,8112.0
1161,38.7387,5.61156555446709,0.015625,250,8,33,100,71.51010101010101,-1699.2,-508.1,8109.6
1162,38.7721,5.61156555446709,0.015625,250,8,33,100,73.92537313432835,-1697.9,-507.2,8113.8
1163,38.8054,5.61156555446709,0.015625,250,8,33,100,71.87064676616916,-1699.3,-505.3,8118.7
1164,38.8388,5.61156555446709,0.015625,250,8,33,100,73.68159203980099,-1701.3,-501.0,8115.9
1165,38.8722,5.61156555446709,0.015625,250,8,33,100,71.70202020202021,-1700.0,-505.2,8115.5
1166,38.9055,5.61156555446709,0.015625,250,8,33,100,73.0,-1702.1,-506.9,8111.4
1167,38.9389,5.61156555446709,0.015625,250,8,33,100,72.62189054726367,-1699.5,-510.0,8111.7
1168,38.9723,5.61156555446709,0.015625,250,8,33,100,71.42424242424242,-1704.3,-508.0,8108.7
1169,39.0056,5.61156555446709,0.015625,250,8,33,100,72.42786069651741,-1700.7,-507.3,8107.8
1170,39.039,5.61156555446709,0.015625,250,8,33,100,71.97014925373135,-1697.9,-507.0,8111.4
1171,39.0724,5.61156555446709,0.015625,250,8,33,100,72.98507462686567,-1698.8,-505.2,8111.2
1172,39.1057,5.61156555446709,0.015625,250,8,33,100,72.34343434343434,-1699.9,-504.9,8113.7
1173,39.1391,5.61156555446709,0.015625,250,8,33,100,72.81094527363184,-1702.3,-502.2,8111.8
1174,39.1725,5.61156555446709,0.015625,250,8,33,100,72.06467661691542,-1697.2,-508.7,8109.3
1175,39.2058,5.61156555446709,0.015625,250,8,33,100,72.24875621890547,-1700.1,-504.6,8116.0
1176,39.2392,5.61156555446709,0.015625,250,8,33,100,73.76767676767676,-1702.7,-505.7,8111.4
1177,39.2726,5.61156555446709,0.015625,250,8,33,100,72.21890547263682,-1696.2,-503.4,8112.0
1178,39.3059,5.61156555446709,0.015625,250,8,33,100,72.81592039800995,-1706.1,-508.6,8110.3
1179,39.3393,5.61156555446709,0.015625,250,8,33,100,73.11940298507463,-1699.4,-501.6,8109.0
1180,39.3727,5.61156555446709,0.015625,250,8,33,100,71.33838383838383,-1699.0,-506.5,8112.5
1181,39.406,5.61156555446709,0.015625,250,8,33,100,73.17910447761194,-1706.3,-507.8,8112.7
1182,39.4394,5.61156555446709,0.015625,250,8,33,100,72.18407960199005,-1696.7,-506.1,8113.5
1183,39.4728,5.61156555446709,0.015625,250,8,33,100,72.89393939393939,-1703.0,-505.3,8110.5
1184,39.5061,5.61156555446709,0.015625,250,8,33,100,73.99004975124379,-1699.5,-504.4,8112.5
1185,39.5395,5.61156555446709,0.015625,250,8,33,100,71.87064676616916,-1698.4,-507.5,8114.7
1186,39.5729,5.61156555446709,0.015625,250,8,33,100,72.50248756218906,-1700.0,-509.1,8112.1
1187,39.6062,5.61156555446709,0.015625,250,8,33,100,71.95959595959596,-1699.6,-511.2,8113.3
1188,39.6396,5.61156555446709,0.015625,250,8,33,100,72.67661691542288,-1703.3,-504.6,8112.8
1189,39.673,5.61156555446709,0.015625,250,8,33,100,72.50746268656717,-1701.8,-508.3,8111.5
1190,39.7063,5.61156555446709,0.015625,250,8,33,100,72.64676616915423,-1695.2,-507.4,8108.7
1191,39.7397,5.61156555446709,0.015625,250,8,33,100,73.12121212121212,-1704.4,-507.2,8111.7
1192,39.7731,5.61156555446709,0.015625,250,8,33,100,73.8955223880597,-1698.3,-500.2,8111.7
1193,39.8064,5.61156555446709,0.015625,250,8,33,100,73.1542288557214,-1699.3,-508.6,8110.1
1194,39.8398,5.61156555446709,0.015625,250,8,33,100,73.27363184079601,-1701.0,-505.8,8112.3
1195,39.8732,5.61156555446709,0.015625,250,8,33,100,73.01010101010101,-1698.2,-508.9,8112.0
1196,39.9065,5.61156555446709,0.015625,250,8,33,100,71.19402985074628,-1698.9,-506.5,8113.9
1197,39.9399,5.61156555446709,0.015625,250,8,33,100,73.75621890547264,-1702.6,-504.2,8114.5
1198,39.9733,5.61156555446709,0.015625,250,8,33,100,72.33333333333333,-1698.4,-504.2,8113.4
1199,40.0066,5.61156555446709,0.015625,250,8,33,100,73.06467661691542,-1700.9,-504.3,8111.2
1200,40.04,5.61156555446709,0.015625,250,8,33,100,73.31840796019901,-1698.7,-508.2,8111.4
1201,40.0734,5.61156555446709,0.015625,250,8,33,100,72.51243781094527,-1698.5,-505.5,8111.9
1202,40.1067,5.61156555446709,0.015625,250,8,33,100,72.3989898989899,-1701.7,-507.4,8111.3
1203,40.1401,5.61156555446709,0.015625,250,8,33,100,73.17412935323384,-1697.7,-503.9,8112.5
1204,40.1735,5.61156555446709,0.015625,250,8,33,100,72.46268656716418,-1703.1,-506.7,8112.5
1205,40.2068,5.61156555446709,0.015625,250,8,33,100,73.54228855721394,-1701.0,-505.8,8117.2
1206,40.2402,5.61156555446709,0.015625,250,8,33,100,71.88383838383838,-1699.0,-507.8,8114.0
1207,40.2736,5.61156555446709,0.015625,250,8,33,100,72.55721393034825,-1701.1,-507.6,8107.9
1208,40.3069,5.61156555446709,0.015625,250,8,33,100,73.1592039800995,-1700.7,-503.9,8115.0
1209,40.3403,5.61156555446709,0.015625,250,8,33,100,72.01492537313433,-1701.4,-500.9,8113.9
1210,40.3737,5.61156555446709,0.015625,250,8,33,100,72.52020202020202,-1699.5,-505.4,8116.1
1211,40.407,5.61156555446709,0.015625,250,8,33,100,71.12437810945273,-1703.8,-508.7,8111.9
1212,40.4404,5.61156555446709,0.015625,250,8,33,100,73.65671641791045,-1698.3,-506.0,8114.9
1213,40.4738,5.61156555446709,0.015625,250,8,33,100,72.58080808080808,-1699.1,-507.8,8111.2
1214,40.5071,5.61156555446709,0.015625,250,8,33,100,72.29353233830845,-1698.2,-503.9,8115.3
1215,40.5405,5.61156555446709,0.015625,250,8,33,100,73.1592039800995,-1699.1,-506.0,8109.7
1216,40.5739,5.61156555446709,0.015625,250,8,33,100,72.50746268656717,-1700.2,-504.6,8113.8
1217,40.6072,5.61156555446709,0.015625,250,8,33,100,73.43434343434343,-1701.3,-509.7,8112.1
1218,40.6406,5.61156555446709,0.015625,250,8,33,100,71.4776119402985,-1697.1,-505.4,8113.8
1219,40.674,5.61156555446709,0.015625,250,8,33,100,72.85572139303483,-1700.4,-504.5,8110.0
1220,40.7073,5.61156555446709,0.015625,250,8,33,100,72.07960199004975,-1705.4,-502.6,8114.2
1221,40.7407,5.61156555446709,0.015625,250,8,33,100,72.76767676767676,-1695.1,-507.4,8109.0
1222,40.7741,5.61156555446709,0.015625,250,8,33,100,71.7910447761194,-1701.2,-505.0,8114.1
1223,40.8074,5.61156555446709,0.015625,250,8,33,100,73.2636815920398,-1701.9,-507.1,8118.4
1224,40.8408,5.61156555446709,0.015625,250,8,33,100,72.76616915422886,-1697.3,-504.4,8113.8
1225,40.8742,5.61156555446709,0.015625,250,8,33,100,72.87373737373737,-1702.4,-501.0,8113.3
1226,40.9075,5.61156555446709,0.015625,250,8,33,100,72.35323383084577,-1698.6,-502.5,8114.3
1227,40.9409,5.61156555446709,0.015625,250,8,33,100,73.02985074626865,-1697.6,-506.2,8112.1
1228,40.9743,5.61156555446709,0.015625,250,8,33,100,73.10606060606061,-1698.4,-507.1,8108.8
1229,41.0076,5.61156555446709,0.015625,250,8,33,100,71.65671641791045,-1699.3,-504.1,8112.4
1230,41.041,5.61156555446709,0.015625,250,8,33,100,72.70646766169155,-1698.4,-506.1,8111.7
1231,41.0744,5.61156555446709,0.015625,250,8,33,100,73.24378109452736,-1701.8,-507.2,8112.7
1232,41.1077,5.61156555446709,0.015625,250,8,33,100,73.08080808080808,-1701.1,-506.5,8117.0
1233,41.1411,5.61156555446709,0.015625,250,8,33,100,72.12935323383084,-1702.4,-507.1,8113.0
1234,41.1745,5.61156555446709,0.015625,250,8,33,100,73.31343283582089,-1699.5,-509.0,8111.4
1235,41.2078,5.61156555446709,0.015625,250,8,33,100,72.64676616915423,-1696.2,-504.7,8111.0
1236,41.2412,5.61156555446709,0.015625,250,8,33,100,72.68686868686869,-1705.5,-504.1,8114.5
1237,41.2746,5.61156555446709,0.015625,250,8,33,100,72.01990049751244,-1700.2,-505.9,8112.6
1238,41.3079,5.61156555446709,0.015625,250,8,33,100,71.87562189054727,-1700.0,-505.6,8111.1
1239,41.3413,5.61156555446709,0.015625,250,8,33,100,73.17412935323384,-1701.9,-509.6,8114.5
1240,41.3747,5.61156555446709,0.015625,250,8,33,100,72.1010101010101,-1697.2,-501.6,8110.3
1241,41.408,5.61156555446709,0.015625,250,8,33,100,72.7363184079602,-1698.8,-507.3,8111.8
1242,41.4414,5.61156555446709,0.015625,250,8,33,100,72.41791044776119,-1699.7,-504.9,8110.9
1243,41.4748,5.61156555446709,0.015625,250,8,33,100,72.3025641025641,-1699.0,-505.2,8113.0
1244,41.5081,5.61156555446709,0.015625,250,8,33,100,73.1044776119403,-1703.9,-506.4,8111.4
1245,41.5415,5.61156555446709,0.015625,250,8,33,100,73.14925373134328,-1698.1,-506.1,8112.5
1246,41.5749,5.61156555446709,0.015625,250,8,33,100,72.11442786069652,-1699.5,-504.7,8113.3
1247,41.6082,5.61156555446709,0.015625,250,8,33,100,73.18181818181819,-1704.3,-506.7,8107.8
1248,41.6416,5.61156555446709,0.015625,250,8,33,100,72.60696517412936,-1697.9,-509.0,8112.1
1249,41.675,5.61156555446709,0.015625,250,8,33,100,72.67164179104478,-1700.2,-506.7,8111.4
1250,41.7083,5.61156555446709,0.015625,250,8,33,100,73.13930348258707,-1702.8,-509.0,8108.4
1251,41.7417,5.61156555446709,0.015625,250,8,33,100,72.5959595959596,-1701.0,-503.2,8113.9
1252,41.7751,5.61156555446709,0.015625,250,8,33,100,73.12935323383084,-1699.6,-508.1,8110.1
1253,41.8084,5.61156555446709,0.015625,250,8,33,100,71.70646766169155,-1696.6,-506.1,8110.6
1254,41.8418,5.61156555446709,0.015625,250,8,33,100,71.7363184079602,-1704.4,-507.2,8112.4
1255,41.8752,5.61156555446709,0.015625,250,8,33,100,73.3080808080808,-1698.6,-504.4,8112.1
1256,41.9085,5.61156555446709,0.015625,250,8,33,100,72.7910447761194,-1699.1,-507.8,8110.9
1257,41.9419,5.61156555446709,0.015625,250,8,33,100,73.54228855721394,-1705.4,-505.1,8113.4
1258,41.9753,5.61156555446709,0.015625,250,8,33,100,74.1919191919192,-1696.7,-506.4,8110.4
1259,42.0086,5.61156555446709,0.015625,250,8,33,100,72.91044776119404,-1703.7,-509.3,8111.8
1260,42.042,5.61156555446709,0.015625,250,8,33,100,73.8407960199005,-1697.0,-504.5,8108.8
1261,42.0754,5.61156555446709,0.015625,250,8,33,100,72.01990049751244,-1698.3,-511.1,8112.5
1262,42.1087,5.61156555446709,0.015625,250,8,33,100,73.35858585858585,-1702.3,-509.3,8115.6
1263,42.1421,5.61156555446709,0.015625,250,8,33,100,72.97512437810946,-1694.5,-506.6,8112.4
1264,42.1755,5.61156555446709,0.015625,250,8,33,100,71.5273631840796,-1701.5,-503.7,8112.4
1265,42.2088,5.61156555446709,0.015625,250,8,33,100,73.68159203980099,-1702.5,-505.7,8111.7
1266,42.2422,5.61156555446709,0.015625,250,8,33,100,72.42424242424242,-1695.4,-503.0,8111.9
1267,42.2756,5.61156555446709,0.015625,250,8,33,100,73.50746268656717,-1702.6,-506.6,8113.2
1268,42.3089,5.61156555446709,0.015625,250,8,33,100,73.23880597014926,-1697.3,-508.6,8114.3
1269,42.3423,5.61156555446709,0.015625,250,8,33,100,71.64179104477611,-1700.4,-503.4,8110.3
1270,42.3757,5.61156555446709,0.015625,250,8,33,100,71.93939393939394,-1704.4,-508.3,8110.3
1271,42.409,5.61156555446709,0.015625,250,8,33,100,72.71641791044776,-1697.3,-503.9,8114.4
1272,42.4424,5.61156555446709,0.015625,250,8,33,100,71.6268656716418,-1702.7,-507.8,8112.5
1273,42.4758,5.61156555446709,0.015625,250,8,33,100,72.63131313131314,-1700.3,-505.2,8110.7
1274,42.5091,5.61156555446709,0.015625,250,8,33,100,72.67164179104478,-1699.5,-508.6,8111.9
1275,42.5425,5.61156555446709,0.015625,250,8,33,100,73.5273631840796,-1700.1,-504.4,8113.9
1276,42.5759,5.61156555446709,0.015625,250,8,33,100,73.00995024875621,-1697.3,-507.7,8109.6
1277,42.6092,5.61156555446709,0.015625,250,8,33,100,72.61111111111111,-1703.4,-500.8,8113.2
1278,42.6426,5.61156555446709,0.015625,250,8,33,100,73.12935323383084,-1698.3,-508.1,8111.5
1279,42.676,5.61156555446709,0.015625,250,8,33,100,72.62189054726367,-1703.7,-506.6,8111.7
1280,42.7093,5.61156555446709,0.015625,250,8,33,100,72.6268656716418,-1694.3,-504.7,8114.6
1281,42.7427,5.61156555446709,0.015625,250,8,33,100,73.63636363636364,-1700.7,-505.3,8108.7
1282,42.7761,5.61156555446709,0.015625,250,8,33,100,72.96019900497512,-1695.8,-505.1,8109.0
1283,42.8094,5.61156555446709,0.015625,250,8,33,100,72.45273631840796,-1700.5,-505.9,8112.3
1284,42.8428,5.61156555446709,0.015625,250,8,33,100,72.50746268656717,-1701.6,-509.8,8110.2
1285,42.8762,5.61156555446709,0.015625,250,8,33,100,71.17676767676768,-1700.9,-504.5,8111.2
1286,42.9095,5.61156555446709,0.015625,250,8,33,100,73.71641791044776,-1699.8,-505.3,8111.1
1287,42.9429,5.61156555446709,0.015625,250,8,33,100,72.50746268656717,-1693.1,-503.2,8111.8
1288,42.9763,5.61156555446709,0.015625,250,8,33,100,71.76767676767676,-1703.5,-508.3,8111.7
1289,43.0096,5.61156555446709,0.015625,250,8,33,100,73.66169154228855,-1699.3,-509.3,8112.9
1290,43.043,5.61156555446709,0.015625,250,8,33,100,72.38805970149254,-1692.7,-505.6,8115.5
1291,43.0764,5.61156555446709,0.015625,250,8,33,100,72.87562189054727,-1705.2,-506.6,8109.9
1292,43.1097,5.61156555446709,0.015625,250,8,33,100,72.75757575757575,-1693.7,-504.6,8110.7
1293,43.1431,5.61156555446709,0.015625,250,8,33,100,72.0,-1703.4,-503.6,8111.5
1294,43.1765,5.61156555446709,0.015625,250,8,33,100,73.95024875621891,-1700.9,-505.2,8112.3
1295,43.2098,5.61156555446709,0.015625,250,8,33,100,72.31343283582089,-1695.6,-507.5,8108.4
1296,43.2432,5.61156555446709,0.015625,250,8,33,100,72.64141414141415,-1702.5,-510.5,8111.7
1297,43.2766,5.61156555446709,0.015625,250,8,33,100,71.98009950248756,-1698.1,-504.4,8110.4
1298,43.3099,5.61156555446709,0.015625,250,8,33,100,72.67164179104478,-1702.2,-509.0,8112.0
1299,43.3433,5.61156555446709,0.015625,250,8,33,100,73.06467661691542,-1700.5,-508.9,8110.6
1300,43.3767,5.61156555446709,0.015625,250,8,33,100,72.28787878787878,-1699.3,-508.0,8112.9
1301,43.41,5.61156555446709,0.015625,250,8,33,100,74.01990049751244,-1703.8,-509.4,8112.7
1302,43.4434,5.61156555446709,0.015625,250,8,33,100,72.41791044776119,-1695.0,-506.9,8113.3
1303,43.4768,5.61156555446709,0.015625,250,8,33,100,72.62626262626263,-1702.2,-508.5,8112.2
1304,43.5101,5.61156555446709,0.015625,250,8,33,100,73.44776119402985,-1695.1,-505.9,8111.8
1305,43.5435,5.61156555446709,0.015625,250,8,33,100,72.2139303482587,-1704.0,-505.4,8112.0
1306,43.5769,5.61156555446709,0.015625,250,8,33,100,74.41293532338308,-1706.3,-508.0,8113.4
1307,43.6102,5.61156555446709,0.015625,250,8,33,100,71.60606060606061,-1694.9,-509.1,8111.2
1308,43.6436,5.61156555446709,0.015625,250,8,33,100,72.65174129353234,-1706.2,-508.1,8113.2
1309,43.677,5.61156555446709,0.015625,250,8,33,100,73.70646766169155,-1695.3,-501.9,8113.6
1310,43.7103,5.61156555446709,0.015625,250,8,33,100,71.14427860696517,-1704.0,-508.2,8111.5
1311,43.7437,5.61156555446709,0.015625,250,8,33,100,73.22222222222223,-1700.4,-505.3,8112.2
1312,43.7771,5.61156555446709,0.015625,250,8,33,100,71.46766169154229,-1693.2,-503.5,8114.8
1313,43.8104,5.61156555446709,0.015625,250,8,33,100,72.35323383084577,-1708.3,-508.1,8111.1
1314,43.8438,5.61156555446709,0.015625,250,8,33,100,73.44776119402985,-1694.6,-506.3,8114.5
1315,43.8772,5.61156555446709,0.015625,250,8,33,100,71.78282828282828,-1697.7,-504.5,8114.3
1316,43.9105,5.61156555446709,0.015625,250,8,33,100,73.95522388059702,-1706.8,-505.7,8110.6
1317,43.9439,5.61156555446709,0.015625,250,8,33,100,71.33333333333333,-1697.4,-506.0,8110.1
1318,43.9773,5.61156555446709,0.015625,250,8,33,100,71.92929292929293,-1706.9,-503.3,8114.9
1319,44.0106,5.61156555446709,0.015625,250,8,33,100,73.44776119402985,-1696.3,-506.1,8110.5
1320,44.044,5.61156555446709,0.015625,250,8,33,100,70.64676616915423,-1698.5,-506.3,8111.8
1321,44.0774,5.61156555446709,0.015625,250,8,33,100,73.16915422885572,-1705.5,-509.1,8114.7
1322,44.1107,5.61156555446709,0.015625,250,8,33,100,73.37878787878788,-1689.7,-505.8,8112.9
1323,44.1441,5.61156555446709,0.015625,250,8,33,100,71.46766169154229,-1704.7,-508.0,8112.1
1324,44.1775,5.61156555446709,0.015625,250,8,33,100,73.96517412935323,-1703.5,-506.9,8114.0
1325,44.2108,5.61156555446709,0.015625,250,8,33,100,71.55223880597015,-1695.2,-509.7,8112.8
1326,44.2442,5.61156555446709,0.015625,250,8,33,100,73.07575757575758,-1705.6,-506.0,8110.8
1327,44.2776,5.61156555446709,0.015625,250,8,33,100,73.19900497512438,-1698.6,-505.0,8112.7
1328,44.3109,5.61156555446709,0.015625,250,8,33,100,72.35820895522389,-1704.2,-506.7,8110.1
1329,44.3443,5.61156555446709,0.015625,250,8,33,100,73.45771144278606,-1696.5,-506.9,8115.9
1330,44.3777,5.61156555446709,0.015625,250,8,33,100,72.23737373737374,-1697.8,-509.3,8109.2
1331,44.411,5.61156555446709,0.015625,250,8,33,100,72.71144278606965,-1705.5,-508.2,8111.7
1332,44.4444,5.61156555446709,0.015625,250,8,33,100,72.40298507462687,-1692.2,-504.9,8116.5
1333,44.4778,5.61156555446709,0.015625,250,8,33,100,72.62121212121212,-1699.5,-508.3,8105.8
1334,44.5111,5.61156555446709,0.015625,250,8,33,100,72.44278606965175,-1701.3,-508.5,8108.7
1335,44.5445,5.61156555446709,0.015625,250,8,33,100,72.636815920398,-1697.0,-507.6,8110.7
1336,44.5779,5.61156555446709,0.015625,250,8,33,100,72.45771144278606,-1694.9,-501.6,8110.5
1337,44.6112,5.61156555446709,0.015625,250,8,33,100,73.61616161616162,-1700.6,-510.4,8106.5
1338,44.6446,5.61156555446709,0.015625,250,8,33,100,72.61194029850746,-1697.3,-508.8,8109.3
1339,44.678,5.61156555446709,0.015625,250,8,33,100,73.05970149253731,-1692.5,-510.3,8114.6
1340,44.7113,5.61156555446709,0.015625,250,8,33,100,72.59701492537313,-1704.5,-506.6,8111.6
1341,44.7447,5.61156555446709,0.015625,250,8,33,100,74.22222222222223,-1701.8,-505.9,8111.8
1342,44.7781,5.61156555446709,0.015625,250,8,33,100,70.8457711442786,-1695.1,-505.4,8115.1
1343,44.8114,5.61156555446709,0.015625,250,8,33,100,73.17412935323384,-1703.5,-507.3,8113.0
1344,44.8448,5.61156555446709,0.015625,250,8,33,100,73.5223880597015,-1698.1,-508.2,8113.4
1345,44.8782,5.61156555446709,0.015625,250,8,33,100,72.68686868686869,-1699.7,-510.5,8114.7
1346,44.9115,5.61156555446709,0.015625,250,8,33,100,74.68159203980099,-1701.5,-510.6,8111.7
1347,44.9449,5.61156555446709,0.015625,250,8,33,100,72.17910447761194,-1695.3,-503.4,8110.0
1348,44.9783,5.61156555446709,0.015625,250,8,33,100,72.53535353535354,-1703.3,-508.0,8111.9
1349,45.0116,5.61156555446709,0.015625,250,8,33,100,73.55721393034825,-1694.7,-506.5,8111.4
1350,45.045,5.61156555446709,0.015625,250,8,33,100,70.51243781094527,-1703.4,-506.5,8112.2
1351,45.0784,5.61156555446709,0.015625,250,8,33,100,74.18905472636816,-1703.9,-509.0,8112.4
1352,45.1117,5.61156555446709,0.015625,250,8,33,100,71.44949494949495,-1687.9,-504.6,8116.7
1353,45.1451,5.61156555446709,0.015625,250,8,33,100,71.09950248756219,-1712.3,-504.1,8111.6
1354,45.1785,5.61156555446709,0.015625,250,8,33,100,75.2636815920398,-1697.2,-508.6,8109.8
1355,45.2118,5.61156555446709,0.015625,250,8,33,100,71.46766169154229,-1693.7,-504.7,8111.1
1356,45.2452,5.61156555446709,0.015625,250,8,33,100,73.5909090909091,-1713.1,-507.4,8111.4
1357,45.2786,5.61156555446709,0.015625,250,8,33,100,72.07462686567165,-1690.9,-504.5,8115.2
1358,45.3119,5.61156555446709,0.015625,250,8,33,100,71.22388059701493,-1704.1,-509.5,8112.0
1359,45.3453,5.61156555446709,0.015625,250,8,33,100,74.0,-1697.3,-506.4,8113.3
1360,45.3787,5.61156555446709,0.015625,250,8,33,100,70.24242424242425,-1696.4,-507.4,8112.5
1361,45.412,5.61156555446709,0.015625,250,8,33,100,74.07960199004975,-1707.2,-506.1,8108.3
1362,45.4454,5.61156555446709,0.015625,250,8,33,100,72.71641791044776,-1689.7,-503.6,8109.8
1363,45.4788,5.61156555446709,0.015625,250,8,33,100,71.1010101010101,-1710.1,-507.2,8108.5
1364,45.5121,5.61156555446709,0.015625,250,8,33,100,73.8905472636816,-1695.0,-503.4,8113.4
1365,45.5455,5.61156555446709,0.015625,250,8,33,100,70.55223880597015,-1699.4,-509.4,8110.0
1366,45.5789,5.61156555446709,0.015625,250,8,33,100,73.83084577114428,-1706.7,-506.1,8113.2
1367,45.6122,5.61156555446709,0.015625,250,8,33,100,71.75757575757575,-1695.6,-506.5,8113.1
1368,45.6456,5.61156555446709,0.015625,250,8,33,100,72.71641791044776,-1702.4,-506.1,8114.5
1369,45.679,5.61156555446709,0.015625,250,8,33,100,74.72139303482587,-1695.1,-510.3,8111.9
1370,45.7123,5.61156555446709,0.015625,250,8,33,100,70.80099502487562,-1705.6,-503.9,8112.1
1371,45.7457,5.61156555446709,0.015625,250,8,33,100,75.51010101010101,-1703.5,-510.2,8110.2
1372,45.7791,5.61156555446709,0.015625,250,8,33,100,72.04975124378109,-1685.8,-505.4,8114.0
1373,45.8124,5.61156555446709,0.015625,250,8,33,100,72.93532338308458,-1704.6,-506.5,8113.2
1374,45.8458,5.61156555446709,0.015625,250,8,33,100,74.03482587064677,-1702.1,-502.9,8111.6
1375,45.8792,5.61156555446709,0.015625,250,8,33,100,72.74242424242425,-1691.6,-506.8,8116.4
1376,45.9125,5.61156555446709,0.015625,250,8,33,100,73.18905472636816,-1707.5,-507.7,8109.9
1377,45.9459,5.61156555446709,0.015625,250,8,33,100,73.363184079602,-1700.2,-503.2,8111.5
1378,45.9793,5.61156555446709,0.015625,250,8,33,100,72.36363636363636,-1698.9,-508.5,8112.1
1379,46.0126,5.61156555446709,0.015625,250,8,33,100,73.6268656716418,-1697.6,-505.4,8113.6
1380,46.046,5.61156555446709,0.015625,250,8,33,100,71.79601990049751,-1704.3,-504.8,8112.3
1381,46.0794,5.61156555446709,0.015625,250,8,33,100,73.88059701492537,-1699.9,-507.2,8112.3
1382,46.1127,5.61156555446709,0.015625,250,8,33,100,71.07575757575758,-1695.1,-504.7,8113.9
1383,46.1461,5.61156555446709,0.015625,250,8,33,100,74.06467661691542,-1704.6,-504.6,8113.6
1384,46.1795,5.61156555446709,0.015625,250,8,33,100,72.31840796019901,-1701.4,-505.1,8114.5
1385,46.2128,5.61156555446709,0.015625,250,8,33,100,73.57213930348259,-1698.3,-506.2,8107.4
1386,46.2462,5.61156555446709,0.015625,250,8,33,100,71.87373737373737,-1700.4,-504.0,8115.1
1387,46.2796,5.61156555446709,0.015625,250,8,33,100,74.64676616915423,-1700.1,-504.1,8118.6
1388,46.3129,5.61156555446709,0.015625,250,8,33,100,71.98507462686567,-1701.4,-511.6,8109.7
1389,46.3463,5.61156555446709,0.015625,250,8,33,100,72.86069651741293,-1695.7,-503.8,8112.9
1390,46.3797,5.61156555446709,0.015625,250,8,33,100,74.01010101010101,-1703.7,-510.0,8112.5
1391,46.413,5.61156555446709,0.015625,250,8,33,100,72.68159203980099,-1698.7,-505.0,8109.8
1392,46.4464,5.61156555446709,0.015625,250,8,33,100,73.8457711442786,-1698.1,-505.4,8115.2
1393,46.4798,5.61156555446709,0.015625,250,8,33,100,72.83333333333333,-1703.5,-510.8,8114.1
1394,46.5131,5.61156555446709,0.015625,250,8,33,100,74.0049751243781,-1692.8,-503.7,8110.3
1395,46.5465,5.61156555446709,0.015625,250,8,33,100,72.53233830845771,-1705.9,-510.3,8112.4
1396,46.5799,5.61156555446709,0.015625,250,8,33,100,76.41791044776119,-1702.2,-507.9,8109.5
1397,46.6132,5.61156555446709,0.015625,250,8,33,100,69.8030303030303,-1688.3,-502.9,8115.7
1398,46.6466,5.61156555446709,0.015625,250,8,33,100,73.67164179104478,-1712.3,-502.2,8110.9
1399,46.68,5.61156555446709,0.015625,250,8,33,100,73.19402985074628,-1691.4,-506.8,8112.9
1400,46.7133,5.61156555446709,0.015625,250,8,33,100,72.92537313432835,-1694.0,-508.9,8116.7
1401,46.7467,5.61156555446709,0.015625,250,8,33,100,73.78282828282828,-1709.9,-507.0,8110.9
1402,46.7801,5.61156555446709,0.015625,250,8,33,100,72.65671641791045,-1693.2,-505.3,8114.5
1403,46.8134,5.61156555446709,0.015625,250,8,33,100,71.43283582089552,-1700.8,-509.0,8110.9
1404,46.8468,5.61156555446709,0.015625,250,8,33,100,73.95024875621891,-1700.4,-507.4,8111.3
1405,46.8802,5.61156555446709,0.015625,250,8,33,100,72.38383838383838,-1699.8,-509.2,8115.6
1406,46.9135,5.61156555446709,0.015625,250,8,33,100,72.80099502487562,-1704.0,-506.5,8113.4
1407,46.9469,5.61156555446709,0.015625,250,8,33,100,74.41293532338308,-1699.2,-510.7,8108.5
1408,46.9803,5.61156555446709,0.015625,250,8,33,100,71.45454545454545,-1692.4,-504.8,8105.8
1409,47.0136,5.61156555446709,0.015625,250,8,33,100,71.08457711442786,-1711.1,-504.5,8111.6
1410,47.047,5.61156555446709,0.015625,250,8,33,100,74.37810945273633,-1698.0,-505.4,8109.4
1411,47.0804,5.61156555446709,0.015625,250,8,33,100,72.49751243781094,-1692.8,-513.3,8110.2
1412,47.1137,5.61156555446709,0.015625,250,8,33,100,72.10606060606061,-1709.0,-510.9,8109.9
1413,47.1471,5.61156555446709,0.015625,250,8,33,100,74.59701492537313,-1694.8,-503.9,8114.7
1414,47.1805,5.61156555446709,0.015625,250,8,33,100,70.65174129353234,-1702.5,-507.8,8109.6
1415,47.2138,5.61156555446709,0.015625,250,8,33,100,75.40298507462687,-1701.1,-507.6,8111.2
1416,47.2472,5.61156555446709,0.015625,250,8,33,100,71.36363636363636,-1695.7,-507.6,8110.3
1417,47.2806,5.61156555446709,0.015625,250,8,33,100,72.8955223880597,-1707.6,-507.8,8114.8
1418,47.3139,5.61156555446709,0.015625,250,8,33,100,74.92039800995025,-1692.7,-511.3,8110.5
1419,47.3473,5.61156555446709,0.015625,250,8,33,100,70.94029850746269,-1703.2,-501.5,8114.2
1420,47.3807,5.61156555446709,0.015625,250,8,33,100,73.88383838383838,-1704.2,-506.7,8108.4
1421,47.414,5.61156555446709,0.015625,250,8,33,100,71.26865671641791,-1695.4,-500.3,8114.0
1422,47.4474,5.61156555446709,0.015625,250,8,33,100,73.41791044776119,-1699.9,-510.5,8113.6
1423,47.4808,5.61156555446709,0.015625,250,8,33,100,72.5,-1700.2,-506.4,8111.3
1424,47.5141,5.61156555446709,0.015625,250,8,33,100,73.08457711442786,-1703.9,-510.3,8113.4
1425,47.5475,5.61156555446709,0.015625,250,8,33,100,72.85572139303483,-1695.3,-505.3,8109.3
1426,47.5809,5.61156555446709,0.015625,250,8,33,100,71.18407960199005,-1700.9,-504.1,8112.8
1427,47.6142,5.61156555446709,0.015625,250,8,33,100,73.11111111111111,-1709.8,-507.0,8112.1
1428,47.6476,5.61156555446709,0.015625,250,8,33,100,74.35820895522389,-1689.2,-503.7,8114.8
1429,47.681,5.61156555446709,0.015625,250,8,33,100,70.92039800995025,-1704.7,-513.0,8111.0
1430,47.7143,5.61156555446709,0.015625,250,8,33,100,74.1542288557214,-1704.6,-501.3,8111.0
1431,47.7477,5.61156555446709,0.015625,250,8,33,100,71.11616161616162,-1694.1,-510.6,8111.2
1432,47.7811,5.61156555446709,0.015625,250,8,33,100,73.08457711442786,-1702.7,-500.1,8109.9
1433,47.8144,5.61156555446709,0.015625,250,8,33,100,74.27860696517413,-1697.5,-513.3,8111.4
1434,47.8478,5.61156555446709,0.015625,250,8,33,100,70.98009950248756,-1707.6,-501.7,8111.0
1435,47.8812,5.61156555446709,0.015625,250,8,33,100,75.51010101010101,-1695.9,-504.9,8116.4
1436,47.9145,5.61156555446709,0.015625,250,8,33,100,71.25373134328358,-1700.9,-508.7,8112.4
1437,47.9479,5.61156555446709,0.015625,250,8,33,100,73.93532338308458,-1704.1,-506.0,8114.9
1438,47.9813,5.61156555446709,0.015625,250,8,33,100,70.68686868686869,-1699.6,-513.2,8108.5
1439,48.0146,5.61156555446709,0.015625,250,8,33,100,72.86567164179104,-1700.7,-503.5,8114.0
1440,48.048,5.61156555446709,0.015625,250,8,33,100,72.08955223880596,-1705.4,-509.4,8114.9
1441,48.0814,5.61156555446709,0.015625,250,8,33,100,72.8457711442786,-1695.7,-500.1,8112.7
1442,48.1147,5.61156555446709,0.015625,250,8,33,100,72.66161616161617,-1703.8,-509.7,8109.7
1443,48.1481,5.61156555446709,0.015625,250,8,33,100,73.37810945273633,-1701.6,-503.6,8116.3
1444,48.1815,5.61156555446709,0.015625,250,8,33,100,71.98009950248756,-1698.1,-508.6,8112.9
1445,48.2148,5.61156555446709,0.015625,250,8,33,100,72.11940298507463,-1704.7,-502.7,8112.8
1446,48.2482,5.61156555446709,0.015625,250,8,33,100,74.03535353535354,-1699.6,-509.2,8107.5
1447,48.2816,5.61156555446709,0.015625,250,8,33,100,70.76616915422886,-1697.7,-506.3,8115.2
1448,48.3149,5.61156555446709,0.015625,250,8,33,100,74.1044776119403,-1708.6,-505.8,8114.7
1449,48.3483,5.61156555446709,0.015625,250,8,33,100,71.79601990049751,-1693.0,-507.3,8110.6
1450,48.3817,5.61156555446709,0.015625,250,8,33,100,71.84848484848484,-1702.7,-505.5,8109.9
1451,48.415,5.61156555446709,0.015625,250,8,33,100,73.17412935323384,-1709.3,-514.2,8113.7
1452,48.4484,5.61156555446709,0.015625,250,8,33,100,73.66169154228855,-1692.0,-504.2,8113.4
1453,48.4818,5.61156555446709,0.015625,250,8,33,100,70.78787878787878,-1705.8,-509.6,8112.6
1454,48.5151,5.61156555446709,0.015625,250,8,33,100,74.81592039800995,-1703.0,-503.8,8110.6
1455,48.5485,5.61156555446709,0.015625,250,8,33,100,71.19402985074628,-1688.5,-506.7,8112.9
1456,48.5819,5.61156555446709,0.015625,250,8,33,100,72.27363184079601,-1712.7,-506.5,8112.9
1457,48.6152,5.61156555446709,0.015625,250,8,33,100,73.75757575757575,-1699.3,-509.5,8107.8
1458,48.6486,5.61156555446709,0.015625,250,8,33,100,71.08955223880596,-1693.9,-504.8,8112.1
1459,48.682,5.61156555446709,0.015625,250,8,33,100,73.43781094527363,-1706.2,-508.4,8114.2
1460,48.7153,5.61156555446709,0.015625,250,8,33,100,71.81592039800995,-1695.5,-505.9,8111.7
1461,48.7487,5.61156555446709,0.015625,250,8,33,100,72.26767676767676,-1698.6,-507.3,8114.2
1462,48.7821,5.61156555446709,0.015625,250,8,33,100,74.01492537313433,-1702.7,-510.4,8112.2
1463,48.8154,5.61156555446709,0.015625,250,8,33,100,72.35323383084577,-1693.5,-505.4,8112.4
1464,48.8488,5.61156555446709,0.015625,250,8,33,100,72.3731343283582,-1705.8,-507.7,8115.8
1465,48.8822,5.61156555446709,0.015625,250,8,33,100,73.22222222222223,-1702.6,-504.9,8108.2
1466,48.9155,5.61156555446709,0.015625,250,8,33,100,72.45273631840796,-1693.1,-505.9,8116.2
1467,48.9489,5.61156555446709,0.015625,250,8,33,100,71.70646766169155,-1712.1,-509.9,8112.3
1468,48.9823,5.61156555446709,0.015625,250,8,33,100,74.75757575757575,-1695.7,-505.8,8114.2
1469,49.0156,5.61156555446709,0.015625,250,8,33,100,71.77611940298507,-1700.2,-506.7,8113.0
1470,49.049,5.61156555446709,0.015625,250,8,33,100,72.90049751243781,-1704.9,-505.6,8109.5
1471,49.0824,5.61156555446709,0.015625,250,8,33,100,71.2636815920398,-1696.5,-507.3,8112.7
1472,49.1157,5.61156555446709,0.015625,250,8,33,100,72.5959595959596,-1706.0,-502.4,8114.7
1473,49.1491,5.61156555446709,0.015625,250,8,33,100,74.1542288557214,-1696.7,-512.4,8117.1
1474,49.1825,5.61156555446709,0.015625,250,8,33,100,70.636815920398,-1697.6,-498.0,8116.6
1475,49.2158,5.61156555446709,0.015625,250,8,33,100,74.66666666666667,-1711.2,-509.2,8110.3
1476,49.2492,5.61156555446709,0.015625,250,8,33,100,71.6919191919192,-1689.4,-507.3,8113.3
1477,49.2826,5.61156555446709,0.015625,250,8,33,100,73.81094527363184,-1704.7,-508.1,8112.2
1478,49.3159,5.61156555446709,0.015625,250,8,33,100,73.42288557213931,-1704.0,-508.4,8112.9
1479,49.3493,5.61156555446709,0.015625,250,8,33,100,73.1592039800995,-1694.5,-499.5,8115.5
1480,49.3827,5.61156555446709,0.015625,250,8,33,100,70.38383838383838,-1707.4,-510.4,8113.0
1481,49.416,5.61156555446709,0.015625,250,8,33,100,74.79601990049751,-1696.5,-500.8,8109.8
1482,49.4494,5.61156555446709,0.015625,250,8,33,100,70.86069651741293,-1696.5,-512.1,8115.5
1483,49.4828,5.61156555446709,0.015625,250,8,33,100,74.51515151515152,-1702.3,-503.5,8109.2
1484,49.5161,5.61156555446709,0.015625,250,8,33,100,71.65174129353234,-1692.9,-508.0,8109.1
1485,49.5495,5.61156555446709,0.015625,250,8,33,100,72.23383084577114,-1699.9,-500.3,8114.0
1486,49.5829,5.61156555446709,0.015625,250,8,33,100,73.70646766169155,-1702.4,-507.9,8110.8
1487,49.6162,5.61156555446709,0.015625,250,8,33,100,70.68181818181819,-1693.8,-501.7,8115.0
1488,49.6496,5.61156555446709,0.015625,250,8,33,100,74.46268656716418,-1706.3,-510.3,8109.2
1489,49.683,5.61156555446709,0.015625,250,8,33,100,71.66169154228855,-1692.2,-505.0,8111.7
1490,49.7163,5.61156555446709,0.015625,250,8,33,100,72.23880597014926,-1701.6,-512.2,8112.0
1491,49.7497,5.61156555446709,0.015625,250,8,33,100,72.64141414141415,-1702.4,-510.0,8108.6
1492,49.7831,5.61156555446709,0.015625,250,8,33,100,72.73134328358209,-1697.6,-500.7,8114.1
1493,49.8164,5.61156555446709,0.015625,250,8,33,100,72.39303482587064,-1705.8,-508.4,8113.2
1494,49.8498,5.61156555446709,0.015625,250,8,33,100,75.35323383084577,-1696.2,-505.4,8110.1
1495,49.8832,5.61156555446709,0.015625,250,8,33,100,70.04040404040404,-1699.4,-508.6,8108.1
1496,49.9165,5.61156555446709,0.015625,250,8,33,100,75.2636815920398,-1705.6,-501.7,8111.7
1497,49.9499,5.61156555446709,0.015625,250,8,33,100,71.69651741293532,-1695.0,-509.9,8114.0
1498,49.9833,5.61156555446709,0.015625,250,8,33,100,75.11111111111111,-1703.2,-503.7,8112.2
1499,50.0166,5.61156555446709,0.015625,250,8,33,100,72.64676616915423,-1700.0,-511.5,8112.1
1500,50.05,5.61156555446709,0.015625,250,8,33,100,72.80099502487562,-1697.9,-497.8,8112.8
1501,50.0834,5.61156555446709,0.015625,250,8,33,100,72.48258706467662,-1706.2,-509.5,8110.8
1502,50.1167,5.61156555446709,0.015625,250,8,33,100,73.38888888888889,-1697.6,-496.9,8115.2
1503,50.1501,5.61156555446709,0.015625,250,8,33,100,71.75621890547264,-1703.9,-511.5,8104.3
1504,50.1835,5.61156555446709,0.015625,250,8,33,100,73.99004975124379,-1703.1,-504.0,8112.6
1505,50.2168,5.61156555446709,0.015625,250,8,33,100,72.03980099502488,-1692.3,-510.7,8116.5
1506,50.2502,5.61156555446709,0.015625,250,8,33,100,71.21717171717172,-1706.6,-501.6,8115.7
1507,50.2836,5.61156555446709,0.015625,250,8,33,100,74.81592039800995,-1698.6,-510.5,8114.5
1508,50.3169,5.61156555446709,0.015625,250,8,33,100,70.0,-1693.6,-503.6,8112.0
1509,50.3503,5.61156555446709,0.015625,250,8,33,100,74.16417910447761,-1711.7,-509.6,8107.6
1510,50.3837,5.61156555446709,0.015625,250,8,33,100,72.57070707070707,-1690.7,-504.4,8114.3
1511,50.417,5.61156555446709,0.015625,250,8,33,100,71.16915422885572,-1706.7,-505.7,8114.2
1512,50.4504,5.61156555446709,0.015625,250,8,33,100,74.28855721393035,-1706.9,-508.6,8108.1
1513,50.4838,5.61156555446709,0.015625,250,8,33,100,72.56060606060606,-1688.9,-502.9,8112.7
1514,50.5171,5.61156555446709,0.015625,250,8,33,100,70.85074626865672,-1707.3,-506.8,8111.9
1515,50.5505,5.61156555446709,0.015625,250,8,33,100,75.51243781094527,-1696.7,-503.1,8111.0
1516,50.5839,5.61156555446709,0.015625,250,8,33,100,69.29850746268657,-1693.5,-505.5,8109.2
1517,50.6172,5.61156555446709,0.015625,250,8,33,100,74.89393939393939,-1712.2,-505.7,8112.9
1518,50.6506,5.61156555446709,0.015625,250,8,33,100,72.45771144278606,-1690.9,-509.6,8110.5
1519,50.684,5.61156555446709,0.015625,250,8,33,100,71.38308457711443,-1708.7,-500.1,8114.5
1520,50.7173,5.61156555446709,0.015625,250,8,33,100,74.98507462686567,-1703.1,-511.7,8108.1
1521,50.7507,5.61156555446709,0.015625,250,8,33,100,71.1919191919192,-1690.0,-505.8,8116.0
1522,50.7841,5.61156555446709,0.015625,250,8,33,100,73.85572139303483,-1715.0,-504.5,8108.1
1523,50.8174,5.61156555446709,0.015625,250,8,33,100,73.97014925373135,-1693.2,-503.8,8112.2
1524,50.8508,5.61156555446709,0.015625,250,8,33,100,70.29353233830845,-1700.0,-505.0,8111.5
1525,50.8842,5.61156555446709,0.015625,250,8,33,100,74.64102564102564,-1710.3,-504.9,8111.4
1526,50.9175,5.61156555446709,0.015625,250,8,33,100,71.79601990049751,-1688.1,-509.3,8112.7
1527,50.9509,5.61156555446709,0.015625,250,8,33,100,72.3731343283582,-1704.7,-509.8,8109.1
1528,50.9843,5.61156555446709,0.015625,250,8,33,100,74.1969696969697,-1698.7,-509.3,8111.1
1529,51.0176,5.61156555446709,0.015625,250,8,33,100,71.8457711442786,-1700.3,-507.2,8109.3
1530,51.051,5.61156555446709,0.015625,250,8,33,100,73.59701492537313,-1698.3,-501.8,8105.7
1531,51.0844,5.61156555446709,0.015625,250,8,33,100,72.14925373134328,-1690.3,-503.3,8111.4
1532,51.1177,5.61156555446709,0.015625,250,8,33,100,73.06060606060606,-1705.8,-508.5,8111.0
1533,51.1511,5.61156555446709,0.015625,250,8,33,100,72.71144278606965,-1696.1,-508.9,8111.4
1534,51.1845,5.61156555446709,0.015625,250,8,33,100,72.00995024875621,-1700.0,-503.7,8113.9
1535,51.2178,5.61156555446709,0.015625,250,8,33,100,73.37810945273633,-1707.5,-508.9,8109.2
1536,51.2512,5.61156555446709,0.015625,250,8,33,100,72.46969696969697,-1697.4,-504.8,8110.4
1537,51.2846,5.61156555446709,0.015625,250,8,33,100,73.39800995024876,-1697.4,-506.3,8111.8
1538,51.3179,5.61156555446709,0.015625,250,8,33,100,72.48258706467662,-1698.7,-505.9,8111.9
1539,51.3513,5.61156555446709,0.015625,250,8,33,100,73.14427860696517,-1701.8,-507.7,8114.9
1540,51.3847,5.61156555446709,0.015625,250,8,33,100,73.15656565656566,-1702.1,-505.2,8109.0
1541,51.418,5.61156555446709,0.015625,250,8,33,100,72.7860696517413,-1698.5,-505.2,8112.4
1542,51.4514,5.61156555446709,0.015625,250,8,33,100,72.70646766169155,-1703.9,-506.6,8108.9
1543,51.4848,5.61156555446709,0.015625,250,8,33,100,72.05050505050505,-1704.1,-505.9,8110.5
1544,51.5181,5.61156555446709,0.015625,250,8,33,100,72.2139303482587,-1700.2,-504.8,8109.1
1545,51.5515,5.61156555446709,0.015625,250,8,33,100,72.48756218905473,-1697.0,-507.5,8113.6
1546,51.5849,5.61156555446709,0.015625,250,8,33,100,72.29850746268657,-1704.5,-504.6,8109.8
1547,51.6182,5.61156555446709,0.015625,250,8,33,100,72.36868686868686,-1697.7,-506.1,8110.1
1548,51.6516,5.61156555446709,0.015625,250,8,33,100,71.96019900497512,-1700.1,-508.3,8111.2
1549,51.685,5.61156555446709,0.015625,250,8,33,100,73.76119402985074,-1701.2,-504.3,8110.9
1550,51.7183,5.61156555446709,0.015625,250,8,33,100,73.11442786069652,-1698.8,-504.0,8110.2
1551,51.7517,5.61156555446709,0.015625,250,8,33,100,72.92424242424242,-1708.7,-502.2,8107.8
1552,51.7851,5.61156555446709,0.015625,250,8,33,100,73.28358208955224,-1691.1,-505.0,8110.6
1553,51.8184,5.61156555446709,0.015625,250,8,33,100,71.33830845771145,-1702.9,-507.0,8112.9
1554,51.8518,5.61156555446709,0.015625,250,8,33,100,74.72636815920399,-1706.8,-507.5,8108.1
1555,51.8852,5.61156555446709,0.015625,250,8,33,100,72.0,-1689.3,-505.8,8115.2
1556,51.9185,5.61156555446709,0.015625,250,8,33,100,72.55223880597015,-1705.9,-502.3,8109.6
1557,51.9519,5.61156555446709,0.015625,250,8,33,100,73.14427860696517,-1700.9,-507.0,8112.0
1558,51.9853,5.61156555446709,0.015625,250,8,33,100,72.48989898989899,-1694.4,-506.1,8113.7
1559,52.0186,5.61156555446709,0.015625,250,8,33,100,73.31840796019901,-1704.1,-509.6,8115.1
1560,52.052,5.61156555446709,0.015625,250,8,33,100,73.2089552238806,-1699.3,-504.2,8110.0
1561,52.0854,5.61156555446709,0.015625,250,8,33,100,72.01492537313433,-1697.4,-502.9,8112.0
1562,52.1187,5.61156555446709,0.015625,250,8,33,100,74.56060606060606,-1703.2,-508.4,8113.6
1563,52.1521,5.61156555446709,0.015625,250,8,33,100,72.12437810945273,-1699.5,-507.9,8111.0
1564,52.1855,5.61156555446709,0.015625,250,8,33,100,73.97014925373135,-1703.8,-506.6,8108.6
1565,52.2188,5.61156555446709,0.015625,250,8,33,100,72.77611940298507,-1698.3,-505.5,8110.7
1566,52.2522,5.61156555446709,0.015625,250,8,33,100,73.33838383838383,-1700.2,-505.2,8113.1
1567,52.2856,5.61156555446709,0.015625,250,8,33,100,72.85074626865672,-1701.7,-505.5,8112.9
1568,52.3189,5.61156555446709,0.015625,250,8,33,100,72.91044776119404,-1697.7,-508.7,8110.7
1569,52.3523,5.61156555446709,0.015625,250,8,33,100,71.86567164179104,-1701.1,-507.2,8112.9
1570,52.3857,5.61156555446709,0.015625,250,8,33,100,74.22727272727273,-1694.0,-503.8,8110.9
1571,52.419,5.61156555446709,0.015625,250,8,33,100,70.45771144278606,-1699.4,-503.1,8109.5
1572,52.4524,5.61156555446709,0.015625,250,8,33,100,73.59701492537313,-1707.8,-505.3,8111.9
1573,52.4858,5.61156555446709,0.015625,250,8,33,100,72.5050505050505,-1694.0,-511.0,8112.6
1574,52.5191,5.61156555446709,0.015625,250,8,33,100,72.92537313432835,-1698.5,-506.4,8117.6
1575,52.5525,5.61156555446709,0.015625,250,8,33,100,71.18905472636816,-1699.2,-509.6,8110.7
1576,52.5859,5.61156555446709,0.015625,250,8,33,100,72.82587064676616,-1701.6,-506.0,8111.5
1577,52.6192,5.61156555446709,0.015625,250,8,33,100,72.74242424242425,-1700.5,-508.9,8111.7
1578,52.6526,5.61156555446709,0.015625,250,8,33,100,72.7412935323383,-1695.4,-502.5,8115.3
1579,52.686,5.61156555446709,0.015625,250,8,33,100,73.1044776119403,-1704.4,-511.3,8111.1
1580,52.7193,5.61156555446709,0.015625,250,8,33,100,72.9950248756219,-1694.6,-508.3,8108.3
1581,52.7527,5.61156555446709,0.015625,250,8,33,100,72.26262626262626,-1701.3,-509.9,8109.8
1582,52.7861,5.61156555446709,0.015625,250,8,33,100,72.75124378109453,-1700.8,-503.9,8114.1
1583,52.8194,5.61156555446709,0.015625,250,8,33,100,72.73134328358209,-1696.6,-507.1,8108.1
1584,52.8528,5.61156555446709,0.015625,250,8,33,100,72.29850746268657,-1707.5,-507.8,8112.8
1585,52.8862,5.61156555446709,0.015625,250,8,33,100,73.44444444444444,-1694.4,-506.5,8112.7
1586,52.9195,5.61156555446709,0.015625,250,8,33,100,70.94527363184079,-1701.2,-507.9,8108.4
1587,52.9529,5.61156555446709,0.015625,250,8,33,100,74.86069651741293,-1700.8,-507.0,8116.1
1588,52.9863,5.61156555446709,0.015625,250,8,33,100,71.54545454545455,-1697.5,-508.5,8109.8
1589,53.0196,5.61156555446709,0.015625,250,8,33,100,72.80597014925372,-1707.0,-506.1,8108.1
1590,53.053,5.61156555446709,0.015625,250,8,33,100,73.5223880597015,-1695.0,-507.5,8113.5
1591,53.0864,5.61156555446709,0.015625,250,8,33,100,72.22885572139303,-1703.4,-504.8,8112.2
1592,53.1197,5.61156555446709,0.015625,250,8,33,100,73.92424242424242,-1700.4,-506.4,8111.7
1593,53.1531,5.61156555446709,0.015625,250,8,33,100,72.24875621890547,-1696.1,-505.6,8112.3
1594,53.1865,5.61156555446709,0.015625,250,8,33,100,73.0049751243781,-1701.5,-510.5,8107.6
1595,53.2198,5.61156555446709,0.015625,250,8,33,100,73.30348258706468,-1700.0,-500.7,8110.9
1596,53.2532,5.61156555446709,0.015625,250,8,33,100,73.26262626262626,-1700.3,-509.5,8112.0
1597,53.2866,5.61156555446709,0.015625,250,8,33,100,73.64676616915423,-1700.1,-509.2,8109.7
1598,53.3199,5.61156555446709,0.015625,250,8,33,100,72.23383084577114,-1696.6,-508.1,8111.6
1599,53.3533,5.61156555446709,0.015625,250,8,33,100,72.75621890547264,-1706.3,-506.7,8109.0
1600,53.3867,5.61156555446709,0.015625,250,8,33,100,73.79292929292929,-1694.4,-508.7,8110.7
1601,53.42,5.61156555446709,0.015625,250,8,33,100,70.92039800995025,-1702.5,-507.3,8112.4
1602,53.4534,5.61156555446709,0.015625,250,8,33,100,73.8905472636816,-1704.1,-504.9,8112.5
1603,53.4868,5.61156555446709,0.015625,250,8,33,100,71.95454545454545,-1701.7,-506.9,8109.9
1604,53.5201,5.61156555446709,0.015625,250,8,33,100,73.32338308457712,-1703.6,-499.5,8107.7
1605,53.5535,5.61156555446709,0.015625,250,8,33,100,72.46766169154229,-1700.7,-507.7,8111.9
1606,53.5869,5.61156555446709,0.015625,250,8,33,100,73.82587064676616,-1700.8,-504.1,8110.5
1607,53.6202,5.61156555446709,0.015625,250,8,33,100,72.55050505050505,-1694.2,-507.2,8111.3
1608,53.6536,5.61156555446709,0.015625,250,8,33,100,72.8955223880597,-1702.6,-505.2,8113.0
1609,53.687,5.61156555446709,0.015625,250,8,33,100,73.30348258706468,-1703.7,-509.1,8110.1
1610,53.7203,5.61156555446709,0.015625,250,8,33,100,70.57711442786069,-1695.7,-508.6,8113.2
1611,53.7537,5.61156555446709,0.015625,250,8,33,100,74.08080808080808,-1699.0,-514.0,8108.9
1612,53.7871,5.61156555446709,0.015625,250,8,33,100,71.31343283582089,-1701.1,-508.6,8111.1
1613,53.8204,5.61156555446709,0.015625,250,8,33,100,73.48756218905473,-1703.7,-501.6,8111.1
1614,53.8538,5.61156555446709,0.015625,250,8,33,100,71.71641791044776,-1697.6,-507.3,8114.0
1615,53.8872,5.61156555446709,0.015625,250,8,33,100,71.97979797979798,-1701.7,-505.7,8111.2
1616,53.9205,5.61156555446709,0.015625,250,8,33,100,72.97014925373135,-1701.9,-507.1,8111.0
1617,53.9539,5.61156555446709,0.015625,250,8,33,100,73.1592039800995,-1701.8,-507.8,8113.9
1618,53.9873,5.61156555446709,0.015625,250,8,33,100,72.5,-1699.1,-512.7,8110.4
1619,54.0206,5.61156555446709,0.015625,250,8,33,100,72.33333333333333,-1703.7,-503.7,8108.8
1620,54.054,5.61156555446709,0.015625,250,8,33,100,72.363184079602,-1700.4,-502.0,8113.3
1621,54.0874,5.61156555446709,0.015625,250,8,33,100,71.58208955223881,-1697.2,-505.5,8112.4
1622,54.1207,5.61156555446709,0.015625,250,8,33,100,72.87878787878788,-1699.9,-507.5,8112.5
1623,54.1541,5.61156555446709,0.015625,250,8,33,100,72.7363184079602,-1701.3,-507.9,8108.3
1624,54.1875,5.61156555446709,0.015625,250,8,33,100,74.12437810945273,-1697.9,-508.6,8109.7
1625,54.2208,5.61156555446709,0.015625,250,8,33,100,71.24378109452736,-1699.2,-506.9,8111.6
1626,54.2542,5.61156555446709,0.015625,250,8,33,100,73.25757575757575,-1707.7,-503.3,8109.3
1627,54.2876,5.61156555446709,0.015625,250,8,33,100,72.1592039800995,-1696.8,-505.5,8112.4
1628,54.3209,5.61156555446709,0.015625,250,8,33,100,72.43781094527363,-1699.1,-507.1,8108.7
1629,54.3543,5.61156555446709,0.015625,250,8,33,100,73.03482587064677,-1701.8,-507.7,8109.6
1630,54.3877,5.61156555446709,0.015625,250,8,33,100,71.87878787878788,-1699.6,-510.2,8111.8
1631,54.421,5.61156555446709,0.015625,250,8,33,100,72.88557213930348,-1702.2,-506.9,8115.0
1632,54.4544,5.61156555446709,0.015625,250,8,33,100,73.2089552238806,-1694.4,-507.6,8111.2
1633,54.4878,5.61156555446709,0.015625,250,8,33,100,71.86868686868686,-1702.8,-507.3,8112.0
1634,54.5211,5.61156555446709,0.015625,250,8,33,100,73.80099502487562,-1699.6,-511.9,8107.3
1635,54.5545,5.61156555446709,0.015625,250,8,33,100,73.23880597014926,-1694.2,-510.7,8113.6
1636,54.5879,5.61156555446709,0.015625,250,8,33,100,73.31343283582089,-1705.4,-504.5,8107.0
1637,54.6212,5.61156555446709,0.015625,250,8,33,100,73.57070707070707,-1697.9,-506.7,8110.5
1638,54.6546,5.61156555446709,0.015625,250,8,33,100,72.06467661691542,-1697.7,-509.6,8111.4
1639,54.688,5.61156555446709,0.015625,250,8,33,100,73.68159203980099,-1700.1,-504.5,8112.2
1640,54.7213,5.61156555446709,0.015625,250,8,33,100,71.50248756218906,-1696.8,-505.2,8111.4
1641,54.7547,5.61156555446709,0.015625,250,8,33,100,73.93434343434343,-1700.4,-508.1,8110.5
1642,54.7881,5.61156555446709,0.015625,250,8,33,100,73.17910447761194,-1694.8,-506.8,8112.8
1643,54.8214,5.61156555446709,0.015625,250,8,33,100,71.64676616915423,-1705.7,-505.9,8114.4
1644,54.8548,5.61156555446709,0.015625,250,8,33,100,73.19900497512438,-1701.4,-506.5,8111.1
1645,54.8882,5.61156555446709,0.015625,250,8,33,100,71.98989898989899,-1698.0,-504.8,8111.8
1646,54.9215,5.61156555446709,0.015625,250,8,33,100,73.97014925373135,-1700.9,-506.6,8113.2
1647,54.9549,5.61156555446709,0.015625,250,8,33,100,72.27363184079601,-1697.6,-504.6,8114.1
1648,54.9883,5.61156555446709,0.015625,250,8,33,100,72.70202020202021,-1700.2,-507.5,8110.6
1649,55.0216,5.61156555446709,0.015625,250,8,33,100,71.53233830845771,-1695.4,-506.0,8114.1
1650,55.055,5.61156555446709,0.015625,250,8,33,100,72.8905472636816,-1708.2,-504.4,8110.0
1651,55.0884,5.61156555446709,0.015625,250,8,33,100,73.60199004975124,-1701.3,-512.5,8114.1
1652,55.1217,5.61156555446709,0.015625,250,8,33,100,72.08080808080808,-1696.4,-503.1,8113.3
1653,55.1551,5.61156555446709,0.015625,250,8,33,100,72.17910447761194,-1707.3,-509.4,8110.5
1654,55.1885,5.61156555446709,0.015625,250,8,33,100,73.57711442786069,-1693.7,-500.8,8114.2
1655,55.2218,5.61156555446709,0.015625,250,8,33,100,71.96517412935323,-1701.1,-509.1,8114.4
1656,55.2552,5.61156555446709,0.015625,250,8,33,100,72.71717171717172,-1706.7,-505.0,8110.1
1657,55.2886,5.61156555446709,0.015625,250,8,33,100,73.2587064676617,-1699.0,-507.7,8115.3
1658,55.3219,5.61156555446709,0.015625,250,8,33,100,72.60199004975124,-1702.4,-503.3,8112.8
1659,55.3553,5.61156555446709,0.015625,250,8,33,100,74.3731343283582,-1696.9,-504.4,8109.4
1660,55.3887,5.61156555446709,0.015625,250,8,33,100,70.92929292929293,-1697.8,-506.6,8112.0
1661,55.422,5.61156555446709,0.015625,250,8,33,100,74.61194029850746,-1700.1,-508.6,8110.3
1662,55.4554,5.61156555446709,0.015625,250,8,33,100,71.76616915422886,-1697.1,-503.8,8110.5
1663,55.4888,5.61156555446709,0.015625,250,8,33,100,72.21717171717172,-1703.0,-506.2,8111.5
1664,55.5221,5.61156555446709,0.015625,250,8,33,100,72.93532338308458,-1701.3,-506.8,8114.1
1665,55.5555,5.61156555446709,0.015625,250,8,33,100,72.00995024875621,-1698.4,-503.4,8114.1
1666,55.5889,5.61156555446709,0.015625,250,8,33,100,72.62189054726367,-1704.5,-509.3,8112.2
1667,55.6222,5.61156555446709,0.015625,250,8,33,100,72.57070707070707,-1699.1,-503.7,8110.9
1668,55.6556,5.61156555446709,0.015625,250,8,33,100,72.75124378109453,-1697.6,-507.9,8114.2
1669,55.689,5.61156555446709,0.015625,250,8,33,100,72.96517412935323,-1699.4,-502.9,8110.7
1670,55.7223,5.61156555446709,0.015625,250,8,33,100,72.41293532338308,-1703.6,-509.4,8111.7
1671,55.7557,5.61156555446709,0.015625,250,8,33,100,73.3030303030303,-1700.6,-505.1,8107.8
1672,55.7891,5.61156555446709,0.015625,250,8,33,100,72.85074626865672,-1699.6,-508.4,8111.3
1673,55.8224,5.61156555446709,0.015625,250,8,33,100,73.1094527363184,-1703.6,-505.3,8110.1
1674,55.8558,5.61156555446709,0.015625,250,8,33,100,73.32835820895522,-1700.3,-505.5,8114.2
1675,55.8892,5.61156555446709,0.015625,250,8,33,100,72.38974358974359,-1700.7,-504.0,8113.3
1676,55.9225,5.61156555446709,0.015625,250,8,33,100,73.09452736318408,-1698.1,-510.3,8113.1
1677,55.9559,5.61156555446709,0.015625,250,8,33,100,72.71144278606965,-1702.4,-507.4,8111.1
1678,55.9893,5.61156555446709,0.015625,250,8,33,100,73.44949494949495,-1696.6,-504.6,8115.3
1679,56.0226,5.61156555446709,0.015625,250,8,33,100,71.38308457711443,-1697.6,-503.3,8113.5
1680,56.056,5.61156555446709,0.015625,250,8,33,100,73.19402985074628,-1705.9,-504.9,8110.3
1681,56.0894,5.61156555446709,0.015625,250,8,33,100,72.7363184079602,-1697.8,-511.5,8110.8
1682,56.1227,5.61156555446709,0.015625,250,8,33,100,72.03030303030303,-1698.0,-506.3,8110.4
1683,56.1561,5.61156555446709,0.015625,250,8,33,100,72.2139303482587,-1702.5,-509.5,8110.4
1684,56.1895,5.61156555446709,0.015625,250,8,33,100,72.30845771144278,-1695.6,-505.8,8114.3
1685,56.2228,5.61156555446709,0.015625,250,8,33,100,72.19402985074628,-1699.1,-508.7,8113.5
1686,56.2562,5.61156555446709,0.015625,250,8,33,100,72.77272727272727,-1697.8,-503.6,8117.2
1687,56.2896,5.61156555446709,0.015625,250,8,33,100,72.46268656716418,-1702.4,-509.9,8114.9
1688,56.3229,5.61156555446709,0.015625,250,8,33,100,72.97014925373135,-1698.0,-508.0,8113.5
1689,56.3563,5.61156555446709,0.015625,250,8,33,100,72.32835820895522,-1697.6,-512.7,8113.3
1690,56.3897,5.61156555446709,0.015625,250,8,33,100,72.1919191919192,-1705.9,-503.9,8110.7
1691,56.423,5.61156555446709,0.015625,250,8,33,100,73.83582089552239,-1699.2,-505.8,8111.9
1692,56.4564,5.61156555446709,0.015625,250,8,33,100,72.2587064676617,-1696.3,-505.0,8113.0
1693,56.4898,5.61156555446709,0.015625,250,8,33,100,73.61616161616162,-1700.2,-509.1,8110.6
1694,56.5231,5.61156555446709,0.015625,250,8,33,100,70.39800995024876,-1698.0,-506.0,8111.3
1695,56.5565,5.61156555446709,0.015625,250,8,33,100,73.1542288557214,-1700.7,-504.1,8109.7
1696,56.5899,5.61156555446709,0.015625,250,8,33,100,71.96019900497512,-1696.6,-507.1,8107.0
1697,56.6232,5.61156555446709,0.015625,250,8,33,100,73.78787878787878,-1701.5,-506.6,8109.2
1698,56.6566,5.61156555446709,0.015625,250,8,33,100,72.1044776119403,-1698.2,-507.5,8111.0
1699,56.69,5.61156555446709,0.015625,250,8,33,100,73.39303482587064,-1697.3,-503.9,8113.6
1700,56.7233,5.61156555446709,0.015625,250,8,33,100,72.70646766169155,-1703.1,-509.3,8110.0
1701,56.7567,5.61156555446709,0.015625,250,8,33,100,72.86868686868686,-1696.1,-504.3,8108.2
1702,56.7901,5.61156555446709,0.015625,250,8,33,100,71.03980099502488,-1699.4,-511.5,8113.0
1703,56.8234,5.61156555446709,0.015625,250,8,33,100,73.16915422885572,-1703.9,-504.2,8111.1
1704,56.8568,5.61156555446709,0.015625,250,8,33,100,71.41791044776119,-1700.6,-509.0,8112.9
1705,56.8902,5.61156555446709,0.015625,250,8,33,100,72.01010101010101,-1698.7,-506.2,8113.4
1706,56.9235,5.61156555446709,0.015625,250,8,33,100,73.5273631840796,-1700.6,-506.5,8111.0
1707,56.9569,5.61156555446709,0.015625,250,8,33,100,71.48258706467662,-1698.6,-508.1,8111.7
1708,56.9903,5.61156555446709,0.015625,250,8,33,100,73.05555555555556,-1700.7,-505.8,8111.9
1709,57.0236,5.61156555446709,0.015625,250,8,33,100,72.07960199004975,-1699.6,-509.9,8110.3
1710,57.057,5.61156555446709,0.015625,250,8,33,100,72.42288557213931,-1701.0,-506.9,8112.6
1711,57.0904,5.61156555446709,0.015625,250,8,33,100,72.90547263681592,-1704.0,-505.5,8109.8
1712,57.1237,5.61156555446709,0.015625,250,8,33,100,72.98989898989899,-1695.8,-505.0,8110.5
1713,57.1571,5.61156555446709,0.015625,250,8,33,100,71.0,-1697.6,-510.5,8111.3
1714,57.1905,5.61156555446709,0.015625,250,8,33,100,74.0049751243781,-1699.7,-503.3,8109.0
1715,57.2238,5.61156555446709,0.015625,250,8,33,100,71.78109452736318,-1696.7,-509.3,8113.9
1716,57.2572,5.61156555446709,0.015625,250,8,33,100,72.9040404040404,-1706.1,-504.0,8112.5
1717,57.2906,5.61156555446709,0.015625,250,8,33,100,72.9950248756219,-1699.2,-508.9,8112.3
1718,57.3239,5.61156555446709,0.015625,250,8,33,100,72.03482587064677,-1701.4,-508.0,8115.3
1719,57.3573,5.61156555446709,0.015625,250,8,33,100,72.87562189054727,-1698.4,-508.0,8115.5
1720,57.3907,5.61156555446709,0.015625,250,8,33,100,72.36868686868686,-1696.4,-502.1,8113.1
1721,57.424,5.61156555446709,0.015625,250,8,33,100,72.51741293532338,-1703.1,-503.0,8112.3
1722,57.4574,5.61156555446709,0.015625,250,8,33,100,72.05970149253731,-1697.9,-508.3,8112.0
1723,57.4908,5.61156555446709,0.015625,250,8,33,100,72.07070707070707,-1698.5,-505.6,8111.2
1724,57.5241,5.61156555446709,0.015625,250,8,33,100,72.57711442786069,-1701.6,-507.7,8109.0
1725,57.5575,5.61156555446709,0.015625,250,8,33,100,74.64179104477611,-1698.5,-506.3,8111.7
1726,57.5909,5.61156555446709,0.015625,250,8,33,100,71.88557213930348,-1700.3,-508.0,8111.3
1727,57.6242,5.61156555446709,0.015625,250,8,33,100,72.72222222222223,-1697.2,-505.3,8110.3
1728,57.6576,5.61156555446709,0.015625,250,8,33,100,71.74626865671642,-1702.8,-509.8,8114.8
1729,57.691,5.61156555446709,0.015625,250,8,33,100,73.66169154228855,-1699.7,-505.5,8111.6
1730,57.7243,5.61156555446709,0.015625,250,8,33,100,71.93532338308458,-1696.4,-506.7,8113.3
1731,57.7577,5.61156555446709,0.015625,250,8,33,100,72.52020202020202,-1709.1,-502.5,8108.9
1732,57.7911,5.61156555446709,0.015625,250,8,33,100,73.46268656716418,-1698.3,-507.0,8108.1
1733,57.8244,5.61156555446709,0.015625,250,8,33,100,72.16915422885572,-1693.6,-503.9,8114.1
1734,57.8578,5.61156555446709,0.015625,250,8,33,100,72.93034825870647,-1707.8,-512.3,8108.6
1735,57.8912,5.61156555446709,0.015625,250,8,33,100,72.76262626262626,-1697.1,-504.7,8113.1
1736,57.9245,5.61156555446709,0.015625,250,8,33,100,72.88557213930348,-1697.9,-505.9,8114.9
1737,57.9579,5.61156555446709,0.015625,250,8,33,100,73.39303482587064,-1701.2,-507.4,8109.8
1738,57.9913,5.61156555446709,0.015625,250,8,33,100,72.23232323232324,-1700.1,-506.9,8111.2
1739,58.0246,5.61156555446709,0.015625,250,8,33,100,72.7910447761194,-1705.5,-509.1,8111.1
1740,58.058,5.61156555446709,0.015625,250,8,33,100,73.49751243781094,-1698.3,-504.9,8110.8
1741,58.0914,5.61156555446709,0.015625,250,8,33,100,71.8407960199005,-1701.9,-504.2,8110.4
1742,58.1247,5.61156555446709,0.015625,250,8,33,100,73.61616161616162,-1701.5,-507.1,8110.3
1743,58.1581,5.61156555446709,0.015625,250,8,33,100,72.2089552238806,-1699.4,-507.6,8113.0
1744,58.1915,5.61156555446709,0.015625,250,8,33,100,73.40796019900498,-1699.2,-506.5,8111.9
1745,58.2248,5.61156555446709,0.015625,250,8,33,100,72.83084577114428,-1701.4,-512.2,8112.4
1746,58.2582,5.61156555446709,0.015625,250,8,33,100,72.68686868686869,-1701.5,-507.2,8111.8
1747,58.2916,5.61156555446709,0.015625,250,8,33,100,74.14427860696517,-1696.7,-508.8,8111.6
1748,58.3249,5.61156555446709,0.015625,250,8,33,100,71.37810945273633,-1700.3,-503.4,8113.1
1749,58.3583,5.61156555446709,0.015625,250,8,33,100,73.08955223880596,-1706.1,-507.3,8111.0
1750,58.3917,5.61156555446709,0.015625,250,8,33,100,71.86868686868686,-1694.8,-507.2,8111.2
1751,58.425,5.61156555446709,0.015625,250,8,33,100,71.22885572139303,-1700.8,-504.8,8112.6
1752,58.4584,5.61156555446709,0.015625,250,8,33,100,73.90049751243781,-1699.4,-507.1,8112.4
1753,58.4918,5.61156555446709,0.015625,250,8,33,100,71.95454545454545,-1699.5,-508.8,8114.2
1754,58.5251,5.61156555446709,0.015625,250,8,33,100,73.22388059701493,-1700.4,-506.9,8113.7
1755,58.5585,5.61156555446709,0.015625,250,8,33,100,72.38805970149254,-1697.0,-506.9,8109.8
1756,58.5919,5.61156555446709,0.015625,250,8,33,100,71.77611940298507,-1703.4,-507.6,8111.0
1757,58.6252,5.61156555446709,0.015625,250,8,33,100,74.20707070707071,-1698.1,-506.4,8112.0
1758,58.6586,5.61156555446709,0.015625,250,8,33,100,72.13432835820896,-1698.1,-505.8,8114.2
1759,58.692,5.61156555446709,0.015625,250,8,33,100,72.80099502487562,-1709.9,-506.5,8112.1
1760,58.7253,5.61156555446709,0.015625,250,8,33,100,72.13432835820896,-1692.6,-507.3,8110.0
1761,58.7587,5.61156555446709,0.015625,250,8,33,100,73.1010101010101,-1696.6,-511.7,8112.7
1762,58.7921,5.61156555446709,0.015625,250,8,33,100,72.86069651741293,-1703.1,-507.3,8109.7
1763,58.8254,5.61156555446709,0.015625,250,8,33,100,70.93034825870647,-1699.4,-507.5,8110.9
1764,58.8588,5.61156555446709,0.015625,250,8,33,100,73.20398009950249,-1702.9,-508.5,8115.6
1765,58.8922,5.61156555446709,0.015625,250,8,33,100,72.78787878787878,-1695.1,-506.9,8114.0
1766,58.9255,5.61156555446709,0.015625,250,8,33,100,72.17910447761194,-1704.7,-506.4,8112.6
1767,58.9589,5.61156555446709,0.015625,250,8,33,100,73.1094527363184,-1703.3,-511.5,8112.1
1768,58.9923,5.61156555446709,0.015625,250,8,33,100,71.96464646464646,-1693.5,-507.4,8109.4
1769,59.0256,5.61156555446709,0.015625,250,8,33,100,71.95522388059702,-1704.0,-506.7,8115.9
1770,59.059,5.61156555446709,0.015625,250,8,33,100,71.86069651741293,-1697.7,-503.7,8114.5
1771,59.0924,5.61156555446709,0.015625,250,8,33,100,72.41791044776119,-1699.0,-509.9,8108.6
1772,59.1257,5.61156555446709,0.015625,250,8,33,100,73.82828282828282,-1697.1,-509.0,8108.7
1773,59.1591,5.61156555446709,0.015625,250,8,33,100,72.08457711442786,-1696.6,-506.9,8112.5
1774,59.1925,5.61156555446709,0.015625,250,8,33,100,71.43283582089552,-1705.3,-511.7,8109.3
1775,59.2258,5.61156555446709,0.015625,250,8,33,100,72.7860696517413,-1695.4,-508.7,8114.3
1776,59.2592,5.61156555446709,0.015625,250,8,33,100,71.5,-1699.2,-508.6,8113.1
1777,59.2926,5.61156555446709,0.015625,250,8,33,100,72.59203980099502,-1704.1,-510.0,8111.8
1778,59.3259,5.61156555446709,0.015625,250,8,33,100,71.41791044776119,-1699.9,-508.9,8110.7
1779,59.3593,5.61156555446709,0.015625,250,8,33,100,72.53731343283582,-1698.3,-503.9,8109.7
1780,59.3927,5.61156555446709,0.015625,250,8,33,100,72.6969696969697,-1700.6,-511.6,8114.3
1781,59.426,5.61156555446709,0.015625,250,8,33,100,72.26865671641791,-1698.7,-506.6,8106.9
1782,59.4594,5.61156555446709,0.015625,250,8,33,100,72.65174129353234,-1700.9,-506.9,8110.6
1783,59.4928,5.61156555446709,0.015625,250,8,33,100,72.22222222222223,-1696.1,-505.9,8109.1
1784,59.5261,5.61156555446709,0.015625,250,8,33,100,71.81592039800995,-1703.3,-504.1,8113.4
1785,59.5595,5.61156555446709,0.015625,250,8,33,100,73.46766169154229,-1701.7,-505.2,8116.8
1786,59.5929,5.61156555446709,0.015625,250,8,33,100,73.34825870646766,-1694.8,-506.5,8113.7
1787,59.6262,5.61156555446709,0.015625,250,8,33,100,71.77777777777777,-1704.2,-506.8,8112.8
1788,59.6596,5.61156555446709,0.015625,250,8,33,100,72.64179104477611,-1699.6,-505.9,8111.8
1789,59.693,5.61156555446709,0.015625,250,8,33,100,71.80099502487562,-1701.0,-508.9,8115.6
1790,59.7263,5.61156555446709,0.015625,250,8,33,100,72.8457711442786,-1698.3,-508.6,8111.4
1791,59.7597,5.61156555446709,0.015625,250,8,33,100,71.22727272727273,-1699.7,-504.9,8111.8
1792,59.7931,5.61156555446709,0.015625,250,8,33,100,73.32338308457712,-1706.1,-503.7,8112.4
1793,59.8264,5.61156555446709,0.015625,250,8,33,100,71.99004975124379,-1692.4,-505.0,8113.9
1794,59.8598,5.61156555446709,0.015625,250,8,33,100,72.75124378109453,-1704.1,-505.8,8108.2
1795,59.8932,5.61156555446709,0.015625,250,8,33,100,72.5050505050505,-1705.7,-505.8,8109.1
1796,59.9265,5.61156555446709,0.015625,250,8,33,100,72.8407960199005,-1693.7,-505.6,8113.3
1797,59.9599,5.61156555446709,0.015625,250,8,33,100,72.02487562189054,-1702.4,-505.6,8109.4
1798,59.9933,5.61156555446709,0.015625,250,8,33,100,72.89393939393939,-1702.6,-504.4,8110.4
1799,60.0266,5.61156555446709,0.015625,250,8,33,100,71.72636815920399,-1697.5,-509.1,8111.7
1800,60.06,5.61156555446709,0.015625,250,8,33,100,72.77114427860697,-1698.5,-503.9,8113.0
1801,60.0934,5.61156555446709,0.015625,250,8,33,100,72.49253731343283,-1704.2,-508.8,8111.8
1802,60.1267,5.61156555446709,0.015625,250,8,33,100,73.03535353535354,-1702.7,-504.8,8111.6
1803,60.1601,5.61156555446709,0.015625,250,8,33,100,72.45273631840796,-1694.9,-507.7,8111.5
1804,60.1935,5.61156555446709,0.015625,250,8,33,100,72.2139303482587,-1701.0,-505.7,8112.0
1805,60.2268,5.61156555446709,0.015625,250,8,33,100,73.83084577114428,-1700.2,-510.2,8110.1
1806,60.2602,5.61156555446709,0.015625,250,8,33,100,72.11111111111111,-1696.9,-509.5,8111.7
1807,60.2936,5.61156555446709,0.015625,250,8,33,100,72.90049751243781,-1702.0,-506.2,8111.4
1808,60.3269,5.61156555446709,0.015625,250,8,33,100,72.04975124378109,-1700.2,-508.6,8114.3
1809,60.3603,5.61156555446709,0.015625,250,8,33,100,73.8407960199005,-1701.7,-505.1,8111.6
1810,60.3937,5.61156555446709,0.015625,250,8,33,100,72.92929292929293,-1701.1,-508.3,8114.0
1811,60.427,5.61156555446709,0.015625,250,8,33,100,72.70646766169155,-1700.0,-508.1,8112.8
1812,60.4604,5.61156555446709,0.015625,250,8,33,100,72.90547263681592,-1700.1,-510.0,8113.5
1813,60.4938,5.61156555446709,0.015625,250,8,33,100,72.21212121212122,-1700.0,-505.0,8113.0
1814,60.5271,5.61156555446709,0.015625,250,8,33,100,72.75124378109453,-1702.7,-505.3,8112.4
1815,60.5605,5.61156555446709,0.015625,250,8,33,100,73.54228855721394,-1704.9,-503.9,8112.8
1816,60.5939,5.61156555446709,0.015625,250,8,33,100,73.06965174129353,-1694.0,-507.3,8112.6
1817,60.6272,5.61156555446709,0.015625,250,8,33,100,72.03535353535354,-1703.3,-506.4,8112.1
1818,60.6606,5.61156555446709,0.015625,250,8,33,100,73.46766169154229,-1701.1,-505.8,8111.5
1819,60.694,5.61156555446709,0.015625,250,8,33,100,71.96517412935323,-1696.6,-508.0,8109.6
1820,60.7273,5.61156555446709,0.015625,250,8,33,100,72.81094527363184,-1704.9,-508.3,8111.5
1821,60.7607,5.61156555446709,0.015625,250,8,33,100,71.96464646464646,-1694.7,-501.7,8115.0
1822,60.7941,5.61156555446709,0.015625,250,8,33,100,71.23383084577114,-1702.1,-506.5,8110.7
1823,60.8274,5.61156555446709,0.015625,250,8,33,100,73.07462686567165,-1701.4,-507.0,8108.9
1824,60.8608,5.61156555446709,0.015625,250,8,33,100,72.44776119402985,-1693.9,-508.7,8109.4
1825,60.8942,5.61156555446709,0.015625,250,8,33,100,72.0,-1710.4,-501.9,8110.3
1826,60.9275,5.61156555446709,0.015625,250,8,33,100,73.65671641791045,-1696.9,-506.1,8108.8
1827,60.9609,5.61156555446709,0.015625,250,8,33,100,71.48258706467662,-1699.9,-509.9,8110.6
1828,60.9943,5.61156555446709,0.015625,250,8,33,100,73.8030303030303,-1703.2,-506.0,8112.8
1829,61.0276,5.61156555446709,0.015625,250,8,33,100,71.7860696517413,-1699.9,-509.8,8111.0
1830,61.061,5.61156555446709,0.015625,250,8,33,100,73.85074626865672,-1705.5,-502.1,8114.1
1831,61.0944,5.61156555446709,0.015625,250,8,33,100,72.27363184079601,-1697.4,-510.5,8111.5
1832,61.1277,5.61156555446709,0.015625,250,8,33,100,72.48484848484848,-1699.4,-506.1,8112.2
1833,61.1611,5.61156555446709,0.015625,250,8,33,100,73.0,-1700.9,-510.8,8107.5
1834,61.1945,5.61156555446709,0.015625,250,8,33,100,72.50248756218906,-1701.0,-506.1,8113.4
1835,61.2278,5.61156555446709,0.015625,250,8,33,100,72.66169154228855,-1705.2,-509.2,8111.8
1836,61.2612,5.61156555446709,0.015625,250,8,33,100,72.85858585858585,-1695.9,-503.2,8114.0
1837,61.2946,5.61156555446709,0.015625,250,8,33,100,71.7363184079602,-1698.9,-510.2,8112.8
1838,61.3279,5.61156555446709,0.015625,250,8,33,100,72.39800995024876,-1709.1,-501.9,8108.5
1839,61.3613,5.61156555446709,0.015625,250,8,33,100,73.09452736318408,-1695.2,-506.7,8111.9
1840,61.3947,5.61156555446709,0.015625,250,8,33,100,72.06565656565657,-1698.1,-509.0,8109.7
1841,61.428,5.61156555446709,0.015625,250,8,33,100,72.75124378109453,-1701.4,-505.9,8115.2
1842,61.4614,5.61156555446709,0.015625,250,8,33,100,72.28855721393035,-1698.7,-507.5,8115.3
1843,61.4948,5.61156555446709,0.015625,250,8,33,100,74.04040404040404,-1702.7,-506.0,8111.3
1844,61.5281,5.61156555446709,0.015625,250,8,33,100,72.23383084577114,-1695.6,-506.8,8110.8
1845,61.5615,5.61156555446709,0.015625,250,8,33,100,71.78109452736318,-1702.8,-503.3,8109.3
1846,61.5949,5.61156555446709,0.015625,250,8,33,100,73.41293532338308,-1699.3,-509.8,8114.2
1847,61.6282,5.61156555446709,0.015625,250,8,33,100,72.70202020202021,-1694.5,-505.2,8114.2
1848,61.6616,5.61156555446709,0.015625,250,8,33,100,72.78109452736318,-1703.9,-504.0,8109.9
1849,61.695,5.61156555446709,0.015625,250,8,33,100,72.65671641791045,-1699.3,-506.5,8114.3
1850,61.7283,5.61156555446709,0.015625,250,8,33,100,72.11442786069652,-1700.8,-508.4,8109.3
1851,61.7617,5.61156555446709,0.015625,250,8,33,100,73.02525252525253,-1696.9,-506.9,8113.9
1852,61.7951,5.61156555446709,0.015625,250,8,33,100,72.03482587064677,-1699.0,-503.1,8117.1
1853,61.8284,5.61156555446709,0.015625,250,8,33,100,73.18905472636816,-1707.1,-506.9,8109.6
1854,61.8618,5.61156555446709,0.015625,250,8,33,100,72.60199004975124,-1694.7,-507.3,8110.7
1855,61.8952,5.61156555446709,0.015625,250,8,33,100,71.79292929292929,-1702.3,-510.7,8114.3
1856,61.9285,5.61156555446709,0.015625,250,8,33,100,72.32835820895522,-1704.0,-503.0,8110.5
1857,61.9619,5.61156555446709,0.015625,250,8,33,100,73.69154228855722,-1698.6,-511.4,8113.8
1858,61.9953,5.61156555446709,0.015625,250,8,33,100,72.62121212121212,-1702.6,-511.4,8111.1
1859,62.0286,5.61156555446709,0.015625,250,8,33,100,72.86567164179104,-1699.9,-503.8,8110.0
1860,62.062,5.61156555446709,0.015625,250,8,33,100,71.39303482587064,-1701.2,-510.7,8114.5
1861,62.0954,5.61156555446709,0.015625,250,8,33,100,73.33333333333333,-1703.1,-505.4,8112.5
1862,62.1287,5.61156555446709,0.015625,250,8,33,100,72.94444444444444,-1696.3,-509.4,8113.8
1863,62.1621,5.61156555446709,0.015625,250,8,33,100,71.48756218905473,-1701.7,-504.2,8111.5
1864,62.1955,5.61156555446709,0.015625,250,8,33,100,72.04477611940298,-1705.7,-507.7,8111.4
1865,62.2288,5.61156555446709,0.015625,250,8,33,100,72.2089552238806,-1696.2,-502.4,8114.4
1866,62.2622,5.61156555446709,0.015625,250,8,33,100,72.96969696969697,-1702.7,-505.8,8114.0
1867,62.2956,5.61156555446709,0.015625,250,8,33,100,71.72139303482587,-1700.5,-506.7,8111.0
1868,62.3289,5.61156555446709,0.015625,250,8,33,100,71.87064676616916,-1695.7,-510.4,8112.9
1869,62.3623,5.61156555446709,0.015625,250,8,33,100,72.30348258706468,-1704.3,-504.7,8108.1
1870,62.3957,5.61156555446709,0.015625,250,8,33,100,73.29292929292929,-1697.6,-507.7,8111.3
1871,62.429,5.61156555446709,0.015625,250,8,33,100,71.8457711442786,-1700.3,-509.3,8111.8
1872,62.4624,5.61156555446709,0.015625,250,8,33,100,74.4776119402985,-1700.0,-507.7,8111.6
1873,62.4958,5.61156555446709,0.015625,250,8,33,100,71.13636363636364,-1697.5,-508.1,8111.6
1874,62.5291,5.61156555446709,0.015625,250,8,33,100,74.27363184079601,-1705.2,-502.4,8112.2
1875,62.5625,5.61156555446709,0.015625,250,8,33,100,72.44776119402985,-1698.7,-504.6,8113.6
1876,62.5959,5.61156555446709,0.015625,250,8,33,100,72.41293532338308,-1701.0,-507.6,8111.9
1877,62.6292,5.61156555446709,0.015625,250,8,33,100,73.5959595959596,-1702.3,-508.2,8108.1
1878,62.6626,5.61156555446709,0.015625,250,8,33,100,72.35820895522389,-1697.1,-506.8,8114.3
1879,62.696,5.61156555446709,0.015625,250,8,33,100,71.95522388059702,-1706.0,-506.1,8114.6
1880,62.7293,5.61156555446709,0.015625,250,8,33,100,73.03980099502488,-1700.5,-509.1,8111.5
1881,62.7627,5.61156555446709,0.015625,250,8,33,100,73.27272727272727,-1701.6,-508.6,8107.9
1882,62.7961,5.61156555446709,0.015625,250,8,33,100,72.87562189054727,-1700.1,-506.4,8110.5
1883,62.8294,5.61156555446709,0.015625,250,8,33,100,72.43283582089552,-1693.0,-506.0,8114.4
1884,62.8628,5.61156555446709,0.015625,250,8,33,100,72.97014925373135,-1705.7,-509.8,8110.9
1885,62.8962,5.61156555446709,0.015625,250,8,33,100,73.02020202020202,-1696.9,-507.4,8114.9
1886,62.9295,5.61156555446709,0.015625,250,8,33,100,71.87562189054727,-1696.6,-508.1,8115.1
1887,62.9629,5.61156555446709,0.015625,250,8,33,100,72.2089552238806,-1705.1,-501.8,8109.7
1888,62.9963,5.61156555446709,0.015625,250,8,33,100,72.03030303030303,-1693.5,-500.0,8116.8
1889,63.0296,5.61156555446709,0.015625,250,8,33,100,72.60199004975124,-1702.9,-506.1,8112.8
1890,63.063,5.61156555446709,0.015625,250,8,33,100,73.38805970149254,-1698.4,-508.9,8109.8
1891,63.0964,5.61156555446709,0.015625,250,8,33,100,72.54228855721394,-1701.5,-504.7,8114.2
1892,63.1297,5.61156555446709,0.015625,250,8,33,100,74.01515151515152,-1701.0,-503.9,8113.4
1893,63.1631,5.61156555446709,0.015625,250,8,33,100,73.07462686567165,-1695.9,-506.5,8113.0
1894,63.1965,5.61156555446709,0.015625,250,8,33,100,72.83582089552239,-1701.1,-507.7,8113.6
1895,63.2298,5.61156555446709,0.015625,250,8,33,100,72.37810945273633,-1698.5,-511.0,8113.9
1896,63.2632,5.61156555446709,0.015625,250,8,33,100,72.31818181818181,-1702.2,-503.6,8112.7
1897,63.2966,5.61156555446709,0.015625,250,8,33,100,73.66666666666667,-1698.7,-506.0,8112.6
1898,63.3299,5.61156555446709,0.015625,250,8,33,100,71.18905472636816,-1702.1,-505.4,8114.5
1899,63.3633,5.61156555446709,0.015625,250,8,33,100,74.04477611940298,-1699.8,-504.4,8110.9
1900,63.3967,5.61156555446709,0.015625,250,8,33,100,71.76262626262626,-1701.2,-508.1,8110.9
1901,63.43,5.61156555446709,0.015625,250,8,33,100,73.62189054726367,-1703.2,-505.3,8110.1
1902,63.4634,5.61156555446709,0.015625,250,8,33,100,72.41791044776119,-1695.4,-506.4,8110.2
1903,63.4968,5.61156555446709,0.015625,250,8,33,100,73.08585858585859,-1704.2,-502.2,8113.5
1904,63.5301,5.61156555446709,0.015625,250,8,33,100,72.38805970149254,-1703.3,-504.9,8114.1
1905,63.5635,5.61156555446709,0.015625,250,8,33,100,72.24875621890547,-1698.6,-507.1,8113.1
1906,63.5969,5.61156555446709,0.015625,250,8,33,100,72.95024875621891,-1701.0,-508.7,8112.6
1907,63.6302,5.61156555446709,0.015625,250,8,33,100,72.34848484848484,-1700.3,-503.4,8109.1
1908,63.6636,5.61156555446709,0.015625,250,8,33,100,72.04477611940298,-1704.7,-507.3,8112.8
1909,63.697,5.61156555446709,0.015625,250,8,33,100,73.09950248756219,-1694.7,-506.5,8112.2
1910,63.7303,5.61156555446709,0.015625,250,8,33,100,72.5223880597015,-1699.0,-507.3,8110.6
1911,63.7637,5.61156555446709,0.015625,250,8,33,100,73.41919191919192,-1703.0,-507.9,8109.8
1912,63.7971,5.61156555446709,0.015625,250,8,33,100,73.60696517412936,-1694.7,-510.5,8111.6
1913,63.8304,5.61156555446709,0.015625,250,8,33,100,72.03980099502488,-1704.9,-508.7,8111.2
1914,63.8638,5.61156555446709,0.015625,250,8,33,100,73.24875621890547,-1702.9,-507.7,8109.7
1915,63.8972,5.61156555446709,0.015625,250,8,33,100,72.13636363636364,-1704.6,-507.9,8110.6
1916,63.9305,5.61156555446709,0.015625,250,8,33,100,72.90547263681592,-1696.3,-505.6,8112.3
1917,63.9639,5.61156555446709,0.015625,250,8,33,100,72.38308457711443,-1700.9,-511.6,8108.3
1918,63.9973,5.61156555446709,0.015625,250,8,33,100,73.0909090909091,-1704.3,-504.6,8112.0
1919,64.0306,5.61156555446709,0.015625,250,8,33,100,73.49751243781094,-1698.1,-509.7,8113.1
1920,64.064,5.61156555446709,0.015625,250,8,33,100,71.65671641791045,-1697.1,-506.2,8111.9
1921,64.0974,5.61156555446709,0.015625,250,8,33,100,72.75621890547264,-1701.6,-511.7,8113.2
1922,64.1307,5.61156555446709,0.015625,250,8,33,100,71.4949494949495,-1698.5,-507.2,8114.6
1923,64.1641,5.61156555446709,0.015625,250,8,33,100,73.29353233830845,-1699.1,-512.4,8112.4
1924,64.1975,5.61156555446709,0.015625,250,8,33,100,71.61691542288557,-1698.7,-506.2,8109.7
1925,64.2308,5.61156555446709,0.015625,250,8,33,100,73.45273631840796,-1701.4,-504.8,8109.9
1926,64.2642,5.61156555446709,0.015625,250,8,33,100,71.96969696969697,-1702.1,-508.4,8112.0
1927,64.2976,5.61156555446709,0.015625,250,8,33,100,72.75124378109453,-1691.2,-504.0,8117.1
1928,64.3309,5.61156555446709,0.015625,250,8,33,100,72.96019900497512,-1708.2,-508.0,8112.9
1929,64.3643,5.61156555446709,0.015625,250,8,33,100,73.20398009950249,-1699.2,-502.6,8113.5
1930,64.3977,5.61156555446709,0.015625,250,8,33,100,72.73232323232324,-1697.5,-510.0,8112.3
1931,64.431,5.61156555446709,0.015625,250,8,33,100,73.04477611940298,-1704.1,-506.5,8110.4
1932,64.4644,5.61156555446709,0.015625,250,8,33,100,72.56218905472637,-1701.7,-505.1,8116.8
1933,64.4978,5.61156555446709,0.015625,250,8,33,100,73.36363636363636,-1702.0,-505.7,8115.5
1934,64.5311,5.61156555446709,0.015625,250,8,33,100,72.04477611940298,-1697.6,-504.4,8111.5
1935,64.5645,5.61156555446709,0.015625,250,8,33,100,71.16417910447761,-1702.8,-508.2,8112.1
1936,64.5979,5.61156555446709,0.015625,250,8,33,100,73.5273631840796,-1702.2,-503.4,8113.0
1937,64.6312,5.61156555446709,0.015625,250,8,33,100,72.41919191919192,-1693.9,-505.4,8112.9
1938,64.6646,5.61156555446709,0.015625,250,8,33,100,73.27860696517413,-1702.0,-506.9,8107.7
1939,64.698,5.61156555446709,0.015625,250,8,33,100,73.04975124378109,-1697.7,-506.9,8113.7
1940,64.7313,5.61156555446709,0.015625,250,8,33,100,72.12437810945273,-1696.1,-505.2,8111.0
1941,64.7647,5.61156555446709,0.015625,250,8,33,100,72.76262626262626,-1701.0,-510.1,8111.7
1942,64.7981,5.61156555446709,0.015625,250,8,33,100,71.57711442786069,-1699.7,-502.8,8111.9
1943,64.8314,5.61156555446709,0.015625,250,8,33,100,73.4726368159204,-1700.6,-512.2,8111.7
1944,64.8648,5.61156555446709,0.015625,250,8,33,100,72.42786069651741,-1700.2,-508.8,8112.1
1945,64.8982,5.61156555446709,0.015625,250,8,33,100,72.92929292929293,-1703.3,-505.2,8112.7
1946,64.9315,5.61156555446709,0.015625,250,8,33,100,72.2636815920398,-1698.4,-507.1,8111.3
1947,64.9649,5.61156555446709,0.015625,250,8,33,100,73.75124378109453,-1703.0,-507.4,8110.0
1948,64.9983,5.61156555446709,0.015625,250,8,33,100,71.83838383838383,-1699.6,-507.2,8114.1
1949,65.0316,5.61156555446709,0.015625,250,8,33,100,73.19402985074628,-1701.1,-504.5,8114.3
1950,65.065,5.61156555446709,0.015625,250,8,33,100,73.29353233830845,-1698.5,-506.6,8112.0
1951,65.0984,5.61156555446709,0.015625,250,8,33,100,73.46268656716418,-1700.6,-504.1,8111.9
1952,65.1317,5.61156555446709,0.015625,250,8,33,100,72.08585858585859,-1697.0,-506.5,8113.2
1953,65.1651,5.61156555446709,0.015625,250,8,33,100,73.33830845771145,-1699.7,-507.2,8111.2
1954,65.1985,5.61156555446709,0.015625,250,8,33,100,72.62189054726367,-1699.2,-505.0,8111.8
1955,65.2318,5.61156555446709,0.015625,250,8,33,100,73.08955223880596,-1703.7,-509.0,8112.5
1956,65.2652,5.61156555446709,0.015625,250,8,33,100,74.01515151515152,-1697.5,-506.4,8114.1
1957,65.2986,5.61156555446709,0.015625,250,8,33,100,72.92039800995025,-1697.3,-508.1,8112.3
1958,65.3319,5.61156555446709,0.015625,250,8,33,100,72.55721393034825,-1704.5,-504.7,8109.1
1959,65.3653,5.61156555446709,0.015625,250,8,33,100,72.97512437810946,-1700.0,-506.4,8110.8
1960,65.3987,5.61156555446709,0.015625,250,8,33,100,70.98484848484848,-1698.7,-506.8,8111.9
1961,65.432,5.61156555446709,0.015625,250,8,33,100,73.97014925373135,-1701.8,-509.6,8111.4
1962,65.4654,5.61156555446709,0.015625,250,8,33,100,72.07960199004975,-1703.0,-506.4,8111.7
1963,65.4988,5.61156555446709,0.015625,250,8,33,100,72.6919191919192,-1700.2,-504.8,8113.9
1964,65.5321,5.61156555446709,0.015625,250,8,33,100,73.24875621890547,-1697.1,-507.9,8111.7
1965,65.5655,5.61156555446709,0.015625,250,8,33,100,73.48258706467662,-1703.9,-503.6,8108.8
1966,65.5989,5.61156555446709,0.015625,250,8,33,100,73.17412935323384,-1702.2,-507.4,8113.3
1967,65.6322,5.61156555446709,0.015625,250,8,33,100,73.0,-1697.5,-504.8,8112.2
1968,65.6656,5.61156555446709,0.015625,250,8,33,100,72.2636815920398,-1705.5,-509.2,8109.7
1969,65.699,5.61156555446709,0.015625,250,8,33,100,73.18407960199005,-1702.0,-505.2,8112.0
1970,65.7323,5.61156555446709,0.015625,250,8,33,100,72.91542288557214,-1698.3,-509.2,8111.5
1971,65.7657,5.61156555446709,0.015625,250,8,33,100,72.65151515151516,-1702.8,-501.9,8111.8
1972,65.7991,5.61156555446709,0.015625,250,8,33,100,72.81592039800995,-1701.5,-509.8,8108.8
1973,65.8324,5.61156555446709,0.015625,250,8,33,100,73.07462686567165,-1697.5,-506.5,8114.0
1974,65.8658,5.61156555446709,0.015625,250,8,33,100,74.08457711442786,-1697.8,-505.8,8110.1
1975,65.8992,5.61156555446709,0.015625,250,8,33,100,72.56060606060606,-1701.1,-504.1,8110.4
1976,65.9325,5.61156555446709,0.015625,250,8,33,100,72.91542288557214,-1699.4,-501.5,8117.6
1977,65.9659,5.61156555446709,0.015625,250,8,33,100,71.4776119402985,-1698.1,-506.3,8112.7
1978,65.9993,5.61156555446709,0.015625,250,8,33,100,73.1919191919192,-1702.1,-506.3,8114.8
1979,66.0326,5.61156555446709,0.015625,250,8,33,100,72.42288557213931,-1700.5,-508.9,8113.2
1980,66.066,5.61156555446709,0.015625,250,8,33,100,73.12437810945273,-1700.6,-505.0,8112.9
1981,66.0994,5.61156555446709,0.015625,250,8,33,100,71.79601990049751,-1698.7,-505.8,8112.8
1982,66.1327,5.61156555446709,0.015625,250,8,33,100,73.65656565656566,-1704.7,-505.0,8109.2
1983,66.1661,5.61156555446709,0.015625,250,8,33,100,73.29850746268657,-1696.3,-509.7,8108.5
1984,66.1995,5.61156555446709,0.015625,250,8,33,100,72.16417910447761,-1696.6,-506.7,8112.5
1985,66.2328,5.61156555446709,0.015625,250,8,33,100,74.0,-1704.6,-508.0,8111.9
1986,66.2662,5.61156555446709,0.015625,250,8,33,100,72.83333333333333,-1696.8,-501.6,8112.9
1987,66.2996,5.61156555446709,0.015625,250,8,33,100,73.92537313432835,-1700.4,-506.0,8110.8
1988,66.3329,5.61156555446709,0.015625,250,8,33,100,73.5273631840796,-1697.5,-507.5,8111.3
1989,66.3663,5.61156555446709,0.015625,250,8,33,100,72.64179104477611,-1699.4,-503.4,8113.4
1990,66.3997,5.61156555446709,0.015625,250,8,33,100,73.37878787878788,-1708.0,-509.1,8109.3
1991,66.433,5.61156555446709,0.015625,250,8,33,100,72.88557213930348,-1692.9,-502.7,8112.2
1992,66.4664,5.61156555446709,0.015625,250,8,33,100,71.9950248756219,-1706.9,-506.9,8116.3
1993,66.4998,5.61156555446709,0.015625,250,8,33,100,74.51010101010101,-1696.7,-504.3,8110.9
1994,66.5331,5.61156555446709,0.015625,250,8,33,100,72.05472636815921,-1695.8,-506.8,8110.3
1995,66.5665,5.61156555446709,0.015625,250,8,33,100,73.97512437810946,-1707.0,-507.0,8109.3
1996,66.5999,5.61156555446709,0.015625,250,8,33,100,71.92039800995025,-1695.3,-506.6,8114.5
1997,66.6332,5.61156555446709,0.015625,250,8,33,100,72.20202020202021,-1706.0,-505.5,8108.8
1998,66.6666,5.61156555446709,0.015625,250,8,33,100,74.59203980099502,-1699.6,-504.1,8112.6
1999,66.7,5.61156555446709,0.015625,250,8,33,100,71.69651741293532,-1700.7,-506.1,8111.0
2000,66.7333,5.61156555446709,0.015625,250,8,33,100,74.28855721393035,-1709.3,-512.5,8111.4
2001,66.7667,5.61156555446709,0.015625,250,8,33,100,72.28787878787878,-1697.6,-505.8,8112.5
2002,66.8001,5.61156555446709,0.015625,250,8,33,100,72.88059701492537,-1700.1,-503.7,8116.4
2003,66.8334,5.61156555446709,0.015625,250,8,33,100,72.96019900497512,-1704.6,-504.2,8109.6
2004,66.8668,5.61156555446709,0.015625,250,8,33,100,72.14925373134328,-1697.1,-504.3,8112.7
2005,66.9002,5.61156555446709,0.015625,250,8,33,100,72.52020202020202,-1702.0,-507.0,8111.6
2006,66.9335,5.61156555446709,0.015625,250,8,33,100,72.77611940298507,-1699.9,-505.4,8110.8
2007,66.9669,5.61156555446709,0.015625,250,8,33,100,72.2587064676617,-1704.7,-508.6,8111.4
2008,67.0003,5.61156555446709,0.015625,250,8,33,100,72.98989898989899,-1695.0,-504.6,8111.9
2009,67.0336,5.61156555446709,0.015625,250,8,33,100,72.02985074626865,-1695.9,-510.8,8113.8
2010,67.067,5.61156555446709,0.015625,250,8,33,100,72.41293532338308,-1706.4,-504.8,8111.5
2011,67.1004,5.61156555446709,0.015625,250,8,33,100,74.78109452736318,-1702.6,-510.1,8109.9
2012,67.1337,5.61156555446709,0.015625,250,8,33,100,71.87878787878788,-1696.2,-507.8,8111.2
2013,67.1671,5.61156555446709,0.015625,250,8,33,100,72.39303482587064,-1704.1,-507.5,8115.0
2014,67.2005,5.61156555446709,0.015625,250,8,33,100,71.9950248756219,-1699.3,-507.9,8112.0
2015,67.2338,5.61156555446709,0.015625,250,8,33,100,73.97014925373135,-1699.0,-505.8,8112.9
2016,67.2672,5.61156555446709,0.015625,250,8,33,100,73.45959595959596,-1699.8,-507.8,8114.0
2017,67.3006,5.61156555446709,0.015625,250,8,33,100,72.94527363184079,-1700.8,-507.5,8110.0
2018,67.3339,5.61156555446709,0.015625,250,8,33,100,73.11442786069652,-1704.8,-505.9,8112.2
2019,67.3673,5.61156555446709,0.015625,250,8,33,100,73.33830845771145,-1694.4,-500.9,8111.4
2020,67.4007,5.61156555446709,0.015625,250,8,33,100,71.60606060606061,-1704.3,-508.5,8111.2
2021,67.434,5.61156555446709,0.015625,250,8,33,100,73.53731343283582,-1701.3,-506.5,8113.6
2022,67.4674,5.61156555446709,0.015625,250,8,33,100,72.57213930348259,-1693.9,-507.0,8116.3
2023,67.5008,5.61156555446709,0.015625,250,8,33,100,73.1919191919192,-1705.5,-506.5,8113.3
2024,67.5341,5.61156555446709,0.015625,250,8,33,100,73.93034825870647,-1692.6,-505.1,8111.2
2025,67.5675,5.61156555446709,0.015625,250,8,33,100,71.70646766169155,-1700.6,-500.1,8109.5
2026,67.6009,5.61156555446709,0.015625,250,8,33,100,73.7860696517413,-1703.3,-507.8,8107.3
2027,67.6342,5.61156555446709,0.015625,250,8,33,100,72.17171717171718,-1693.3,-506.0,8111.7
2028,67.6676,5.61156555446709,0.015625,250,8,33,100,72.28358208955224,-1707.4,-507.3,8108.4
2029,67.701,5.61156555446709,0.015625,250,8,33,100,73.32835820895522,-1694.8,-506.6,8112.8
2030,67.7343,5.61156555446709,0.015625,250,8,33,100,72.70646766169155,-1697.9,-504.0,8112.6
2031,67.7677,5.61156555446709,0.015625,250,8,33,100,72.57575757575758,-1704.7,-508.4,8111.1
2032,67.8011,5.61156555446709,0.015625,250,8,33,100,72.80597014925372,-1696.8,-504.0,8111.1
2033,67.8344,5.61156555446709,0.015625,250,8,33,100,71.87562189054727,-1702.3,-511.1,8109.4
2034,67.8678,5.61156555446709,0.015625,250,8,33,100,73.39303482587064,-1697.5,-501.3,8112.0
2035,67.9012,5.61156555446709,0.015625,250,8,33,100,73.54545454545455,-1702.8,-508.5,8111.8
2036,67.9345,5.61156555446709,0.015625,250,8,33,100,73.50746268656717,-1704.2,-505.2,8110.7
2037,67.9679,5.61156555446709,0.015625,250,8,33,100,73.17910447761194,-1695.3,-507.4,8112.4
2038,68.0013,5.61156555446709,0.015625,250,8,33,100,71.79292929292929,-1703.1,-505.6,8114.6
2039,68.0346,5.61156555446709,0.015625,250,8,33,100,74.19402985074628,-1704.7,-504.6,8109.0
2040,68.068,5.61156555446709,0.015625,250,8,33,100,71.49253731343283,-1695.7,-505.3,8113.2
2041,68.1014,5.61156555446709,0.015625,250,8,33,100,74.13930348258707,-1700.9,-508.6,8114.4
2042,68.1347,5.61156555446709,0.015625,250,8,33,100,71.87373737373737,-1697.1,-506.3,8114.5
2043,68.1681,5.61156555446709,0.015625,250,8,33,100,72.49751243781094,-1702.6,-505.9,8110.6
2044,68.2015,5.61156555446709,0.015625,250,8,33,100,72.98507462686567,-1701.3,-508.9,8109.7
2045,68.2348,5.61156555446709,0.015625,250,8,33,100,72.62189054726367,-1699.9,-506.8,8111.1
2046,68.2682,5.61156555446709,0.015625,250,8,33,100,73.25757575757575,-1705.3,-509.2,8111.8
2047,68.3016,5.61156555446709,0.015625,250,8,33,100,72.64179104477611,-1697.0,-506.6,8111.7
2048,68.3349,5.61156555446709,0.015625,250,8,33,100,72.0049751243781,-1701.5,-509.9,8108.2
2049,68.3683,5.61156555446709,0.015625,250,8,33,100,72.23383084577114,-1699.0,-504.4,8114.5
2050,68.4017,5.61156555446709,0.015625,250,8,33,100,73.18181818181819,-1702.3,-510.0,8108.9
2051,68.435,5.61156555446709,0.015625,250,8,33,100,71.97014925373135,-1702.9,-502.7,8110.4
2052,68.4684,5.61156555446709,0.015625,250,8,33,100,73.34825870646766,-1698.2,-507.8,8112.2
2053,68.5018,5.61156555446709,0.015625,250,8,33,100,71.95454545454545,-1698.3,-503.7,8109.1
2054,68.5351,5.61156555446709,0.015625,250,8,33,100,73.48258706467662,-1702.8,-504.3,8113.9
2055,68.5685,5.61156555446709,0.015625,250,8,33,100,72.78109452736318,-1701.5,-507.9,8109.1
2056,68.6019,5.61156555446709,0.015625,250,8,33,100,72.68656716417911,-1698.0,-503.1,8114.6
2057,68.6352,5.61156555446709,0.015625,250,8,33,100,72.53535353535354,-1705.6,-511.6,8111.7
2058,68.6686,5.61156555446709,0.015625,250,8,33,100,74.70149253731343,-1693.5,-505.4,8112.9
2059,68.702,5.61156555446709,0.015625,250,8,33,100,71.22885572139303,-1701.6,-510.7,8109.7
2060,68.7353,5.61156555446709,0.015625,250,8,33,100,73.78109452736318,-1703.3,-504.7,8110.9
2061,68.7687,5.61156555446709,0.015625,250,8,33,100,71.63636363636364,-1691.2,-507.8,8110.6
2062,68.8021,5.61156555446709,0.015625,250,8,33,100,72.33830845771145,-1707.1,-508.8,8113.0
2063,68.8354,5.61156555446709,0.015625,250,8,33,100,73.03482587064677,-1698.0,-506.8,8114.3
2064,68.8688,5.61156555446709,0.015625,250,8,33,100,70.72636815920399,-1697.6,-506.4,8111.5
2065,68.9022,5.61156555446709,0.015625,250,8,33,100,74.03535353535354,-1703.3,-504.5,8111.8
2066,68.9355,5.61156555446709,0.015625,250,8,33,100,72.90049751243781,-1697.2,-506.9,8112.6
2067,68.9689,5.61156555446709,0.015625,250,8,33,100,73.2587064676617,-1705.9,-507.8,8110.6
2068,69.0023,5.61156555446709,0.015625,250,8,33,100,72.76767676767676,-1696.6,-504.4,8113.3
2069,69.0356,5.61156555446709,0.015625,250,8,33,100,71.59203980099502,-1701.8,-503.1,8113.1
2070,69.069,5.61156555446709,0.015625,250,8,33,100,73.21890547263682,-1701.9,-508.6,8109.4
2071,69.1024,5.61156555446709,0.015625,250,8,33,100,72.16915422885572,-1691.3,-508.0,8112.3
2072,69.1357,5.61156555446709,0.015625,250,8,33,100,71.3030303030303,-1707.7,-504.7,8108.3
2073,69.1691,5.61156555446709,0.015625,250,8,33,100,74.11442786069652,-1698.1,-506.4,8112.5
2074,69.2025,5.61156555446709,0.015625,250,8,33,100,72.94527363184079,-1697.2,-507.7,8114.6
2075,69.2358,5.61156555446709,0.015625,250,8,33,100,74.48258706467662,-1704.0,-509.0,8110.0
2076,69.2692,5.61156555446709,0.015625,250,8,33,100,72.76767676767676,-1695.8,-504.5,8106.3
2077,69.3026,5.61156555446709,0.015625,250,8,33,100,72.7910447761194,-1700.0,-507.1,8108.8
2078,69.3359,5.61156555446709,0.015625,250,8,33,100,73.34328358208955,-1700.3,-508.9,8111.5
2079,69.3693,5.61156555446709,0.015625,250,8,33,100,71.92039800995025,-1700.5,-504.0,8109.7
2080,69.4027,5.61156555446709,0.015625,250,8,33,100,72.89393939393939,-1705.7,-509.8,8109.8
2081,69.436,5.61156555446709,0.015625,250,8,33,100,73.14925373134328,-1694.6,-506.6,8111.8
2082,69.4694,5.61156555446709,0.015625,250,8,33,100,72.1592039800995,-1704.1,-507.2,8107.7
2083,69.5028,5.61156555446709,0.015625,250,8,33,100,74.31313131313131,-1700.4,-507.2,8111.4
2084,69.5361,5.61156555446709,0.015625,250,8,33,100,72.19402985074628,-1691.3,-507.0,8115.8
2085,69.5695,5.61156555446709,0.015625,250,8,33,100,74.65671641791045,-1706.8,-506.7,8111.9
2086,69.6029,5.61156555446709,0.015625,250,8,33,100,71.56716417910448,-1692.0,-502.9,8112.0
2087,69.6362,5.61156555446709,0.015625,250,8,33,100,72.45959595959596,-1704.3,-502.1,8109.0
2088,69.6696,5.61156555446709,0.015625,250,8,33,100,72.80099502487562,-1700.2,-508.1,8112.0
2089,69.703,5.61156555446709,0.015625,250,8,33,100,72.22885572139303,-1696.5,-503.7,8110.3
2090,69.7363,5.61156555446709,0.015625,250,8,33,100,73.20398009950249,-1707.9,-509.9,8109.2
2091,69.7697,5.61156555446709,0.015625,250,8,33,100,72.95959595959596,-1692.2,-505.4,8111.8
2092,69.8031,5.61156555446709,0.015625,250,8,33,100,71.75621890547264,-1704.4,-506.4,8109.4
2093,69.8364,5.61156555446709,0.015625,250,8,33,100,73.86069651741293,-1706.4,-502.1,8111.9
2094,69.8698,5.61156555446709,0.015625,250,8,33,100,71.50248756218906,-1695.7,-507.1,8110.4
2095,69.9032,5.61156555446709,0.015625,250,8,33,100,73.0050505050505,-1703.9,-504.2,8112.3
2096,69.9365,5.61156555446709,0.015625,250,8,33,100,72.24378109452736,-1697.6,-507.5,8113.2
2097,69.9699,5.61156555446709,0.015625,250,8,33,100,71.45771144278606,-1700.0,-506.3,8113.3
2098,70.0033,5.61156555446709,0.015625,250,8,33,100,75.26262626262626,-1700.8,-509.0,8110.0
2099,70.0366,5.61156555446709,0.015625,250,8,33,100,71.16915422885572,-1702.3,-504.1,8110.1
2100,70.07,5.61156555446709,0.015625,250,8,33,100,73.636815920398,-1705.3,-509.5,8109.9
2101,70.1034,5.61156555446709,0.015625,250,8,33,100,71.93532338308458,-1690.4,-508.6,8111.6
2102,70.1367,5.61156555446709,0.015625,250,8,33,100,72.0909090909091,-1703.3,-507.3,8112.4
2103,70.1701,5.61156555446709,0.015625,250,8,33,100,73.31840796019901,-1699.3,-505.5,8109.7
2104,70.2035,5.61156555446709,0.015625,250,8,33,100,72.3731343283582,-1700.9,-502.9,8108.1
2105,70.2368,5.61156555446709,0.015625,250,8,33,100,72.09950248756219,-1702.6,-506.9,8110.1
2106,70.2702,5.61156555446709,0.015625,250,8,33,100,72.5050505050505,-1699.8,-508.8,8111.9
2107,70.3036,5.61156555446709,0.015625,250,8,33,100,72.08457711442786,-1704.9,-505.6,8110.2
2108,70.3369,5.61156555446709,0.015625,250,8,33,100,74.02487562189054,-1700.1,-507.8,8113.0
2109,70.3703,5.61156555446709,0.015625,250,8,33,100,70.42288557213931,-1694.9,-504.1,8115.0
2110,70.4037,5.61156555446709,0.015625,250,8,33,100,73.55050505050505,-1707.6,-509.7,8110.4
2111,70.437,5.61156555446709,0.015625,250,8,33,100,74.18905472636816,-1694.3,-506.9,8109.8
2112,70.4704,5.61156555446709,0.015625,250,8,33,100,70.75124378109453,-1698.6,-504.1,8113.1
2113,70.5038,5.61156555446709,0.015625,250,8,33,100,73.64646464646465,-1706.1,-505.1,8110.2
2114,70.5371,5.61156555446709,0.015625,250,8,33,100,72.87064676616916,-1693.9,-506.9,8109.7
2115,70.5705,5.61156555446709,0.015625,250,8,33,100,72.94029850746269,-1700.8,-505.5,8110.7
2116,70.6039,5.61156555446709,0.015625,250,8,33,100,73.24875621890547,-1701.6,-505.3,8109.6
2117,70.6372,5.61156555446709,0.015625,250,8,33,100,72.33333333333333,-1698.5,-508.7,8111.9
2118,70.6706,5.61156555446709,0.015625,250,8,33,100,73.80597014925372,-1703.7,-509.7,8108.7
2119,70.704,5.61156555446709,0.015625,250,8,33,100,72.64676616915423,-1694.5,-503.4,8113.2
2120,70.7373,5.61156555446709,0.015625,250,8,33,100,73.0,-1704.5,-508.1,8112.9
2121,70.7707,5.61156555446709,0.015625,250,8,33,100,72.8080808080808,-1699.4,-506.5,8111.0
2122,70.8041,5.61156555446709,0.015625,250,8,33,100,72.46268656716418,-1694.8,-505.5,8113.8
2123,70.8374,5.61156555446709,0.015625,250,8,33,100,72.2089552238806,-1706.0,-508.2,8113.5
2124,70.8708,5.61156555446709,0.015625,250,8,33,100,74.92039800995025,-1695.6,-507.0,8108.2
2125,70.9042,5.61156555446709,0.015625,250,8,33,100,71.27777777777777,-1697.8,-509.1,8110.0
2126,70.9375,5.61156555446709,0.015625,250,8,33,100,74.57213930348259,-1704.2,-506.0,8112.7
2127,70.9709,5.61156555446709,0.015625,250,8,33,100,71.77114427860697,-1698.9,-511.1,8111.8
2128,71.0043,5.61156555446709,0.015625,250,8,33,100,72.11111111111111,-1703.6,-504.4,8113.3
2129,71.0376,5.61156555446709,0.015625,250,8,33,100,74.12935323383084,-1695.4,-507.8,8112.2
2130,71.071,5.61156555446709,0.015625,250,8,33,100,71.69154228855722,-1698.9,-503.2,8108.7
2131,71.1044,5.61156555446709,0.015625,250,8,33,100,73.31840796019901,-1705.0,-504.8,8108.4
2132,71.1377,5.61156555446709,0.015625,250,8,33,100,72.27777777777777,-1693.4,-505.7,8112.3
2133,71.1711,5.61156555446709,0.015625,250,8,33,100,73.24378109452736,-1700.3,-507.0,8107.9
2134,71.2045,5.61156555446709,0.015625,250,8,33,100,73.28855721393035,-1705.2,-508.0,8108.6
2135,71.2378,5.61156555446709,0.015625,250,8,33,100,73.1044776119403,-1695.6,-508.2,8111.0
2136,71.2712,5.61156555446709,0.015625,250,8,33,100,72.84343434343434,-1703.8,-506.6,8111.5
2137,71.3046,5.61156555446709,0.015625,250,8,33,100,72.88557213930348,-1696.2,-505.4,8110.8
2138,71.3379,5.61156555446709,0.015625,250,8,33,100,72.60199004975124,-1702.1,-506.2,8108.9
2139,71.3713,5.61156555446709,0.015625,250,8,33,100,74.2587064676617,-1700.5,-505.4,8113.0
2140,71.4047,5.61156555446709,0.015625,250,8,33,100,71.74747474747475,-1694.5,-510.0,8110.8
2141,71.438,5.61156555446709,0.015625,250,8,33,100,72.76616915422886,-1705.0,-501.4,8111.9
2142,71.4714,5.61156555446709,0.015625,250,8,33,100,72.46268656716418,-1696.3,-504.9,8111.9
2143,71.5048,5.61156555446709,0.015625,250,8,33,100,71.94949494949495,-1698.3,-500.8,8110.6
2144,71.5381,5.61156555446709,0.015625,250,8,33,100,74.1044776119403,-1702.5,-510.2,8111.4
2145,71.5715,5.61156555446709,0.015625,250,8,33,100,72.48258706467662,-1695.1,-507.7,8111.2
2146,71.6049,5.61156555446709,0.015625,250,8,33,100,74.07462686567165,-1703.6,-507.3,8109.4
2147,71.6382,5.61156555446709,0.015625,250,8,33,100,73.85353535353535,-1693.6,-504.7,8116.0
2148,71.6716,5.61156555446709,0.015625,250,8,33,100,72.41293532338308,-1702.4,-508.0,8113.7
2149,71.705,5.61156555446709,0.015625,250,8,33,100,71.80597014925372,-1707.1,-507.9,8109.8
2150,71.7383,5.61156555446709,0.015625,250,8,33,100,73.87562189054727,-1693.9,-507.1,8112.5
2151,71.7717,5.61156555446709,0.015625,250,8,33,100,71.58585858585859,-1702.2,-506.0,8107.9
2152,71.8051,5.61156555446709,0.015625,250,8,33,100,74.24875621890547,-1704.3,-507.9,8110.1
2153,71.8384,5.61156555446709,0.015625,250,8,33,100,70.67164179104478,-1697.8,-502.7,8110.4
2154,71.8718,5.61156555446709,0.015625,250,8,33,100,74.02985074626865,-1704.9,-505.9,8107.9
2155,71.9052,5.61156555446709,0.015625,250,8,33,100,72.47979797979798,-1695.2,-510.0,8113.5
2156,71.9385,5.61156555446709,0.015625,250,8,33,100,71.97512437810946,-1700.9,-502.5,8109.4
2157,71.9719,5.61156555446709,0.015625,250,8,33,100,74.37810945273633,-1703.2,-510.2,8112.0
2158,72.0053,5.61156555446709,0.015625,250,8,33,100,72.04545454545455,-1692.3,-504.2,8114.5
2159,72.0386,5.61156555446709,0.015625,250,8,33,100,72.00995024875621,-1707.8,-505.8,8112.4
2160,72.072,5.61156555446709,0.015625,250,8,33,100,73.09452736318408,-1705.0,-509.9,8110.6
2161,72.1054,5.61156555446709,0.015625,250,8,33,100,72.98507462686567,-1697.1,-507.7,8114.3
2162,72.1387,5.61156555446709,0.015625,250,8,33,100,72.71717171717172,-1703.2,-508.8,8111.4
2163,72.1721,5.61156555446709,0.015625,250,8,33,100,72.82089552238806,-1699.4,-506.4,8110.3
2164,72.2055,5.61156555446709,0.015625,250,8,33,100,72.55721393034825,-1700.5,-505.8,8112.0
2165,72.2388,5.61156555446709,0.015625,250,8,33,100,72.79601990049751,-1698.7,-506.7,8109.5
2166,72.2722,5.61156555446709,0.015625,250,8,33,100,72.39393939393939,-1698.9,-506.8,8113.9
2167,72.3056,5.61156555446709,0.015625,250,8,33,100,73.76119402985074,-1702.8,-508.3,8106.6
2168,72.3389,5.61156555446709,0.015625,250,8,33,100,73.3731343283582,-1697.1,-505.4,8112.5
2169,72.3723,5.61156555446709,0.015625,250,8,33,100,71.94527363184079,-1697.4,-506.5,8111.6
2170,72.4057,5.61156555446709,0.015625,250,8,33,100,73.13636363636364,-1704.2,-505.5,8111.5
2171,72.439,5.61156555446709,0.015625,250,8,33,100,73.38805970149254,-1697.8,-506.0,8113.6
2172,72.4724,5.61156555446709,0.015625,250,8,33,100,73.56218905472637,-1701.9,-507.0,8115.7
2173,72.5058,5.61156555446709,0.015625,250,8,33,100,73.53535353535354,-1699.9,-508.8,8112.8
2174,72.5391,5.61156555446709,0.015625,250,8,33,100,72.73134328358209,-1697.8,-511.0,8111.5
2175,72.5725,5.61156555446709,0.015625,250,8,33,100,74.2089552238806,-1696.7,-509.7,8109.3
2176,72.6059,5.61156555446709,0.015625,250,8,33,100,72.87064676616916,-1701.7,-509.1,8115.0
2177,72.6392,5.61156555446709,0.015625,250,8,33,100,72.32828282828282,-1706.0,-509.3,8109.5
2178,72.6726,5.61156555446709,0.015625,250,8,33,100,72.22388059701493,-1695.4,-506.4,8112.8
2179,72.706,5.61156555446709,0.015625,250,8,33,100,70.98009950248756,-1699.9,-505.0,8112.0
2180,72.7393,5.61156555446709,0.015625,250,8,33,100,74.60199004975124,-1705.6,-506.1,8112.2
2181,72.7727,5.61156555446709,0.015625,250,8,33,100,72.12121212121212,-1696.5,-508.3,8112.0
2182,72.8061,5.61156555446709,0.015625,250,8,33,100,72.70149253731343,-1702.1,-508.5,8114.3
2183,72.8394,5.61156555446709,0.015625,250,8,33,100,73.4776119402985,-1703.4,-510.1,8107.2
2184,72.8728,5.61156555446709,0.015625,250,8,33,100,72.8905472636816,-1698.4,-506.0,8114.7
2185,72.9062,5.61156555446709,0.015625,250,8,33,100,72.1969696969697,-1700.0,-508.3,8109.3
2186,72.9395,5.61156555446709,0.015625,250,8,33,100,72.12935323383084,-1699.1,-503.7,8112.6
2187,72.9729,5.61156555446709,0.015625,250,8,33,100,71.94029850746269,-1701.9,-508.1,8111.2
2188,73.0063,5.61156555446709,0.015625,250,8,33,100,73.5959595959596,-1701.2,-502.2,8117.9
2189,73.0396,5.61156555446709,0.015625,250,8,33,100,71.85074626865672,-1697.9,-507.2,8108.3
2190,73.073,5.61156555446709,0.015625,250,8,33,100,73.08955223880596,-1701.3,-503.9,8112.5
2191,73.1064,5.61156555446709,0.015625,250,8,33,100,73.7412935323383,-1697.3,-510.6,8112.9
2192,73.1397,5.61156555446709,0.015625,250,8,33,100,73.0,-1700.4,-505.1,8109.8
2193,73.1731,5.61156555446709,0.015625,250,8,33,100,72.636815920398,-1704.5,-509.4,8112.2
2194,73.2065,5.61156555446709,0.015625,250,8,33,100,73.1044776119403,-1694.9,-507.7,8112.4
2195,73.2398,5.61156555446709,0.015625,250,8,33,100,73.68159203980099,-1703.6,-509.2,8111.2
2196,73.2732,5.61156555446709,0.015625,250,8,33,100,74.51515151515152,-1703.1,-508.8,8111.9
2197,73.3066,5.61156555446709,0.015625,250,8,33,100,73.49253731343283,-1693.9,-506.5,8112.0
2198,73.3399,5.61156555446709,0.015625,250,8,33,100,72.19900497512438,-1701.7,-505.4,8111.9
2199,73.3733,5.61156555446709,0.015625,250,8,33,100,73.50248756218906,-1699.3,-507.6,8108.2
2200,73.4067,5.61156555446709,0.015625,250,8,33,100,73.18686868686869,-1699.1,-510.3,8113.5
2201,73.44,5.61156555446709,0.015625,250,8,33,100,72.8457711442786,-1698.9,-505.4,8107.3
2202,73.4734,5.61156555446709,0.015625,250,8,33,100,72.61194029850746,-1697.7,-507.2,8112.6
2203,73.5068,5.61156555446709,0.015625,250,8,33,100,72.70202020202021,-1704.0,-505.0,8109.9
2204,73.5401,5.61156555446709,0.015625,250,8,33,100,73.96517412935323,-1702.2,-508.3,8112.1
2205,73.5735,5.61156555446709,0.015625,250,8,33,100,72.86069651741293,-1698.9,-507.7,8114.1
2206,73.6069,5.61156555446709,0.015625,250,8,33,100,72.97512437810946,-1698.8,-509.7,8111.5
2207,73.6402,5.61156555446709,0.015625,250,8,33,100,72.33333333333333,-1699.7,-502.0,8112.8
2208,73.6736,5.61156555446709,0.015625,250,8,33,100,72.72139303482587,-1700.0,-506.7,8109.5
2209,73.707,5.61156555446709,0.015625,250,8,33,100,73.14427860696517,-1698.7,-503.4,8112.7
2210,73.7403,5.61156555446709,0.015625,250,8,33,100,72.59203980099502,-1704.6,-507.2,8109.4
2211,73.7737,5.61156555446709,0.015625,250,8,33,100,71.94444444444444,-1700.6,-508.2,8112.2
2212,73.8071,5.61156555446709,0.015625,250,8,33,100,72.45273631840796,-1702.2,-507.4,8113.3
2213,73.8404,5.61156555446709,0.015625,250,8,33,100,73.11442786069652,-1703.5,-505.6,8111.8
2214,73.8738,5.61156555446709,0.015625,250,8,33,100,72.88557213930348,-1699.1,-504.9,8111.2
2215,73.9072,5.61156555446709,0.015625,250,8,33,100,72.03535353535354,-1699.7,-504.5,8112.6
2216,73.9405,5.61156555446709,0.015625,250,8,33,100,72.69651741293532,-1700.5,-505.4,8112.3
2217,73.9739,5.61156555446709,0.015625,250,8,33,100,72.77611940298507,-1699.1,-507.6,8111.2
2218,74.0073,5.61156555446709,0.015625,250,8,33,100,72.8030303030303,-1701.1,-506.4,8112.5
2219,74.0406,5.61156555446709,0.015625,250,8,33,100,72.30845771144278,-1699.8,-510.4,8111.1
2220,74.074,5.61156555446709,0.015625,250,8,33,100,72.16417910447761,-1699.3,-504.8,8112.9
2221,74.1074,5.61156555446709,0.015625,250,8,33,100,71.77611940298507,-1698.8,-506.2,8110.5
2222,74.1407,5.61156555446709,0.015625,250,8,33,100,72.27272727272727,-1699.2,-505.0,8111.9
2223,74.1741,5.61156555446709,0.015625,250,8,33,100,73.0,-1699.2,-508.2,8114.1
2224,74.2075,5.61156555446709,0.015625,250,8,33,100,73.66169154228855,-1700.1,-508.3,8113.9
2225,74.2408,5.61156555446709,0.015625,250,8,33,100,73.30348258706468,-1700.9,-510.0,8115.2
2226,74.2742,5.61156555446709,0.015625,250,8,33,100,73.93434343434343,-1701.2,-505.8,8113.8
2227,74.3076,5.61156555446709,0.015625,250,8,33,100,72.53233830845771,-1701.1,-507.2,8111.7
2228,74.3409,5.61156555446709,0.015625,250,8,33,100,72.97512437810946,-1697.0,-503.4,8113.2
2229,74.3743,5.61156555446709,0.015625,250,8,33,100,73.17412935323384,-1699.3,-507.2,8112.8
2230,74.4077,5.61156555446709,0.015625,250,8,33,100,73.23737373737374,-1703.7,-504.3,8112.0
2231,74.441,5.61156555446709,0.015625,250,8,33,100,73.33333333333333,-1698.6,-508.9,8111.1
2232,74.4744,5.61156555446709,0.015625,250,8,33,100,73.20398009950249,-1698.5,-508.0,8109.5
2233,74.5078,5.61156555446709,0.015625,250,8,33,100,73.43939393939394,-1699.4,-509.3,8113.3
2234,74.5411,5.61156555446709,0.015625,250,8,33,100,72.23880597014926,-1702.1,-506.0,8109.2
2235,74.5745,5.61156555446709,0.015625,250,8,33,100,72.76616915422886,-1700.0,-503.8,8110.3
2236,74.6079,5.61156555446709,0.015625,250,8,33,100,71.8905472636816,-1698.1,-509.1,8111.6
2237,74.6412,5.61156555446709,0.015625,250,8,33,100,72.51010101010101,-1699.0,-506.1,8114.7
2238,74.6746,5.61156555446709,0.015625,250,8,33,100,72.28358208955224,-1702.9,-510.0,8109.7
2239,74.708,5.61156555446709,0.015625,250,8,33,100,72.41293532338308,-1697.4,-505.6,8110.2
2240,74.7413,5.61156555446709,0.015625,250,8,33,100,72.95024875621891,-1700.9,-508.4,8116.1
2241,74.7747,5.61156555446709,0.015625,250,8,33,100,73.92424242424242,-1699.9,-505.8,8113.3
2242,74.8081,5.61156555446709,0.015625,250,8,33,100,71.90049751243781,-1698.7,-508.8,8112.8
2243,74.8414,5.61156555446709,0.015625,250,8,33,100,73.11940298507463,-1704.7,-503.9,8108.7
2244,74.8748,5.61156555446709,0.015625,250,8,33,100,73.31343283582089,-1695.0,-507.8,8112.6
2245,74.9082,5.61156555446709,0.015625,250,8,33,100,72.07575757575758,-1702.8,-504.4,8111.7
2246,74.9415,5.61156555446709,0.015625,250,8,33,100,74.48258706467662,-1699.9,-509.1,8113.9
2247,74.9749,5.61156555446709,0.015625,250,8,33,100,70.97014925373135,-1698.4,-507.9,8115.2
2248,75.0083,5.61156555446709,0.015625,250,8,33,100,74.58080808080808,-1707.2,-504.2,8109.9
2249,75.0416,5.61156555446709,0.015625,250,8,33,100,72.18905472636816,-1697.7,-506.6,8110.3
2250,75.075,5.61156555446709,0.015625,250,8,33,100,71.73134328358209,-1698.4,-506.8,8110.6
2251,75.1084,5.61156555446709,0.015625,250,8,33,100,73.45771144278606,-1702.4,-508.6,8108.6
2252,75.1417,5.61156555446709,0.015625,250,8,33,100,71.71717171717172,-1699.8,-503.9,8112.6
2253,75.1751,5.61156555446709,0.015625,250,8,33,100,73.1044776119403,-1701.6,-507.2,8109.3
2254,75.2085,5.61156555446709,0.015625,250,8,33,100,73.56218905472637,-1697.4,-501.8,8111.2
2255,75.2418,5.61156555446709,0.015625,250,8,33,100,72.53233830845771,-1706.0,-509.9,8108.6
2256,75.2752,5.61156555446709,0.015625,250,8,33,100,73.02525252525253,-1700.9,-504.7,8110.3
2257,75.3086,5.61156555446709,0.015625,250,8,33,100,71.72636815920399,-1699.2,-509.6,8116.3
2258,75.3419,5.61156555446709,0.015625,250,8,33,100,72.75621890547264,-1702.0,-505.9,8111.5
2259,75.3753,5.61156555446709,0.015625,250,8,33,100,72.92537313432835,-1695.3,-506.0,8113.4
2260,75.4087,5.61156555446709,0.015625,250,8,33,100,71.9949494949495,-1702.3,-506.7,8111.1
2261,75.442,5.61156555446709,0.015625,250,8,33,100,73.39800995024876,-1701.4,-504.3,8109.9
2262,75.4754,5.61156555446709,0.015625,250,8,33,100,71.90049751243781,-1697.7,-503.7,8112.2
2263,75.5088,5.61156555446709,0.015625,250,8,33,100,72.88888888888889,-1698.9,-504.1,8112.3
2264,75.5421,5.61156555446709,0.015625,250,8,33,100,72.7860696517413,-1698.0,-507.9,8110.8
2265,75.5755,5.61156555446709,0.015625,250,8,33,100,72.81094527363184,-1703.9,-510.7,8110.9
2266,75.6089,5.61156555446709,0.015625,250,8,33,100,73.22885572139303,-1697.2,-509.1,8113.9
2267,75.6422,5.61156555446709,0.015625,250,8,33,100,72.26767676767676,-1698.5,-508.1,8116.3
2268,75.6756,5.61156555446709,0.015625,250,8,33,100,73.14925373134328,-1702.7,-504.4,8108.9
2269,75.709,5.61156555446709,0.015625,250,8,33,100,72.92537313432835,-1699.3,-508.4,8114.7
2270,75.7423,5.61156555446709,0.015625,250,8,33,100,73.07960199004975,-1701.9,-507.0,8111.0
2271,75.7757,5.61156555446709,0.015625,250,8,33,100,73.52525252525253,-1700.6,-506.6,8114.3
2272,75.8091,5.61156555446709,0.015625,250,8,33,100,71.64676616915423,-1699.3,-505.8,8114.4
2273,75.8424,5.61156555446709,0.015625,250,8,33,100,74.30845771144278,-1705.7,-506.6,8112.4
2274,75.8758,5.61156555446709,0.015625,250,8,33,100,72.38308457711443,-1696.0,-507.1,8112.5
2275,75.9092,5.61156555446709,0.015625,250,8,33,100,72.37878787878788,-1704.6,-505.5,8110.6
2276,75.9425,5.61156555446709,0.015625,250,8,33,100,73.55721393034825,-1699.5,-508.0,8112.7
2277,75.9759,5.61156555446709,0.015625,250,8,33,100,72.59701492537313,-1699.4,-508.8,8111.4
2278,76.0093,5.61156555446709,0.015625,250,8,33,100,73.14646464646465,-1702.3,-507.6,8112.3
2279,76.0426,5.61156555446709,0.015625,250,8,33,100,72.90547263681592,-1695.4,-507.3,8114.0
2280,76.076,5.61156555446709,0.015625,250,8,33,100,71.80597014925372,-1699.4,-505.5,8110.5
2281,76.1094,5.61156555446709,0.015625,250,8,33,100,73.78109452736318,-1700.5,-506.5,8110.8
2282,76.1427,5.61156555446709,0.015625,250,8,33,100,72.8080808080808,-1697.8,-506.2,8109.0
2283,76.1761,5.61156555446709,0.015625,250,8,33,100,73.50248756218906,-1698.9,-509.9,8112.6
2284,76.2095,5.61156555446709,0.015625,250,8,33,100,72.00995024875621,-1702.0,-505.9,8110.6
2285,76.2428,5.61156555446709,0.015625,250,8,33,100,72.29850746268657,-1698.8,-506.9,8111.2
2286,76.2762,5.61156555446709,0.015625,250,8,33,100,73.24242424242425,-1701.3,-507.8,8114.0
2287,76.3096,5.61156555446709,0.015625,250,8,33,100,73.2587064676617,-1700.4,-508.0,8111.0
2288,76.3429,5.61156555446709,0.015625,250,8,33,100,72.03482587064677,-1701.6,-509.7,8110.8
2289,76.3763,5.61156555446709,0.015625,250,8,33,100,72.56716417910448,-1703.5,-507.0,8113.8
2290,76.4097,5.61156555446709,0.015625,250,8,33,100,72.0909090909091,-1697.9,-507.0,8109.8
2291,76.443,5.61156555446709,0.015625,250,8,33,100,72.8457711442786,-1704.5,-505.5,8112.5
2292,76.4764,5.61156555446709,0.015625,250,8,33,100,72.64179104477611,-1701.4,-505.6,8109.7
2293,76.5098,5.61156555446709,0.015625,250,8,33,100,72.43434343434343,-1700.8,-506.6,8110.0
2294,76.5431,5.61156555446709,0.015625,250,8,33,100,73.35323383084577,-1699.2,-506.8,8114.6
2295,76.5765,5.61156555446709,0.015625,250,8,33,100,72.99004975124379,-1699.2,-508.9,8114.8
2296,76.6099,5.61156555446709,0.015625,250,8,33,100,73.31840796019901,-1702.0,-505.3,8113.9
2297,76.6432,5.61156555446709,0.015625,250,8,33,100,72.71717171717172,-1695.0,-508.2,8114.5
2298,76.6766,5.61156555446709,0.015625,250,8,33,100,72.76119402985074,-1700.5,-509.1,8112.6
2299,76.71,5.61156555446709,0.015625,250,8,33,100,72.67164179104478,-1700.0,-508.8,8111.9
2300,76.7433,5.61156555446709,0.015625,250,8,33,100,72.82587064676616,-1696.8,-506.9,8112.8
2301,76.7767,5.61156555446709,0.015625,250,8,33,100,72.66161616161617,-1703.2,-507.1,8111.7
2302,76.8101,5.61156555446709,0.015625,250,8,33,100,72.96019900497512,-1700.8,-504.9,8113.8
2303,76.8434,5.61156555446709,0.015625,250,8,33,100,71.81094527363184,-1698.6,-504.8,8112.0
2304,76.8768,5.61156555446709,0.015625,250,8,33,100,72.56218905472637,-1705.7,-503.0,8110.2
2305,76.9102,5.61156555446709,0.015625,250,8,33,100,73.06565656565657,-1702.4,-510.7,8118.0
2306,76.9435,5.61156555446709,0.015625,250,8,33,100,73.39800995024876,-1702.7,-505.0,8108.4
2307,76.9769,5.61156555446709,0.015625,250,8,33,100,71.98009950248756,-1699.3,-506.5,8114.3
2308,77.0103,5.61156555446709,0.015625,250,8,33,100,72.75252525252525,-1702.8,-506.6,8111.7
2309,77.0436,5.61156555446709,0.015625,250,8,33,100,73.66169154228855,-1698.3,-503.0,8112.7
2310,77.077,5.61156555446709,0.015625,250,8,33,100,72.6318407960199,-1696.6,-507.8,8111.2
2311,77.1104,5.61156555446709,0.015625,250,8,33,100,73.16915422885572,-1706.9,-503.1,8107.8
2312,77.1437,5.61156555446709,0.015625,250,8,33,100,72.47979797979798,-1695.9,-509.5,8114.4
2313,77.1771,5.61156555446709,0.015625,250,8,33,100,72.98507462686567,-1702.8,-508.0,8115.8
2314,77.2105,5.61156555446709,0.015625,250,8,33,100,72.77611940298507,-1703.6,-504.2,8111.1
2315,77.2438,5.61156555446709,0.015625,250,8,33,100,73.18407960199005,-1698.2,-506.0,8110.4
2316,77.2772,5.61156555446709,0.015625,250,8,33,100,73.17171717171718,-1700.3,-506.1,8111.7
2317,77.3106,5.61156555446709,0.015625,250,8,33,100,72.98009950248756,-1698.0,-506.9,8117.4
2318,77.3439,5.61156555446709,0.015625,250,8,33,100,72.57213930348259,-1705.4,-504.0,8110.9
2319,77.3773,5.61156555446709,0.015625,250,8,33,100,72.60199004975124,-1699.6,-505.4,8112.9
2320,77.4107,5.61156555446709,0.015625,250,8,33,100,71.41919191919192,-1701.0,-506.9,8113.3
2321,77.444,5.61156555446709,0.015625,250,8,33,100,72.93034825870647,-1708.0,-503.7,8109.2
2322,77.4774,5.61156555446709,0.015625,250,8,33,100,73.45771144278606,-1695.6,-504.0,8115.4
2323,77.5108,5.61156555446709,0.015625,250,8,33,100,72.74747474747475,-1701.5,-505.7,8111.5
2324,77.5441,5.61156555446709,0.015625,250,8,33,100,73.67661691542288,-1701.2,-506.0,8110.3
2325,77.5775,5.61156555446709,0.015625,250,8,33,100,72.16915422885572,-1699.7,-503.8,8115.2
2326,77.6109,5.61156555446709,0.015625,250,8,33,100,73.68159203980099,-1704.5,-507.0,8112.7
2327,77.6442,5.61156555446709,0.015625,250,8,33,100,72.54040404040404,-1697.9,-505.6,8115.4
2328,77.6776,5.61156555446709,0.015625,250,8,33,100,73.50248756218906,-1707.5,-509.1,8113.3
2329,77.711,5.61156555446709,0.015625,250,8,33,100,73.24378109452736,-1696.7,-510.2,8112.3
2330,77.7443,5.61156555446709,0.015625,250,8,33,100,71.56716417910448,-1700.9,-505.6,8112.7
2331,77.7777,5.61156555446709,0.015625,250,8,33,100,73.36868686868686,-1702.0,-506.5,8108.9
2332,77.8111,5.61156555446709,0.015625,250,8,33,100,73.02487562189054,-1700.4,-506.2,8115.4
2333,77.8444,5.61156555446709,0.015625,250,8,33,100,72.79601990049751,-1703.0,-508.5,8113.9
2334,77.8778,5.61156555446709,0.015625,250,8,33,100,73.34825870646766,-1699.9,-507.7,8113.7
2335,77.9112,5.61156555446709,0.015625,250,8,33,100,72.45959595959596,-1698.5,-505.1,8113.5
2336,77.9445,5.61156555446709,0.015625,250,8,33,100,73.49751243781094,-1703.8,-507.3,8111.2
2337,77.9779,5.61156555446709,0.015625,250,8,33,100,72.7363184079602,-1698.9,-507.0,8111.6
2338,78.0113,5.61156555446709,0.015625,250,8,33,100,72.67171717171718,-1706.7,-505.8,8114.5
2339,78.0446,5.61156555446709,0.015625,250,8,33,100,72.82089552238806,-1703.7,-508.6,8116.4
2340,78.078,5.61156555446709,0.015625,250,8,33,100,73.58208955223881,-1700.4,-503.7,8112.1
2341,78.1114,5.61156555446709,0.015625,250,8,33,100,72.06467661691542,-1702.4,-506.2,8113.9
2342,78.1447,5.61156555446709,0.015625,250,8,33,100,72.85858585858585,-1699.9,-506.7,8111.7
2343,78.1781,5.61156555446709,0.015625,250,8,33,100,73.09950248756219,-1703.1,-503.7,8112.7
2344,78.2115,5.61156555446709,0.015625,250,8,33,100,73.02985074626865,-1704.3,-506.6,8113.2
2345,78.2448,5.61156555446709,0.015625,250,8,33,100,73.07960199004975,-1701.6,-508.1,8113.0
2346,78.2782,5.61156555446709,0.015625,250,8,33,100,73.13131313131314,-1703.1,-507.4,8108.5
2347,78.3116,5.61156555446709,0.015625,250,8,33,100,72.33333333333333,-1701.4,-503.5,8112.9
2348,78.3449,5.61156555446709,0.015625,250,8,33,100,72.43781094527363,-1703.8,-503.5,8111.1
2349,78.3783,5.61156555446709,0.015625,250,8,33,100,72.8407960199005,-1701.4,-505.8,8111.3
2350,78.4117,5.61156555446709,0.015625,250,8,33,100,72.37878787878788,-1697.0,-505.2,8112.9
2351,78.445,5.61156555446709,0.015625,250,8,33,100,72.71144278606965,-1703.2,-509.4,8109.8
2352,78.4784,5.61156555446709,0.015625,250,8,33,100,71.93532338308458,-1700.2,-507.0,8113.4
2353,78.5118,5.61156555446709,0.015625,250,8,33,100,73.25252525252525,-1699.2,-510.0,8113.9
2354,78.5451,5.61156555446709,0.015625,250,8,33,100,72.53233830845771,-1705.4,-506.1,8110.5
2355,78.5785,5.61156555446709,0.015625,250,8,33,100,73.17412935323384,-1695.6,-503.7,8114.7
2356,78.6119,5.61156555446709,0.015625,250,8,33,100,71.70646766169155,-1702.3,-508.5,8112.7
2357,78.6452,5.61156555446709,0.015625,250,8,33,100,72.97474747474747,-1700.4,-506.8,8112.7
2358,78.6786,5.61156555446709,0.015625,250,8,33,100,72.38805970149254,-1699.6,-508.4,8111.2
2359,78.712,5.61156555446709,0.015625,250,8,33,100,74.35323383084577,-1701.5,-506.3,8113.1
2360,78.7453,5.61156555446709,0.015625,250,8,33,100,72.04975124378109,-1698.1,-504.4,8114.7
2361,78.7787,5.61156555446709,0.015625,250,8,33,100,72.1010101010101,-1701.7,-509.4,8114.7
2362,78.8121,5.61156555446709,0.015625,250,8,33,100,71.76616915422886,-1698.6,-507.3,8116.4
2363,78.8454,5.61156555446709,0.015625,250,8,33,100,73.26865671641791,-1701.5,-501.7,8111.0
2364,78.8788,5.61156555446709,0.015625,250,8,33,100,73.03980099502488,-1701.5,-506.9,8107.9
2365,78.9122,5.61156555446709,0.015625,250,8,33,100,72.47979797979798,-1698.3,-509.0,8109.9
2366,78.9455,5.61156555446709,0.015625,250,8,33,100,73.01990049751244,-1702.9,-509.6,8113.1
2367,78.9789,5.61156555446709,0.015625,250,8,33,100,73.4776119402985,-1696.5,-509.8,8112.2
2368,79.0123,5.61156555446709,0.015625,250,8,33,100,72.85858585858585,-1703.3,-503.8,8115.5
2369,79.0456,5.61156555446709,0.015625,250,8,33,100,73.58706467661692,-1700.3,-503.2,8112.6
2370,79.079,5.61156555446709,0.015625,250,8,33,100,72.30348258706468,-1695.7,-506.9,8115.3
2371,79.1124,5.61156555446709,0.015625,250,8,33,100,73.54726368159204,-1704.5,-505.4,8111.7
2372,79.1457,5.61156555446709,0.015625,250,8,33,100,73.8030303030303,-1701.0,-508.5,8111.2
2373,79.1791,5.61156555446709,0.015625,250,8,33,100,72.83582089552239,-1703.2,-504.8,8108.0
2374,79.2125,5.61156555446709,0.015625,250,8,33,100,73.93532338308458,-1703.1,-508.1,8112.7
2375,79.2458,5.61156555446709,0.015625,250,8,33,100,72.40298507462687,-1694.3,-501.7,8112.3
2376,79.2792,5.61156555446709,0.015625,250,8,33,100,72.01010101010101,-1704.0,-504.1,8110.0
2377,79.3126,5.61156555446709,0.015625,250,8,33,100,73.31343283582089,-1699.9,-505.8,8114.1
2378,79.3459,5.61156555446709,0.015625,250,8,33,100,71.96517412935323,-1695.0,-508.5,8114.6
2379,79.3793,5.61156555446709,0.015625,250,8,33,100,73.09950248756219,-1703.8,-508.4,8110.8
2380,79.4127,5.61156555446709,0.015625,250,8,33,100,72.64646464646465,-1700.4,-505.4,8110.9
2381,79.446,5.61156555446709,0.015625,250,8,33,100,72.8407960199005,-1701.9,-508.3,8115.2
2382,79.4794,5.61156555446709,0.015625,250,8,33,100,73.68656716417911,-1699.9,-504.3,8115.2
2383,79.5128,5.61156555446709,0.015625,250,8,33,100,71.98989898989899,-1701.3,-507.2,8111.1
2384,79.5461,5.61156555446709,0.015625,250,8,33,100,72.98507462686567,-1701.4,-509.1,8112.6
2385,79.5795,5.61156555446709,0.015625,250,8,33,100,73.22885572139303,-1700.2,-504.7,8110.1
2386,79.6129,5.61156555446709,0.015625,250,8,33,100,73.04477611940298,-1701.7,-503.8,8112.5
2387,79.6462,5.61156555446709,0.015625,250,8,33,100,73.56565656565657,-1702.2,-506.4,8115.9
2388,79.6796,5.61156555446709,0.015625,250,8,33,100,73.2636815920398,-1696.0,-506.9,8109.4
2389,79.713,5.61156555446709,0.015625,250,8,33,100,72.03482587064677,-1701.0,-509.2,8110.5
2390,79.7463,5.61156555446709,0.015625,250,8,33,100,72.3731343283582,-1705.3,-506.8,8110.1
2391,79.7797,5.61156555446709,0.015625,250,8,33,100,72.23232323232324,-1698.9,-505.4,8111.8
2392,79.8131,5.61156555446709,0.015625,250,8,33,100,72.46766169154229,-1700.1,-501.8,8109.8
2393,79.8464,5.61156555446709,0.015625,250,8,33,100,72.96517412935323,-1701.5,-505.8,8110.4
2394,79.8798,5.61156555446709,0.015625,250,8,33,100,73.07462686567165,-1701.0,-508.2,8112.1
2395,79.9132,5.61156555446709,0.015625,250,8,33,100,73.12626262626263,-1700.4,-506.5,8112.6
2396,79.9465,5.61156555446709,0.015625,250,8,33,100,71.96019900497512,-1700.0,-507.4,8108.9
2397,79.9799,5.61156555446709,0.015625,250,8,33,100,73.42786069651741,-1703.0,-504.7,8108.3
2398,80.0133,5.61156555446709,0.015625,250,8,33,100,73.46464646464646,-1699.3,-510.4,8110.5
2399,80.0466,5.61156555446709,0.015625,250,8,33,100,71.6268656716418,-1695.4,-507.0,8114.0
2400,80.08,5.61156555446709,0.015625,250,8,33,100,72.00995024875621,-1698.4,-508.1,8113.5
2401,80.1134,5.61156555446709,0.015625,250,8,33,100,72.55721393034825,-1701.1,-503.2,8111.3
2402,80.1467,5.61156555446709,0.015625,250,8,33,100,72.64646464646465,-1697.6,-507.3,8109.6
2403,80.1801,5.61156555446709,0.015625,250,8,33,100,72.75621890547264,-1699.9,-503.0,8112.6
2404,80.2135,5.61156555446709,0.015625,250,8,33,100,73.24378109452736,-1701.6,-507.1,8110.3
2405,80.2468,5.61156555446709,0.015625,250,8,33,100,73.2089552238806,-1702.0,-508.6,8113.0
2406,80.2802,5.61156555446709,0.015625,250,8,33,100,72.76767676767676,-1699.4,-513.1,8108.9
2407,80.3136,5.61156555446709,0.015625,250,8,33,100,73.20398009950249,-1700.7,-504.5,8112.3
2408,80.3469,5.61156555446709,0.015625,250,8,33,100,73.74626865671642,-1700.4,-509.3,8109.5
2409,80.3803,5.61156555446709,0.015625,250,8,33,100,71.93532338308458,-1697.1,-503.8,8109.6
2410,80.4137,5.61156555446709,0.015625,250,8,33,100,73.83838383838383,-1703.4,-506.6,8110.9
2411,80.447,5.61156555446709,0.015625,250,8,33,100,71.70646766169155,-1697.4,-503.4,8112.2
2412,80.4804,5.61156555446709,0.015625,250,8,33,100,73.45273631840796,-1705.3,-504.1,8114.6
2413,80.5138,5.61156555446709,0.015625,250,8,33,100,74.17171717171718,-1697.3,-507.7,8114.5
2414,80.5471,5.61156555446709,0.015625,250,8,33,100,72.22388059701493,-1698.1,-508.4,8115.6
2415,80.5805,5.61156555446709,0.015625,250,8,33,100,73.50248756218906,-1703.6,-510.9,8112.3
2416,80.6139,5.61156555446709,0.015625,250,8,33,100,73.34328358208955,-1694.8,-506.7,8112.6
2417,80.6472,5.61156555446709,0.015625,250,8,33,100,71.5050505050505,-1702.6,-508.0,8111.7
2418,80.6806,5.61156555446709,0.015625,250,8,33,100,73.51741293532338,-1697.7,-506.5,8111.3
2419,80.714,5.61156555446709,0.015625,250,8,33,100,71.88059701492537,-1699.4,-505.0,8111.0
2420,80.7473,5.61156555446709,0.015625,250,8,33,100,71.99004975124379,-1703.4,-505.1,8114.9
2421,80.7807,5.61156555446709,0.015625,250,8,33,100,72.76262626262626,-1696.2,-507.7,8112.4
2422,80.8141,5.61156555446709,0.015625,250,8,33,100,71.67661691542288,-1704.1,-508.1,8111.3
2423,80.8474,5.61156555446709,0.015625,250,8,33,100,74.0049751243781,-1699.5,-504.6,8110.0
2424,80.8808,5.61156555446709,0.015625,250,8,33,100,71.87562189054727,-1698.3,-508.2,8110.9
2425,80.9142,5.61156555446709,0.015625,250,8,33,100,73.71212121212122,-1705.9,-507.7,8113.2
2426,80.9475,5.61156555446709,0.015625,250,8,33,100,72.29850746268657,-1696.3,-506.7,8114.3
2427,80.9809,5.61156555446709,0.015625,250,8,33,100,73.17910447761194,-1703.5,-508.8,8113.2
2428,81.0143,5.61156555446709,0.015625,250,8,33,100,73.29292929292929,-1695.3,-508.6,8116.0
2429,81.0476,5.61156555446709,0.015625,250,8,33,100,72.24378109452736,-1700.9,-506.0,8110.5
2430,81.081,5.61156555446709,0.015625,250,8,33,100,74.78109452736318,-1707.5,-507.7,8111.8
2431,81.1144,5.61156555446709,0.015625,250,8,33,100,72.88059701492537,-1693.6,-508.0,8115.0
2432,81.1477,5.61156555446709,0.015625,250,8,33,100,72.6919191919192,-1701.1,-507.3,8115.2
2433,81.1811,5.61156555446709,0.015625,250,8,33,100,74.88557213930348,-1702.7,-505.2,8112.7
2434,81.2145,5.61156555446709,0.015625,250,8,33,100,71.95024875621891,-1700.2,-509.4,8110.0
2435,81.2478,5.61156555446709,0.015625,250,8,33,100,73.98009950248756,-1706.1,-504.4,8109.6
2436,81.2812,5.61156555446709,0.015625,250,8,33,100,73.05555555555556,-1696.2,-504.4,8113.0
2437,81.3146,5.61156555446709,0.015625,250,8,33,100,71.34328358208955,-1704.2,-506.2,8110.3
2438,81.3479,5.61156555446709,0.015625,250,8,33,100,74.1592039800995,-1699.3,-508.0,8113.9
2439,81.3813,5.61156555446709,0.015625,250,8,33,100,71.53731343283582,-1697.1,-507.1,8114.1
2440,81.4147,5.61156555446709,0.015625,250,8,33,100,72.5959595959596,-1705.2,-506.9,8107.8
2441,81.448,5.61156555446709,0.015625,250,8,33,100,72.48258706467662,-1699.9,-502.8,8111.3
2442,81.4814,5.61156555446709,0.015625,250,8,33,100,72.90049751243781,-1703.1,-507.1,8113.1
2443,81.5148,5.61156555446709,0.015625,250,8,33,100,73.1919191919192,-1703.0,-505.0,8113.0
2444,81.5481,5.61156555446709,0.015625,250,8,33,100,71.49751243781094,-1697.4,-507.6,8114.5
2445,81.5815,5.61156555446709,0.015625,250,8,33,100,71.78109452736318,-1704.3,-508.2,8110.3
2446,81.6149,5.61156555446709,0.015625,250,8,33,100,73.60696517412936,-1699.3,-505.0,8111.9
2447,81.6482,5.61156555446709,0.015625,250,8,33,100,72.17171717171718,-1701.1,-506.0,8112.3
2448,81.6816,5.61156555446709,0.015625,250,8,33,100,74.03482587064677,-1705.7,-508.6,8109.7
2449,81.715,5.61156555446709,0.015625,250,8,33,100,72.23383084577114,-1696.3,-510.4,8110.7
2450,81.7483,5.61156555446709,0.015625,250,8,33,100,72.49751243781094,-1699.2,-509.1,8112.3
2451,81.7817,5.61156555446709,0.015625,250,8,33,100,72.27272727272727,-1701.5,-509.5,8114.8
2452,81.8151,5.61156555446709,0.015625,250,8,33,100,72.34825870646766,-1698.4,-505.1,8113.0
2453,81.8484,5.61156555446709,0.015625,250,8,33,100,73.13930348258707,-1702.0,-509.5,8110.7
2454,81.8818,5.61156555446709,0.015625,250,8,33,100,73.23880597014926,-1700.5,-506.6,8112.5
2455,81.9152,5.61156555446709,0.015625,250,8,33,100,73.25252525252525,-1695.6,-507.1,8113.2
2456,81.9485,5.61156555446709,0.015625,250,8,33,100,72.5223880597015,-1702.1,-508.8,8113.4
2457,81.9819,5.61156555446709,0.015625,250,8,33,100,73.06965174129353,-1697.5,-506.0,8112.2
2458,82.0153,5.61156555446709,0.015625,250,8,33,100,72.8030303030303,-1704.5,-504.1,8111.0
2459,82.0486,5.61156555446709,0.015625,250,8,33,100,73.363184079602,-1700.6,-507.6,8113.6
2460,82.082,5.61156555446709,0.015625,250,8,33,100,72.72636815920399,-1696.5,-506.6,8111.6
2461,82.1154,5.61156555446709,0.015625,250,8,33,100,72.97512437810946,-1704.5,-506.9,8107.0
2462,82.1487,5.61156555446709,0.015625,250,8,33,100,73.97979797979798,-1698.0,-508.7,8111.3
2463,82.1821,5.61156555446709,0.015625,250,8,33,100,72.2636815920398,-1702.7,-506.2,8112.0
2464,82.2155,5.61156555446709,0.015625,250,8,33,100,73.67164179104478,-1702.0,-508.1,8111.8
2465,82.2488,5.61156555446709,0.015625,250,8,33,100,72.59701492537313,-1697.1,-509.0,8112.3
2466,82.2822,5.61156555446709,0.015625,250,8,33,100,73.28282828282828,-1702.6,-506.5,8111.7
2467,82.3156,5.61156555446709,0.015625,250,8,33,100,72.34328358208955,-1699.3,-509.6,8114.1
2468,82.3489,5.61156555446709,0.015625,250,8,33,100,72.33333333333333,-1700.8,-505.3,8114.1
2469,82.3823,5.61156555446709,0.015625,250,8,33,100,72.62189054726367,-1703.1,-506.9,8111.8
2470,82.4157,5.61156555446709,0.015625,250,8,33,100,73.04545454545455,-1694.8,-508.9,8110.5
2471,82.449,5.61156555446709,0.015625,250,8,33,100,72.5223880597015,-1704.3,-505.4,8111.4
2472,82.4824,5.61156555446709,0.015625,250,8,33,100,73.32835820895522,-1700.6,-507.0,8109.3
2473,82.5158,5.61156555446709,0.015625,250,8,33,100,72.52020202020202,-1699.3,-508.8,8110.8
2474,82.5491,5.61156555446709,0.015625,250,8,33,100,72.82089552238806,-1701.4,-506.3,8109.7
2475,82.5825,5.61156555446709,0.015625,250,8,33,100,72.02487562189054,-1700.1,-507.5,8111.2
2476,82.6159,5.61156555446709,0.015625,250,8,33,100,72.74626865671642,-1702.2,-507.5,8110.6
2477,82.6492,5.61156555446709,0.015625,250,8,33,100,73.86868686868686,-1699.4,-507.5,8112.6
2478,82.6826,5.61156555446709,0.015625,250,8,33,100,71.35323383084577,-1699.3,-503.5,8111.7
2479,82.716,5.61156555446709,0.015625,250,8,33,100,73.77611940298507,-1702.3,-506.1,8112.8
2480,82.7493,5.61156555446709,0.015625,250,8,33,100,73.72636815920399,-1697.8,-509.6,8111.1
2481,82.7827,5.61156555446709,0.015625,250,8,33,100,73.43434343434343,-1700.8,-512.9,8114.7
2482,82.8161,5.61156555446709,0.015625,250,8,33,100,72.1542288557214,-1701.9,-504.6,8106.8
2483,82.8494,5.61156555446709,0.015625,250,8,33,100,72.67661691542288,-1699.9,-504.7,8113.5
2484,82.8828,5.61156555446709,0.015625,250,8,33,100,72.46268656716418,-1703.6,-506.4,8113.1
2485,82.9162,5.61156555446709,0.015625,250,8,33,100,73.43939393939394,-1695.4,-501.8,8108.1
2486,82.9495,5.61156555446709,0.015625,250,8,33,100,72.43781094527363,-1700.3,-507.2,8112.1
2487,82.9829,5.61156555446709,0.015625,250,8,33,100,72.81592039800995,-1699.2,-508.7,8115.5
2488,83.0163,5.61156555446709,0.015625,250,8,33,100,71.81313131313131,-1701.9,-510.0,8112.3
2489,83.0496,5.61156555446709,0.015625,250,8,33,100,72.87562189054727,-1702.5,-504.4,8115.6
2490,83.083,5.61156555446709,0.015625,250,8,33,100,72.56218905472637,-1700.4,-510.0,8112.1
2491,83.1164,5.61156555446709,0.015625,250,8,33,100,73.08955223880596,-1697.0,-503.0,8116.3
2492,83.1497,5.61156555446709,0.015625,250,8,33,100,71.82828282828282,-1703.2,-507.8,8110.2
2493,83.1831,5.61156555446709,0.015625,250,8,33,100,74.18905472636816,-1700.5,-503.7,8111.9
2494,83.2165,5.61156555446709,0.015625,250,8,33,100,72.92537313432835,-1697.4,-512.1,8111.5
2495,83.2498,5.61156555446709,0.015625,250,8,33,100,72.4726368159204,-1704.9,-504.6,8113.3
2496,83.2832,5.61156555446709,0.015625,250,8,33,100,73.01515151515152,-1701.1,-507.5,8114.3
2497,83.3166,5.61156555446709,0.015625,250,8,33,100,71.60199004975124,-1699.4,-502.6,8113.7
2498,83.3499,5.61156555446709,0.015625,250,8,33,100,73.48258706467662,-1698.9,-507.2,8113.7
2499,83.3833,5.61156555446709,0.015625,250,8,33,100,72.06965174129353,-1700.2,-508.9,8112.9
2500,83.4167,5.61156555446709,0.015625,250,8,33,100,74.0,-1702.6,-508.5,8111.2
2501,83.45,5.61156555446709,0.015625,250,8,33,100,72.7860696517413,-1702.7,-508.0,8111.4
2502,83.4834,5.61156555446709,0.015625,250,8,33,100,72.01492537313433,-1698.0,-506.0,8111.1
2503,83.5168,5.61156555446709,0.015625,250,8,33,100,71.70707070707071,-1705.8,-507.7,8110.5
2504,83.5501,5.61156555446709,0.015625,250,8,33,100,74.88059701492537,-1700.2,-506.4,8110.3
2505,83.5835,5.61156555446709,0.015625,250,8,33,100,72.11442786069652,-1701.2,-509.0,8112.2
2506,83.6169,5.61156555446709,0.015625,250,8,33,100,73.54726368159204,-1700.6,-503.8,8107.3
2507,83.6502,5.61156555446709,0.015625,250,8,33,100,73.20707070707071,-1698.7,-508.3,8109.3
2508,83.6836,5.61156555446709,0.015625,250,8,33,100,72.58706467661692,-1705.6,-503.9,8111.7
2509,83.717,5.61156555446709,0.015625,250,8,33,100,74.19900497512438,-1700.9,-506.7,8111.0
2510,83.7503,5.61156555446709,0.015625,250,8,33,100,72.88059701492537,-1701.7,-504.2,8112.0
2511,83.7837,5.61156555446709,0.015625,250,8,33,100,73.47979797979798,-1702.0,-507.3,8111.3
2512,83.8171,5.61156555446709,0.015625,250,8,33,100,71.64676616915423,-1699.3,-506.4,8114.0
2513,83.8504,5.61156555446709,0.015625,250,8,33,100,72.30845771144278,-1699.3,-506.5,8111.4
2514,83.8838,5.61156555446709,0.015625,250,8,33,100,72.07462686567165,-1700.4,-505.1,8109.6
2515,83.9172,5.61156555446709,0.015625,250,8,33,100,73.8989898989899,-1697.4,-504.3,8111.8
2516,83.9505,5.61156555446709,0.015625,250,8,33,100,72.01492537313433,-1703.8,-509.1,8109.6
2517,83.9839,5.61156555446709,0.015625,250,8,33,100,73.39303482587064,-1698.2,-506.7,8110.8
2518,84.0173,5.61156555446709,0.015625,250,8,33,100,72.10606060606061,-1698.2,-508.8,8112.3
2519,84.0506,5.61156555446709,0.015625,250,8,33,100,73.28358208955224,-1704.2,-505.7,8112.9
2520,84.084,5.61156555446709,0.015625,250,8,33,100,71.23880597014926,-1699.9,-505.0,8114.0
2521,84.1174,5.61156555446709,0.015625,250,8,33,100,73.17910447761194,-1701.3,-504.6,8108.8
2522,84.1507,5.61156555446709,0.015625,250,8,33,100,72.34343434343434,-1697.6,-509.9,8110.6
2523,84.1841,5.61156555446709,0.015625,250,8,33,100,73.8955223880597,-1701.9,-504.6,8112.0
2524,84.2175,5.61156555446709,0.015625,250,8,33,100,72.93034825870647,-1698.2,-508.1,8110.5
2525,84.2508,5.61156555446709,0.015625,250,8,33,100,73.2089552238806,-1702.5,-507.2,8108.8
2526,84.2842,5.61156555446709,0.015625,250,8,33,100,73.72727272727273,-1699.4,-507.3,8112.3
2527,84.3176,5.61156555446709,0.015625,250,8,33,100,71.72139303482587,-1705.0,-506.9,8112.5
2528,84.3509,5.61156555446709,0.015625,250,8,33,100,74.05970149253731,-1700.9,-507.2,8113.6
2529,84.3843,5.61156555446709,0.015625,250,8,33,100,72.03980099502488,-1697.4,-505.1,8114.0
2530,84.4177,5.61156555446709,0.015625,250,8,33,100,73.66161616161617,-1703.9,-507.7,8110.6
2531,84.451,5.61156555446709,0.015625,250,8,33,100,73.76616915422886,-1697.7,-507.5,8111.8
2532,84.4844,5.61156555446709,0.015625,250,8,33,100,72.636815920398,-1700.1,-505.3,8111.7
2533,84.5178,5.61156555446709,0.015625,250,8,33,100,72.91414141414141,-1700.5,-507.6,8110.9
2534,84.5511,5.61156555446709,0.015625,250,8,33,100,73.26865671641791,-1698.2,-508.0,8110.0
2535,84.5845,5.61156555446709,0.015625,250,8,33,100,73.06467661691542,-1702.6,-505.6,8114.1
2536,84.6179,5.61156555446709,0.015625,250,8,33,100,74.2139303482587,-1699.8,-508.3,8111.5
2537,84.6512,5.61156555446709,0.015625,250,8,33,100,72.8080808080808,-1700.4,-509.1,8110.6
2538,84.6846,5.61156555446709,0.015625,250,8,33,100,73.41293532338308,-1699.2,-508.3,8109.3
2539,84.718,5.61156555446709,0.015625,250,8,33,100,72.98507462686567,-1698.8,-508.2,8112.8
2540,84.7513,5.61156555446709,0.015625,250,8,33,100,72.55721393034825,-1700.2,-506.2,8111.9
2541,84.7847,5.61156555446709,0.015625,250,8,33,100,72.41919191919192,-1700.4,-506.9,8113.1
2542,84.8181,5.61156555446709,0.015625,250,8,33,100,72.35820895522389,-1702.7,-502.7,8112.3
2543,84.8514,5.61156555446709,0.015625,250,8,33,100,74.01990049751244,-1700.1,-505.6,8113.1
2544,84.8848,5.61156555446709,0.015625,250,8,33,100,72.86567164179104,-1699.0,-507.2,8112.3
2545,84.9182,5.61156555446709,0.015625,250,8,33,100,73.07070707070707,-1703.2,-508.2,8112.7
2546,84.9515,5.61156555446709,0.015625,250,8,33,100,73.03482587064677,-1700.1,-507.1,8108.5
2547,84.9849,5.61156555446709,0.015625,250,8,33,100,72.69651741293532,-1701.5,-504.8,8114.4
2548,85.0183,5.61156555446709,0.015625,250,8,33,100,72.63131313131314,-1702.0,-510.0,8110.7
2549,85.0516,5.61156555446709,0.015625,250,8,33,100,72.74626865671642,-1699.8,-509.1,8112.6
2550,85.085,5.61156555446709,0.015625,250,8,33,100,73.06467661691542,-1700.7,-507.7,8113.1
2551,85.1184,5.61156555446709,0.015625,250,8,33,100,73.53731343283582,-1698.8,-505.4,8111.8
2552,85.1517,5.61156555446709,0.015625,250,8,33,100,72.24242424242425,-1699.3,-506.2,8111.0
2553,85.1851,5.61156555446709,0.015625,250,8,33,100,72.03482587064677,-1699.5,-505.3,8112.2
2554,85.2185,5.61156555446709,0.015625,250,8,33,100,72.73134328358209,-1699.6,-507.9,8111.6
2555,85.2518,5.61156555446709,0.015625,250,8,33,100,73.26865671641791,-1701.6,-506.6,8113.8
2556,85.2852,5.61156555446709,0.015625,250,8,33,100,73.22222222222223,-1701.0,-508.9,8114.0
2557,85.3186,5.61156555446709,0.015625,250,8,33,100,72.6318407960199,-1699.6,-506.6,8110.8
2558,85.3519,5.61156555446709,0.015625,250,8,33,100,72.93532338308458,-1703.7,-508.4,8118.2
2559,85.3853,5.61156555446709,0.015625,250,8,33,100,73.51741293532338,-1700.4,-505.5,8112.8
2560,85.4187,5.61156555446709,0.015625,250,8,33,100,72.24747474747475,-1696.9,-511.1,8112.8
2561,85.452,5.61156555446709,0.015625,250,8,33,100,71.61194029850746,-1704.7,-506.5,8112.5
2562,85.4854,5.61156555446709,0.015625,250,8,33,100,72.69154228855722,-1704.1,-509.1,8109.0
2563,85.5188,5.61156555446709,0.015625,250,8,33,100,72.89393939393939,-1700.6,-505.2,8112.2
2564,85.5521,5.61156555446709,0.015625,250,8,33,100,72.06965174129353,-1700.2,-509.0,8111.6
2565,85.5855,5.61156555446709,0.015625,250,8,33,100,73.05970149253731,-1699.7,-506.0,8114.3
2566,85.6189,5.61156555446709,0.015625,250,8,33,100,72.41293532338308,-1699.3,-511.0,8116.6
2567,85.6522,5.61156555446709,0.015625,250,8,33,100,73.35353535353535,-1699.4,-506.1,8110.4
2568,85.6856,5.61156555446709,0.015625,250,8,33,100,72.6318407960199,-1702.3,-508.5,8111.9
2569,85.719,5.61156555446709,0.015625,250,8,33,100,73.48258706467662,-1702.8,-506.5,8110.9
2570,85.7523,5.61156555446709,0.015625,250,8,33,100,73.29353233830845,-1696.2,-510.7,8112.9
2571,85.7857,5.61156555446709,0.015625,250,8,33,100,72.4090909090909,-1699.0,-504.4,8116.2
2572,85.8191,5.61156555446709,0.015625,250,8,33,100,73.00995024875621,-1704.4,-507.3,8114.9
2573,85.8524,5.61156555446709,0.015625,250,8,33,100,73.13432835820896,-1696.5,-507.8,8113.7
2574,85.8858,5.61156555446709,0.015625,250,8,33,100,72.27363184079601,-1699.8,-510.2,8110.3
2575,85.9192,5.61156555446709,0.015625,250,8,33,100,73.10606060606061,-1699.0,-503.7,8107.9
2576,85.9525,5.61156555446709,0.015625,250,8,33,100,72.48258706467662,-1700.3,-504.3,8112.9
2577,85.9859,5.61156555446709,0.015625,250,8,33,100,72.3731343283582,-1698.6,-508.6,8115.1
2578,86.0193,5.61156555446709,0.015625,250,8,33,100,72.1969696969697,-1701.7,-505.0,8112.0
2579,86.0526,5.61156555446709,0.015625,250,8,33,100,72.08457711442786,-1702.5,-507.9,8111.6
2580,86.086,5.61156555446709,0.015625,250,8,33,100,72.73134328358209,-1695.6,-507.3,8115.4
2581,86.1194,5.61156555446709,0.015625,250,8,33,100,72.79601990049751,-1700.2,-505.7,8113.6
2582,86.1527,5.61156555446709,0.015625,250,8,33,100,73.94949494949495,-1704.6,-507.3,8108.0
2583,86.1861,5.61156555446709,0.015625,250,8,33,100,72.61194029850746,-1697.2,-508.9,8111.5
2584,86.2195,5.61156555446709,0.015625,250,8,33,100,72.73134328358209,-1704.2,-509.4,8109.2
2585,86.2528,5.61156555446709,0.015625,250,8,33,100,72.69154228855722,-1697.6,-507.8,8108.0
2586,86.2862,5.61156555446709,0.015625,250,8,33,100,71.77272727272727,-1706.1,-504.1,8112.9
2587,86.3196,5.61156555446709,0.015625,250,8,33,100,73.61194029850746,-1699.9,-504.5,8110.2
2588,86.3529,5.61156555446709,0.015625,250,8,33,100,72.30845771144278,-1697.2,-509.3,8111.0
2589,86.3863,5.61156555446709,0.015625,250,8,33,100,73.93034825870647,-1706.9,-506.9,8110.9
2590,86.4197,5.61156555446709,0.015625,250,8,33,100,72.73232323232324,-1694.8,-506.4,8109.9
2591,86.453,5.61156555446709,0.015625,250,8,33,100,72.19900497512438,-1700.0,-508.6,8111.3
2592,86.4864,5.61156555446709,0.015625,250,8,33,100,74.1044776119403,-1704.8,-511.0,8109.6
2593,86.5198,5.61156555446709,0.015625,250,8,33,100,72.38383838383838,-1698.2,-507.6,8112.4
2594,86.5531,5.61156555446709,0.015625,250,8,33,100,72.636815920398,-1704.2,-509.0,8111.2
2595,86.5865,5.61156555446709,0.015625,250,8,33,100,73.11940298507463,-1698.1,-502.0,8116.0
2596,86.6199,5.61156555446709,0.015625,250,8,33,100,73.31343283582089,-1703.7,-505.3,8109.1
2597,86.6532,5.61156555446709,0.015625,250,8,33,100,72.21717171717172,-1697.6,-505.8,8110.8
2598,86.6866,5.61156555446709,0.015625,250,8,33,100,73.40298507462687,-1697.1,-507.4,8112.6
2599,86.72,5.61156555446709,0.015625,250,8,33,100,71.85572139303483,-1704.1,-509.6,8110.6
2600,86.7533,5.61156555446709,0.015625,250,8,33,100,74.05472636815921,-1700.5,-507.6,8110.9
2601,86.7867,5.61156555446709,0.015625,250,8,33,100,71.97979797979798,-1697.6,-506.1,8115.8
2602,86.8201,5.61156555446709,0.015625,250,8,33,100,73.80597014925372,-1699.7,-505.9,8110.2
2603,86.8534,5.61156555446709,0.015625,250,8,33,100,71.98009950248756,-1703.2,-506.6,8114.7
2604,86.8868,5.61156555446709,0.015625,250,8,33,100,73.75124378109453,-1695.8,-506.0,8114.2
2605,86.9202,5.61156555446709,0.015625,250,8,33,100,71.6969696969697,-1700.8,-508.3,8111.2
2606,86.9535,5.61156555446709,0.015625,250,8,33,100,74.34328358208955,-1698.1,-504.6,8117.6
2607,86.9869,5.61156555446709,0.015625,250,8,33,100,72.09452736318408,-1701.1,-509.0,8110.2
2608,87.0203,5.61156555446709,0.015625,250,8,33,100,72.78282828282828,-1707.8,-505.5,8114.6
2609,87.0536,5.61156555446709,0.015625,250,8,33,100,72.38805970149254,-1695.2,-508.4,8111.4
2610,87.087,5.61156555446709,0.015625,250,8,33,100,71.5273631840796,-1705.4,-505.2,8109.7
2611,87.1204,5.61156555446709,0.015625,250,8,33,100,73.86567164179104,-1701.6,-508.6,8110.9
2612,87.1537,5.61156555446709,0.015625,250,8,33,100,71.9040404040404,-1693.7,-504.9,8107.8
2613,87.1871,5.61156555446709,0.015625,250,8,33,100,73.1542288557214,-1711.9,-506.6,8110.5
2614,87.2205,5.61156555446709,0.015625,250,8,33,100,73.19402985074628,-1697.0,-505.6,8111.7
2615,87.2538,5.61156555446709,0.015625,250,8,33,100,72.30845771144278,-1702.7,-508.6,8107.9
2616,87.2872,5.61156555446709,0.015625,250,8,33,100,73.23232323232324,-1700.7,-507.1,8111.2
2617,87.3206,5.61156555446709,0.015625,250,8,33,100,71.363184079602,-1694.6,-505.2,8112.9
2618,87.3539,5.61156555446709,0.015625,250,8,33,100,72.23383084577114,-1705.9,-504.1,8108.8
2619,87.3873,5.61156555446709,0.015625,250,8,33,100,75.19402985074628,-1692.3,-505.8,8113.5
2620,87.4207,5.61156555446709,0.015625,250,8,33,100,71.47979797979798,-1696.4,-506.9,8108.6
2621,87.454,5.61156555446709,0.015625,250,8,33,100,73.636815920398,-1705.8,-505.8,8114.5
2622,87.4874,5.61156555446709,0.015625,250,8,33,100,72.27363184079601,-1695.0,-511.4,8113.0
2623,87.5208,5.61156555446709,0.015625,250,8,33,100,72.10606060606061,-1705.1,-501.6,8111.2
2624,87.5541,5.61156555446709,0.015625,250,8,33,100,73.3731343283582,-1698.6,-509.6,8114.2
2625,87.5875,5.61156555446709,0.015625,250,8,33,100,71.71641791044776,-1695.9,-500.9,8110.9
2626,87.6209,5.61156555446709,0.015625,250,8,33,100,74.16417910447761,-1705.2,-510.3,8110.8
2627,87.6542,5.61156555446709,0.015625,250,8,33,100,72.16666666666667,-1696.5,-505.6,8113.1
2628,87.6876,5.61156555446709,0.015625,250,8,33,100,72.4776119402985,-1703.7,-506.6,8109.7
2629,87.721,5.61156555446709,0.015625,250,8,33,100,73.37810945273633,-1701.6,-504.9,8113.3
2630,87.7543,5.61156555446709,0.015625,250,8,33,100,72.22885572139303,-1699.1,-505.4,8110.5
2631,87.7877,5.61156555446709,0.015625,250,8,33,100,73.1010101010101,-1710.7,-507.6,8111.3
2632,87.8211,5.61156555446709,0.015625,250,8,33,100,73.40796019900498,-1693.0,-507.0,8109.6
2633,87.8544,5.61156555446709,0.015625,250,8,33,100,71.22885572139303,-1702.1,-510.0,8106.7
2634,87.8878,5.61156555446709,0.015625,250,8,33,100,73.46268656716418,-1705.8,-502.9,8112.5
2635,87.9212,5.61156555446709,0.015625,250,8,33,100,72.35353535353535,-1695.4,-507.6,8113.3
2636,87.9545,5.61156555446709,0.015625,250,8,33,100,72.92039800995025,-1704.0,-508.1,8111.5
2637,87.9879,5.61156555446709,0.015625,250,8,33,100,72.50248756218906,-1700.7,-508.5,8111.7
2638,88.0213,5.61156555446709,0.015625,250,8,33,100,72.35858585858585,-1703.1,-507.7,8110.9
2639,88.0546,5.61156555446709,0.015625,250,8,33,100,74.88557213930348,-1702.7,-509.0,8110.6
2640,88.088,5.61156555446709,0.015625,250,8,33,100,72.49751243781094,-1695.7,-505.3,8109.3
2641,88.1214,5.61156555446709,0.015625,250,8,33,100,73.18407960199005,-1704.4,-505.8,8110.6
2642,88.1547,5.61156555446709,0.015625,250,8,33,100,72.54545454545455,-1696.4,-509.9,8112.7
2643,88.1881,5.61156555446709,0.015625,250,8,33,100,73.30845771144278,-1698.4,-508.4,8112.2
2644,88.2215,5.61156555446709,0.015625,250,8,33,100,72.17412935323384,-1701.4,-507.0,8109.1
2645,88.2548,5.61156555446709,0.015625,250,8,33,100,73.80597014925372,-1698.4,-506.3,8110.5
2646,88.2882,5.61156555446709,0.015625,250,8,33,100,72.12121212121212,-1700.2,-509.2,8110.6
2647,88.3216,5.61156555446709,0.015625,250,8,33,100,72.9950248756219,-1700.6,-507.6,8110.4
2648,88.3549,5.61156555446709,0.015625,250,8,33,100,73.66666666666667,-1698.5,-508.4,8111.0
2649,88.3883,5.61156555446709,0.015625,250,8,33,100,72.69651741293532,-1699.6,-504.8,8109.6
2650,88.4217,5.61156555446709,0.015625,250,8,33,100,73.6969696969697,-1702.0,-506.9,8115.0
2651,88.455,5.61156555446709,0.015625,250,8,33,100,73.02487562189054,-1699.1,-505.5,8112.1
2652,88.4884,5.61156555446709,0.015625,250,8,33,100,72.19900497512438,-1702.9,-504.8,8112.1
2653,88.5218,5.61156555446709,0.015625,250,8,33,100,72.94444444444444,-1700.9,-507.9,8110.0
2654,88.5551,5.61156555446709,0.015625,250,8,33,100,72.88557213930348,-1695.1,-507.9,8110.5
2655,88.5885,5.61156555446709,0.015625,250,8,33,100,72.16417910447761,-1705.0,-506.9,8110.1
2656,88.6219,5.61156555446709,0.015625,250,8,33,100,73.51243781094527,-1695.8,-504.6,8109.5
2657,88.6552,5.61156555446709,0.015625,250,8,33,100,72.08585858585859,-1702.6,-504.6,8112.1
2658,88.6886,5.61156555446709,0.015625,250,8,33,100,74.32835820895522,-1704.9,-507.1,8109.6
2659,88.722,5.61156555446709,0.015625,250,8,33,100,72.90547263681592,-1698.9,-509.0,8114.1
2660,88.7553,5.61156555446709,0.015625,250,8,33,100,72.4726368159204,-1704.9,-506.6,8109.1
2661,88.7887,5.61156555446709,0.015625,250,8,33,100,74.14646464646465,-1699.2,-510.6,8110.7
2662,88.8221,5.61156555446709,0.015625,250,8,33,100,71.93532338308458,-1697.4,-504.4,8114.6
2663,88.8554,5.61156555446709,0.015625,250,8,33,100,73.6318407960199,-1701.9,-507.4,8109.8
2664,88.8888,5.61156555446709,0.015625,250,8,33,100,73.40796019900498,-1698.6,-504.7,8111.9
2665,88.9222,5.61156555446709,0.015625,250,8,33,100,72.5,-1704.7,-505.8,8110.2
2666,88.9555,5.61156555446709,0.015625,250,8,33,100,72.01990049751244,-1700.8,-508.8,8112.2
2667,88.9889,5.61156555446709,0.015625,250,8,33,100,73.08457711442786,-1698.2,-507.0,8111.2
2668,89.0223,5.61156555446709,0.015625,250,8,33,100,72.21538461538462,-1701.7,-503.0,8109.8
2669,89.0556,5.61156555446709,0.015625,250,8,33,100,73.19402985074628,-1697.0,-505.2,8111.3
2670,89.089,5.61156555446709,0.015625,250,8,33,100,72.87064676616916,-1701.6,-505.6,8108.6
2671,89.1224,5.61156555446709,0.015625,250,8,33,100,72.94527363184079,-1700.8,-512.2,8112.3
2672,89.1557,5.61156555446709,0.015625,250,8,33,100,73.35858585858585,-1697.5,-508.0,8110.4
2673,89.1891,5.61156555446709,0.015625,250,8,33,100,71.76616915422886,-1706.1,-505.8,8108.1
2674,89.2225,5.61156555446709,0.015625,250,8,33,100,73.95522388059702,-1701.0,-505.6,8112.1
2675,89.2558,5.61156555446709,0.015625,250,8,33,100,72.29353233830845,-1698.7,-507.3,8109.9
2676,89.2892,5.61156555446709,0.015625,250,8,33,100,74.55555555555556,-1702.6,-509.1,8110.5
2677,89.3226,5.61156555446709,0.015625,250,8,33,100,72.59203980099502,-1697.9,-508.2,8111.8
2678,89.3559,5.61156555446709,0.015625,250,8,33,100,72.78109452736318,-1703.5,-505.2,8111.8
2679,89.3893,5.61156555446709,0.015625,250,8,33,100,72.95024875621891,-1703.2,-508.1,8109.5
2680,89.4227,5.61156555446709,0.015625,250,8,33,100,72.73737373737374,-1696.8,-507.0,8110.7
2681,89.456,5.61156555446709,0.015625,250,8,33,100,72.9950248756219,-1703.6,-510.1,8111.5
2682,89.4894,5.61156555446709,0.015625,250,8,33,100,73.34825870646766,-1701.8,-505.3,8107.5
2683,89.5228,5.61156555446709,0.015625,250,8,33,100,72.93434343434343,-1699.1,-505.0,8111.9
2684,89.5561,5.61156555446709,0.015625,250,8,33,100,72.98507462686567,-1704.2,-507.2,8108.2
2685,89.5895,5.61156555446709,0.015625,250,8,33,100,73.25373134328358,-1698.0,-502.9,8112.3
2686,89.6229,5.61156555446709,0.015625,250,8,33,100,72.66666666666667,-1703.1,-505.5,8111.4
2687,89.6562,5.61156555446709,0.015625,250,8,33,100,73.39393939393939,-1699.4,-509.7,8111.7
2688,89.6896,5.61156555446709,0.015625,250,8,33,100,71.90049751243781,-1699.6,-509.4,8106.0
2689,89.723,5.61156555446709,0.015625,250,8,33,100,72.96019900497512,-1703.4,-506.5,8109.5
2690,89.7563,5.61156555446709,0.015625,250,8,33,100,72.51243781094527,-1696.3,-504.3,8110.3
2691,89.7897,5.61156555446709,0.015625,250,8,33,100,72.17171717171718,-1700.7,-504.4,8111.2
2692,89.8231,5.61156555446709,0.015625,250,8,33,100,74.35323383084577,-1705.9,-507.3,8112.4
2693,89.8564,5.61156555446709,0.015625,250,8,33,100,71.18407960199005,-1696.8,-506.8,8113.6
2694,89.8898,5.61156555446709,0.015625,250,8,33,100,73.43283582089552,-1704.0,-507.4,8109.9
2695,89.9232,5.61156555446709,0.015625,250,8,33,100,72.46464646464646,-1699.7,-510.5,8110.4
2696,89.9565,5.61156555446709,0.015625,250,8,33,100,72.71144278606965,-1703.0,-507.0,8110.9
2697,89.9899,5.61156555446709,0.015625,250,8,33,100,73.77114427860697,-1699.3,-508.6,8111.8
2698,90.0233,5.61156555446709,0.015625,250,8,33,100,73.67676767676768,-1703.1,-507.3,8107.5
2699,90.0566,5.61156555446709,0.015625,250,8,33,100,72.82089552238806,-1705.6,-511.1,8108.9
2700,90.09,5.61156555446709,0.015625,250,8,33,100,72.8955223880597,-1699.1,-506.1,8116.0
2701,90.1234,5.61156555446709,0.015625,250,8,33,100,73.3731343283582,-1701.7,-510.9,8110.7
2702,90.1567,5.61156555446709,0.015625,250,8,33,100,73.73232323232324,-1699.5,-507.9,8109.1
2703,90.1901,5.61156555446709,0.015625,250,8,33,100,71.45273631840796,-1702.0,-506.0,8113.3
2704,90.2235,5.61156555446709,0.015625,250,8,33,100,73.19402985074628,-1703.8,-508.2,8109.9
2705,90.2568,5.61156555446709,0.015625,250,8,33,100,73.94527363184079,-1700.2,-508.3,8112.3
2706,90.2902,5.61156555446709,0.015625,250,8,33,100,72.06565656565657,-1704.2,-506.1,8108.2
2707,90.3236,5.61156555446709,0.015625,250,8,33,100,74.61194029850746,-1701.3,-508.0,8110.7
2708,90.3569,5.61156555446709,0.015625,250,8,33,100,72.51243781094527,-1695.3,-509.0,8112.6
2709,90.3903,5.61156555446709,0.015625,250,8,33,100,73.20398009950249,-1705.7,-506.3,8109.8
2710,90.4237,5.61156555446709,0.015625,250,8,33,100,73.88888888888889,-1699.7,-510.5,8112.4
2711,90.457,5.61156555446709,0.015625,250,8,33,100,71.60199004975124,-1694.7,-506.2,8109.3
2712,90.4904,5.61156555446709,0.015625,250,8,33,100,72.9950248756219,-1704.4,-506.5,8110.8
2713,90.5238,5.61156555446709,0.015625,250,8,33,100,71.85353535353535,-1699.7,-504.3,8110.0
2714,90.5571,5.61156555446709,0.015625,250,8,33,100,71.71144278606965,-1705.4,-508.9,8112.0
2715,90.5905,5.61156555446709,0.015625,250,8,33,100,72.60696517412936,-1700.2,-509.0,8113.4
2716,90.6239,5.61156555446709,0.015625,250,8,33,100,73.39303482587064,-1701.6,-506.4,8111.6
2717,90.6572,5.61156555446709,0.015625,250,8,33,100,73.53535353535354,-1704.9,-505.8,8114.8
2718,90.6906,5.61156555446709,0.015625,250,8,33,100,73.21890547263682,-1696.5,-506.0,8112.1
2719,90.724,5.61156555446709,0.015625,250,8,33,100,72.42288557213931,-1703.9,-506.9,8110.2
2720,90.7573,5.61156555446709,0.015625,250,8,33,100,73.49253731343283,-1700.1,-506.9,8111.1
2721,90.7907,5.61156555446709,0.015625,250,8,33,100,71.54040404040404,-1700.3,-508.3,8108.8
2722,90.8241,5.61156555446709,0.015625,250,8,33,100,72.6268656716418,-1702.3,-503.0,8111.4
2723,90.8574,5.61156555446709,0.015625,250,8,33,100,73.04975124378109,-1703.9,-509.7,8111.2
2724,90.8908,5.61156555446709,0.015625,250,8,33,100,72.31840796019901,-1703.3,-504.6,8113.4
2725,90.9242,5.61156555446709,0.015625,250,8,33,100,72.74747474747475,-1700.8,-512.3,8110.0
2726,90.9575,5.61156555446709,0.015625,250,8,33,100,73.16417910447761,-1700.1,-510.6,8108.5
2727,90.9909,5.61156555446709,0.015625,250,8,33,100,72.83084577114428,-1700.0,-508.3,8108.6
2728,91.0243,5.61156555446709,0.015625,250,8,33,100,72.5,-1701.2,-504.0,8107.4
2729,91.0576,5.61156555446709,0.015625,250,8,33,100,73.28855721393035,-1693.9,-507.7,8113.0
2730,91.091,5.61156555446709,0.015625,250,8,33,100,72.5223880597015,-1705.1,-506.5,8112.5
2731,91.1244,5.61156555446709,0.015625,250,8,33,100,74.61691542288557,-1697.2,-502.3,8110.2
2732,91.1577,5.61156555446709,0.015625,250,8,33,100,72.0959595959596,-1703.1,-511.0,8110.2
2733,91.1911,5.61156555446709,0.015625,250,8,33,100,72.7363184079602,-1707.0,-504.3,8111.3
2734,91.2245,5.61156555446709,0.015625,250,8,33,100,72.60696517412936,-1698.2,-509.6,8113.0
2735,91.2578,5.61156555446709,0.015625,250,8,33,100,73.2139303482587,-1702.9,-508.3,8112.9
2736,91.2912,5.61156555446709,0.015625,250,8,33,100,74.33838383838383,-1696.8,-508.1,8112.6
2737,91.3246,5.61156555446709,0.015625,250,8,33,100,71.82089552238806,-1700.7,-506.3,8111.6
2738,91.3579,5.61156555446709,0.015625,250,8,33,100,73.33830845771145,-1702.8,-508.7,8113.3
2739,91.3913,5.61156555446709,0.015625,250,8,33,100,71.99004975124379,-1697.9,-508.2,8115.2
2740,91.4247,5.61156555446709,0.015625,250,8,33,100,73.31818181818181,-1705.7,-508.7,8111.3
2741,91.458,5.61156555446709,0.015625,250,8,33,100,73.43781094527363,-1699.8,-508.1,8111.4
2742,91.4914,5.61156555446709,0.015625,250,8,33,100,72.6268656716418,-1697.2,-506.5,8113.4
2743,91.5248,5.61156555446709,0.015625,250,8,33,100,72.96969696969697,-1706.8,-507.1,8111.0
2744,91.5581,5.61156555446709,0.015625,250,8,33,100,74.2089552238806,-1696.7,-507.1,8109.8
2745,91.5915,5.61156555446709,0.015625,250,8,33,100,72.14925373134328,-1701.9,-513.6,8109.8
2746,91.6249,5.61156555446709,0.015625,250,8,33,100,74.43781094527363,-1700.5,-505.3,8112.1
2747,91.6582,5.61156555446709,0.015625,250,8,33,100,71.72222222222223,-1699.5,-504.0,8111.6
2748,91.6916,5.61156555446709,0.015625,250,8,33,100,74.48756218905473,-1706.5,-507.0,8110.8
2749,91.725,5.61156555446709,0.015625,250,8,33,100,72.62189054726367,-1698.3,-508.3,8113.9
2750,91.7583,5.61156555446709,0.015625,250,8,33,100,73.46766169154229,-1700.5,-506.2,8108.9
2751,91.7917,5.61156555446709,0.015625,250,8,33,100,73.51010101010101,-1702.8,-508.6,8108.5
2752,91.8251,5.61156555446709,0.015625,250,8,33,100,72.69154228855722,-1698.4,-504.2,8108.6
2753,91.8584,5.61156555446709,0.015625,250,8,33,100,72.33830845771145,-1703.8,-507.1,8110.7
2754,91.8918,5.61156555446709,0.015625,250,8,33,100,72.91044776119404,-1698.8,-505.6,8111.7
2755,91.9252,5.61156555446709,0.015625,250,8,33,100,72.26767676767676,-1699.7,-510.4,8111.2
2756,91.9585,5.61156555446709,0.015625,250,8,33,100,72.67661691542288,-1701.4,-507.0,8110.6
2757,91.9919,5.61156555446709,0.015625,250,8,33,100,73.22885572139303,-1697.1,-507.4,8108.0
2758,92.0253,5.61156555446709,0.015625,250,8,33,100,72.88888888888889,-1699.3,-508.9,8107.7
2759,92.0586,5.61156555446709,0.015625,250,8,33,100,72.40298507462687,-1699.7,-508.2,8110.6
2760,92.092,5.61156555446709,0.015625,250,8,33,100,72.7412935323383,-1700.8,-504.0,8109.4
2761,92.1254,5.61156555446709,0.015625,250,8,33,100,73.32835820895522,-1700.6,-507.9,8111.6
2762,92.1587,5.61156555446709,0.015625,250,8,33,100,73.8030303030303,-1700.7,-506.3,8114.3
2763,92.1921,5.61156555446709,0.015625,250,8,33,100,73.363184079602,-1700.1,-505.0,8117.5
2764,92.2255,5.61156555446709,0.015625,250,8,33,100,73.61194029850746,-1700.7,-505.9,8111.4
2765,92.2588,5.61156555446709,0.015625,250,8,33,100,72.74626865671642,-1700.8,-502.0,8111.8
2766,92.2922,5.61156555446709,0.015625,250,8,33,100,73.32323232323232,-1699.0,-506.7,8109.2
2767,92.3256,5.61156555446709,0.015625,250,8,33,100,72.81592039800995,-1700.3,-504.6,8112.3
2768,92.3589,5.61156555446709,0.015625,250,8,33,100,72.64179104477611,-1702.8,-506.5,8106.4
2769,92.3923,5.61156555446709,0.015625,250,8,33,100,73.53233830845771,-1700.0,-504.9,8110.9
2770,92.4257,5.61156555446709,0.015625,250,8,33,100,72.36363636363636,-1698.5,-503.6,8111.4
2771,92.459,5.61156555446709,0.015625,250,8,33,100,72.83582089552239,-1696.7,-510.2,8108.0
2772,92.4924,5.61156555446709,0.015625,250,8,33,100,74.13432835820896,-1700.6,-507.2,8112.7
2773,92.5258,5.61156555446709,0.015625,250,8,33,100,72.96464646464646,-1701.3,-508.5,8109.7
2774,92.5591,5.61156555446709,0.015625,250,8,33,100,72.93532338308458,-1703.9,-503.9,8108.3
2775,92.5925,5.61156555446709,0.015625,250,8,33,100,72.60199004975124,-1698.8,-508.0,8107.9
2776,92.6259,5.61156555446709,0.015625,250,8,33,100,72.96019900497512,-1702.2,-506.3,8112.3
2777,92.6592,5.61156555446709,0.015625,250,8,33,100,73.4040404040404,-1704.0,-509.1,8109.0
2778,92.6926,5.61156555446709,0.015625,250,8,33,100,72.07462686567165,-1698.2,-506.0,8111.0
2779,92.726,5.61156555446709,0.015625,250,8,33,100,73.7412935323383,-1701.0,-507.8,8116.5
2780,92.7593,5.61156555446709,0.015625,250,8,33,100,72.69651741293532,-1699.0,-503.5,8108.3
2781,92.7927,5.61156555446709,0.015625,250,8,33,100,74.23737373737374,-1699.8,-505.6,8112.0
2782,92.8261,5.61156555446709,0.015625,250,8,33,100,72.92537313432835,-1699.0,-510.2,8115.6
2783,92.8594,5.61156555446709,0.015625,250,8,33,100,73.45771144278606,-1697.2,-509.2,8107.3
2784,92.8928,5.61156555446709,0.015625,250,8,33,100,71.87064676616916,-1702.4,-502.9,8110.4
2785,92.9262,5.61156555446709,0.015625,250,8,33,100,73.05050505050505,-1699.7,-508.3,8110.1
2786,92.9595,5.61156555446709,0.015625,250,8,33,100,74.00995024875621,-1698.5,-509.1,8109.7
2787,92.9929,5.61156555446709,0.015625,250,8,33,100,73.11940298507463,-1699.4,-501.2,8111.7
2788,93.0263,5.61156555446709,0.015625,250,8,33,100,73.53030303030303,-1703.4,-513.6,8107.8
2789,93.0596,5.61156555446709,0.015625,250,8,33,100,73.32338308457712,-1697.5,-505.5,8112.6
2790,93.093,5.61156555446709,0.015625,250,8,33,100,71.35820895522389,-1698.5,-506.2,8111.1
2791,93.1264,5.61156555446709,0.015625,250,8,33,100,73.13930348258707,-1701.0,-502.5,8110.9
2792,93.1597,5.61156555446709,0.015625,250,8,33,100,73.35353535353535,-1703.6,-507.3,8113.5
2793,93.1931,5.61156555446709,0.015625,250,8,33,100,72.78109452736318,-1699.4,-506.9,8109.5
2794,93.2265,5.61156555446709,0.015625,250,8,33,100,73.2139303482587,-1698.5,-506.2,8107.3
2795,93.2598,5.61156555446709,0.015625,250,8,33,100,72.42288557213931,-1704.7,-506.9,8110.6
2796,93.2932,5.61156555446709,0.015625,250,8,33,100,73.81818181818181,-1701.8,-505.7,8113.7
2797,93.3266,5.61156555446709,0.015625,250,8,33,100,72.12437810945273,-1698.9,-506.3,8114.9
2798,93.3599,5.61156555446709,0.015625,250,8,33,100,73.51243781094527,-1703.5,-506.0,8112.0
2799,93.3933,5.61156555446709,0.015625,250,8,33,100,72.83084577114428,-1697.4,-510.3,8111.4
2800,93.4267,5.61156555446709,0.015625,250,8,33,100,73.62626262626263,-1700.9,-504.7,8105.5
2801,93.46,5.61156555446709,0.015625,250,8,33,100,72.38308457711443,-1699.3,-507.5,8109.2
2802,93.4934,5.61156555446709,0.015625,250,8,33,100,73.90547263681592,-1701.2,-504.5,8114.6
2803,93.5268,5.61156555446709,0.015625,250,8,33,100,72.37878787878788,-1702.5,-506.2,8112.6
2804,93.5601,5.61156555446709,0.015625,250,8,33,100,73.98507462686567,-1699.9,-506.0,8106.3
2805,93.5935,5.61156555446709,0.015625,250,8,33,100,73.02487562189054,-1703.1,-511.7,8110.8
2806,93.6269,5.61156555446709,0.015625,250,8,33,100,73.51741293532338,-1700.4,-507.1,8112.8
2807,93.6602,5.61156555446709,0.015625,250,8,33,100,72.33838383838383,-1699.7,-504.2,8109.1
2808,93.6936,5.61156555446709,0.015625,250,8,33,100,73.64676616915423,-1704.3,-505.9,8111.9
2809,93.727,5.61156555446709,0.015625,250,8,33,100,73.67661691542288,-1696.3,-507.2,8112.1
2810,93.7603,5.61156555446709,0.015625,250,8,33,100,72.22885572139303,-1701.9,-507.0,8111.5
2811,93.7937,5.61156555446709,0.015625,250,8,33,100,72.70202020202021,-1701.5,-510.6,8109.6
2812,93.8271,5.61156555446709,0.015625,250,8,33,100,72.55223880597015,-1698.7,-503.2,8110.8
2813,93.8604,5.61156555446709,0.015625,250,8,33,100,72.55223880597015,-1703.8,-508.5,8108.4
2814,93.8938,5.61156555446709,0.015625,250,8,33,100,72.37810945273633,-1700.6,-507.2,8110.0
2815,93.9272,5.61156555446709,0.015625,250,8,33,100,72.67171717171718,-1696.6,-507.8,8114.1
2816,93.9605,5.61156555446709,0.015625,250,8,33,100,73.58706467661692,-1698.2,-506.6,8109.3
2817,93.9939,5.61156555446709,0.015625,250,8,33,100,73.30845771144278,-1698.8,-506.8,8114.3
2818,94.0273,5.61156555446709,0.015625,250,8,33,100,72.84848484848484,-1703.5,-507.6,8109.1
2819,94.0606,5.61156555446709,0.015625,250,8,33,100,73.72139303482587,-1698.3,-509.2,8110.4
2820,94.094,5.61156555446709,0.015625,250,8,33,100,71.29353233830845,-1698.7,-509.8,8112.2
2821,94.1274,5.61156555446709,0.015625,250,8,33,100,72.77114427860697,-1703.4,-511.3,8110.5
2822,94.1607,5.61156555446709,0.015625,250,8,33,100,73.04545454545455,-1697.9,-509.4,8110.5
2823,94.1941,5.61156555446709,0.015625,250,8,33,100,73.23880597014926,-1700.2,-502.3,8114.6
2824,94.2275,5.61156555446709,0.015625,250,8,33,100,73.55721393034825,-1701.2,-507.6,8109.4
2825,94.2608,5.61156555446709,0.015625,250,8,33,100,73.29850746268657,-1700.3,-507.7,8111.4
2826,94.2942,5.61156555446709,0.015625,250,8,33,100,72.9090909090909,-1701.0,-504.6,8109.2
2827,94.3276,5.61156555446709,0.015625,250,8,33,100,72.66666666666667,-1699.0,-504.8,8110.5
2828,94.3609,5.61156555446709,0.015625,250,8,33,100,73.02487562189054,-1703.9,-507.2,8110.3
2829,94.3943,5.61156555446709,0.015625,250,8,33,100,73.37810945273633,-1696.7,-505.1,8110.8
2830,94.4277,5.61156555446709,0.015625,250,8,33,100,73.05555555555556,-1697.6,-507.7,8112.6
2831,94.461,5.61156555446709,0.015625,250,8,33,100,73.44776119402985,-1703.3,-506.4,8109.5
2832,94.4944,5.61156555446709,0.015625,250,8,33,100,72.4726368159204,-1700.4,-505.7,8109.4
2833,94.5278,5.61156555446709,0.015625,250,8,33,100,71.98484848484848,-1700.0,-503.1,8109.4
2834,94.5611,5.61156555446709,0.015625,250,8,33,100,73.12935323383084,-1699.3,-506.7,8110.1
2835,94.5945,5.61156555446709,0.015625,250,8,33,100,72.79601990049751,-1700.7,-508.0,8114.4
2836,94.6279,5.61156555446709,0.015625,250,8,33,100,73.46766169154229,-1701.8,-511.0,8110.2
2837,94.6612,5.61156555446709,0.015625,250,8,33,100,71.1969696969697,-1698.7,-504.7,8109.8
2838,94.6946,5.61156555446709,0.015625,250,8,33,100,72.51741293532338,-1700.6,-505.9,8116.3
2839,94.728,5.61156555446709,0.015625,250,8,33,100,72.45273631840796,-1698.3,-506.6,8111.6
2840,94.7613,5.61156555446709,0.015625,250,8,33,100,72.39303482587064,-1698.8,-507.1,8109.9
2841,94.7947,5.61156555446709,0.015625,250,8,33,100,72.74747474747475,-1699.9,-510.7,8109.7
2842,94.8281,5.61156555446709,0.015625,250,8,33,100,72.14925373134328,-1699.4,-507.1,8110.2
2843,94.8614,5.61156555446709,0.015625,250,8,33,100,73.24875621890547,-1702.5,-505.7,8107.7
2844,94.8948,5.61156555446709,0.015625,250,8,33,100,73.54228855721394,-1697.6,-502.7,8108.8
2845,94.9282,5.61156555446709,0.015625,250,8,33,100,73.36868686868686,-1699.4,-503.3,8112.6
2846,94.9615,5.61156555446709,0.015625,250,8,33,100,72.56716417910448,-1704.1,-509.0,8111.8
2847,94.9949,5.61156555446709,0.015625,250,8,33,100,73.46766169154229,-1697.9,-503.9,8113.9
2848,95.0283,5.61156555446709,0.015625,250,8,33,100,73.57575757575758,-1702.3,-511.1,8113.0
2849,95.0616,5.61156555446709,0.015625,250,8,33,100,73.5223880597015,-1698.6,-506.6,8112.1
2850,95.095,5.61156555446709,0.015625,250,8,33,100,72.54726368159204,-1698.9,-503.5,8111.4
2851,95.1284,5.61156555446709,0.015625,250,8,33,100,73.31840796019901,-1703.4,-507.3,8113.5
2852,95.1617,5.61156555446709,0.015625,250,8,33,100,72.6969696969697,-1702.6,-510.6,8108.9
2853,95.1951,5.61156555446709,0.015625,250,8,33,100,72.95522388059702,-1703.1,-506.2,8111.7
2854,95.2285,5.61156555446709,0.015625,250,8,33,100,72.23880597014926,-1697.7,-507.9,8108.4
2855,95.2618,5.61156555446709,0.015625,250,8,33,100,72.49751243781094,-1705.1,-502.9,8112.1
2856,95.2952,5.61156555446709,0.015625,250,8,33,100,73.43939393939394,-1702.1,-506.5,8110.2
2857,95.3286,5.61156555446709,0.015625,250,8,33,100,71.91044776119404,-1701.5,-507.2,8112.2
2858,95.3619,5.61156555446709,0.015625,250,8,33,100,73.43781094527363,-1701.1,-509.0,8109.7
2859,95.3953,5.61156555446709,0.015625,250,8,33,100,73.19900497512438,-1700.0,-508.0,8109.5
2860,95.4287,5.61156555446709,0.015625,250,8,33,100,73.35858585858585,-1699.8,-508.6,8112.5
2861,95.462,5.61156555446709,0.015625,250,8,33,100,72.49253731343283,-1704.9,-509.8,8112.6
2862,95.4954,5.61156555446709,0.015625,250,8,33,100,72.61691542288557,-1704.2,-505.2,8110.8
2863,95.5288,5.61156555446709,0.015625,250,8,33,100,72.53535353535354,-1701.2,-508.6,8111.8
2864,95.5621,5.61156555446709,0.015625,250,8,33,100,72.58208955223881,-1700.3,-504.9,8110.4
2865,95.5955,5.61156555446709,0.015625,250,8,33,100,73.04975124378109,-1699.7,-508.3,8107.5
2866,95.6289,5.61156555446709,0.015625,250,8,33,100,72.92039800995025,-1700.6,-507.0,8110.8
2867,95.6622,5.61156555446709,0.015625,250,8,33,100,73.24747474747475,-1702.4,-507.6,8110.5
2868,95.6956,5.61156555446709,0.015625,250,8,33,100,73.14427860696517,-1700.3,-507.2,8112.0
2869,95.729,5.61156555446709,0.015625,250,8,33,100,73.08457711442786,-1702.5,-508.3,8111.0
2870,95.7623,5.61156555446709,0.015625,250,8,33,100,72.57711442786069,-1700.4,-506.0,8110.8
2871,95.7957,5.61156555446709,0.015625,250,8,33,100,73.11616161616162,-1703.0,-506.8,8113.7
2872,95.8291,5.61156555446709,0.015625,250,8,33,100,71.76616915422886,-1695.1,-506.2,8115.8
2873,95.8624,5.61156555446709,0.015625,250,8,33,100,72.53731343283582,-1704.8,-506.4,8108.0
2874,95.8958,5.61156555446709,0.015625,250,8,33,100,72.27363184079601,-1702.0,-507.9,8109.9
2875,95.9292,5.61156555446709,0.015625,250,8,33,100,73.9948717948718,-1696.8,-506.8,8110.4
2876,95.9625,5.61156555446709,0.015625,250,8,33,100,72.81094527363184,-1703.3,-509.1,8110.3
2877,95.9959,5.61156555446709,0.015625,250,8,33,100,72.18407960199005,-1701.6,-506.1,8112.9
2878,96.0293,5.61156555446709,0.015625,250,8,33,100,72.32323232323232,-1700.6,-505.7,8115.1
2879,96.0626,5.61156555446709,0.015625,250,8,33,100,72.86567164179104,-1703.3,-510.5,8108.6
2880,96.096,5.61156555446709,0.015625,250,8,33,100,73.77611940298507,-1696.9,-505.8,8114.4
2881,96.1294,5.61156555446709,0.015625,250,8,33,100,72.88059701492537,-1701.9,-507.9,8113.4
2882,96.1627,5.61156555446709,0.015625,250,8,33,100,74.11111111111111,-1702.7,-504.3,8110.7
2883,96.1961,5.61156555446709,0.015625,250,8,33,100,71.77114427860697,-1700.9,-507.2,8107.6
2884,96.2295,5.61156555446709,0.015625,250,8,33,100,73.49253731343283,-1700.7,-505.7,8113.0
2885,96.2628,5.61156555446709,0.015625,250,8,33,100,72.48756218905473,-1701.7,-506.0,8111.6
2886,96.2962,5.61156555446709,0.015625,250,8,33,100,73.1010101010101,-1700.8,-501.8,8108.9
2887,96.3296,5.61156555446709,0.015625,250,8,33,100,72.92039800995025,-1703.0,-508.9,8112.7
2888,96.3629,5.61156555446709,0.015625,250,8,33,100,72.91044776119404,-1697.5,-505.4,8115.9
2889,96.3963,5.61156555446709,0.015625,250,8,33,100,72.69651741293532,-1697.9,-509.3,8111.9
2890,96.4297,5.61156555446709,0.015625,250,8,33,100,72.33838383838383,-1701.3,-502.3,8114.6
2891,96.463,5.61156555446709,0.015625,250,8,33,100,73.09950248756219,-1697.7,-509.6,8113.6
2892,96.4964,5.61156555446709,0.015625,250,8,33,100,72.34328358208955,-1701.7,-507.0,8111.1
2893,96.5298,5.61156555446709,0.015625,250,8,33,100,72.89393939393939,-1702.0,-509.1,8110.5
2894,96.5631,5.61156555446709,0.015625,250,8,33,100,72.12437810945273,-1697.1,-507.1,8113.7
2895,96.5965,5.61156555446709,0.015625,250,8,33,100,73.38308457711443,-1701.0,-509.0,8107.0
2896,96.6299,5.61156555446709,0.015625,250,8,33,100,73.17412935323384,-1695.8,-506.5,8111.4
2897,96.6632,5.61156555446709,0.015625,250,8,33,100,73.71212121212122,-1706.4,-504.5,8112.6
2898,96.6966,5.61156555446709,0.015625,250,8,33,100,74.03980099502488,-1703.1,-508.9,8109.5
2899,96.73,5.61156555446709,0.015625,250,8,33,100,71.97512437810946,-1695.6,-506.9,8114.2
2900,96.7633,5.61156555446709,0.015625,250,8,33,100,72.18905472636816,-1701.2,-509.5,8110.1
2901,96.7967,5.61156555446709,0.015625,250,8,33,100,73.68686868686869,-1702.7,-505.6,8110.2
2902,96.8301,5.61156555446709,0.015625,250,8,33,100,71.85572139303483,-1697.1,-502.2,8113.3
2903,96.8634,5.61156555446709,0.015625,250,8,33,100,73.29353233830845,-1704.7,-508.1,8110.1
2904,96.8968,5.61156555446709,0.015625,250,8,33,100,73.1542288557214,-1696.8,-503.0,8108.0
2905,96.9302,5.61156555446709,0.015625,250,8,33,100,72.67676767676768,-1702.2,-505.5,8111.9
2906,96.9635,5.61156555446709,0.015625,250,8,33,100,73.00995024875621,-1699.8,-507.4,8112.1
2907,96.9969,5.61156555446709,0.015625,250,8,33,100,72.14427860696517,-1700.0,-507.8,8113.9
2908,97.0303,5.61156555446709,0.015625,250,8,33,100,72.21212121212122,-1700.8,-505.9,8109.5
2909,97.0636,5.61156555446709,0.015625,250,8,33,100,74.42288557213931,-1699.6,-505.5,8112.3
2910,97.097,5.61156555446709,0.015625,250,8,33,100,72.51243781094527,-1700.4,-509.9,8112.5
2911,97.1304,5.61156555446709,0.015625,250,8,33,100,74.27363184079601,-1703.6,-508.3,8111.0
2912,97.1637,5.61156555446709,0.015625,250,8,33,100,72.9090909090909,-1697.1,-504.2,8110.0
2913,97.1971,5.61156555446709,0.015625,250,8,33,100,73.03482587064677,-1702.3,-506.2,8113.1
2914,97.2305,5.61156555446709,0.015625,250,8,33,100,73.38805970149254,-1698.0,-502.9,8109.9
2915,97.2638,5.61156555446709,0.015625,250,8,33,100,72.45273631840796,-1697.7,-504.9,8110.3
2916,97.2972,5.61156555446709,0.015625,250,8,33,100,72.86868686868686,-1705.0,-511.3,8110.2
2917,97.3306,5.61156555446709,0.015625,250,8,33,100,72.68656716417911,-1699.3,-505.9,8112.8
2918,97.3639,5.61156555446709,0.015625,250,8,33,100,72.01990049751244,-1698.4,-510.0,8110.8
2919,97.3973,5.61156555446709,0.015625,250,8,33,100,73.3731343283582,-1702.2,-504.9,8110.1
2920,97.4307,5.61156555446709,0.015625,250,8,33,100,72.28282828282828,-1701.1,-508.4,8107.7
2921,97.464,5.61156555446709,0.015625,250,8,33,100,73.14427860696517,-1702.7,-503.4,8109.8
2922,97.4974,5.61156555446709,0.015625,250,8,33,100,73.44776119402985,-1697.6,-507.4,8111.7
2923,97.5308,5.61156555446709,0.015625,250,8,33,100,73.66666666666667,-1698.6,-507.5,8110.9
2924,97.5641,5.61156555446709,0.015625,250,8,33,100,73.1094527363184,-1700.9,-509.5,8113.7
2925,97.5975,5.61156555446709,0.015625,250,8,33,100,72.51243781094527,-1696.0,-508.4,8114.3
2926,97.6309,5.61156555446709,0.015625,250,8,33,100,73.97014925373135,-1704.7,-507.5,8107.6
2927,97.6642,5.61156555446709,0.015625,250,8,33,100,72.12626262626263,-1700.4,-504.4,8112.3
2928,97.6976,5.61156555446709,0.015625,250,8,33,100,73.01492537313433,-1701.7,-505.5,8111.1
2929,97.731,5.61156555446709,0.015625,250,8,33,100,73.2587064676617,-1702.0,-504.9,8110.1
2930,97.7643,5.61156555446709,0.015625,250,8,33,100,72.99004975124379,-1704.0,-508.2,8105.3
2931,97.7977,5.61156555446709,0.015625,250,8,33,100,73.35858585858585,-1700.3,-509.5,8111.9
2932,97.8311,5.61156555446709,0.015625,250,8,33,100,74.32338308457712,-1696.7,-507.6,8111.7
2933,97.8644,5.61156555446709,0.015625,250,8,33,100,72.81592039800995,-1700.9,-504.6,8109.9
2934,97.8978,5.61156555446709,0.015625,250,8,33,100,73.05970149253731,-1702.4,-507.8,8112.5
2935,97.9312,5.61156555446709,0.015625,250,8,33,100,73.62121212121212,-1699.5,-508.4,8111.3
2936,97.9645,5.61156555446709,0.015625,250,8,33,100,73.2587064676617,-1704.8,-511.7,8108.8
2937,97.9979,5.61156555446709,0.015625,250,8,33,100,72.64179104477611,-1697.0,-508.8,8110.2
2938,98.0313,5.61156555446709,0.015625,250,8,33,100,72.29292929292929,-1702.8,-508.2,8111.6
2939,98.0646,5.61156555446709,0.015625,250,8,33,100,72.77611940298507,-1702.4,-507.5,8108.6
2940,98.098,5.61156555446709,0.015625,250,8,33,100,72.8457711442786,-1696.9,-508.3,8112.2
2941,98.1314,5.61156555446709,0.015625,250,8,33,100,72.01492537313433,-1702.7,-506.7,8112.3
2942,98.1647,5.61156555446709,0.015625,250,8,33,100,72.28282828282828,-1700.4,-506.9,8110.9
2943,98.1981,5.61156555446709,0.015625,250,8,33,100,72.55223880597015,-1696.4,-506.0,8116.7
2944,98.2315,5.61156555446709,0.015625,250,8,33,100,71.72636815920399,-1706.7,-512.1,8112.4
2945,98.2648,5.61156555446709,0.015625,250,8,33,100,72.53731343283582,-1696.3,-506.7,8109.5
2946,98.2982,5.61156555446709,0.015625,250,8,33,100,72.44444444444444,-1702.3,-507.2,8111.7
2947,98.3316,5.61156555446709,0.015625,250,8,33,100,72.5223880597015,-1702.0,-507.0,8113.7
2948,98.3649,5.61156555446709,0.015625,250,8,33,100,73.22388059701493,-1699.6,-506.0,8112.2
2949,98.3983,5.61156555446709,0.015625,250,8,33,100,72.65671641791045,-1699.4,-506.6,8110.2
2950,98.4317,5.61156555446709,0.015625,250,8,33,100,73.03535353535354,-1703.4,-504.8,8113.4
2951,98.465,5.61156555446709,0.015625,250,8,33,100,72.53233830845771,-1701.9,-502.9,8114.0
2952,98.4984,5.61156555446709,0.015625,250,8,33,100,73.57711442786069,-1702.7,-509.6,8114.1
2953,98.5318,5.61156555446709,0.015625,250,8,33,100,72.89393939393939,-1696.5,-504.8,8106.1
2954,98.5651,5.61156555446709,0.015625,250,8,33,100,72.29353233830845,-1702.2,-505.5,8113.9
2955,98.5985,5.61156555446709,0.015625,250,8,33,100,74.40298507462687,-1703.2,-507.5,8112.5
2956,98.6319,5.61156555446709,0.015625,250,8,33,100,71.39303482587064,-1700.0,-504.0,8112.1
2957,98.6652,5.61156555446709,0.015625,250,8,33,100,71.91414141414141,-1704.2,-509.3,8112.7
2958,98.6986,5.61156555446709,0.015625,250,8,33,100,72.58208955223881,-1699.1,-506.7,8108.2
2959,98.732,5.61156555446709,0.015625,250,8,33,100,72.69651741293532,-1701.3,-508.1,8109.3
2960,98.7653,5.61156555446709,0.015625,250,8,33,100,71.7363184079602,-1700.3,-507.8,8110.2
2961,98.7987,5.61156555446709,0.015625,250,8,33,100,72.95959595959596,-1704.6,-505.7,8113.7
2962,98.8321,5.61156555446709,0.015625,250,8,33,100,72.26865671641791,-1702.0,-506.5,8109.6
2963,98.8654,5.61156555446709,0.015625,250,8,33,100,73.24875621890547,-1698.9,-507.8,8107.9
2964,98.8988,5.61156555446709,0.015625,250,8,33,100,72.68656716417911,-1698.8,-505.9,8109.7
2965,98.9322,5.61156555446709,0.015625,250,8,33,100,73.3989898989899,-1702.3,-510.5,8110.7
2966,98.9655,5.61156555446709,0.015625,250,8,33,100,73.6268656716418,-1699.6,-506.2,8111.4
2967,98.9989,5.61156555446709,0.015625,250,8,33,100,73.00995024875621,-1700.0,-505.1,8109.9
2968,99.0323,5.61156555446709,0.015625,250,8,33,100,72.72222222222223,-1702.2,-505.5,8108.8
2969,99.0656,5.61156555446709,0.015625,250,8,33,100,73.1094527363184,-1700.3,-505.7,8108.9
2970,99.099,5.61156555446709,0.015625,250,8,33,100,72.11940298507463,-1702.6,-504.6,8113.3
2971,99.1324,5.61156555446709,0.015625,250,8,33,100,72.8955223880597,-1697.1,-507.1,8111.5
2972,99.1657,5.61156555446709,0.015625,250,8,33,100,71.93434343434343,-1701.1,-509.7,8109.0
2973,99.1991,5.61156555446709,0.015625,250,8,33,100,73.08457711442786,-1704.2,-503.3,8106.9
2974,99.2325,5.61156555446709,0.015625,250,8,33,100,73.80597014925372,-1699.5,-506.8,8109.5
2975,99.2658,5.61156555446709,0.015625,250,8,33,100,72.80597014925372,-1704.1,-505.0,8111.4
2976,99.2992,5.61156555446709,0.015625,250,8,33,100,72.8989898989899,-1703.2,-507.9,8113.0
2977,99.3326,5.61156555446709,0.015625,250,8,33,100,73.23880597014926,-1699.7,-509.3,8112.5
2978,99.3659,5.61156555446709,0.015625,250,8,33,100,73.1592039800995,-1707.0,-507.8,8110.1
2979,99.3993,5.61156555446709,0.015625,250,8,33,100,73.96517412935323,-1700.5,-509.1,8111.9
2980,99.4327,5.61156555446709,0.015625,250,8,33,100,72.92424242424242,-1697.0,-509.2,8111.9
2981,99.466,5.61156555446709,0.015625,250,8,33,100,73.70149253731343,-1701.8,-509.1,8110.2
2982,99.4994,5.61156555446709,0.015625,250,8,33,100,73.21890547263682,-1702.8,-511.7,8112.7
2983,99.5328,5.61156555446709,0.015625,250,8,33,100,72.44444444444444,-1700.3,-509.4,8111.0
2984,99.5661,5.61156555446709,0.015625,250,8,33,100,73.68656716417911,-1697.2,-502.9,8113.3
2985,99.5995,5.61156555446709,0.015625,250,8,33,100,72.0049751243781,-1700.6,-507.7,8110.3
2986,99.6329,5.61156555446709,0.015625,250,8,33,100,73.30348258706468,-1701.0,-508.3,8109.5
2987,99.6662,5.61156555446709,0.015625,250,8,33,100,72.84343434343434,-1697.2,-507.6,8111.3
2988,99.6996,5.61156555446709,0.015625,250,8,33,100,72.78109452736318,-1702.6,-508.7,8110.7
2989,99.733,5.61156555446709,0.015625,250,8,33,100,72.78109452736318,-1704.6,-506.8,8110.3
2990,99.7663,5.61156555446709,0.015625,250,8,33,100,73.26865671641791,-1702.3,-511.2,8113.5
2991,99.7997,5.61156555446709,0.015625,250,8,33,100,72.56060606060606,-1701.3,-510.7,8110.8
2992,99.8331,5.61156555446709,0.015625,250,8,33,100,72.81094527363184,-1699.4,-507.0,8107.5
2993,99.8664,5.61156555446709,0.015625,250,8,33,100,73.27860696517413,-1700.7,-509.9,8110.2
2994,99.8998,5.61156555446709,0.015625,250,8,33,100,73.49253731343283,-1702.2,-505.7,8115.9
2995,99.9332,5.61156555446709,0.015625,250,8,33,100,72.65151515151516,-1700.5,-507.2,8112.6
2996,99.9665,5.61156555446709,0.015625,250,8,33,100,72.19900497512438,-1704.2,-506.2,8111.4
2997,99.9999,5.61156555446709,0.015625,250,8,33,100,74.30348258706468,-1701.0,-511.4,8109.9
2998,100.0333,5.61156555446709,0.015625,250,8,33,100,72.18686868686869,-1697.2,-505.4,8108.1
2999,100.0666,5.61156555446709,0.015625,250,8,33,100,73.12935323383084,-1700.8,-507.4,8110.6
3000,100.1,5.61156555446709,0.015625,250,8,33,100,73.41791044776119,-1698.4,-505.9,8108.4
3001,100.1334,5.61156555446709,0.015625,250,8,33,100,72.56218905472637,-1704.9,-507.6,8109.0
3002,100.1667,5.61156555446709,0.015625,250,8,33,100,73.91414141414141,-1700.4,-504.8,8111.0
3003,100.2001,5.61156555446709,0.015625,250,8,33,100,73.2636815920398,-1695.6,-508.4,8112.9
3004,100.2335,5.61156555446709,0.015625,250,8,33,100,72.42786069651741,-1704.1,-509.6,8108.7
3005,100.2668,5.61156555446709,0.015625,250,8,33,100,73.37810945273633,-1704.6,-507.1,8111.2
3006,100.3002,5.61156555446709,0.015625,250,8,33,100,72.20202020202021,-1698.7,-508.2,8112.7
3007,100.3336,5.61156555446709,0.015625,250,8,33,100,72.19900497512438,-1699.6,-509.6,8116.9
3008,100.3669,5.61156555446709,0.015625,250,8,33,100,72.23880597014926,-1701.3,-506.6,8108.8
3009,100.4003,5.61156555446709,0.015625,250,8,33,100,73.09950248756219,-1702.2,-505.1,8110.3
3010,100.4337,5.61156555446709,0.015625,250,8,33,100,73.76262626262626,-1699.5,-509.1,8109.6
3011,100.467,5.61156555446709,0.015625,250,8,33,100,73.59701492537313,-1700.8,-507.5,8109.0
3012,100.5004,5.61156555446709,0.015625,250,8,33,100,73.80597014925372,-1704.9,-507.7,8110.0
3013,100.5338,5.61156555446709,0.015625,250,8,33,100,73.20202020202021,-1697.4,-506.8,8109.0
3014,100.5671,5.61156555446709,0.015625,250,8,33,100,72.96019900497512,-1697.5,-508.9,8111.6
3015,100.6005,5.61156555446709,0.015625,250,8,33,100,72.57213930348259,-1704.8,-505.5,8112.4
3016,100.6339,5.61156555446709,0.015625,250,8,33,100,73.41791044776119,-1697.7,-506.7,8113.6
3017,100.6672,5.61156555446709,0.015625,250,8,33,100,73.03535353535354,-1698.3,-507.5,8112.0
3018,100.7006,5.61156555446709,0.015625,250,8,33,100,73.08955223880596,-1700.5,-508.9,8110.1
3019,100.734,5.61156555446709,0.015625,250,8,33,100,73.06965174129353,-1700.2,-505.0,8112.9
3020,100.7673,5.61156555446709,0.015625,250,8,33,100,73.01492537313433,-1702.5,-510.6,8110.7
3021,100.8007,5.61156555446709,0.015625,250,8,33,100,72.5959595959596,-1700.1,-507.1,8116.8
3022,100.8341,5.61156555446709,0.015625,250,8,33,100,72.67164179104478,-1698.6,-508.4,8111.2
3023,100.8674,5.61156555446709,0.015625,250,8,33,100,73.09452736318408,-1700.1,-508.5,8111.7
3024,100.9008,5.61156555446709,0.015625,250,8,33,100,72.68656716417911,-1700.9,-509.0,8112.0
3025,100.9342,5.61156555446709,0.015625,250,8,33,100,72.64646464646465,-1698.2,-507.5,8110.0
3026,100.9675,5.61156555446709,0.015625,250,8,33,100,73.64676616915423,-1701.3,-505.6,8108.1
3027,101.0009,5.61156555446709,0.015625,250,8,33,100,71.48258706467662,-1698.0,-505.7,8111.9
3028,101.0343,5.61156555446709,0.015625,250,8,33,100,73.20202020202021,-1699.5,-505.8,8108.5
3029,101.0676,5.61156555446709,0.015625,250,8,33,100,73.45273631840796,-1702.7,-507.2,8107.5
3030,101.101,5.61156555446709,0.015625,250,8,33,100,73.60696517412936,-1698.8,-508.3,8112.2
3031,101.1344,5.61156555446709,0.015625,250,8,33,100,73.22885572139303,-1699.7,-506.6,8113.7
3032,101.1677,5.61156555446709,0.015625,250,8,33,100,72.58585858585859,-1699.5,-506.4,8111.2
3033,101.2011,5.61156555446709,0.015625,250,8,33,100,72.98507462686567,-1701.0,-508.1,8109.0
3034,101.2345,5.61156555446709,0.015625,250,8,33,100,73.61691542288557,-1700.5,-508.6,8111.2
3035,101.2678,5.61156555446709,0.015625,250,8,33,100,72.75621890547264,-1704.1,-506.1,8108.3
3036,101.3012,5.61156555446709,0.015625,250,8,33,100,73.5,-1700.3,-506.7,8111.7
3037,101.3346,5.61156555446709,0.015625,250,8,33,100,72.55721393034825,-1701.3,-507.8,8108.9
3038,101.3679,5.61156555446709,0.015625,250,8,33,100,72.9950248756219,-1702.3,-506.0,8111.5
3039,101.4013,5.61156555446709,0.015625,250,8,33,100,73.04477611940298,-1699.6,-507.4,8109.5
3040,101.4347,5.61156555446709,0.015625,250,8,33,100,72.76262626262626,-1697.3,-508.0,8113.6
3041,101.468,5.61156555446709,0.015625,250,8,33,100,73.29850746268657,-1701.6,-507.6,8112.0
3042,101.5014,5.61156555446709,0.015625,250,8,33,100,72.5273631840796,-1699.5,-507.2,8109.1
3043,101.5348,5.61156555446709,0.015625,250,8,33,100,73.58080808080808,-1699.6,-505.0,8110.8
3044,101.5681,5.61156555446709,0.015625,250,8,33,100,71.88059701492537,-1702.5,-506.2,8111.4
3045,101.6015,5.61156555446709,0.015625,250,8,33,100,72.80597014925372,-1704.0,-505.5,8112.1
3046,101.6349,5.61156555446709,0.015625,250,8,33,100,73.03482587064677,-1698.0,-507.5,8111.2
3047,101.6682,5.61156555446709,0.015625,250,8,33,100,72.38383838383838,-1700.8,-508.2,8111.8
3048,101.7016,5.61156555446709,0.015625,250,8,33,100,73.22885572139303,-1704.5,-502.3,8109.6
3049,101.735,5.61156555446709,0.015625,250,8,33,100,72.88557213930348,-1699.8,-505.1,8109.9
3050,101.7683,5.61156555446709,0.015625,250,8,33,100,73.11442786069652,-1699.5,-507.6,8110.7
3051,101.8017,5.61156555446709,0.015625,250,8,33,100,72.8030303030303,-1698.8,-503.6,8109.3
3052,101.8351,5.61156555446709,0.015625,250,8,33,100,73.09452736318408,-1701.8,-506.0,8110.9
3053,101.8684,5.61156555446709,0.015625,250,8,33,100,73.54228855721394,-1701.1,-507.9,8115.1
3054,101.9018,5.61156555446709,0.015625,250,8,33,100,73.64179104477611,-1697.3,-509.4,8116.6
3055,101.9352,5.61156555446709,0.015625,250,8,33,100,72.41919191919192,-1705.5,-506.9,8113.3
3056,101.9685,5.61156555446709,0.015625,250,8,33,100,72.30348258706468,-1700.7,-504.8,8111.7
3057,102.0019,5.61156555446709,0.015625,250,8,33,100,71.54726368159204,-1696.6,-505.8,8111.8
3058,102.0353,5.61156555446709,0.015625,250,8,33,100,73.17676767676768,-1700.3,-511.3,8112.0
3059,102.0686,5.61156555446709,0.015625,250,8,33,100,71.08457711442786,-1698.9,-508.2,8111.1
3060,102.102,5.61156555446709,0.015625,250,8,33,100,72.59203980099502,-1704.6,-509.4,8111.8
3061,102.1354,5.61156555446709,0.015625,250,8,33,100,73.51243781094527,-1699.4,-501.3,8110.3
3062,102.1687,5.61156555446709,0.015625,250,8,33,100,73.28787878787878,-1700.2,-505.8,8114.4
3063,102.2021,5.61156555446709,0.015625,250,8,33,100,73.39303482587064,-1706.1,-505.3,8109.7
3064,102.2355,5.61156555446709,0.015625,250,8,33,100,73.27860696517413,-1697.4,-508.3,8111.2
3065,102.2688,5.61156555446709,0.015625,250,8,33,100,72.8457711442786,-1701.0,-508.5,8108.6
3066,102.3022,5.61156555446709,0.015625,250,8,33,100,73.16161616161617,-1701.2,-506.5,8112.1
3067,102.3356,5.61156555446709,0.015625,250,8,33,100,72.65671641791045,-1696.5,-507.7,8111.0
3068,102.3689,5.61156555446709,0.015625,250,8,33,100,73.28855721393035,-1706.9,-510.3,8114.1
3069,102.4023,5.61156555446709,0.015625,250,8,33,100,72.8955223880597,-1701.1,-510.2,8112.4
3070,102.4357,5.61156555446709,0.015625,250,8,33,100,72.77777777777777,-1702.4,-511.6,8114.2
3071,102.469,5.61156555446709,0.015625,250,8,33,100,72.5273631840796,-1703.2,-507.2,8115.7
3072,102.5024,5.61156555446709,0.015625,250,8,33,100,74.16915422885572,-1698.2,-506.3,8113.2
3073,102.5358,5.61156555446709,0.015625,250,8,33,100,72.05555555555556,-1701.9,-507.7,8115.0
3074,102.5691,5.61156555446709,0.015625,250,8,33,100,73.18905472636816,-1700.8,-503.0,8110.3
3075,102.6025,5.61156555446709,0.015625,250,8,33,100,72.7910447761194,-1697.4,-503.8,8110.4
3076,102.6359,5.61156555446709,0.015625,250,8,33,100,72.05970149253731,-1705.4,-509.6,8108.7
3077,102.6692,5.61156555446709,0.015625,250,8,33,100,73.82828282828282,-1700.5,-504.8,8109.4
3078,102.7026,5.61156555446709,0.015625,250,8,33,100,71.48258706467662,-1697.2,-506.3,8112.3
3079,102.736,5.61156555446709,0.015625,250,8,33,100,72.28358208955224,-1702.4,-502.4,8107.1
3080,102.7693,5.61156555446709,0.015625,250,8,33,100,72.11442786069652,-1696.3,-510.2,8110.8
3081,102.8027,5.61156555446709,0.015625,250,8,33,100,72.63131313131314,-1701.6,-507.5,8110.6
3082,102.8361,5.61156555446709,0.015625,250,8,33,100,72.56218905472637,-1697.6,-507.0,8110.4
3083,102.8694,5.61156555446709,0.015625,250,8,33,100,72.363184079602,-1698.6,-505.1,8111.8
3084,102.9028,5.61156555446709,0.015625,250,8,33,100,72.41293532338308,-1702.2,-505.3,8113.7
3085,102.9362,5.61156555446709,0.015625,250,8,33,100,72.43434343434343,-1696.4,-506.2,8110.6
3086,102.9695,5.61156555446709,0.015625,250,8,33,100,72.4776119402985,-1704.3,-507.2,8117.2
3087,103.0029,5.61156555446709,0.015625,250,8,33,100,73.96517412935323,-1704.0,-506.6,8114.6
3088,103.0363,5.61156555446709,0.015625,250,8,33,100,72.03535353535354,-1697.1,-505.5,8112.0
3089,103.0696,5.61156555446709,0.015625,250,8,33,100,72.77114427860697,-1702.9,-503.8,8109.5
3090,103.103,5.61156555446709,0.015625,250,8,33,100,73.14925373134328,-1701.3,-504.2,8113.2
3091,103.1364,5.61156555446709,0.015625,250,8,33,100,72.37810945273633,-1700.2,-507.1,8112.9
3092,103.1697,5.61156555446709,0.015625,250,8,33,100,73.36363636363636,-1704.6,-509.1,8112.0
3093,103.2031,5.61156555446709,0.015625,250,8,33,100,73.48756218905473,-1698.2,-508.6,8111.4
3094,103.2365,5.61156555446709,0.015625,250,8,33,100,73.30845771144278,-1699.4,-502.8,8112.0
3095,103.2698,5.61156555446709,0.015625,250,8,33,100,73.96019900497512,-1698.6,-504.3,8112.0
3096,103.3032,5.61156555446709,0.015625,250,8,33,100,73.21717171717172,-1699.4,-503.5,8110.5
3097,103.3366,5.61156555446709,0.015625,250,8,33,100,73.45771144278606,-1702.2,-506.3,8108.8
3098,103.3699,5.61156555446709,0.015625,250,8,33,100,72.2587064676617,-1698.2,-507.6,8113.4
3099,103.4033,5.61156555446709,0.015625,250,8,33,100,73.21890547263682,-1703.8,-507.8,8113.0
3100,103.4367,5.61156555446709,0.015625,250,8,33,100,73.53030303030303,-1699.7,-506.3,8111.6
3101,103.47,5.61156555446709,0.015625,250,8,33,100,73.37810945273633,-1701.0,-507.8,8109.6
3102,103.5034,5.61156555446709,0.015625,250,8,33,100,72.75124378109453,-1705.6,-509.8,8112.3
3103,103.5368,5.61156555446709,0.015625,250,8,33,100,73.01010101010101,-1697.2,-504.9,8111.9
3104,103.5701,5.61156555446709,0.015625,250,8,33,100,72.48756218905473,-1704.4,-508.1,8111.0
3105,103.6035,5.61156555446709,0.015625,250,8,33,100,73.35820895522389,-1697.0,-505.2,8112.1
3106,103.6369,5.61156555446709,0.015625,250,8,33,100,73.74626865671642,-1699.5,-504.0,8112.7
3107,103.6702,5.61156555446709,0.015625,250,8,33,100,72.66666666666667,-1702.0,-507.9,8108.3
3108,103.7036,5.61156555446709,0.015625,250,8,33,100,72.65174129353234,-1699.1,-509.6,8112.1
3109,103.737,5.61156555446709,0.015625,250,8,33,100,73.1592039800995,-1701.8,-506.6,8109.9
3110,103.7703,5.61156555446709,0.015625,250,8,33,100,72.35820895522389,-1701.3,-505.6,8109.7
3111,103.8037,5.61156555446709,0.015625,250,8,33,100,72.74242424242425,-1701.6,-504.7,8110.7
3112,103.8371,5.61156555446709,0.015625,250,8,33,100,73.7412935323383,-1697.2,-505.4,8114.7
3113,103.8704,5.61156555446709,0.015625,250,8,33,100,73.39800995024876,-1700.0,-507.7,8108.7
3114,103.9038,5.61156555446709,0.015625,250,8,33,100,73.65174129353234,-1700.3,-507.9,8114.0
3115,103.9372,5.61156555446709,0.015625,250,8,33,100,72.77777777777777,-1700.1,-505.8,8111.4
3116,103.9705,5.61156555446709,0.015625,250,8,33,100,73.29850746268657,-1701.5,-507.7,8112.0
3117,104.0039,5.61156555446709,0.015625,250,8,33,100,72.06467661691542,-1700.0,-506.5,8108.8
3118,104.0373,5.61156555446709,0.015625,250,8,33,100,72.79292929292929,-1697.9,-508.8,8110.9
3119,104.0706,5.61156555446709,0.015625,250,8,33,100,74.00995024875621,-1699.7,-509.1,8111.1
3120,104.104,5.61156555446709,0.015625,250,8,33,100,73.2139303482587,-1699.0,-508.3,8113.9
3121,104.1374,5.61156555446709,0.015625,250,8,33,100,72.7412935323383,-1699.6,-509.3,8111.5
3122,104.1707,5.61156555446709,0.015625,250,8,33,100,73.02525252525253,-1703.8,-505.4,8109.1
3123,104.2041,5.61156555446709,0.015625,250,8,33,100,72.71144278606965,-1702.2,-505.4,8112.9
3124,104.2375,5.61156555446709,0.015625,250,8,33,100,73.59203980099502,-1704.2,-505.3,8113.1
3125,104.2708,5.61156555446709,0.015625,250,8,33,100,72.58208955223881,-1701.6,-506.0,8110.9
3126,104.3042,5.61156555446709,0.015625,250,8,33,100,73.61616161616162,-1699.8,-506.6,8109.7
3127,104.3376,5.61156555446709,0.015625,250,8,33,100,74.21890547263682,-1694.1,-507.0,8111.6
3128,104.3709,5.61156555446709,0.015625,250,8,33,100,72.72636815920399,-1704.0,-509.0,8112.3
3129,104.4043,5.61156555446709,0.015625,250,8,33,100,73.95024875621891,-1701.9,-508.7,8109.5
3130,104.4377,5.61156555446709,0.015625,250,8,33,100,72.02525252525253,-1695.9,-505.4,8110.5
3131,104.471,5.61156555446709,0.015625,250,8,33,100,73.75124378109453,-1703.5,-504.5,8111.3
3132,104.5044,5.61156555446709,0.015625,250,8,33,100,72.95024875621891,-1697.0,-509.4,8111.4
3133,104.5378,5.61156555446709,0.015625,250,8,33,100,72.07575757575758,-1699.1,-502.9,8109.2
3134,104.5711,5.61156555446709,0.015625,250,8,33,100,73.58208955223881,-1703.1,-508.0,8110.9
3135,104.6045,5.61156555446709,0.015625,250,8,33,100,72.44278606965175,-1694.7,-505.8,8109.2
3136,104.6379,5.61156555446709,0.015625,250,8,33,100,73.02487562189054,-1702.0,-506.4,8110.6
3137,104.6712,5.61156555446709,0.015625,250,8,33,100,72.17171717171718,-1699.2,-505.3,8111.2
3138,104.7046,5.61156555446709,0.015625,250,8,33,100,72.69154228855722,-1704.3,-505.4,8112.6
3139,104.738,5.61156555446709,0.015625,250,8,33,100,73.70646766169155,-1701.0,-508.3,8116.4
3140,104.7713,5.61156555446709,0.015625,250,8,33,100,73.04975124378109,-1699.7,-504.4,8109.0
3141,104.8047,5.61156555446709,0.015625,250,8,33,100,72.8030303030303,-1699.9,-506.1,8110.0
3142,104.8381,5.61156555446709,0.015625,250,8,33,100,71.77611940298507,-1700.6,-505.3,8113.8
3143,104.8714,5.61156555446709,0.015625,250,8,33,100,73.38805970149254,-1701.1,-509.3,8108.0
3144,104.9048,5.61156555446709,0.015625,250,8,33,100,72.77114427860697,-1702.7,-506.6,8109.0
3145,104.9382,5.61156555446709,0.015625,250,8,33,100,73.68181818181819,-1700.8,-505.7,8110.4
3146,104.9715,5.61156555446709,0.015625,250,8,33,100,71.97014925373135,-1702.1,-507.2,8112.7
3147,105.0049,5.61156555446709,0.015625,250,8,33,100,72.82089552238806,-1701.8,-504.9,8108.4
3148,105.0383,5.61156555446709,0.015625,250,8,33,100,72.33333333333333,-1697.1,-509.5,8116.2
3149,105.0716,5.61156555446709,0.015625,250,8,33,100,73.49751243781094,-1705.2,-503.3,8111.9
3150,105.105,5.61156555446709,0.015625,250,8,33,100,73.12437810945273,-1694.6,-507.3,8112.0
3151,105.1384,5.61156555446709,0.015625,250,8,33,100,72.79601990049751,-1703.4,-503.4,8110.5
3152,105.1717,5.61156555446709,0.015625,250,8,33,100,72.83333333333333,-1700.0,-505.7,8110.6
3153,105.2051,5.61156555446709,0.015625,250,8,33,100,72.05970149253731,-1701.8,-512.7,8113.8
3154,105.2385,5.61156555446709,0.015625,250,8,33,100,72.34328358208955,-1703.2,-508.3,8111.7
3155,105.2718,5.61156555446709,0.015625,250,8,33,100,72.87064676616916,-1699.5,-505.7,8113.6
3156,105.3052,5.61156555446709,0.015625,250,8,33,100,72.13636363636364,-1700.8,-506.0,8110.9
3157,105.3386,5.61156555446709,0.015625,250,8,33,100,73.50746268656717,-1703.4,-507.4,8109.7
3158,105.3719,5.61156555446709,0.015625,250,8,33,100,73.59203980099502,-1697.7,-505.7,8110.5
3159,105.4053,5.61156555446709,0.015625,250,8,33,100,72.43781094527363,-1701.1,-505.3,8114.1
3160,105.4387,5.61156555446709,0.015625,250,8,33,100,73.34848484848484,-1701.8,-501.8,8111.1
3161,105.472,5.61156555446709,0.015625,250,8,33,100,72.72139303482587,-1704.5,-505.2,8114.2
3162,105.5054,5.61156555446709,0.015625,250,8,33,100,74.90547263681592,-1700.1,-500.1,8110.8
3163,105.5388,5.61156555446709,0.015625,250,8,33,100,73.27777777777777,-1694.7,-508.7,8112.5
3164,105.5721,5.61156555446709,0.015625,250,8,33,100,73.43781094527363,-1701.5,-505.9,8110.9
3165,105.6055,5.61156555446709,0.015625,250,8,33,100,73.60199004975124,-1701.9,-509.1,8111.1
3166,105.6389,5.61156555446709,0.015625,250,8,33,100,72.2139303482587,-1699.7,-504.5,8113.4
3167,105.6722,5.61156555446709,0.015625,250,8,33,100,72.75252525252525,-1699.1,-505.4,8107.6
3168,105.7056,5.61156555446709,0.015625,250,8,33,100,73.7910447761194,-1702.5,-503.2,8111.0
3169,105.739,5.61156555446709,0.015625,250,8,33,100,73.61691542288557,-1699.4,-506.1,8116.3
3170,105.7723,5.61156555446709,0.015625,250,8,33,100,72.96517412935323,-1701.3,-507.9,8110.2
3171,105.8057,5.61156555446709,0.015625,250,8,33,100,72.93434343434343,-1703.4,-503.4,8113.2
3172,105.8391,5.61156555446709,0.015625,250,8,33,100,73.51243781094527,-1702.6,-507.7,8114.9
3173,105.8724,5.61156555446709,0.015625,250,8,33,100,73.01990049751244,-1700.4,-507.1,8110.8
3174,105.9058,5.61156555446709,0.015625,250,8,33,100,72.82587064676616,-1701.2,-506.6,8110.2
3175,105.9392,5.61156555446709,0.015625,250,8,33,100,73.13636363636364,-1697.1,-507.7,8111.2
3176,105.9725,5.61156555446709,0.015625,250,8,33,100,72.86069651741293,-1701.7,-507.6,8110.2
3177,106.0059,5.61156555446709,0.015625,250,8,33,100,72.91542288557214,-1700.6,-507.0,8111.9
3178,106.0393,5.61156555446709,0.015625,250,8,33,100,72.86868686868686,-1701.3,-508.8,8111.2
3179,106.0726,5.61156555446709,0.015625,250,8,33,100,72.93532338308458,-1699.1,-507.5,8110.2
3180,106.106,5.61156555446709,0.015625,250,8,33,100,72.00995024875621,-1698.9,-509.5,8109.1
3181,106.1394,5.61156555446709,0.015625,250,8,33,100,74.40298507462687,-1704.2,-503.2,8109.5
3182,106.1727,5.61156555446709,0.015625,250,8,33,100,72.27777777777777,-1697.6,-507.6,8110.9
3183,106.2061,5.61156555446709,0.015625,250,8,33,100,72.45771144278606,-1703.7,-503.3,8109.5
3184,106.2395,5.61156555446709,0.015625,250,8,33,100,72.88059701492537,-1702.3,-507.6,8110.5
3185,106.2728,5.61156555446709,0.015625,250,8,33,100,73.26865671641791,-1701.7,-504.3,8112.6
3186,106.3062,5.61156555446709,0.015625,250,8,33,100,73.17171717171718,-1702.5,-502.7,8113.0
3187,106.3396,5.61156555446709,0.015625,250,8,33,100,73.19402985074628,-1698.9,-504.5,8112.8
3188,106.3729,5.61156555446709,0.015625,250,8,33,100,72.86069651741293,-1703.6,-507.4,8112.4
3189,106.4063,5.61156555446709,0.015625,250,8,33,100,73.4776119402985,-1699.3,-509.4,8110.0
3190,106.4397,5.61156555446709,0.015625,250,8,33,100,72.5050505050505,-1698.2,-502.5,8113.0
3191,106.473,5.61156555446709,0.015625,250,8,33,100,73.18407960199005,-1704.6,-506.5,8109.4
3192,106.5064,5.61156555446709,0.015625,250,8,33,100,73.28358208955224,-1698.9,-508.9,8110.8
3193,106.5398,5.61156555446709,0.015625,250,8,33,100,72.27272727272727,-1703.1,-507.7,8107.5
3194,106.5731,5.61156555446709,0.015625,250,8,33,100,73.72636815920399,-1701.0,-505.2,8112.5
3195,106.6065,5.61156555446709,0.015625,250,8,33,100,71.55223880597015,-1695.8,-505.4,8111.0
3196,106.6399,5.61156555446709,0.015625,250,8,33,100,72.95024875621891,-1703.5,-508.0,8111.6
3197,106.6732,5.61156555446709,0.015625,250,8,33,100,73.13636363636364,-1700.0,-509.1,8111.2
3198,106.7066,5.61156555446709,0.015625,250,8,33,100,72.94527363184079,-1703.8,-504.5,8107.1
3199,106.74,5.61156555446709,0.015625,250,8,33,100,73.23880597014926,-1700.0,-506.3,8113.1
3200,106.7733,5.61156555446709,0.015625,250,8,33,100,72.77114427860697,-1700.6,-504.6,8111.1
3201,106.8067,5.61156555446709,0.015625,250,8,33,100,72.32323232323232,-1703.6,-506.8,8110.8
3202,106.8401,5.61156555446709,0.015625,250,8,33,100,72.66169154228855,-1702.3,-506.2,8107.8
3203,106.8734,5.61156555446709,0.015625,250,8,33,100,73.03980099502488,-1701.5,-506.5,8110.4
3204,106.9068,5.61156555446709,0.015625,250,8,33,100,74.0049751243781,-1701.4,-506.5,8111.1
3205,106.9402,5.61156555446709,0.015625,250,8,33,100,72.53030303030303,-1698.8,-505.2,8110.5
3206,106.9735,5.61156555446709,0.015625,250,8,33,100,72.91044776119404,-1702.8,-505.0,8112.6
3207,107.0069,5.61156555446709,0.015625,250,8,33,100,72.90547263681592,-1700.1,-505.2,8108.9
3208,107.0403,5.61156555446709,0.015625,250,8,33,100,73.28787878787878,-1699.0,-505.0,8112.4
3209,107.0736,5.61156555446709,0.015625,250,8,33,100,73.363184079602,-1699.6,-507.3,8109.9
3210,107.107,5.61156555446709,0.015625,250,8,33,100,73.34328358208955,-1699.4,-505.9,8110.7
3211,107.1404,5.61156555446709,0.015625,250,8,33,100,73.56218905472637,-1701.9,-503.8,8108.3
3212,107.1737,5.61156555446709,0.015625,250,8,33,100,72.61111111111111,-1698.2,-504.3,8109.1
3213,107.2071,5.61156555446709,0.015625,250,8,33,100,71.97014925373135,-1700.4,-504.9,8111.0
3214,107.2405,5.61156555446709,0.015625,250,8,33,100,72.8457711442786,-1698.2,-507.9,8112.4
3215,107.2738,5.61156555446709,0.015625,250,8,33,100,73.39303482587064,-1702.6,-508.4,8112.7
3216,107.3072,5.61156555446709,0.015625,250,8,33,100,73.58080808080808,-1702.5,-504.4,8107.7
3217,107.3406,5.61156555446709,0.015625,250,8,33,100,73.28855721393035,-1698.4,-505.9,8108.1
3218,107.3739,5.61156555446709,0.015625,250,8,33,100,72.74626865671642,-1702.0,-505.1,8111.0
3219,107.4073,5.61156555446709,0.015625,250,8,33,100,73.23383084577114,-1701.2,-507.6,8112.1
3220,107.4407,5.61156555446709,0.015625,250,8,33,100,72.23232323232324,-1696.3,-506.2,8109.8
3221,107.474,5.61156555446709,0.015625,250,8,33,100,72.85074626865672,-1700.3,-503.8,8110.6
3222,107.5074,5.61156555446709,0.015625,250,8,33,100,72.27860696517413,-1699.1,-506.7,8105.3
3223,107.5408,5.61156555446709,0.015625,250,8,33,100,73.43434343434343,-1702.4,-507.9,8110.3
3224,107.5741,5.61156555446709,0.015625,250,8,33,100,73.0049751243781,-1700.3,-508.6,8113.3
3225,107.6075,5.61156555446709,0.015625,250,8,33,100,72.58208955223881,-1697.3,-504.1,8111.6
3226,107.6409,5.61156555446709,0.015625,250,8,33,100,72.67661691542288,-1699.6,-503.8,8111.8
3227,107.6742,5.61156555446709,0.015625,250,8,33,100,73.73232323232324,-1698.8,-506.1,8109.8
3228,107.7076,5.61156555446709,0.015625,250,8,33,100,73.54228855721394,-1696.7,-506.8,8115.6
3229,107.741,5.61156555446709,0.015625,250,8,33,100,73.46766169154229,-1702.5,-508.4,8108.8
3230,107.7743,5.61156555446709,0.015625,250,8,33,100,72.48258706467662,-1702.8,-506.8,8110.4
3231,107.8077,5.61156555446709,0.015625,250,8,33,100,73.21212121212122,-1700.7,-509.7,8109.9
3232,107.8411,5.61156555446709,0.015625,250,8,33,100,71.636815920398,-1700.6,-505.3,8108.8
3233,107.8744,5.61156555446709,0.015625,250,8,33,100,72.72636815920399,-1703.9,-504.2,8113.5
3234,107.9078,5.61156555446709,0.015625,250,8,33,100,73.54228855721394,-1700.4,-502.6,8112.3
3235,107.9412,5.61156555446709,0.015625,250,8,33,100,72.64646464646465,-1698.8,-508.3,8115.8
3236,107.9745,5.61156555446709,0.015625,250,8,33,100,73.68159203980099,-1705.4,-505.4,8109.2
3237,108.0079,5.61156555446709,0.015625,250,8,33,100,73.33333333333333,-1704.7,-506.8,8112.6
3238,108.0413,5.61156555446709,0.015625,250,8,33,100,72.65151515151516,-1702.2,-507.0,8109.6
3239,108.0746,5.61156555446709,0.015625,250,8,33,100,73.22885572139303,-1699.4,-508.1,8113.6
3240,108.108,5.61156555446709,0.015625,250,8,33,100,72.3731343283582,-1697.6,-506.2,8115.6
3241,108.1414,5.61156555446709,0.015625,250,8,33,100,73.56218905472637,-1703.4,-507.8,8107.9
3242,108.1747,5.61156555446709,0.015625,250,8,33,100,72.94444444444444,-1698.2,-504.9,8115.8
3243,108.2081,5.61156555446709,0.015625,250,8,33,100,72.72636815920399,-1702.6,-505.7,8109.8
3244,108.2415,5.61156555446709,0.015625,250,8,33,100,73.66169154228855,-1701.8,-503.5,8110.1
3245,108.2748,5.61156555446709,0.015625,250,8,33,100,72.76119402985074,-1700.4,-503.6,8112.4
3246,108.3082,5.61156555446709,0.015625,250,8,33,100,73.34848484848484,-1701.4,-510.2,8110.1
3247,108.3416,5.61156555446709,0.015625,250,8,33,100,72.72636815920399,-1700.2,-503.1,8110.6
3248,108.3749,5.61156555446709,0.015625,250,8,33,100,72.69154228855722,-1702.4,-508.8,8111.6
3249,108.4083,5.61156555446709,0.015625,250,8,33,100,71.32338308457712,-1702.6,-507.4,8110.6
3250,108.4417,5.61156555446709,0.015625,250,8,33,100,72.9949494949495,-1697.8,-504.6,8112.3
3251,108.475,5.61156555446709,0.015625,250,8,33,100,72.75621890547264,-1703.7,-505.3,8110.2
3252,108.5084,5.61156555446709,0.015625,250,8,33,100,73.55223880597015,-1701.7,-506.0,8112.6
3253,108.5418,5.61156555446709,0.015625,250,8,33,100,72.83838383838383,-1698.1,-508.5,8110.2
3254,108.5751,5.61156555446709,0.015625,250,8,33,100,73.2089552238806,-1703.7,-509.9,8112.6
3255,108.6085,5.61156555446709,0.015625,250,8,33,100,72.61691542288557,-1700.6,-508.4,8111.4
3256,108.6419,5.61156555446709,0.015625,250,8,33,100,73.07462686567165,-1703.2,-507.2,8112.0
3257,108.6752,5.61156555446709,0.015625,250,8,33,100,72.74747474747475,-1703.1,-506.2,8107.6
3258,108.7086,5.61156555446709,0.015625,250,8,33,100,73.5273631840796,-1701.9,-505.4,8110.7
3259,108.742,5.61156555446709,0.015625,250,8,33,100,74.11442786069652,-1702.3,-507.9,8112.7
3260,108.7753,5.61156555446709,0.015625,250,8,33,100,73.38805970149254,-1698.8,-506.2,8114.4
3261,108.8087,5.61156555446709,0.015625,250,8,33,100,72.37373737373737,-1702.3,-509.0,8111.7
3262,108.8421,5.61156555446709,0.015625,250,8,33,100,72.98507462686567,-1702.5,-507.7,8112.2
3263,108.8754,5.61156555446709,0.015625,250,8,33,100,73.636815920398,-1700.4,-508.7,8110.9
3264,108.9088,5.61156555446709,0.015625,250,8,33,100,73.17910447761194,-1699.6,-506.0,8113.6
3265,108.9422,5.61156555446709,0.015625,250,8,33,100,73.17676767676768,-1704.1,-506.7,8109.4
3266,108.9755,5.61156555446709,0.015625,250,8,33,100,72.88059701492537,-1702.5,-508.0,8108.3
3267,109.0089,5.61156555446709,0.015625,250,8,33,100,73.04477611940298,-1698.4,-502.8,8111.0
3268,109.0423,5.61156555446709,0.015625,250,8,33,100,73.14646464646465,-1706.0,-507.5,8109.3
3269,109.0756,5.61156555446709,0.015625,250,8,33,100,74.19900497512438,-1698.4,-509.7,8109.9
3270,109.109,5.61156555446709,0.015625,250,8,33,100,72.68656716417911,-1697.3,-506.0,8112.1
3271,109.1424,5.61156555446709,0.015625,250,8,33,100,72.53731343283582,-1703.1,-505.6,8112.2
3272,109.1757,5.61156555446709,0.015625,250,8,33,100,73.10606060606061,-1700.3,-506.7,8113.8
3273,109.2091,5.61156555446709,0.015625,250,8,33,100,72.55721393034825,-1700.2,-503.6,8111.8
3274,109.2425,5.61156555446709,0.015625,250,8,33,100,72.8407960199005,-1704.5,-506.7,8111.9
3275,109.2758,5.61156555446709,0.015625,250,8,33,100,73.74626865671642,-1701.8,-507.1,8109.9
3276,109.3092,5.61156555446709,0.015625,250,8,33,100,72.58080808080808,-1697.8,-505.4,8110.0
3277,109.3426,5.61156555446709,0.015625,250,8,33,100,71.46766169154229,-1701.0,-504.4,8109.9
3278,109.3759,5.61156555446709,0.015625,250,8,33,100,73.59203980099502,-1706.9,-503.3,8112.1
3279,109.4093,5.61156555446709,0.015625,250,8,33,100,72.85074626865672,-1702.3,-508.6,8106.1
3280,109.4427,5.61156555446709,0.015625,250,8,33,100,73.39393939393939,-1703.2,-507.7,8112.5
3281,109.476,5.61156555446709,0.015625,250,8,33,100,72.72139303482587,-1699.2,-506.5,8109.1
3282,109.5094,5.61156555446709,0.015625,250,8,33,100,72.2587064676617,-1702.0,-505.3,8111.7
3283,109.5428,5.61156555446709,0.015625,250,8,33,100,73.56060606060606,-1698.3,-505.8,8112.9
3284,109.5761,5.61156555446709,0.015625,250,8,33,100,73.2587064676617,-1700.6,-503.6,8108.6
3285,109.6095,5.61156555446709,0.015625,250,8,33,100,73.20398009950249,-1703.7,-506.5,8112.3
3286,109.6429,5.61156555446709,0.015625,250,8,33,100,73.08457711442786,-1702.2,-508.3,8112.0
3287,109.6762,5.61156555446709,0.015625,250,8,33,100,73.79292929292929,-1698.4,-508.4,8112.3
3288,109.7096,5.61156555446709,0.015625,250,8,33,100,73.64179104477611,-1702.5,-507.9,8111.2
3289,109.743,5.61156555446709,0.015625,250,8,33,100,73.56218905472637,-1702.3,-503.5,8111.2
3290,109.7763,5.61156555446709,0.015625,250,8,33,100,73.38805970149254,-1701.4,-507.8,8107.4
3291,109.8097,5.61156555446709,0.015625,250,8,33,100,72.94949494949495,-1704.8,-508.7,8113.4
3292,109.8431,5.61156555446709,0.015625,250,8,33,100,73.02487562189054,-1703.9,-506.1,8110.0
3293,109.8764,5.61156555446709,0.015625,250,8,33,100,73.2636815920398,-1703.6,-509.5,8111.1
3294,109.9098,5.61156555446709,0.015625,250,8,33,100,73.62189054726367,-1697.3,-504.4,8107.6
3295,109.9432,5.61156555446709,0.015625,250,8,33,100,72.47474747474747,-1704.3,-505.9,8113.1
3296,109.9765,5.61156555446709,0.015625,250,8,33,100,73.99004975124379,-1700.7,-506.2,8112.9
3297,110.0099,5.61156555446709,0.015625,250,8,33,100,72.72139303482587,-1698.2,-508.8,8113.5
3298,110.0433,5.61156555446709,0.015625,250,8,33,100,73.54040404040404,-1702.5,-504.8,8110.0
3299,110.0766,5.61156555446709,0.015625,250,8,33,100,72.35820895522389,-1696.7,-508.5,8110.9
3300,110.11,5.61156555446709,0.015625,250,8,33,100,72.34328358208955,-1700.6,-504.4,8113.0
3301,110.1434,5.61156555446709,0.015625,250,8,33,100,73.1044776119403,-1699.8,-509.1,8111.4
3302,110.1767,5.61156555446709,0.015625,250,8,33,100,73.46464646464646,-1700.4,-505.3,8112.0
3303,110.2101,5.61156555446709,0.015625,250,8,33,100,73.8955223880597,-1701.6,-510.8,8109.1
3304,110.2435,5.61156555446709,0.015625,250,8,33,100,72.33333333333333,-1697.6,-506.7,8112.1
3305,110.2768,5.61156555446709,0.015625,250,8,33,100,73.33333333333333,-1701.9,-504.5,8111.3
3306,110.3102,5.61156555446709,0.015625,250,8,33,100,74.0,-1699.7,-510.3,8111.7
3307,110.3436,5.61156555446709,0.015625,250,8,33,100,73.07462686567165,-1701.7,-506.3,8109.8
3308,110.3769,5.61156555446709,0.015625,250,8,33,100,72.50746268656717,-1701.9,-508.4,8109.1
3309,110.4103,5.61156555446709,0.015625,250,8,33,100,72.86069651741293,-1699.9,-508.5,8113.4
3310,110.4437,5.61156555446709,0.015625,250,8,33,100,72.55555555555556,-1702.6,-506.1,8111.4
3311,110.477,5.61156555446709,0.015625,250,8,33,100,74.07960199004975,-1699.9,-505.9,8110.9
3312,110.5104,5.61156555446709,0.015625,250,8,33,100,72.86069651741293,-1701.5,-508.5,8111.0
3313,110.5438,5.61156555446709,0.015625,250,8,33,100,73.36363636363636,-1702.8,-508.7,8111.0
3314,110.5771,5.61156555446709,0.015625,250,8,33,100,72.24378109452736,-1698.7,-507.0,8112.1
3315,110.6105,5.61156555446709,0.015625,250,8,33,100,72.8955223880597,-1698.3,-508.3,8111.5
3316,110.6439,5.61156555446709,0.015625,250,8,33,100,73.0,-1702.7,-508.2,8113.8
3317,110.6772,5.61156555446709,0.015625,250,8,33,100,73.17171717171718,-1699.3,-508.8,8109.6
3318,110.7106,5.61156555446709,0.015625,250,8,33,100,73.61691542288557,-1702.5,-508.0,8111.5
3319,110.744,5.61156555446709,0.015625,250,8,33,100,73.95024875621891,-1700.3,-509.1,8109.3
3320,110.7773,5.61156555446709,0.015625,250,8,33,100,73.46766169154229,-1700.2,-508.5,8107.1
3321,110.8107,5.61156555446709,0.015625,250,8,33,100,72.4949494949495,-1702.2,-505.0,8112.6
3322,110.8441,5.61156555446709,0.015625,250,8,33,100,73.45771144278606,-1699.7,-505.0,8112.0
3323,110.8774,5.61156555446709,0.015625,250,8,33,100,72.27363184079601,-1701.0,-506.9,8108.0
3324,110.9108,5.61156555446709,0.015625,250,8,33,100,74.39800995024876,-1702.6,-507.2,8108.7
3325,110.9442,5.61156555446709,0.015625,250,8,33,100,73.72222222222223,-1700.8,-510.6,8109.0
3326,110.9775,5.61156555446709,0.015625,250,8,33,100,72.43283582089552,-1703.1,-506.3,8110.1
3327,111.0109,5.61156555446709,0.015625,250,8,33,100,73.48756218905473,-1699.6,-506.4,8113.4
3328,111.0443,5.61156555446709,0.015625,250,8,33,100,72.29797979797979,-1697.5,-505.7,8111.6
3329,111.0776,5.61156555446709,0.015625,250,8,33,100,73.68159203980099,-1704.3,-505.6,8113.4
3330,111.111,5.61156555446709,0.015625,250,8,33,100,74.03482587064677,-1700.0,-508.5,8114.6
3331,111.1444,5.61156555446709,0.015625,250,8,33,100,73.17412935323384,-1699.9,-511.0,8108.6
3332,111.1777,5.61156555446709,0.015625,250,8,33,100,72.37373737373737,-1702.7,-504.0,8112.2
3333,111.2111,5.61156555446709,0.015625,250,8,33,100,73.35820895522389,-1700.7,-502.5,8112.6
3334,111.2445,5.61156555446709,0.015625,250,8,33,100,73.09950248756219,-1700.3,-508.3,8110.5
3335,111.2778,5.61156555446709,0.015625,250,8,33,100,72.7412935323383,-1699.2,-504.7,8110.3
3336,111.3112,5.61156555446709,0.015625,250,8,33,100,72.57070707070707,-1701.1,-506.9,8114.3
3337,111.3446,5.61156555446709,0.015625,250,8,33,100,72.83084577114428,-1700.3,-507.0,8111.8
3338,111.3779,5.61156555446709,0.015625,250,8,33,100,73.09452736318408,-1698.1,-505.2,8114.3
3339,111.4113,5.61156555446709,0.015625,250,8,33,100,72.30348258706468,-1702.9,-505.8,8109.8
3340,111.4447,5.61156555446709,0.015625,250,8,33,100,73.44444444444444,-1700.3,-508.8,8109.2
3341,111.478,5.61156555446709,0.015625,250,8,33,100,73.1592039800995,-1699.9,-506.2,8111.6
3342,111.5114,5.61156555446709,0.015625,250,8,33,100,73.32338308457712,-1699.4,-510.8,8112.5
3343,111.5448,5.61156555446709,0.015625,250,8,33,100,72.92424242424242,-1704.5,-505.9,8109.7
3344,111.5781,5.61156555446709,0.015625,250,8,33,100,72.60199004975124,-1703.3,-506.7,8112.0
3345,111.6115,5.61156555446709,0.015625,250,8,33,100,72.66666666666667,-1702.2,-505.5,8112.0
3346,111.6449,5.61156555446709,0.015625,250,8,33,100,73.17412935323384,-1702.3,-505.1,8111.9
3347,111.6782,5.61156555446709,0.015625,250,8,33,100,73.47474747474747,-1700.6,-508.6,8114.4
3348,111.7116,5.61156555446709,0.015625,250,8,33,100,73.42288557213931,-1701.3,-507.8,8110.4
3349,111.745,5.61156555446709,0.015625,250,8,33,100,73.02487562189054,-1704.9,-504.4,8109.8
3350,111.7783,5.61156555446709,0.015625,250,8,33,100,73.65174129353234,-1699.7,-506.5,8112.9
3351,111.8117,5.61156555446709,0.015625,250,8,33,100,72.95454545454545,-1700.9,-505.5,8108.7
3352,111.8451,5.61156555446709,0.015625,250,8,33,100,74.38308457711443,-1704.1,-506.9,8110.2
3353,111.8784,5.61156555446709,0.015625,250,8,33,100,74.1044776119403,-1697.4,-509.3,8113.1
3354,111.9118,5.61156555446709,0.015625,250,8,33,100,74.02985074626865,-1702.6,-506.9,8109.8
3355,111.9452,5.61156555446709,0.015625,250,8,33,100,73.78787878787878,-1700.5,-508.9,8111.1
3356,111.9785,5.61156555446709,0.015625,250,8,33,100,72.91044776119404,-1700.8,-504.0,8110.6
3357,112.0119,5.61156555446709,0.015625,250,8,33,100,72.98507462686567,-1701.4,-509.8,8113.2
3358,112.0453,5.61156555446709,0.015625,250,8,33,100,73.05050505050505,-1699.8,-510.2,8108.7
3359,112.0786,5.61156555446709,0.015625,250,8,33,100,73.19900497512438,-1701.7,-508.4,8110.3
3360,112.112,5.61156555446709,0.015625,250,8,33,100,73.53233830845771,-1702.1,-504.8,8112.4
3361,112.1454,5.61156555446709,0.015625,250,8,33,100,73.02487562189054,-1702.7,-505.4,8112.7
3362,112.1787,5.61156555446709,0.015625,250,8,33,100,72.83838383838383,-1702.7,-508.8,8107.8
3363,112.2121,5.61156555446709,0.015625,250,8,33,100,74.02487562189054,-1701.9,-507.5,8114.7
3364,112.2455,5.61156555446709,0.015625,250,8,33,100,73.363184079602,-1701.6,-506.4,8110.3
3365,112.2788,5.61156555446709,0.015625,250,8,33,100,72.46766169154229,-1701.6,-509.9,8111.9
3366,112.3122,5.61156555446709,0.015625,250,8,33,100,73.20707070707071,-1700.2,-507.5,8112.2
3367,112.3456,5.61156555446709,0.015625,250,8,33,100,72.80597014925372,-1701.6,-507.8,8114.1
3368,112.3789,5.61156555446709,0.015625,250,8,33,100,73.30348258706468,-1701.2,-504.3,8113.1
3369,112.4123,5.61156555446709,0.015625,250,8,33,100,72.31343283582089,-1700.4,-507.8,8108.1
3370,112.4457,5.61156555446709,0.015625,250,8,33,100,73.35353535353535,-1698.3,-507.3,8110.0
3371,112.479,5.61156555446709,0.015625,250,8,33,100,73.42786069651741,-1701.8,-505.0,8109.6
3372,112.5124,5.61156555446709,0.015625,250,8,33,100,73.48756218905473,-1701.1,-507.6,8109.7
3373,112.5458,5.61156555446709,0.015625,250,8,33,100,71.67676767676768,-1703.6,-505.5,8111.6
3374,112.5791,5.61156555446709,0.015625,250,8,33,100,73.87562189054727,-1704.1,-508.0,8107.2
3375,112.6125,5.61156555446709,0.015625,250,8,33,100,72.72636815920399,-1701.4,-511.1,8106.5
3376,112.6459,5.61156555446709,0.015625,250,8,33,100,73.06965174129353,-1703.5,-508.7,8111.6
3377,112.6792,5.61156555446709,0.015625,250,8,33,100,73.57070707070707,-1697.8,-504.5,8112.8
3378,112.7126,5.61156555446709,0.015625,250,8,33,100,72.4776119402985,-1699.7,-507.5,8111.8
3379,112.746,5.61156555446709,0.015625,250,8,33,100,73.54228855721394,-1699.6,-504.4,8110.9
3380,112.7793,5.61156555446709,0.015625,250,8,33,100,72.60199004975124,-1700.6,-507.8,8114.5
3381,112.8127,5.61156555446709,0.015625,250,8,33,100,73.25757575757575,-1702.2,-509.0,8112.8
3382,112.8461,5.61156555446709,0.015625,250,8,33,100,73.12437810945273,-1700.2,-506.4,8112.3
3383,112.8794,5.61156555446709,0.015625,250,8,33,100,72.72636815920399,-1701.2,-503.7,8107.1
3384,112.9128,5.61156555446709,0.015625,250,8,33,100,73.50248756218906,-1702.8,-508.7,8109.5
3385,112.9462,5.61156555446709,0.015625,250,8,33,100,72.62121212121212,-1701.2,-509.7,8107.9
3386,112.9795,5.61156555446709,0.015625,250,8,33,100,73.87064676616916,-1700.0,-509.2,8109.5
3387,113.0129,5.61156555446709,0.015625,250,8,33,100,73.49751243781094,-1696.7,-507.5,8109.2
3388,113.0463,5.61156555446709,0.015625,250,8,33,100,71.95959595959596,-1702.2,-506.7,8110.1
3389,113.0796,5.61156555446709,0.015625,250,8,33,100,73.64676616915423,-1701.8,-508.1,8113.1
3390,113.113,5.61156555446709,0.015625,250,8,33,100,73.98507462686567,-1698.4,-509.5,8109.3
3391,113.1464,5.61156555446709,0.015625,250,8,33,100,72.2636815920398,-1700.1,-506.3,8112.3
3392,113.1797,5.61156555446709,0.015625,250,8,33,100,72.58080808080808,-1700.5,-506.7,8109.0
3393,113.2131,5.61156555446709,0.015625,250,8,33,100,73.82587064676616,-1699.0,-508.4,8111.8
3394,113.2465,5.61156555446709,0.015625,250,8,33,100,72.72636815920399,-1702.4,-509.1,8112.3
3395,113.2798,5.61156555446709,0.015625,250,8,33,100,73.03980099502488,-1698.8,-506.0,8108.5
3396,113.3132,5.61156555446709,0.015625,250,8,33,100,72.64646464646465,-1704.3,-508.6,8111.3
3397,113.3466,5.61156555446709,0.015625,250,8,33,100,73.01492537313433,-1703.0,-509.6,8109.5
3398,113.3799,5.61156555446709,0.015625,250,8,33,100,72.9950248756219,-1696.4,-510.1,8111.2
3399,113.4133,5.61156555446709,0.015625,250,8,33,100,73.00995024875621,-1706.5,-508.1,8113.8
3400,113.4467,5.61156555446709,0.015625,250,8,33,100,73.28282828282828,-1699.3,-509.3,8111.3
3401,113.48,5.61156555446709,0.015625,250,8,33,100,72.97512437810946,-1701.3,-505.2,8111.6
3402,113.5134,5.61156555446709,0.015625,250,8,33,100,74.05970149253731,-1700.2,-508.0,8107.0
3403,113.5468,5.61156555446709,0.015625,250,8,33,100,72.51515151515152,-1701.8,-504.8,8111.8
3404,113.5801,5.61156555446709,0.015625,250,8,33,100,73.1592039800995,-1700.9,-508.6,8109.8
3405,113.6135,5.61156555446709,0.015625,250,8,33,100,73.0049751243781,-1699.7,-507.1,8106.8
3406,113.6469,5.61156555446709,0.015625,250,8,33,100,71.91542288557214,-1702.4,-506.9,8110.3
3407,113.6802,5.61156555446709,0.015625,250,8,33,100,72.85353535353535,-1702.1,-505.2,8109.9
3408,113.7136,5.61156555446709,0.015625,250,8,33,100,72.5223880597015,-1701.0,-505.6,8113.1
3409,113.747,5.61156555446709,0.015625,250,8,33,100,73.05970149253731,-1701.9,-507.6,8108.6
3410,113.7803,5.61156555446709,0.015625,250,8,33,100,71.38308457711443,-1698.6,-505.0,8112.6
3411,113.8137,5.61156555446709,0.015625,250,8,33,100,73.74747474747475,-1703.6,-506.4,8106.8
3412,113.8471,5.61156555446709,0.015625,250,8,33,100,72.04477611940298,-1700.2,-505.7,8112.2
3413,113.8804,5.61156555446709,0.015625,250,8,33,100,73.5273631840796,-1702.1,-508.5,8111.0
3414,113.9138,5.61156555446709,0.015625,250,8,33,100,73.19900497512438,-1701.5,-506.6,8112.4
3415,113.9472,5.61156555446709,0.015625,250,8,33,100,73.22727272727273,-1703.1,-506.5,8114.7
3416,113.9805,5.61156555446709,0.015625,250,8,33,100,73.27860696517413,-1702.6,-503.9,8112.4
3417,114.0139,5.61156555446709,0.015625,250,8,33,100,73.37810945273633,-1699.6,-506.9,8110.7
3418,114.0473,5.61156555446709,0.015625,250,8,33,100,73.62626262626263,-1705.2,-508.7,8111.0
3419,114.0806,5.61156555446709,0.015625,250,8,33,100,72.7860696517413,-1699.6,-513.0,8109.8
3420,114.114,5.61156555446709,0.015625,250,8,33,100,72.02487562189054,-1700.7,-506.4,8110.9
3421,114.1474,5.61156555446709,0.015625,250,8,33,100,73.85074626865672,-1705.1,-504.0,8110.3
3422,114.1807,5.61156555446709,0.015625,250,8,33,100,71.87373737373737,-1698.4,-508.4,8111.2
3423,114.2141,5.61156555446709,0.015625,250,8,33,100,74.02985074626865,-1702.0,-504.4,8107.6
3424,114.2475,5.61156555446709,0.015625,250,8,33,100,73.06965174129353,-1699.8,-508.8,8108.1
3425,114.2808,5.61156555446709,0.015625,250,8,33,100,72.65671641791045,-1703.0,-504.6,8110.8
3426,114.3142,5.61156555446709,0.015625,250,8,33,100,74.03535353535354,-1702.0,-505.6,8108.6
3427,114.3476,5.61156555446709,0.015625,250,8,33,100,73.11442786069652,-1700.4,-507.6,8106.6
3428,114.3809,5.61156555446709,0.015625,250,8,33,100,72.42786069651741,-1702.6,-508.9,8108.9
3429,114.4143,5.61156555446709,0.015625,250,8,33,100,73.33830845771145,-1697.9,-511.0,8112.1
3430,114.4477,5.61156555446709,0.015625,250,8,33,100,72.65151515151516,-1696.7,-502.7,8106.5
3431,114.481,5.61156555446709,0.015625,250,8,33,100,73.58706467661692,-1705.2,-505.9,8109.1
3432,114.5144,5.61156555446709,0.015625,250,8,33,100,72.22388059701493,-1697.7,-508.7,8111.5
3433,114.5478,5.61156555446709,0.015625,250,8,33,100,72.5050505050505,-1701.7,-504.1,8111.1
3434,114.5811,5.61156555446709,0.015625,250,8,33,100,73.51741293532338,-1698.5,-507.7,8112.6
3435,114.6145,5.61156555446709,0.015625,250,8,33,100,73.69651741293532,-1698.9,-506.6,8112.7
3436,114.6479,5.61156555446709,0.015625,250,8,33,100,73.73134328358209,-1703.7,-507.0,8112.3
3437,114.6812,5.61156555446709,0.015625,250,8,33,100,73.65656565656566,-1697.9,-507.8,8111.8
3438,114.7146,5.61156555446709,0.015625,250,8,33,100,72.49253731343283,-1698.7,-506.9,8114.0
3439,114.748,5.61156555446709,0.015625,250,8,33,100,72.87064676616916,-1705.1,-509.7,8111.3
3440,114.7813,5.61156555446709,0.015625,250,8,33,100,73.11442786069652,-1699.1,-503.8,8109.4
3441,114.8147,5.61156555446709,0.015625,250,8,33,100,73.93434343434343,-1700.3,-510.8,8111.0
3442,114.8481,5.61156555446709,0.015625,250,8,33,100,72.09452736318408,-1698.6,-506.8,8111.1
3443,114.8814,5.61156555446709,0.015625,250,8,33,100,72.06467661691542,-1701.5,-505.0,8109.0
3444,114.9148,5.61156555446709,0.015625,250,8,33,100,73.2636815920398,-1702.0,-505.2,8112.0
3445,114.9482,5.61156555446709,0.015625,250,8,33,100,73.1010101010101,-1701.1,-507.3,8111.8
3446,114.9815,5.61156555446709,0.015625,250,8,33,100,72.38805970149254,-1699.0,-507.8,8116.1
3447,115.0149,5.61156555446709,0.015625,250,8,33,100,73.35323383084577,-1699.1,-504.8,8108.6
3448,115.0483,5.61156555446709,0.015625,250,8,33,100,71.62121212121212,-1700.7,-505.6,8109.4
3449,115.0816,5.61156555446709,0.015625,250,8,33,100,72.79601990049751,-1700.2,-507.2,8107.1
3450,115.115,5.61156555446709,0.015625,250,8,33,100,72.48258706467662,-1699.9,-504.9,8110.7
3451,115.1484,5.61156555446709,0.015625,250,8,33,100,74.33333333333333,-1700.7,-507.9,8111.3
3452,115.1817,5.61156555446709,0.015625,250,8,33,100,73.23737373737374,-1697.7,-508.9,8111.4
3453,115.2151,5.61156555446709,0.015625,250,8,33,100,73.16915422885572,-1703.9,-505.5,8111.8
3454,115.2485,5.61156555446709,0.015625,250,8,33,100,72.51741293532338,-1700.3,-509.1,8110.7
3455,115.2818,5.61156555446709,0.015625,250,8,33,100,73.06965174129353,-1703.1,-505.5,8112.4
3456,115.3152,5.61156555446709,0.015625,250,8,33,100,73.54040404040404,-1697.9,-506.0,8112.5
3457,115.3486,5.61156555446709,0.015625,250,8,33,100,72.58706467661692,-1700.0,-509.6,8111.6
3458,115.3819,5.61156555446709,0.015625,250,8,33,100,73.6318407960199,-1699.3,-505.3,8113.7
3459,115.4153,5.61156555446709,0.015625,250,8,33,100,72.27860696517413,-1699.4,-508.7,8108.7
3460,115.4487,5.61156555446709,0.015625,250,8,33,100,71.70707070707071,-1704.4,-505.6,8110.2
3461,115.482,5.61156555446709,0.015625,250,8,33,100,73.04975124378109,-1701.3,-504.5,8109.9
3462,115.5154,5.61156555446709,0.015625,250,8,33,100,72.11940298507463,-1699.0,-506.5,8109.7
3463,115.5488,5.61156555446709,0.015625,250,8,33,100,74.13636363636364,-1699.0,-508.1,8113.4
3464,115.5821,5.61156555446709,0.015625,250,8,33,100,72.45771144278606,-1697.7,-509.2,8115.0
3465,115.6155,5.61156555446709,0.015625,250,8,33,100,73.91542288557214,-1701.6,-507.6,8108.7
3466,115.6489,5.61156555446709,0.015625,250,8,33,100,71.93532338308458,-1700.9,-506.6,8111.1
3467,115.6822,5.61156555446709,0.015625,250,8,33,100,73.05050505050505,-1701.5,-507.0,8111.3
3468,115.7156,5.61156555446709,0.015625,250,8,33,100,72.93532338308458,-1699.1,-508.7,8111.6
3469,115.749,5.61156555446709,0.015625,250,8,33,100,74.0,-1700.0,-503.9,8111.5
3470,115.7823,5.61156555446709,0.015625,250,8,33,100,72.22885572139303,-1702.5,-507.7,8108.1
3471,115.8157,5.61156555446709,0.015625,250,8,33,100,73.9040404040404,-1698.1,-505.5,8114.3
3472,115.8491,5.61156555446709,0.015625,250,8,33,100,72.72139303482587,-1698.8,-509.2,8107.5
3473,115.8824,5.61156555446709,0.015625,250,8,33,100,73.64676616915423,-1703.4,-506.9,8113.3
3474,115.9158,5.61156555446709,0.015625,250,8,33,100,73.86567164179104,-1696.2,-509.5,8111.1
3475,115.9492,5.61156555446709,0.015625,250,8,33,100,72.81818181818181,-1699.3,-505.2,8108.5
3476,115.9825,5.61156555446709,0.015625,250,8,33,100,73.2587064676617,-1699.8,-511.0,8109.4
3477,116.0159,5.61156555446709,0.015625,250,8,33,100,72.13930348258707,-1694.0,-504.2,8112.9
3478,116.0493,5.61156555446709,0.015625,250,8,33,100,73.93434343434343,-1702.9,-507.1,8107.8
3479,116.0826,5.61156555446709,0.015625,250,8,33,100,72.58706467661692,-1698.8,-502.0,8110.7
3480,116.116,5.61156555446709,0.015625,250,8,33,100,73.1592039800995,-1701.4,-509.1,8110.7
3481,116.1494,5.61156555446709,0.015625,250,8,33,100,72.85074626865672,-1700.7,-506.9,8110.8
3482,116.1827,5.61156555446709,0.015625,250,8,33,100,72.37373737373737,-1697.4,-503.4,8112.4
3483,116.2161,5.61156555446709,0.015625,250,8,33,100,71.68159203980099,-1706.3,-510.0,8109.7
3484,116.2495,5.61156555446709,0.015625,250,8,33,100,74.26865671641791,-1698.8,-502.6,8111.6
3485,116.2828,5.61156555446709,0.015625,250,8,33,100,72.64179104477611,-1696.9,-510.2,8108.9
3486,116.3162,5.61156555446709,0.015625,250,8,33,100,72.58080808080808,-1705.9,-506.6,8108.1
3487,116.3496,5.61156555446709,0.015625,250,8,33,100,73.0,-1693.3,-507.4,8113.1
3488,116.3829,5.61156555446709,0.015625,250,8,33,100,71.72636815920399,-1699.9,-505.8,8112.3
3489,116.4163,5.61156555446709,0.015625,250,8,33,100,73.45771144278606,-1709.0,-505.8,8108.3
3490,116.4497,5.61156555446709,0.015625,250,8,33,100,73.37878787878788,-1695.0,-501.8,8110.1
3491,116.483,5.61156555446709,0.015625,250,8,33,100,72.30348258706468,-1702.2,-509.9,8112.4
3492,116.5164,5.61156555446709,0.015625,250,8,33,100,73.8955223880597,-1706.4,-503.0,8110.5
3493,116.5498,5.61156555446709,0.015625,250,8,33,100,72.57575757575758,-1698.2,-508.8,8114.8
3494,116.5831,5.61156555446709,0.015625,250,8,33,100,72.57711442786069,-1701.7,-505.2,8110.2
3495,116.6165,5.61156555446709,0.015625,250,8,33,100,72.96517412935323,-1699.6,-505.7,8110.7
3496,116.6499,5.61156555446709,0.015625,250,8,33,100,73.56218905472637,-1704.4,-504.0,8108.1
3497,116.6832,5.61156555446709,0.015625,250,8,33,100,73.21717171717172,-1696.6,-507.3,8113.4
3498,116.7166,5.61156555446709,0.015625,250,8,33,100,72.98507462686567,-1701.2,-506.2,8109.9
3499,116.75,5.61156555446709,0.015625,250,8,33,100,72.81592039800995,-1703.2,-505.4,8111.4
3500,116.7833,5.61156555446709,0.015625,250,8,33,100,73.35323383084577,-1696.6,-505.8,8113.2
3501,116.8167,5.61156555446709,0.015625,250,8,33,100,72.20202020202021,-1704.1,-506.5,8110.3
3502,116.8501,5.61156555446709,0.015625,250,8,33,100,74.80099502487562,-1700.7,-512.8,8110.9
3503,116.8834,5.61156555446709,0.015625,250,8,33,100,72.40298507462687,-1698.0,-507.9,8114.5
3504,116.9168,5.61156555446709,0.015625,250,8,33,100,73.43781094527363,-1708.9,-508.4,8110.8
3505,116.9502,5.61156555446709,0.015625,250,8,33,100,72.88383838383838,-1694.7,-502.2,8114.1
3506,116.9835,5.61156555446709,0.015625,250,8,33,100,71.90049751243781,-1701.6,-509.0,8109.1
3507,117.0169,5.61156555446709,0.015625,250,8,33,100,73.82089552238806,-1709.2,-504.8,8110.7
3508,117.0503,5.61156555446709,0.015625,250,8,33,100,74.0909090909091,-1694.2,-512.7,8108.7
3509,117.0836,5.61156555446709,0.015625,250,8,33,100,72.35323383084577,-1700.9,-505.3,8111.0
3510,117.117,5.61156555446709,0.015625,250,8,33,100,73.90547263681592,-1704.4,-503.0,8110.0
3511,117.1504,5.61156555446709,0.015625,250,8,33,100,71.363184079602,-1696.8,-508.7,8110.1
3512,117.1837,5.61156555446709,0.015625,250,8,33,100,74.20707070707071,-1703.7,-504.3,8109.0
3513,117.2171,5.61156555446709,0.015625,250,8,33,100,71.85074626865672,-1697.5,-509.7,8114.6
3514,117.2505,5.61156555446709,0.015625,250,8,33,100,71.92039800995025,-1703.1,-508.9,8111.9
3515,117.2838,5.61156555446709,0.015625,250,8,33,100,74.29353233830845,-1700.4,-508.2,8113.8
3516,117.3172,5.61156555446709,0.015625,250,8,33,100,74.16666666666667,-1694.7,-504.4,8110.5
3517,117.3506,5.61156555446709,0.015625,250,8,33,100,71.55721393034825,-1707.4,-508.0,8110.3
3518,117.3839,5.61156555446709,0.015625,250,8,33,100,73.03482587064677,-1701.7,-503.6,8115.5
3519,117.4173,5.61156555446709,0.015625,250,8,33,100,72.38805970149254,-1696.3,-510.7,8109.0
3520,117.4507,5.61156555446709,0.015625,250,8,33,100,73.06060606060606,-1702.5,-505.8,8108.3
3521,117.484,5.61156555446709,0.015625,250,8,33,100,73.86567164179104,-1702.6,-507.6,8113.2
3522,117.5174,5.61156555446709,0.015625,250,8,33,100,72.16417910447761,-1699.3,-505.0,8111.6
3523,117.5508,5.61156555446709,0.015625,250,8,33,100,73.22727272727273,-1699.2,-505.0,8114.1
3524,117.5841,5.61156555446709,0.015625,250,8,33,100,72.85074626865672,-1697.6,-505.8,8111.1
3525,117.6175,5.61156555446709,0.015625,250,8,33,100,72.57711442786069,-1704.2,-511.8,8106.0
3526,117.6509,5.61156555446709,0.015625,250,8,33,100,72.56218905472637,-1696.5,-505.6,8113.7
3527,117.6842,5.61156555446709,0.015625,250,8,33,100,73.51515151515152,-1699.3,-509.2,8109.9
3528,117.7176,5.61156555446709,0.015625,250,8,33,100,72.75124378109453,-1705.1,-501.9,8108.6
3529,117.751,5.61156555446709,0.015625,250,8,33,100,73.50746268656717,-1696.5,-507.2,8109.3
3530,117.7843,5.61156555446709,0.015625,250,8,33,100,71.62189054726367,-1697.7,-503.2,8114.4
3531,117.8177,5.61156555446709,0.015625,250,8,33,100,73.64141414141415,-1704.7,-507.8,8108.6
3532,117.8511,5.61156555446709,0.015625,250,8,33,100,72.38308457711443,-1696.7,-506.9,8110.0
3533,117.8844,5.61156555446709,0.015625,250,8,33,100,72.25373134328358,-1700.4,-505.8,8109.5
3534,117.9178,5.61156555446709,0.015625,250,8,33,100,72.54726368159204,-1700.7,-502.2,8112.6
3535,117.9512,5.61156555446709,0.015625,250,8,33,100,73.64646464646465,-1702.2,-507.8,8110.4
3536,117.9845,5.61156555446709,0.015625,250,8,33,100,74.06965174129353,-1697.9,-507.2,8109.6
3537,118.0179,5.61156555446709,0.015625,250,8,33,100,73.03482587064677,-1697.7,-506.9,8109.8
3538,118.0513,5.61156555446709,0.015625,250,8,33,100,72.11111111111111,-1702.8,-507.0,8109.3
3539,118.0846,5.61156555446709,0.015625,250,8,33,100,74.72636815920399,-1701.7,-501.9,8113.7
3540,118.118,5.61156555446709,0.015625,250,8,33,100,71.8905472636816,-1702.6,-511.8,8109.3
3541,118.1514,5.61156555446709,0.015625,250,8,33,100,74.5223880597015,-1701.9,-510.7,8111.6
3542,118.1847,5.61156555446709,0.015625,250,8,33,100,72.04545454545455,-1695.0,-511.1,8109.9
3543,118.2181,5.61156555446709,0.015625,250,8,33,100,73.24875621890547,-1704.4,-506.4,8108.6
3544,118.2515,5.61156555446709,0.015625,250,8,33,100,73.33830845771145,-1697.3,-510.7,8110.9
3545,118.2848,5.61156555446709,0.015625,250,8,33,100,72.5273631840796,-1701.7,-499.8,8112.1
3546,118.3182,5.61156555446709,0.015625,250,8,33,100,72.06060606060606,-1705.7,-511.7,8109.6
3547,118.3516,5.61156555446709,0.015625,250,8,33,100,72.32338308457712,-1696.0,-506.0,8110.6
3548,118.3849,5.61156555446709,0.015625,250,8,33,100,72.56716417910448,-1704.6,-506.0,8109.7
3549,118.4183,5.61156555446709,0.015625,250,8,33,100,73.48258706467662,-1703.6,-506.2,8107.3
3550,118.4517,5.61156555446709,0.015625,250,8,33,100,74.02525252525253,-1695.9,-505.0,8110.6
3551,118.485,5.61156555446709,0.015625,250,8,33,100,73.61691542288557,-1705.3,-508.1,8110.7
3552,118.5184,5.61156555446709,0.015625,250,8,33,100,72.55223880597015,-1703.4,-505.7,8111.3
3553,118.5518,5.61156555446709,0.015625,250,8,33,100,73.71212121212122,-1698.4,-506.2,8110.1
3554,118.5851,5.61156555446709,0.015625,250,8,33,100,73.4776119402985,-1699.6,-507.5,8111.1
3555,118.6185,5.61156555446709,0.015625,250,8,33,100,73.09452736318408,-1699.5,-502.3,8110.9
3556,118.6519,5.61156555446709,0.015625,250,8,33,100,73.2587064676617,-1705.4,-508.3,8109.7
3557,118.6852,5.61156555446709,0.015625,250,8,33,100,73.24747474747475,-1703.4,-507.8,8108.9
3558,118.7186,5.61156555446709,0.015625,250,8,33,100,72.82587064676616,-1699.4,-508.4,8106.4
3559,118.752,5.61156555446709,0.015625,250,8,33,100,74.01492537313433,-1704.6,-505.8,8107.3
3560,118.7853,5.61156555446709,0.015625,250,8,33,100,72.35323383084577,-1699.9,-506.6,8107.7
3561,118.8187,5.61156555446709,0.015625,250,8,33,100,73.16161616161617,-1706.0,-504.0,8112.7
3562,118.8521,5.61156555446709,0.015625,250,8,33,100,73.54726368159204,-1701.1,-508.6,8110.3
3563,118.8854,5.61156555446709,0.015625,250,8,33,100,72.27363184079601,-1698.2,-505.1,8111.8
3564,118.9188,5.61156555446709,0.015625,250,8,33,100,73.59701492537313,-1700.3,-506.6,8111.8
3565,118.9522,5.61156555446709,0.015625,250,8,33,100,74.42929292929293,-1700.3,-505.9,8109.9
3566,118.9855,5.61156555446709,0.015625,250,8,33,100,73.66169154228855,-1702.9,-506.5,8108.3
3567,119.0189,5.61156555446709,0.015625,250,8,33,100,72.04477611940298,-1703.8,-502.3,8114.3
3568,119.0523,5.61156555446709,0.015625,250,8,33,100,74.0,-1703.3,-507.1,8106.6
3569,119.0856,5.61156555446709,0.015625,250,8,33,100,73.39303482587064,-1705.2,-506.0,8110.1
3570,119.119,5.61156555446709,0.015625,250,8,33,100,74.93532338308458,-1699.3,-505.4,8112.5
3571,119.1524,5.61156555446709,0.015625,250,8,33,100,73.48756218905473,-1704.5,-506.4,8108.2
3572,119.1857,5.61156555446709,0.015625,250,8,33,100,73.74747474747475,-1699.0,-504.1,8110.9
3573,119.2191,5.61156555446709,0.015625,250,8,33,100,72.83084577114428,-1703.3,-510.4,8108.9
3574,119.2525,5.61156555446709,0.015625,250,8,33,100,73.80597014925372,-1704.6,-507.1,8106.7
3575,119.2858,5.61156555446709,0.015625,250,8,33,100,72.20398009950249,-1695.7,-509.1,8113.0
3576,119.3192,5.61156555446709,0.015625,250,8,33,100,73.08080808080808,-1704.0,-504.2,8111.2
3577,119.3526,5.61156555446709,0.015625,250,8,33,100,73.60696517412936,-1700.5,-508.5,8111.6
3578,119.3859,5.61156555446709,0.015625,250,8,33,100,73.3731343283582,-1697.5,-507.7,8110.7
3579,119.4193,5.61156555446709,0.015625,250,8,33,100,72.8905472636816,-1703.5,-507.8,8109.6
3580,119.4527,5.61156555446709,0.015625,250,8,33,100,73.82828282828282,-1700.9,-506.7,8111.2
3581,119.486,5.61156555446709,0.015625,250,8,33,100,72.07960199004975,-1702.6,-510.1,8109.4
3582,119.5194,5.61156555446709,0.015625,250,8,33,100,73.48258706467662,-1696.1,-507.1,8109.9
3583,119.5528,5.61156555446709,0.015625,250,8,33,100,73.21717171717172,-1701.8,-508.8,8109.6
3584,119.5861,5.61156555446709,0.015625,250,8,33,100,73.97512437810946,-1705.5,-509.4,8110.7
3585,119.6195,5.61156555446709,0.015625,250,8,33,100,73.46268656716418,-1692.0,-510.1,8109.6
3586,119.6529,5.61156555446709,0.015625,250,8,33,100,73.12437810945273,-1706.2,-504.8,8110.3
3587,119.6862,5.61156555446709,0.015625,250,8,33,100,74.0959595959596,-1700.0,-506.7,8108.3
3588,119.7196,5.61156555446709,0.015625,250,8,33,100,72.27860696517413,-1696.4,-508.6,8114.5
3589,119.753,5.61156555446709,0.015625,250,8,33,100,73.30348258706468,-1702.9,-506.8,8112.3
3590,119.7863,5.61156555446709,0.015625,250,8,33,100,73.55721393034825,-1699.8,-501.4,8109.9
3591,119.8197,5.61156555446709,0.015625,250,8,33,100,72.79797979797979,-1701.1,-505.7,8112.0
3592,119.8531,5.61156555446709,0.015625,250,8,33,100,72.76119402985074,-1702.3,-506.9,8114.8
3593,119.8864,5.61156555446709,0.015625,250,8,33,100,72.37810945273633,-1702.1,-504.9,8113.8
3594,119.9198,5.61156555446709,0.015625,250,8,33,100,73.69651741293532,-1704.3,-508.9,8108.9
3595,119.9532,5.61156555446709,0.015625,250,8,33,100,73.26262626262626,-1701.1,-510.7,8110.7
3596,119.9865,5.61156555446709,0.015625,250,8,33,100,71.82089552238806,-1703.2,-506.8,8108.6
3597,120.0199,5.61156555446709,0.015625,250,8,33,100,73.92537313432835,-1705.8,-505.0,8113.9
3598,120.0533,5.61156555446709,0.015625,250,8,33,100,72.95454545454545,-1693.2,-505.1,8111.6
3599,120.0866,5.61156555446709,0.015625,250,8,33,100,72.94029850746269,-1703.4,-506.6,8109.2
3600,120.12,5.61156555446709,0.015625,250,8,33,100,73.18407960199005,-1698.9,-507.5,8107.6
3601,120.1534,5.61156555446709,0.015625,250,8,33,100,71.60696517412936,-1695.0,-510.1,8113.7
3602,120.1867,5.61156555446709,0.015625,250,8,33,100,72.45454545454545,-1702.8,-506.9,8108.6
3603,120.2201,5.61156555446709,0.015625,250,8,33,100,73.60696517412936,-1698.9,-507.1,8109.7
3604,120.2535,5.61156555446709,0.015625,250,8,33,100,72.62189054726367,-1701.3,-503.1,8111.7
3605,120.2868,5.61156555446709,0.015625,250,8,33,100,74.0,-1704.3,-505.5,8111.9
3606,120.3202,5.61156555446709,0.015625,250,8,33,100,72.22727272727273,-1698.0,-505.3,8112.9
3607,120.3536,5.61156555446709,0.015625,250,8,33,100,72.92039800995025,-1701.6,-511.0,8107.4
3608,120.3869,5.61156555446709,0.015625,250,8,33,100,73.363184079602,-1696.9,-512.3,8111.7
3609,120.4203,5.61156555446709,0.015625,250,8,33,100,72.19402985074628,-1696.3,-504.5,8111.8
3610,120.4537,5.61156555446709,0.015625,250,8,33,100,72.47979797979798,-1706.4,-503.4,8107.2
3611,120.487,5.61156555446709,0.015625,250,8,33,100,74.12437810945273,-1700.4,-509.1,8112.0
3612,120.5204,5.61156555446709,0.015625,250,8,33,100,71.94527363184079,-1700.5,-507.8,8110.7
3613,120.5538,5.61156555446709,0.015625,250,8,33,100,74.4040404040404,-1702.3,-508.4,8111.5
3614,120.5871,5.61156555446709,0.015625,250,8,33,100,71.94029850746269,-1701.7,-510.4,8108.7
3615,120.6205,5.61156555446709,0.015625,250,8,33,100,74.00995024875621,-1697.1,-504.4,8109.1
3616,120.6539,5.61156555446709,0.015625,250,8,33,100,72.82587064676616,-1700.2,-505.8,8114.2
3617,120.6872,5.61156555446709,0.015625,250,8,33,100,72.53030303030303,-1703.5,-504.0,8108.8
3618,120.7206,5.61156555446709,0.015625,250,8,33,100,73.1542288557214,-1705.0,-509.2,8110.1
3619,120.754,5.61156555446709,0.015625,250,8,33,100,72.8955223880597,-1695.3,-510.8,8112.3
3620,120.7873,5.61156555446709,0.015625,250,8,33,100,72.75621890547264,-1703.9,-506.1,8111.0
3621,120.8207,5.61156555446709,0.015625,250,8,33,100,72.68181818181819,-1707.0,-503.9,8112.8
3622,120.8541,5.61156555446709,0.015625,250,8,33,100,73.46268656716418,-1698.2,-511.7,8107.0
3623,120.8874,5.61156555446709,0.015625,250,8,33,100,72.37810945273633,-1699.5,-507.3,8111.2
3624,120.9208,5.61156555446709,0.015625,250,8,33,100,72.7910447761194,-1700.4,-506.2,8107.1
3625,120.9542,5.61156555446709,0.015625,250,8,33,100,72.79292929292929,-1703.1,-504.4,8109.5
3626,120.9875,5.61156555446709,0.015625,250,8,33,100,73.72139303482587,-1697.7,-505.0,8106.0
3627,121.0209,5.61156555446709,0.015625,250,8,33,100,70.61691542288557,-1699.7,-506.6,8114.3
3628,121.0543,5.61156555446709,0.015625,250,8,33,100,74.0050505050505,-1705.0,-509.4,8112.2
3629,121.0876,5.61156555446709,0.015625,250,8,33,100,72.32835820895522,-1697.1,-509.1,8111.8
3630,121.121,5.61156555446709,0.015625,250,8,33,100,73.81094527363184,-1699.7,-509.3,8112.2
3631,121.1544,5.61156555446709,0.015625,250,8,33,100,72.34825870646766,-1702.1,-509.2,8110.7
3632,121.1877,5.61156555446709,0.015625,250,8,33,100,73.25757575757575,-1701.3,-505.4,8107.2
3633,121.2211,5.61156555446709,0.015625,250,8,33,100,72.56218905472637,-1700.1,-509.9,8111.3
3634,121.2545,5.61156555446709,0.015625,250,8,33,100,72.77114427860697,-1700.8,-507.4,8109.9
3635,121.2878,5.61156555446709,0.015625,250,8,33,100,72.92039800995025,-1700.1,-507.4,8113.0
3636,121.3212,5.61156555446709,0.015625,250,8,33,100,73.57575757575758,-1695.4,-510.6,8107.6
3637,121.3546,5.61156555446709,0.015625,250,8,33,100,72.61194029850746,-1700.5,-502.6,8113.3
3638,121.3879,5.61156555446709,0.015625,250,8,33,100,73.92039800995025,-1710.3,-506.0,8111.4
3639,121.4213,5.61156555446709,0.015625,250,8,33,100,72.96517412935323,-1695.2,-503.3,8112.7
3640,121.4547,5.61156555446709,0.015625,250,8,33,100,72.82828282828282,-1698.6,-509.6,8109.3
3641,121.488,5.61156555446709,0.015625,250,8,33,100,73.60199004975124,-1706.1,-511.9,8111.4
3642,121.5214,5.61156555446709,0.015625,250,8,33,100,73.98507462686567,-1697.7,-505.3,8116.1
3643,121.5548,5.61156555446709,0.015625,250,8,33,100,73.47474747474747,-1701.1,-507.8,8111.2
3644,121.5881,5.61156555446709,0.015625,250,8,33,100,72.18407960199005,-1701.1,-500.5,8109.9
3645,121.6215,5.61156555446709,0.015625,250,8,33,100,73.8905472636816,-1703.3,-510.2,8110.9
3646,121.6549,5.61156555446709,0.015625,250,8,33,100,73.23880597014926,-1699.6,-508.6,8106.9
3647,121.6882,5.61156555446709,0.015625,250,8,33,100,72.0050505050505,-1697.9,-509.7,8110.8
3648,121.7216,5.61156555446709,0.015625,250,8,33,100,72.70149253731343,-1709.4,-504.4,8107.2
3649,121.755,5.61156555446709,0.015625,250,8,33,100,73.08457711442786,-1695.8,-503.5,8114.6
3650,121.7883,5.61156555446709,0.015625,250,8,33,100,71.51243781094527,-1697.1,-507.6,8113.0
3651,121.8217,5.61156555446709,0.015625,250,8,33,100,73.5050505050505,-1706.2,-504.3,8109.8
3652,121.8551,5.61156555446709,0.015625,250,8,33,100,73.81592039800995,-1701.1,-508.2,8107.7
3653,121.8884,5.61156555446709,0.015625,250,8,33,100,73.39800995024876,-1702.0,-505.8,8115.0
3654,121.9218,5.61156555446709,0.015625,250,8,33,100,73.05970149253731,-1697.2,-506.6,8110.7
3655,121.9552,5.61156555446709,0.015625,250,8,33,100,71.1010101010101,-1707.0,-504.2,8108.9
3656,121.9885,5.61156555446709,0.015625,250,8,33,100,74.32338308457712,-1701.6,-510.2,8111.7
3657,122.0219,5.61156555446709,0.015625,250,8,33,100,72.64179104477611,-1692.7,-504.0,8116.0
3658,122.0553,5.61156555446709,0.015625,250,8,33,100,73.51010101010101,-1709.9,-507.7,8109.6
3659,122.0886,5.61156555446709,0.015625,250,8,33,100,73.8955223880597,-1698.2,-507.9,8110.6
3660,122.122,5.61156555446709,0.015625,250,8,33,100,70.92537313432835,-1691.8,-501.8,8117.9
3661,122.1554,5.61156555446709,0.015625,250,8,33,100,73.80099502487562,-1716.6,-508.6,8105.3
3662,122.1887,5.61156555446709,0.015625,250,8,33,100,73.65151515151516,-1694.2,-504.5,8114.5
3663,122.2221,5.61156555446709,0.015625,250,8,33,100,71.32338308457712,-1701.9,-511.2,8107.8
3664,122.2555,5.61156555446709,0.015625,250,8,33,100,74.3681592039801,-1703.3,-501.4,8107.3
3665,122.2888,5.61156555446709,0.015625,250,8,33,100,72.71641791044776,-1699.5,-505.5,8113.1
3666,122.3222,5.61156555446709,0.015625,250,8,33,100,73.64141414141415,-1704.4,-506.0,8110.6
3667,122.3556,5.61156555446709,0.015625,250,8,33,100,73.69651741293532,-1691.6,-512.0,8112.2
3668,122.3889,5.61156555446709,0.015625,250,8,33,100,70.85074626865672,-1703.7,-502.9,8113.8
3669,122.4223,5.61156555446709,0.015625,250,8,33,100,75.92537313432835,-1710.1,-513.9,8106.9
3670,122.4557,5.61156555446709,0.015625,250,8,33,100,71.66161616161617,-1683.8,-506.0,8112.2
3671,122.489,5.61156555446709,0.015625,250,8,33,100,73.86567164179104,-1708.9,-507.4,8109.1
3672,122.5224,5.61156555446709,0.015625,250,8,33,100,73.54228855721394,-1707.4,-500.2,8108.7
3673,122.5558,5.61156555446709,0.015625,250,8,33,100,73.57575757575758,-1696.0,-504.0,8113.0
3674,122.5891,5.61156555446709,0.015625,250,8,33,100,73.34328358208955,-1702.7,-511.9,8113.4
3675,122.6225,5.61156555446709,0.015625,250,8,33,100,73.64676616915423,-1700.8,-501.8,8111.7
3676,122.6559,5.61156555446709,0.015625,250,8,33,100,72.636815920398,-1703.7,-509.0,8109.0
3677,122.6892,5.61156555446709,0.015625,250,8,33,100,73.95454545454545,-1697.0,-502.7,8113.0
3678,122.7226,5.61156555446709,0.015625,250,8,33,100,72.75124378109453,-1698.2,-509.0,8111.0
3679,122.756,5.61156555446709,0.015625,250,8,33,100,73.1044776119403,-1708.7,-503.8,8113.8
3680,122.7893,5.61156555446709,0.015625,250,8,33,100,74.11442786069652,-1694.8,-507.9,8110.1
3681,122.8227,5.61156555446709,0.015625,250,8,33,100,72.38888888888889,-1703.2,-508.2,8111.8
3682,122.8561,5.61156555446709,0.015625,250,8,33,100,73.65671641791045,-1705.0,-506.3,8109.9
3683,122.8894,5.61156555446709,0.015625,250,8,33,100,72.04975124378109,-1700.8,-507.9,8109.4
3684,122.9228,5.61156555446709,0.015625,250,8,33,100,73.77611940298507,-1700.9,-504.9,8112.8
3685,122.9562,5.61156555446709,0.015625,250,8,33,100,75.25252525252525,-1706.5,-501.9,8108.1
3686,122.9895,5.61156555446709,0.015625,250,8,33,100,73.80597014925372,-1699.6,-515.0,8111.3
3687,123.0229,5.61156555446709,0.015625,250,8,33,100,72.2089552238806,-1690.6,-502.0,8111.6
3688,123.0563,5.61156555446709,0.015625,250,8,33,100,69.04545454545455,-1713.8,-525.7,8103.0
3689,123.0896,5.61156555446709,0.015625,250,8,33,100,75.1592039800995,-1668.5,-483.0,8119.7
3690,123.123,5.61156555446709,0.015625,250,8,33,100,67.98507462686567,-1723.7,-521.6,8105.4
3691,123.1564,5.61156555446709,0.015625,250,8,33,100,83.41293532338308,-1769.2,-519.1,8099.3
3692,123.1897,5.61156555446709,0.015625,250,8,33,100,74.25757575757575,-1614.3,-490.7,8127.4
3693,123.2231,5.61156555446709,0.015625,250,8,33,100,66.92039800995025,-1719.6,-491.9,8110.7
3694,123.2565,5.61156555446709,0.015625,250,8,33,100,84.2636815920398,-1699.2,-523.6,8108.6
3695,123.2898,5.61156555446709,0.015625,250,8,33,100,62.7363184079602,-1652.1,-510.0,8119.0
3696,123.3232,5.61156555446709,0.015625,250,8,33,100,69.70202020202021,-1776.2,-511.0,8098.2
3697,123.3566,5.61156555446709,0.015625,250,8,33,100,81.33830845771145,-1676.9,-488.9,8117.2
3698,123.3899,5.61156555446709,0.015625,250,8,33,100,68.28358208955224,-1683.8,-512.0,8116.3
3699,123.4233,5.61156555446709,0.015625,250,8,33,100,76.30845771144278,-1757.6,-525.5,8098.9
3700,123.4567,5.61156555446709,0.015625,250,8,33,100,74.24242424242425,-1666.0,-515.9,8111.8
3701,123.49,5.61156555446709,0.015625,250,8,33,100,64.65174129353234,-1667.9,-487.3,8120.9
3702,123.5234,5.61156555446709,0.015625,250,8,33,100,77.70149253731343,-1714.0,-479.7,8112.6
3703,123.5568,5.61156555446709,0.015625,250,8,33,100,73.01515151515152,-1715.4,-516.6,8106.3
3704,123.5901,5.61156555446709,0.015625,250,8,33,100,80.55223880597015,-1677.3,-499.7,8112.2
3705,123.6235,5.61156555446709,0.015625,250,8,33,100,62.67164179104478,-1699.9,-538.1,8108.9
3706,123.6569,5.61156555446709,0.015625,250,8,33,100,78.8457711442786,-1732.5,-490.3,8110.1
3707,123.6902,5.61156555446709,0.015625,250,8,33,100,76.94949494949495,-1642.8,-517.7,8116.2
3708,123.7236,5.61156555446709,0.015625,250,8,33,100,61.18905472636816,-1688.5,-483.8,8114.0
3709,123.757,5.61156555446709,0.015625,250,8,33,100,84.6318407960199,-1754.6,-532.3,8099.9
3710,123.7903,5.61156555446709,0.015625,250,8,33,100,69.8457711442786,-1625.3,-483.6,8123.0
3711,123.8237,5.61156555446709,0.015625,250,8,33,100,70.1919191919192,-1748.2,-513.4,8100.7
3712,123.8571,5.61156555446709,0.015625,250,8,33,100,84.25373134328358,-1748.2,-522.0,8101.4
3713,123.8904,5.61156555446709,0.015625,250,8,33,100,72.96517412935323,-1558.4,-474.9,8137.7
3714,123.9238,5.61156555446709,0.015625,250,8,33,100,56.95522388059702,-1762.7,-513.1,8101.2
3715,123.9572,5.61156555446709,0.015625,250,8,33,100,91.82323232323232,-1769.5,-505.5,8102.4
3716,123.9905,5.61156555446709,0.015625,250,8,33,100,65.1044776119403,-1594.0,-526.2,8122.8
3717,124.0239,5.61156555446709,0.015625,250,8,33,100,62.47761194029851,-1801.7,-510.5,8097.7
3718,124.0573,5.61156555446709,0.015625,250,8,33,100,92.10606060606061,-1657.1,-500.2,8115.8
3719,124.0906,5.61156555446709,0.015625,250,8,33,100,49.353233830845774,-1633.6,-491.9,8122.7
3720,124.124,5.61156555446709,0.015625,250,8,33,100,84.04975124378109,-1809.0,-520.9,8091.6
3721,124.1574,5.61156555446709,0.015625,250,8,33,100,73.51243781094527,-1638.7,-503.4,8124.7
3722,124.1907,5.61156555446709,0.015625,250,8,33,100,64.6969696969697,-1668.7,-479.0,8118.1
3723,124.2241,5.61156555446709,0.015625,250,8,33,100,78.28855721393035,-1789.4,-545.6,8091.1
3724,124.2575,5.61156555446709,0.015625,250,8,33,100,73.40796019900498,-1665.0,-489.5,8116.6
3725,124.2908,5.61156555446709,0.015625,250,8,33,100,71.11940298507463,-1684.5,-501.6,8112.7
3726,124.3242,5.61156555446709,0.015625,250,8,33,100,73.44949494949495,-1710.7,-501.4,8108.6
3727,124.3576,5.61156555446709,0.015625,250,8,33,100,73.29850746268657,-1701.4,-506.8,8112.3
3728,124.3909,5.61156555446709,0.015625,250,8,33,100,74.90049751243781,-1702.3,-508.4,8106.5
3729,124.4243,5.61156555446709,0.015625,250,8,33,100,72.31840796019901,-1712.1,-514.4,8105.6
3730,124.4577,5.61156555446709,0.015625,250,8,33,100,72.74747474747475,-1707.7,-502.3,8107.8
3731,124.491,5.61156555446709,0.015625,250,8,33,100,75.13930348258707,-1686.1,-489.2,8114.1
3732,124.5244,5.61156555446709,0.015625,250,8,33,100,73.49253731343283,-1708.2,-523.8,8108.0
3733,124.5578,5.61156555446709,0.015625,250,8,33,100,74.29797979797979,-1702.9,-489.2,8113.4
3734,124.5911,5.61156555446709,0.015625,250,8,33,100,73.79601990049751,-1670.7,-506.3,8118.4
3735,124.6245,5.61156555446709,0.015625,250,8,33,100,67.35323383084577,-1739.3,-532.6,8102.7
3736,124.6579,5.61156555446709,0.015625,250,8,33,100,79.14925373134328,-1708.8,-502.5,8110.1
3737,124.6912,5.61156555446709,0.015625,250,8,33,100,67.18181818181819,-1683.7,-495.3,8115.6
3738,124.7246,5.61156555446709,0.015625,250,8,33,100,75.54228855721394,-1723.6,-494.6,8106.8
3739,124.758,5.61156555446709,0.015625,250,8,33,100,73.27363184079601,-1674.7,-512.6,8113.9
3740,124.7913,5.61156555446709,0.015625,250,8,33,100,72.7860696517413,-1707.2,-519.8,8108.4
3741,124.8247,5.61156555446709,0.015625,250,8,33,100,74.22727272727273,-1700.5,-509.5,8111.9
3742,124.8581,5.61156555446709,0.015625,250,8,33,100,68.60696517412936,-1678.5,-501.1,8116.8
3743,124.8914,5.61156555446709,0.015625,250,8,33,100,74.72636815920399,-1734.3,-504.3,8105.9
3744,124.9248,5.61156555446709,0.015625,250,8,33,100,78.82587064676616,-1726.6,-528.9,8102.3
3745,124.9582,5.61156555446709,0.015625,250,8,33,100,68.96464646464646,-1663.1,-493.9,8114.6
3746,124.9915,5.61156555446709,0.015625,250,8,33,100,70.02487562189054,-1730.3,-497.4,8108.4
3747,125.0249,5.61156555446709,0.015625,250,8,33,100,79.30845771144278,-1711.8,-510.4,8108.9
3748,125.0583,5.61156555446709,0.015625,250,8,33,100,68.8080808080808,-1680.6,-512.1,8112.3
3749,125.0916,5.61156555446709,0.015625,250,8,33,100,73.9950248756219,-1723.6,-490.7,8108.0
3750,125.125,5.61156555446709,0.015625,250,8,33,100,79.11940298507463,-1690.2,-515.4,8112.4
3751,125.1584,5.61156555446709,0.015625,250,8,33,100,70.19900497512438,-1682.8,-518.3,8113.2
3752,125.1917,5.61156555446709,0.015625,250,8,33,100,72.8030303030303,-1726.3,-508.2,8103.5
3753,125.2251,5.61156555446709,0.015625,250,8,33,100,76.4726368159204,-1690.4,-502.2,8112.8
3754,125.2585,5.61156555446709,0.015625,250,8,33,100,70.50248756218906,-1691.1,-511.3,8111.9
3755,125.2918,5.61156555446709,0.015625,250,8,33,100,72.08457711442786,-1733.9,-501.9,8107.9
3756,125.3252,5.61156555446709,0.015625,250,8,33,100,80.84848484848484,-1690.0,-492.5,8112.9
3757,125.3586,5.61156555446709,0.015625,250,8,33,100,67.85572139303483,-1673.2,-512.2,8114.7
3758,125.3919,5.61156555446709,0.015625,250,8,33,100,69.8905472636816,-1754.0,-530.4,8100.5
3759,125.4253,5.61156555446709,0.015625,250,8,33,100,78.46268656716418,-1686.7,-492.7,8114.7
3760,125.4587,5.61156555446709,0.015625,250,8,33,100,69.02020202020202,-1656.3,-503.8,8118.5
3761,125.492,5.61156555446709,0.015625,250,8,33,100,71.08457711442786,-1736.6,-519.4,8101.0
3762,125.5254,5.61156555446709,0.015625,250,8,33,100,76.68159203980099,-1719.3,-511.3,8107.6
3763,125.5588,5.61156555446709,0.015625,250,8,33,100,73.01010101010101,-1669.5,-481.5,8121.5
3764,125.5921,5.61156555446709,0.015625,250,8,33,100,72.8905472636816,-1723.3,-529.7,8101.6
3765,125.6255,5.61156555446709,0.015625,250,8,33,100,75.53731343283582,-1670.2,-462.8,8117.1
3766,125.6589,5.61156555446709,0.015625,250,8,33,100,75.19900497512438,-1743.9,-561.7,8096.3
3767,125.6922,5.61156555446709,0.015625,250,8,33,100,88.1969696969697,-1730.4,-510.4,8104.7
3768,125.7256,5.61156555446709,0.015625,250,8,33,100,72.97512437810946,-1630.0,-523.7,8124.7
3769,125.759,5.61156555446709,0.015625,250,8,33,100,65.08955223880596,-1712.7,-469.3,8119.5
3770,125.7923,5.61156555446709,0.015625,250,8,33,100,85.38805970149254,-1729.3,-531.9,8101.5
3771,125.8257,5.61156555446709,0.015625,250,8,33,100,62.96969696969697,-1638.0,-469.1,8123.1
3772,125.8591,5.61156555446709,0.015625,250,8,33,100,74.98009950248756,-1744.9,-524.0,8105.7
3773,125.8924,5.61156555446709,0.015625,250,8,33,100,76.98009950248756,-1699.4,-504.5,8108.4
3774,125.9258,5.61156555446709,0.015625,250,8,33,100,69.35323383084577,-1668.9,-527.7,8114.8
3775,125.9592,5.61156555446709,0.015625,250,8,33,100,66.88383838383838,-1754.7,-496.0,8103.1
3776,125.9925,5.61156555446709,0.015625,250,8,33,100,89.66169154228855,-1698.7,-505.6,8110.9
3777,126.0259,5.61156555446709,0.015625,250,8,33,100,61.776119402985074,-1654.0,-535.6,8116.1
3778,126.0593,5.61156555446709,0.015625,250,8,33,100,76.02020202020202,-1717.4,-491.6,8112.7
3779,126.0926,5.61156555446709,0.015625,250,8,33,100,74.97512437810946,-1675.5,-504.1,8114.8
3780,126.126,5.61156555446709,0.015625,250,8,33,100,67.7412935323383,-1703.3,-523.5,8108.0
3781,126.1594,5.61156555446709,0.015625,250,8,33,100,72.61691542288557,-1755.4,-543.4,8095.1
3782,126.1927,5.61156555446709,0.015625,250,8,33,100,73.91919191919192,-1625.4,-461.2,8130.8
3783,126.2261,5.61156555446709,0.015625,250,8,33,100,65.91044776119404,-1716.4,-512.7,8110.6
3784,126.2595,5.61156555446709,0.015625,250,8,33,100,78.12437810945273,-1748.5,-517.2,8105.3
3785,126.2928,5.61156555446709,0.015625,250,8,33,100,72.1592039800995,-1642.1,-502.2,8120.3
3786,126.3262,5.61156555446709,0.015625,250,8,33,100,65.68686868686869,-1713.8,-507.5,8109.8
3787,126.3596,5.61156555446709,0.015625,250,8,33,100,84.96019900497512,-1710.4,-501.5,8110.6
3788,126.3929,5.61156555446709,0.015625,250,8,33,100,66.2139303482587,-1674.3,-510.9,8114.7
3789,126.4263,5.61156555446709,0.015625,250,8,33,100,76.50746268656717,-1736.9,-513.8,8104.1
3790,126.4597,5.61156555446709,0.015625,250,8,33,100,73.27777777777777,-1682.4,-507.5,8114.1
3791,126.493,5.61156555446709,0.015625,250,8,33,100,69.62189054726367,-1687.2,-479.4,8115.7
3792,126.5264,5.61156555446709,0.015625,250,8,33,100,74.66666666666667,-1724.4,-535.1,8100.3
3793,126.5598,5.61156555446709,0.015625,250,8,33,100,72.27272727272727,-1699.2,-497.1,8115.5
3794,126.5931,5.61156555446709,0.015625,250,8,33,100,72.42786069651741,-1688.6,-497.2,8111.3
3795,126.6265,5.61156555446709,0.015625,250,8,33,100,72.75124378109453,-1715.7,-504.4,8110.9
3796,126.6599,5.61156555446709,0.015625,250,8,33,100,75.75621890547264,-1684.8,-508.8,8114.3
3797,126.6932,5.61156555446709,0.015625,250,8,33,100,64.06565656565657,-1700.8,-523.1,8106.5
3798,126.7266,5.61156555446709,0.015625,250,8,33,100,75.39303482587064,-1727.7,-501.7,8109.3
3799,126.76,5.61156555446709,0.015625,250,8,33,100,74.76119402985074,-1678.4,-507.9,8115.5
3800,126.7933,5.61156555446709,0.015625,250,8,33,100,66.22885572139303,-1681.8,-505.5,8110.3
3801,126.8267,5.61156555446709,0.015625,250,8,33,100,72.91414141414141,-1732.5,-510.2,8107.7
3802,126.8601,5.61156555446709,0.015625,250,8,33,100,77.26865671641791,-1709.3,-508.9,8108.0
3803,126.8934,5.61156555446709,0.015625,250,8,33,100,69.29353233830845,-1690.2,-522.9,8107.4
3804,126.9268,5.61156555446709,0.015625,250,8,33,100,71.86567164179104,-1724.3,-479.0,8115.8
3805,126.9602,5.61156555446709,0.015625,250,8,33,100,81.65151515151516,-1708.7,-520.4,8104.8
3806,126.9935,5.61156555446709,0.015625,250,8,33,100,67.13930348258707,-1693.5,-515.0,8109.4
3807,127.0269,5.61156555446709,0.015625,250,8,33,100,74.2139303482587,-1708.6,-502.2,8109.7
3808,127.0603,5.61156555446709,0.015625,250,8,33,100,65.88383838383838,-1723.0,-513.0,8106.3
3809,127.0936,5.61156555446709,0.015625,250,8,33,100,81.23880597014926,-1653.3,-466.9,8125.6
3810,127.127,5.61156555446709,0.015625,250,8,33,100,69.12437810945273,-1695.2,-521.5,8108.9
3811,127.1604,5.61156555446709,0.015625,250,8,33,100,87.57213930348259,-1719.3,-519.3,8106.5
3812,127.1937,5.61156555446709,0.015625,250,8,33,100,74.53030303030303,-1652.5,-500.0,8121.3
3813,127.2271,5.61156555446709,0.015625,250,8,33,100,70.24875621890547,-1657.8,-450.6,8125.9
3814,127.2605,5.61156555446709,0.015625,250,8,33,100,75.72139303482587,-1830.3,-585.0,8076.6
3815,127.2938,5.61156555446709,0.015625,250,8,33,100,91.11442786069652,-1699.4,-519.2,8107.8
3816,127.3272,5.61156555446709,0.015625,250,8,33,100,67.18181818181819,-1602.8,-445.4,8136.5
3817,127.3606,5.61156555446709,0.015625,250,8,33,100,72.19402985074628,-1773.3,-542.6,8093.0
3818,127.3939,5.61156555446709,0.015625,250,8,33,100,84.61194029850746,-1683.3,-501.6,8112.2
3819,127.4273,5.61156555446709,0.015625,250,8,33,100,58.08955223880597,-1676.6,-502.3,8112.4
3820,127.4607,5.61156555446709,0.015625,250,8,33,100,81.36868686868686,-1750.3,-501.2,8107.5
3821,127.494,5.61156555446709,0.015625,250,8,33,100,72.18407960199005,-1649.8,-495.8,8119.4
3822,127.5274,5.61156555446709,0.015625,250,8,33,100,67.95522388059702,-1727.1,-510.8,8105.5
3823,127.5608,5.61156555446709,0.015625,250,8,33,100,82.84343434343434,-1709.9,-523.5,8109.9
3824,127.5941,5.61156555446709,0.015625,250,8,33,100,66.91044776119404,-1661.2,-501.6,8115.0
