frame,t_sec,state,observation,confidence,margin_sd,reason,v3_label,red_on,red_z,green_on,green_z
0,0.0,red,observed,1.0,15.69,,red,1,26.71,0,-15.69
3,0.1,red,observed,1.0,15.76,,red,1,27.9,0,-15.76
6,0.2,red,observed,1.0,15.76,,red,1,26.47,0,-15.76
9,0.3,red,observed,1.0,15.53,,red,1,28.25,0,-15.53
12,0.4,red,observed,1.0,15.53,,red,1,27.66,0,-15.53
15,0.501,red,observed,1.0,15.84,,red,1,27.07,0,-15.84
18,0.601,red,observed,1.0,15.23,,red,1,26.59,0,-15.23
21,0.701,red,observed,1.0,15.46,,red,1,26.12,0,-15.46
24,0.801,red,observed,1.0,15.38,,red,1,26.71,0,-15.38
27,0.901,red,observed,1.0,15.46,,red,1,26.95,0,-15.46
30,1.001,red,observed,1.0,15.84,,red,1,27.3,0,-15.84
33,1.101,red,observed,1.0,15.91,,red,1,27.54,0,-15.91
36,1.201,red,observed,1.0,15.38,,red,1,25.76,0,-15.38
39,1.301,red,observed,1.0,15.91,,red,1,26.24,0,-15.91
42,1.401,red,observed,1.0,15.53,,red,1,26.71,0,-15.53
45,1.502,red,observed,1.0,15.53,,red,1,25.52,0,-15.53
48,1.602,red,observed,1.0,15.23,,red,1,25.4,0,-15.23
51,1.702,red,observed,1.0,15.69,,red,1,26.83,0,-15.69
54,1.802,red,observed,1.0,16.14,,red,1,27.54,0,-16.14
57,1.902,red,observed,1.0,15.99,,red,1,25.17,0,-15.99
60,2.002,red,observed,1.0,15.08,,red,1,27.18,0,-15.08
63,2.102,red,observed,1.0,15.16,,red,1,25.88,0,-15.16
66,2.202,red,observed,1.0,15.46,,red,1,26.12,0,-15.46
69,2.302,red,observed,1.0,15.61,,red,1,26.24,0,-15.61
72,2.402,red,observed,1.0,15.91,,red,1,24.81,0,-15.91
75,2.502,red,observed,1.0,15.61,,red,1,25.29,0,-15.61
78,2.603,red,observed,1.0,15.69,,red,1,24.81,0,-15.69
81,2.703,red,observed,1.0,15.91,,red,1,25.05,0,-15.91
84,2.803,red,observed,1.0,15.76,,red,1,24.93,0,-15.76
87,2.903,red,observed,1.0,15.46,,red,1,24.93,0,-15.46
90,3.003,red,observed,1.0,15.61,,red,1,24.81,0,-15.61
93,3.103,red,observed,1.0,16.44,,red,1,26.0,0,-16.44
96,3.203,red,observed,1.0,16.14,,red,1,24.69,0,-16.14
99,3.303,red,observed,1.0,15.46,,red,1,24.93,0,-15.46
102,3.403,red,observed,1.0,15.84,,red,1,24.93,0,-15.84
105,3.504,red,observed,1.0,16.22,,red,1,25.17,0,-16.22
108,3.604,red,observed,1.0,16.29,,red,1,24.45,0,-16.29
111,3.704,red,observed,1.0,15.69,,red,1,25.29,0,-15.69
114,3.804,red,observed,1.0,15.61,,red,1,24.45,0,-15.61
117,3.904,red,observed,1.0,16.06,,red,1,26.71,0,-16.06
120,4.004,red,observed,1.0,15.69,,red,1,26.59,0,-15.69
123,4.104,red,observed,1.0,15.69,,red,1,25.76,0,-15.69
126,4.204,red,observed,1.0,15.84,,red,1,25.4,0,-15.84
129,4.304,red,observed,1.0,15.46,,red,1,25.4,0,-15.46
132,4.404,red,observed,1.0,15.84,,red,1,23.74,0,-15.84
135,4.504,red,observed,1.0,15.76,,red,1,23.74,0,-15.76
138,4.605,red,observed,1.0,16.14,,red,1,25.05,0,-16.14
141,4.705,red,observed,1.0,15.69,,red,1,24.69,0,-15.69
144,4.805,red,observed,1.0,16.14,,red,1,24.93,0,-16.14
147,4.905,red,observed,1.0,15.38,,red,1,24.1,0,-15.38
150,5.005,red,observed,1.0,16.22,,red,1,24.57,0,-16.22
153,5.105,red,observed,1.0,15.91,,red,1,25.76,0,-15.91
156,5.205,red,observed,1.0,15.61,,red,1,25.05,0,-15.61
159,5.305,red,observed,1.0,16.22,,red,1,26.83,0,-16.22
162,5.405,red,observed,1.0,15.76,,red,1,26.59,0,-15.76
165,5.506,red,observed,1.0,16.14,,red,1,26.12,0,-16.14
168,5.606,red,observed,1.0,16.22,,red,1,23.62,0,-16.22
171,5.706,red,observed,1.0,16.14,,red,1,26.35,0,-16.14
174,5.806,red,observed,1.0,15.76,,red,1,25.52,0,-15.76
177,5.906,red,observed,1.0,15.61,,red,1,25.76,0,-15.61
180,6.006,red,observed,1.0,15.99,,red,1,25.52,0,-15.99
183,6.106,red,observed,1.0,15.99,,red,1,25.52,0,-15.99
186,6.206,red,observed,1.0,15.91,,red,1,24.69,0,-15.91
189,6.306,red,observed,1.0,16.06,,red,1,25.17,0,-16.06
192,6.406,red,observed,1.0,15.91,,red,1,26.83,0,-15.91
195,6.506,red,observed,1.0,15.76,,red,1,27.42,0,-15.76
198,6.607,red,observed,1.0,15.53,,red,1,26.0,0,-15.53
201,6.707,red,observed,1.0,15.99,,red,1,27.9,0,-15.99
204,6.807,red,observed,1.0,15.53,,red,1,26.35,0,-15.53
207,6.907,red,observed,1.0,15.99,,red,1,25.17,0,-15.99
210,7.007,red,observed,1.0,15.46,,red,1,26.47,0,-15.46
213,7.107,red,observed,1.0,15.84,,red,1,26.0,0,-15.84
216,7.207,red,observed,1.0,16.06,,red,1,26.95,0,-16.06
219,7.307,red,observed,1.0,16.06,,red,1,28.61,0,-16.06
222,7.407,red,observed,1.0,16.14,,red,1,27.78,0,-16.14
225,7.508,red,observed,1.0,15.99,,red,1,26.12,0,-15.99
228,7.608,red,observed,1.0,15.23,,red,1,25.76,0,-15.23
231,7.708,red,observed,1.0,16.29,,red,1,25.64,0,-16.29
234,7.808,red,observed,1.0,16.14,,red,1,25.88,0,-16.14
237,7.908,red,observed,1.0,15.46,,red,1,26.24,0,-15.46
240,8.008,red,observed,1.0,15.84,,red,1,26.12,0,-15.84
243,8.108,red,observed,1.0,16.14,,red,1,27.66,0,-16.14
246,8.208,red,observed,1.0,15.91,,red,1,26.83,0,-15.91
249,8.308,red,observed,1.0,16.37,,red,1,27.18,0,-16.37
252,8.408,red,observed,1.0,16.06,,red,1,26.83,0,-16.06
255,8.508,red,observed,1.0,16.06,,red,1,26.71,0,-16.06
258,8.609,red,observed,1.0,16.44,,red,1,26.71,0,-16.44
261,8.709,red,observed,1.0,16.37,,red,1,26.24,0,-16.37
264,8.809,red,observed,1.0,16.37,,red,1,26.0,0,-16.37
267,8.909,red,observed,1.0,15.53,,red,1,26.12,0,-15.53
270,9.009,red,observed,1.0,15.84,,red,1,26.95,0,-15.84
273,9.109,red,observed,1.0,15.69,,red,1,27.9,0,-15.69
276,9.209,red,observed,1.0,15.91,,red,1,25.29,0,-15.91
279,9.309,red,observed,1.0,15.99,,red,1,27.07,0,-15.99
282,9.409,red,observed,1.0,15.99,,red,1,25.88,0,-15.99
285,9.51,red,observed,1.0,15.76,,red,1,25.17,0,-15.76
288,9.61,red,observed,1.0,16.59,,red,1,25.05,0,-16.59
291,9.71,red,observed,1.0,15.38,,red,1,25.64,0,-15.38
294,9.81,red,observed,1.0,15.84,,red,1,26.47,0,-15.84
297,9.91,red,observed,1.0,15.69,,red,1,25.05,0,-15.69
300,10.01,red,observed,1.0,15.76,,red,1,25.52,0,-15.76
303,10.11,red,observed,1.0,15.53,,red,1,24.57,0,-15.53
306,10.21,red,observed,1.0,15.76,,red,1,27.07,0,-15.76
309,10.31,red,observed,1.0,15.84,,red,1,25.88,0,-15.84
312,10.41,red,observed,1.0,16.14,,red,1,25.17,0,-16.14
315,10.51,red,observed,1.0,16.06,,red,1,26.24,0,-16.06
318,10.611,red,observed,1.0,15.91,,red,1,25.29,0,-15.91
321,10.711,red,observed,1.0,15.91,,red,1,23.62,0,-15.91
324,10.811,red,observed,1.0,16.14,,red,1,23.86,0,-16.14
327,10.911,red,observed,1.0,15.53,,red,1,23.74,0,-15.53
330,11.011,red,observed,1.0,15.91,,red,1,25.05,0,-15.91
333,11.111,red,observed,1.0,15.84,,red,1,25.17,0,-15.84
336,11.211,red,observed,1.0,15.69,,red,1,26.59,0,-15.69
339,11.311,red,observed,1.0,15.91,,red,1,25.05,0,-15.91
342,11.411,red,observed,1.0,15.69,,red,1,24.93,0,-15.69
345,11.512,red,observed,1.0,16.29,,red,1,26.83,0,-16.29
348,11.612,red,observed,1.0,15.23,,red,1,26.95,0,-15.23
351,11.712,red,observed,1.0,15.84,,red,1,24.93,0,-15.84
354,11.812,red,observed,1.0,15.91,,red,1,26.47,0,-15.91
357,11.912,red,observed,1.0,15.23,,red,1,26.83,0,-15.23
360,12.012,red,observed,1.0,15.46,,red,1,25.64,0,-15.46
363,12.112,red,observed,1.0,15.69,,red,1,25.17,0,-15.69
366,12.212,red,observed,1.0,15.23,,red,1,25.4,0,-15.23
369,12.312,red,observed,1.0,15.99,,red,1,25.17,0,-15.99
372,12.412,red,observed,1.0,15.76,,red,1,26.0,0,-15.76
375,12.513,red,observed,1.0,15.46,,red,1,25.52,0,-15.46
378,12.613,red,observed,1.0,15.69,,red,1,26.35,0,-15.69
381,12.713,red,observed,1.0,16.06,,red,1,26.59,0,-16.06
384,12.813,red,observed,1.0,15.91,,red,1,26.95,0,-15.91
387,12.913,red,observed,1.0,15.84,,red,1,26.95,0,-15.84
390,13.013,red,observed,1.0,16.22,,red,1,25.29,0,-16.22
393,13.113,red,observed,1.0,15.76,,red,1,25.76,0,-15.76
396,13.213,red,observed,1.0,15.99,,red,1,27.9,0,-15.99
399,13.313,red,observed,1.0,15.53,,red,1,26.47,0,-15.53
402,13.413,red,observed,1.0,16.22,,red,1,25.88,0,-16.22
405,13.514,red,observed,1.0,16.14,,red,1,27.3,0,-16.14
408,13.614,red,observed,1.0,15.99,,red,1,25.05,0,-15.99
411,13.714,red,observed,1.0,15.69,,red,1,26.47,0,-15.69
414,13.814,red,observed,1.0,16.97,,red,1,26.71,0,-16.97
417,13.914,red,observed,1.0,16.14,,red,1,26.35,0,-16.14
420,14.014,red,observed,1.0,16.22,,red,1,27.9,0,-16.22
423,14.114,red,observed,1.0,16.22,,red,1,26.83,0,-16.22
426,14.214,red,observed,1.0,16.22,,red,1,27.66,0,-16.22
429,14.314,red,observed,1.0,16.37,,red,1,26.12,0,-16.37
432,14.414,red,observed,1.0,15.76,,red,1,26.35,0,-15.76
435,14.514,red,observed,1.0,15.69,,red,1,26.47,0,-15.69
438,14.615,red,observed,1.0,15.38,,red,1,26.24,0,-15.38
441,14.715,red,observed,1.0,15.99,,red,1,26.47,0,-15.99
444,14.815,red,observed,1.0,15.76,,red,1,26.95,0,-15.76
447,14.915,red,observed,1.0,15.91,,red,1,26.24,0,-15.91
450,15.015,red,observed,1.0,15.31,,red,1,26.83,0,-15.31
453,15.115,red,observed,1.0,15.46,,red,1,25.17,0,-15.46
456,15.215,red,observed,1.0,15.31,,red,1,26.59,0,-15.31
459,15.315,red,observed,1.0,15.69,,red,1,25.64,0,-15.69
462,15.415,red,observed,1.0,15.46,,red,1,27.66,0,-15.46
465,15.516,red,observed,1.0,15.38,,red,1,25.88,0,-15.38
468,15.616,red,observed,1.0,16.14,,red,1,25.4,0,-16.14
471,15.716,red,observed,1.0,15.99,,red,1,26.71,0,-15.99
474,15.816,red,observed,1.0,15.31,,red,1,25.76,0,-15.31
477,15.916,red,observed,1.0,14.93,,red,1,26.83,0,-14.93
480,16.016,red,observed,1.0,15.61,,red,1,25.29,0,-15.61
483,16.116,red,observed,1.0,15.76,,red,1,25.4,0,-15.76
486,16.216,red,observed,1.0,16.29,,red,1,24.81,0,-16.29
489,16.316,red,observed,1.0,15.61,,red,1,26.0,0,-15.61
492,16.416,red,observed,1.0,15.69,,red,1,26.12,0,-15.69
495,16.516,red,observed,1.0,16.06,,red,1,26.35,0,-16.06
498,16.617,red,observed,1.0,16.52,,red,1,25.64,0,-16.52
501,16.717,red,observed,1.0,16.14,,red,1,25.76,0,-16.14
504,16.817,red,observed,1.0,15.99,,red,1,25.17,0,-15.99
507,16.917,red,observed,1.0,16.06,,red,1,25.17,0,-16.06
510,17.017,red,observed,1.0,16.06,,red,1,25.88,0,-16.06
513,17.117,red,observed,1.0,15.53,,red,1,24.45,0,-15.53
516,17.217,red,observed,1.0,15.76,,red,1,25.64,0,-15.76
519,17.317,red,observed,1.0,16.06,,red,1,24.1,0,-16.06
522,17.417,red,observed,1.0,16.37,,red,1,25.17,0,-16.37
525,17.518,red,observed,1.0,15.76,,red,1,25.52,0,-15.76
528,17.618,red,observed,1.0,16.52,,red,1,25.29,0,-16.52
531,17.718,red,observed,1.0,16.52,,red,1,25.17,0,-16.52
534,17.818,red,observed,1.0,16.22,,red,1,25.17,0,-16.22
537,17.918,red,observed,1.0,16.29,,red,1,24.57,0,-16.29
540,18.018,red,observed,1.0,16.14,,red,1,25.52,0,-16.14
543,18.118,red,observed,1.0,16.14,,red,1,25.52,0,-16.14
546,18.218,red,observed,1.0,16.06,,red,1,24.81,0,-16.06
549,18.318,red,observed,1.0,15.99,,red,1,24.69,0,-15.99
552,18.418,red,observed,1.0,15.76,,red,1,25.29,0,-15.76
555,18.518,red,observed,1.0,16.06,,red,1,25.64,0,-16.06
558,18.619,red,observed,1.0,15.46,,red,1,25.52,0,-15.46
561,18.719,red,observed,1.0,15.61,,red,1,24.81,0,-15.61
564,18.819,red,observed,1.0,15.53,,red,1,26.47,0,-15.53
567,18.919,red,observed,1.0,15.76,,red,1,25.05,0,-15.76
570,19.019,red,observed,1.0,15.53,,red,1,25.52,0,-15.53
573,19.119,red,observed,1.0,15.76,,red,1,25.05,0,-15.76
576,19.219,red,observed,1.0,15.46,,red,1,26.71,0,-15.46
579,19.319,red,observed,1.0,16.06,,red,1,26.0,0,-16.06
582,19.419,red,observed,1.0,15.91,,red,1,25.76,0,-15.91
585,19.52,red,observed,1.0,15.76,,red,1,25.52,0,-15.76
588,19.62,red,observed,1.0,15.69,,red,1,24.93,0,-15.69
591,19.72,red,observed,1.0,15.46,,red,1,26.35,0,-15.46
594,19.82,red,observed,1.0,15.91,,red,1,25.29,0,-15.91
597,19.92,green,observed,1.0,17.35,,green,0,-25.88,1,17.35
600,20.02,green,observed,1.0,16.67,,green,0,-26.0,1,16.67
603,20.12,green,observed,1.0,17.28,,green,0,-26.12,1,17.28
606,20.22,green,observed,1.0,17.05,,green,0,-26.0,1,17.05
609,20.32,green,observed,1.0,16.97,,green,0,-26.0,1,16.97
612,20.42,green,observed,1.0,17.13,,green,0,-26.0,1,17.13
615,20.521,green,observed,1.0,16.82,,green,0,-27.07,1,16.82
618,20.621,green,observed,1.0,16.75,,green,0,-26.95,1,16.75
621,20.721,green,observed,1.0,17.28,,green,0,-25.88,1,17.28
624,20.821,green,observed,1.0,16.44,,green,0,-27.07,1,16.44
627,20.921,green,observed,1.0,16.44,,green,0,-27.07,1,16.44
630,21.021,green,observed,1.0,17.05,,green,0,-27.3,1,17.05
633,21.121,green,observed,1.0,16.52,,green,0,-25.76,1,16.52
636,21.221,green,observed,1.0,15.84,,green,0,-25.88,1,15.84
639,21.321,green,observed,1.0,15.84,,green,0,-26.35,1,15.84
642,21.421,green,observed,1.0,16.29,,green,0,-27.07,1,16.29
645,21.522,green,observed,1.0,16.59,,green,0,-26.0,1,16.59
648,21.622,green,observed,1.0,15.61,,green,0,-26.24,1,15.61
651,21.722,green,observed,1.0,14.17,,green,0,-25.64,1,14.17
654,21.822,green,observed,1.0,15.76,,green,0,-27.07,1,15.76
657,21.922,green,observed,1.0,16.29,,green,0,-26.24,1,16.29
660,22.022,green,observed,1.0,14.4,,green,0,-26.95,1,14.4
663,22.122,green,observed,1.0,15.61,,green,0,-26.59,1,15.61
666,22.222,green,observed,1.0,15.61,,green,0,-26.0,1,15.61
669,22.322,green,observed,1.0,14.09,,green,0,-26.95,1,14.09
672,22.422,green,observed,1.0,14.47,,green,0,-26.12,1,14.47
675,22.522,green,observed,1.0,14.09,,green,0,-27.07,1,14.09
678,22.623,green,observed,1.0,13.87,,green,0,-27.3,1,13.87
681,22.723,green,observed,1.0,14.09,,green,0,-26.12,1,14.09
684,22.823,green,observed,1.0,13.49,,green,0,-26.24,1,13.49
687,22.923,green,observed,1.0,13.79,,green,0,-26.0,1,13.79
690,23.023,green,observed,1.0,13.11,,green,0,-26.0,1,13.11
693,23.123,green,observed,1.0,13.79,,green,0,-26.12,1,13.79
696,23.223,green,observed,1.0,13.79,,green,0,-26.83,1,13.79
699,23.323,green,observed,1.0,13.72,,green,0,-27.42,1,13.72
702,23.423,green,observed,1.0,14.09,,green,0,-26.47,1,14.09
705,23.524,green,observed,1.0,12.65,,green,0,-25.88,1,12.65
708,23.624,green,observed,1.0,14.02,,green,0,-25.29,1,14.02
711,23.724,green,observed,1.0,13.64,,green,0,-26.35,1,13.64
714,23.824,green,observed,1.0,13.79,,green,0,-26.71,1,13.79
717,23.924,green,observed,1.0,13.94,,green,0,-26.0,1,13.94
720,24.024,green,observed,1.0,13.64,,green,0,-26.35,1,13.64
723,24.124,green,observed,1.0,13.94,,green,0,-25.52,1,13.94
726,24.224,green,observed,1.0,14.93,,green,0,-26.35,1,14.93
729,24.324,green,observed,1.0,15.16,,green,0,-26.12,1,15.16
732,24.424,green,observed,1.0,14.25,,green,0,-26.83,1,14.25
735,24.524,green,observed,1.0,14.7,,green,0,-26.24,1,14.7
738,24.625,green,observed,1.0,13.87,,green,0,-26.59,1,13.87
741,24.725,green,observed,1.0,14.62,,green,0,-25.52,1,14.62
744,24.825,green,observed,1.0,14.85,,green,0,-26.95,1,14.85
747,24.925,green,observed,1.0,15.61,,green,0,-26.71,1,15.61
750,25.025,green,observed,1.0,14.85,,green,0,-26.47,1,14.85
753,25.125,green,observed,1.0,14.62,,green,0,-26.24,1,14.62
756,25.225,green,observed,1.0,14.55,,green,0,-26.12,1,14.55
759,25.325,green,observed,1.0,15.46,,green,0,-26.83,1,15.46
762,25.425,green,observed,1.0,15.46,,green,0,-26.35,1,15.46
765,25.526,green,observed,1.0,16.37,,green,0,-26.59,1,16.37
768,25.626,green,observed,1.0,15.61,,green,0,-26.59,1,15.61
771,25.726,green,observed,1.0,15.84,,green,0,-26.35,1,15.84
774,25.826,green,observed,1.0,16.82,,green,0,-26.71,1,16.82
777,25.926,green,observed,1.0,16.44,,green,0,-26.71,1,16.44
780,26.026,green,observed,1.0,17.05,,green,0,-26.59,1,17.05
783,26.126,green,observed,1.0,17.5,,green,0,-27.07,1,17.5
786,26.226,green,observed,1.0,16.67,,green,0,-26.71,1,16.67
789,26.326,green,observed,1.0,17.2,,green,0,-26.35,1,17.2
792,26.426,green,observed,1.0,16.06,,green,0,-26.71,1,16.06
795,26.527,green,observed,1.0,17.05,,green,0,-26.83,1,17.05
798,26.627,green,observed,1.0,17.43,,green,0,-27.07,1,17.43
801,26.727,green,observed,1.0,17.13,,green,0,-26.95,1,17.13
804,26.827,green,observed,1.0,17.88,,green,0,-27.42,1,17.88
807,26.927,green,observed,1.0,17.66,,green,0,-26.71,1,17.66
810,27.027,green,observed,1.0,18.41,,green,0,-26.47,1,18.41
813,27.127,green,observed,1.0,17.96,,green,0,-27.07,1,17.96
816,27.227,green,observed,1.0,18.19,,green,0,-26.24,1,18.19
819,27.327,green,observed,1.0,17.28,,green,0,-25.88,1,17.28
822,27.427,green,observed,1.0,18.49,,green,0,-26.24,1,18.49
825,27.528,green,observed,1.0,18.03,,green,0,-26.24,1,18.03
828,27.628,green,observed,1.0,17.66,,green,0,-26.0,1,17.66
831,27.728,green,observed,1.0,18.19,,green,0,-25.76,1,18.19
834,27.828,green,observed,1.0,17.28,,green,0,-25.64,1,17.28
837,27.928,green,observed,1.0,17.2,,green,0,-26.12,1,17.2
840,28.028,green,observed,1.0,17.43,,green,0,-26.12,1,17.43
843,28.128,green,observed,1.0,17.5,,green,0,-26.71,1,17.5
846,28.228,green,observed,1.0,17.43,,green,0,-26.24,1,17.43
849,28.328,green,observed,1.0,15.76,,green,0,-26.47,1,15.76
852,28.428,green,observed,1.0,17.05,,green,0,-27.18,1,17.05
855,28.528,green,observed,1.0,16.75,,green,0,-26.24,1,16.75
858,28.629,green,observed,1.0,16.82,,green,0,-26.0,1,16.82
861,28.729,green,observed,1.0,16.59,,green,0,-26.47,1,16.59
864,28.829,green,observed,1.0,16.14,,green,0,-26.35,1,16.14
867,28.929,green,observed,1.0,16.22,,green,0,-25.64,1,16.22
870,29.029,green,observed,1.0,16.67,,green,0,-27.07,1,16.67
873,29.129,green,observed,1.0,15.91,,green,0,-26.83,1,15.91
876,29.229,green,observed,1.0,15.84,,green,0,-27.07,1,15.84
879,29.329,green,observed,1.0,15.76,,green,0,-26.95,1,15.76
882,29.429,green,observed,1.0,15.46,,green,0,-27.18,1,15.46
885,29.53,green,observed,1.0,15.61,,green,0,-25.88,1,15.61
888,29.63,green,observed,1.0,14.62,,green,0,-27.07,1,14.62
891,29.73,green,observed,1.0,14.09,,green,0,-27.07,1,14.09
894,29.83,green,observed,1.0,14.09,,green,0,-26.35,1,14.09
897,29.93,green,observed,1.0,14.85,,green,0,-26.24,1,14.85
900,30.03,green,observed,1.0,14.02,,green,0,-26.0,1,14.02
903,30.13,green,observed,1.0,13.72,,green,0,-26.95,1,13.72
906,30.23,green,observed,1.0,14.02,,green,0,-26.35,1,14.02
909,30.33,green,observed,1.0,14.78,,green,0,-27.07,1,14.78
912,30.43,green,observed,1.0,13.72,,green,0,-26.47,1,13.72
915,30.53,green,observed,1.0,14.09,,green,0,-26.35,1,14.09
918,30.631,green,observed,1.0,13.79,,green,0,-26.71,1,13.79
921,30.731,green,observed,1.0,13.72,,green,0,-25.76,1,13.72
924,30.831,green,observed,1.0,13.34,,green,0,-25.52,1,13.34
927,30.931,green,observed,1.0,14.47,,green,0,-26.12,1,14.47
930,31.031,green,observed,1.0,14.4,,green,0,-26.24,1,14.4
933,31.131,green,observed,1.0,13.72,,green,0,-26.12,1,13.72
936,31.231,green,observed,1.0,14.25,,green,0,-26.95,1,14.25
939,31.331,green,observed,1.0,14.4,,green,0,-26.24,1,14.4
942,31.431,green,observed,1.0,14.25,,green,0,-26.0,1,14.25
945,31.532,green,observed,1.0,14.25,,green,0,-26.12,1,14.25
948,31.632,green,observed,1.0,14.09,,green,0,-25.4,1,14.09
951,31.732,green,observed,1.0,13.72,,green,0,-26.35,1,13.72
954,31.832,green,observed,1.0,13.87,,green,0,-25.64,1,13.87
957,31.932,green,observed,1.0,14.17,,green,0,-25.64,1,14.17
960,32.032,green,observed,1.0,14.93,,green,0,-26.71,1,14.93
963,32.132,green,observed,1.0,15.38,,green,0,-26.71,1,15.38
966,32.232,green,observed,1.0,14.85,,green,0,-26.35,1,14.85
969,32.332,green,observed,1.0,15.91,,green,0,-27.18,1,15.91
972,32.432,green,observed,1.0,15.16,,green,0,-26.47,1,15.16
975,32.532,green,observed,1.0,15.23,,green,0,-26.95,1,15.23
978,32.633,green,observed,1.0,14.47,,green,0,-26.71,1,14.47
981,32.733,green,observed,1.0,15.16,,green,0,-27.18,1,15.16
984,32.833,green,observed,1.0,15.61,,green,0,-26.95,1,15.61
987,32.933,green,observed,1.0,15.16,,green,0,-27.07,1,15.16
990,33.033,green,observed,1.0,15.69,,green,0,-26.0,1,15.69
993,33.133,green,observed,1.0,14.7,,green,0,-25.76,1,14.7
996,33.233,green,observed,1.0,15.91,,green,0,-26.59,1,15.91
999,33.333,green,observed,1.0,15.76,,green,0,-26.47,1,15.76
1002,33.433,green,observed,1.0,16.06,,green,0,-26.35,1,16.06
1005,33.534,green,observed,1.0,15.23,,green,0,-26.59,1,15.23
1008,33.634,green,observed,1.0,15.84,,green,0,-27.18,1,15.84
1011,33.734,green,observed,1.0,16.22,,green,0,-26.95,1,16.22
1014,33.834,green,observed,1.0,16.59,,green,0,-26.71,1,16.59
1017,33.934,green,observed,1.0,16.29,,green,0,-26.35,1,16.29
1020,34.034,green,observed,1.0,16.9,,green,0,-27.07,1,16.9
1023,34.134,green,observed,1.0,16.75,,green,0,-26.83,1,16.75
1026,34.234,green,observed,1.0,16.97,,green,0,-27.18,1,16.97
1029,34.334,green,observed,1.0,16.67,,green,0,-26.71,1,16.67
1032,34.434,green,observed,1.0,17.28,,green,0,-26.59,1,17.28
1035,34.534,green,observed,1.0,17.28,,green,0,-26.12,1,17.28
1038,34.635,green,observed,1.0,17.28,,green,0,-26.35,1,17.28
1041,34.735,green,observed,1.0,17.5,,green,0,-26.47,1,17.5
1044,34.835,green,observed,1.0,16.75,,green,0,-26.24,1,16.75
1047,34.935,green,observed,1.0,17.96,,green,0,-25.88,1,17.96
1050,35.035,green,observed,1.0,17.13,,green,0,-26.83,1,17.13
1053,35.135,green,observed,1.0,17.2,,green,0,-25.88,1,17.2
1056,35.235,green,observed,1.0,18.11,,green,0,-25.88,1,18.11
1059,35.335,green,observed,1.0,17.88,,green,0,-26.59,1,17.88
1062,35.435,green,observed,1.0,17.73,,green,0,-26.35,1,17.73
1065,35.536,green,observed,1.0,17.66,,green,0,-26.12,1,17.66
1068,35.636,green,observed,1.0,17.05,,green,0,-26.0,1,17.05
1071,35.736,green,observed,1.0,16.97,,green,0,-26.24,1,16.97
1074,35.836,green,observed,1.0,16.9,,green,0,-27.07,1,16.9
1077,35.936,green,observed,1.0,17.73,,green,0,-26.95,1,17.73
1080,36.036,green,observed,1.0,17.2,,green,0,-26.24,1,17.2
1083,36.136,green,observed,1.0,17.35,,green,0,-26.24,1,17.35
1086,36.236,green,observed,1.0,18.26,,green,0,-26.35,1,18.26
1089,36.336,green,observed,1.0,17.73,,green,0,-26.24,1,17.73
1092,36.436,green,observed,1.0,17.58,,green,0,-26.0,1,17.58
1095,36.537,green,observed,1.0,17.2,,green,0,-26.0,1,17.2
1098,36.637,green,observed,1.0,16.29,,green,0,-27.9,1,16.29
1101,36.737,green,observed,1.0,16.67,,green,0,-27.54,1,16.67
1104,36.837,green,observed,1.0,17.13,,green,0,-25.88,1,17.13
1107,36.937,green,observed,1.0,16.37,,green,0,-26.71,1,16.37
1110,37.037,green,observed,1.0,17.5,,green,0,-26.83,1,17.5
1113,37.137,green,observed,1.0,16.9,,green,0,-26.59,1,16.9
1116,37.237,green,observed,1.0,16.44,,green,0,-25.4,1,16.44
1119,37.337,green,observed,1.0,16.59,,green,0,-26.83,1,16.59
1122,37.437,green,observed,1.0,15.61,,green,0,-25.76,1,15.61
1125,37.538,green,observed,1.0,16.37,,green,0,-26.59,1,16.37
1128,37.638,green,observed,1.0,15.61,,green,0,-26.47,1,15.61
1131,37.738,green,observed,1.0,15.84,,green,0,-26.71,1,15.84
1134,37.838,green,observed,1.0,15.31,,green,0,-26.47,1,15.31
1137,37.938,green,observed,1.0,15.31,,green,0,-27.07,1,15.31
1140,38.038,green,observed,1.0,15.0,,green,0,-26.12,1,15.0
1143,38.138,green,observed,1.0,15.53,,green,0,-27.07,1,15.53
1146,38.238,green,observed,1.0,15.76,,green,0,-26.95,1,15.76
1149,38.338,green,observed,1.0,15.23,,green,0,-27.42,1,15.23
1152,38.438,green,observed,1.0,15.69,,green,0,-26.95,1,15.69
1155,38.538,green,observed,1.0,15.31,,green,0,-26.83,1,15.31
1158,38.639,green,observed,1.0,14.85,,green,0,-26.71,1,14.85
1161,38.739,green,observed,1.0,15.76,,green,0,-26.47,1,15.76
1164,38.839,green,observed,1.0,14.85,,green,0,-26.71,1,14.85
1167,38.939,green,observed,1.0,14.85,,green,0,-26.47,1,14.85
1170,39.039,green,observed,1.0,14.47,,green,0,-26.24,1,14.47
1173,39.139,green,observed,1.0,14.32,,green,0,-26.12,1,14.32
1176,39.239,green,observed,1.0,13.64,,green,0,-26.35,1,13.64
1179,39.339,green,observed,1.0,14.09,,green,0,-26.35,1,14.09
1182,39.439,green,observed,1.0,13.94,,green,0,-26.12,1,13.94
1185,39.54,green,observed,1.0,13.56,,green,0,-26.12,1,13.56
1188,39.64,green,observed,1.0,14.09,,green,0,-26.83,1,14.09
1191,39.74,green,observed,1.0,14.25,,green,0,-26.59,1,14.25
1194,39.84,green,observed,1.0,13.49,,green,0,-26.59,1,13.49
1197,39.94,green,observed,1.0,14.62,,green,0,-26.59,1,14.62
1200,40.04,green,observed,1.0,14.55,,green,0,-27.18,1,14.55
1203,40.14,green,observed,1.0,14.17,,green,0,-27.07,1,14.17
1206,40.24,green,observed,1.0,14.02,,green,0,-27.07,1,14.02
1209,40.34,green,observed,1.0,14.32,,green,0,-27.3,1,14.32
1212,40.44,green,observed,1.0,14.02,,green,0,-27.3,1,14.02
1215,40.54,green,observed,1.0,14.09,,green,0,-26.0,1,14.09
1218,40.641,green,observed,1.0,14.32,,green,0,-26.35,1,14.32
1221,40.741,green,observed,1.0,14.62,,green,0,-26.24,1,14.62
1224,40.841,green,observed,1.0,14.78,,green,0,-26.83,1,14.78
1227,40.941,green,observed,1.0,14.55,,green,0,-26.71,1,14.55
1230,41.041,green,observed,1.0,15.23,,green,0,-26.71,1,15.23
1233,41.141,green,observed,1.0,14.78,,green,0,-26.59,1,14.78
1236,41.241,green,observed,1.0,14.85,,green,0,-26.24,1,14.85
1239,41.341,green,observed,1.0,15.16,,green,0,-26.47,1,15.16
1242,41.441,green,observed,1.0,15.08,,green,0,-26.47,1,15.08
1245,41.542,green,observed,1.0,14.47,,green,0,-26.47,1,14.47
1248,41.642,green,observed,1.0,15.69,,green,0,-26.47,1,15.69
1251,41.742,green,observed,1.0,14.85,,green,0,-27.18,1,14.85
1254,41.842,green,observed,1.0,14.4,,green,0,-27.78,1,14.4
1257,41.942,green,observed,1.0,15.38,,green,0,-25.88,1,15.38
1260,42.042,green,observed,1.0,15.23,,green,0,-25.29,1,15.23
1263,42.142,green,observed,1.0,15.0,,green,0,-26.24,1,15.0
1266,42.242,green,observed,1.0,15.38,,green,0,-26.83,1,15.38
1269,42.342,green,observed,1.0,15.61,,green,0,-25.76,1,15.61
1272,42.442,green,observed,1.0,15.16,,green,0,-25.76,1,15.16
1275,42.543,green,observed,1.0,15.76,,green,0,-26.59,1,15.76
1278,42.643,green,observed,1.0,16.67,,green,0,-26.12,1,16.67
1281,42.743,green,observed,1.0,16.37,,green,0,-26.0,1,16.37
1284,42.843,green,observed,1.0,16.52,,green,0,-25.88,1,16.52
1287,42.943,green,observed,1.0,16.14,,green,0,-26.59,1,16.14
1290,43.043,green,observed,1.0,17.13,,green,0,-26.47,1,17.13
1293,43.143,green,observed,1.0,16.97,,green,0,-26.59,1,16.97
1296,43.243,green,observed,1.0,16.14,,green,0,-26.0,1,16.14
1299,43.343,green,observed,1.0,16.29,,green,0,-26.35,1,16.29
1302,43.443,green,observed,1.0,16.67,,green,0,-26.83,1,16.67
1305,43.544,green,observed,1.0,16.75,,green,0,-26.71,1,16.75
1308,43.644,green,observed,1.0,17.13,,green,0,-26.59,1,17.13
1311,43.744,green,observed,1.0,16.14,,green,0,-27.18,1,16.14
1314,43.844,green,observed,1.0,17.81,,green,0,-26.0,1,17.81
1317,43.944,green,observed,1.0,16.75,,green,0,-26.59,1,16.75
1320,44.044,green,observed,1.0,17.81,,green,0,-26.47,1,17.81
1323,44.144,green,observed,1.0,17.73,,green,0,-27.18,1,17.73
1326,44.244,green,observed,1.0,17.43,,green,0,-27.18,1,17.43
1329,44.344,green,observed,1.0,17.73,,green,0,-27.3,1,17.73
1332,44.444,green,observed,1.0,17.35,,green,0,-26.47,1,17.35
1335,44.544,green,observed,1.0,17.13,,green,0,-26.47,1,17.13
1338,44.645,green,observed,1.0,16.97,,green,0,-27.18,1,16.97
1341,44.745,green,observed,1.0,16.67,,green,0,-26.71,1,16.67
1344,44.845,green,observed,1.0,16.67,,green,0,-26.12,1,16.67
1347,44.945,green,observed,1.0,16.82,,green,0,-27.07,1,16.82
1350,45.045,green,observed,1.0,18.34,,green,0,-26.83,1,18.34
1353,45.145,green,observed,1.0,18.19,,green,0,-26.71,1,18.19
1356,45.245,green,observed,1.0,17.73,,green,0,-26.35,1,17.73
1359,45.345,green,observed,1.0,17.58,,green,0,-25.76,1,17.58
1362,45.445,green,observed,1.0,17.66,,green,0,-26.12,1,17.66
1365,45.546,green,observed,1.0,16.9,,green,0,-26.71,1,16.9
1368,45.646,green,observed,1.0,17.05,,green,0,-27.07,1,17.05
1371,45.746,green,observed,1.0,17.43,,green,0,-27.3,1,17.43
1374,45.846,green,observed,1.0,16.9,,green,0,-26.83,1,16.9
1377,45.946,green,observed,1.0,16.9,,green,0,-26.47,1,16.9
1380,46.046,green,observed,1.0,16.82,,green,0,-26.47,1,16.82
1383,46.146,green,observed,1.0,17.13,,green,0,-26.47,1,17.13
1386,46.246,green,observed,1.0,16.44,,green,0,-25.64,1,16.44
1389,46.346,green,observed,1.0,17.5,,green,0,-26.47,1,17.5
1392,46.446,green,observed,1.0,17.05,,green,0,-26.47,1,17.05
1395,46.546,green,observed,1.0,16.59,,green,0,-26.0,1,16.59
1398,46.647,green,observed,1.0,15.76,,green,0,-26.71,1,15.76
1401,46.747,green,observed,1.0,16.44,,green,0,-27.54,1,16.44
1404,46.847,green,observed,1.0,16.75,,green,0,-26.95,1,16.75
1407,46.947,green,observed,1.0,15.69,,green,0,-25.88,1,15.69
1410,47.047,green,observed,1.0,16.52,,green,0,-26.12,1,16.52
1413,47.147,green,observed,1.0,15.69,,green,0,-26.95,1,15.69
1416,47.247,green,observed,1.0,16.59,,green,0,-26.71,1,16.59
1419,47.347,green,observed,1.0,15.53,,green,0,-26.47,1,15.53
1422,47.447,green,observed,1.0,14.55,,green,0,-26.0,1,14.55
1425,47.548,green,observed,1.0,15.08,,green,0,-26.35,1,15.08
1428,47.648,green,observed,1.0,15.84,,green,0,-25.64,1,15.84
1431,47.748,green,observed,1.0,15.53,,green,0,-26.71,1,15.53
1434,47.848,green,observed,1.0,15.69,,green,0,-26.12,1,15.69
1437,47.948,green,observed,1.0,16.22,,green,0,-26.12,1,16.22
1440,48.048,green,observed,1.0,14.85,,green,0,-26.35,1,14.85
1443,48.148,green,observed,1.0,14.47,,green,0,-26.59,1,14.47
1446,48.248,green,observed,1.0,14.4,,green,0,-27.54,1,14.4
1449,48.348,green,observed,1.0,14.17,,green,0,-27.07,1,14.17
1452,48.448,green,observed,1.0,13.56,,green,0,-26.35,1,13.56
1455,48.549,green,observed,1.0,13.87,,green,0,-26.83,1,13.87
1458,48.649,green,observed,1.0,14.32,,green,0,-26.24,1,14.32
1461,48.749,green,observed,1.0,13.79,,green,0,-26.24,1,13.79
1464,48.849,green,observed,1.0,14.62,,green,0,-26.0,1,14.62
1467,48.949,green,observed,1.0,13.64,,green,0,-25.88,1,13.64
1470,49.049,green,observed,1.0,14.55,,green,0,-26.83,1,14.55
1473,49.149,green,observed,1.0,13.87,,green,0,-26.83,1,13.87
1476,49.249,green,observed,1.0,13.64,,green,0,-26.12,1,13.64
1479,49.349,green,observed,1.0,13.79,,green,0,-26.95,1,13.79
1482,49.449,green,observed,1.0,14.7,,green,0,-27.3,1,14.7
1485,49.55,green,observed,1.0,14.25,,green,0,-26.47,1,14.25
1488,49.65,green,observed,1.0,12.05,,green,0,-26.47,1,12.05
1491,49.75,green_blink,observed,1.0,15.46,,green_flash,0,-26.71,0,-15.46
1494,49.85,green_blink,observed,1.0,15.23,,green_flash,0,-25.4,0,-15.23
1497,49.95,green_blink,observed,1.0,15.99,,green_flash,0,-27.3,0,-15.99
1500,50.05,green_blink,observed,1.0,15.84,,green_flash,0,-26.47,0,-15.84
1503,50.15,green_blink,observed,1.0,11.52,,green,0,-26.35,1,11.52
1506,50.25,green_blink,observed,1.0,15.31,,green,0,-26.24,1,15.31
1509,50.35,green_blink,observed,1.0,13.94,,green,0,-26.12,1,13.94
1512,50.45,green_blink,observed,1.0,14.32,,green,0,-25.64,1,14.32
1515,50.55,green_blink,observed,1.0,14.78,,green,0,-26.71,1,14.78
1518,50.651,green_blink,observed,1.0,14.47,,green_flash,0,-26.83,0,-14.47
1521,50.751,green_blink,observed,1.0,15.16,,green_flash,0,-25.76,0,-15.16
1524,50.851,green_blink,observed,1.0,15.61,,green_flash,0,-25.76,0,-15.61
1527,50.951,green_blink,observed,1.0,15.61,,green_flash,0,-27.42,0,-15.61
1530,51.051,green_blink,observed,1.0,15.84,,green_flash,0,-26.12,0,-15.84
1533,51.151,green_blink,observed,1.0,12.2,,green,0,-26.24,1,12.2
1536,51.251,green_blink,observed,1.0,15.76,,green,0,-25.88,1,15.76
1539,51.351,green_blink,observed,1.0,15.76,,green,0,-26.12,1,15.76
1542,51.451,green_blink,observed,1.0,16.59,,green,0,-26.12,1,16.59
1545,51.552,green_blink,observed,1.0,16.22,,green,0,-26.35,1,16.22
1548,51.652,green_blink,observed,1.0,14.09,,green_flash,0,-26.71,0,-14.09
1551,51.752,green_blink,observed,1.0,15.99,,green_flash,0,-26.24,0,-15.99
1554,51.852,green_blink,observed,1.0,16.06,,green_flash,0,-26.71,0,-16.06
1557,51.952,green_blink,observed,1.0,15.38,,green_flash,0,-25.76,0,-15.38
1560,52.052,green_blink,observed,1.0,15.61,,green_flash,0,-27.07,0,-15.61
1563,52.152,green_blink,observed,1.0,14.02,,green,0,-26.12,1,14.02
1566,52.252,green_blink,observed,1.0,16.9,,green,0,-26.24,1,16.9
1569,52.352,green_blink,observed,1.0,17.28,,green,0,-26.12,1,17.28
1572,52.452,green_blink,observed,1.0,16.67,,green,0,-25.76,1,16.67
1575,52.552,green_blink,observed,1.0,17.05,,green,0,-26.24,1,17.05
1578,52.653,green_blink,observed,1.0,15.16,,green_flash,0,-26.24,0,-15.16
1581,52.753,red,observed,1.0,15.08,,red,1,29.68,0,-15.08
1584,52.853,red,observed,1.0,15.46,,red,1,29.44,0,-15.46
1587,52.953,red,observed,1.0,15.38,,red,1,28.13,0,-15.38
1590,53.053,red,observed,1.0,15.99,,red,1,29.68,0,-15.99
1593,53.153,red,observed,1.0,15.76,,red,1,29.92,0,-15.76
1596,53.253,red,observed,1.0,15.61,,red,1,30.15,0,-15.61
1599,53.353,red,observed,1.0,15.46,,red,1,30.03,0,-15.46
1602,53.453,red,observed,1.0,16.06,,red,1,30.27,0,-16.06
1605,53.554,red,observed,1.0,15.61,,red,1,30.27,0,-15.61
1608,53.654,red,observed,1.0,15.16,,red,1,29.8,0,-15.16
1611,53.754,red,observed,1.0,15.69,,red,1,29.8,0,-15.69
1614,53.854,red,observed,1.0,16.14,,red,1,29.68,0,-16.14
1617,53.954,red,observed,1.0,16.37,,red,1,29.56,0,-16.37
1620,54.054,red,observed,1.0,15.84,,red,1,29.32,0,-15.84
1623,54.154,red,observed,1.0,15.84,,red,1,30.63,0,-15.84
1626,54.254,red,observed,1.0,15.76,,red,1,31.1,0,-15.76
1629,54.354,red,observed,1.0,15.91,,red,1,30.03,0,-15.91
1632,54.454,red,observed,1.0,15.91,,red,1,30.15,0,-15.91
1635,54.555,red,observed,1.0,16.14,,red,1,30.03,0,-16.14
1638,54.655,red,observed,1.0,15.76,,red,1,30.03,0,-15.76
1641,54.755,red,observed,1.0,15.99,,red,1,30.27,0,-15.99
1644,54.855,red,observed,1.0,15.61,,red,1,28.73,0,-15.61
1647,54.955,red,observed,1.0,16.22,,red,1,29.56,0,-16.22
1650,55.055,red,observed,1.0,15.53,,red,1,29.68,0,-15.53
1653,55.155,red,observed,1.0,15.69,,red,1,28.02,0,-15.69
1656,55.255,red,observed,1.0,16.22,,red,1,29.2,0,-16.22
1659,55.355,red,observed,1.0,15.84,,red,1,29.2,0,-15.84
1662,55.455,red,observed,1.0,16.06,,red,1,29.2,0,-16.06
1665,55.556,red,observed,1.0,16.22,,red,1,29.68,0,-16.22
1668,55.656,red,observed,1.0,16.14,,red,1,30.39,0,-16.14
1671,55.756,red,observed,1.0,15.38,,red,1,30.39,0,-15.38
1674,55.856,red,observed,1.0,15.23,,red,1,28.73,0,-15.23
1677,55.956,red,observed,1.0,16.22,,red,1,28.73,0,-16.22
1680,56.056,red,observed,1.0,15.53,,red,1,30.27,0,-15.53
1683,56.156,red,observed,1.0,15.31,,red,1,30.63,0,-15.31
1686,56.256,red,observed,1.0,15.91,,red,1,30.86,0,-15.91
1689,56.356,red,observed,1.0,15.91,,red,1,30.27,0,-15.91
1692,56.456,red,observed,1.0,16.06,,red,1,30.27,0,-16.06
1695,56.556,red,observed,1.0,15.99,,red,1,30.63,0,-15.99
1698,56.657,red,observed,1.0,15.46,,red,1,28.61,0,-15.46
1701,56.757,red,observed,1.0,15.53,,red,1,30.15,0,-15.53
1704,56.857,red,observed,1.0,15.69,,red,1,28.85,0,-15.69
1707,56.957,red,observed,1.0,16.06,,red,1,27.9,0,-16.06
1710,57.057,red,observed,1.0,15.76,,red,1,28.49,0,-15.76
1713,57.157,red,observed,1.0,15.91,,red,1,29.68,0,-15.91
1716,57.257,red,observed,1.0,16.22,,red,1,30.39,0,-16.22
1719,57.357,red,observed,1.0,16.22,,red,1,30.15,0,-16.22
1722,57.457,red,observed,1.0,15.91,,red,1,28.97,0,-15.91
1725,57.558,red,observed,1.0,15.91,,red,1,29.8,0,-15.91
1728,57.658,red,observed,1.0,15.91,,red,1,29.44,0,-15.91
1731,57.758,red,observed,1.0,16.29,,red,1,29.44,0,-16.29
1734,57.858,red,observed,1.0,15.76,,red,1,29.08,0,-15.76
1737,57.958,red,observed,1.0,15.99,,red,1,29.44,0,-15.99
1740,58.058,red,observed,1.0,15.76,,red,1,28.85,0,-15.76
1743,58.158,red,observed,1.0,15.84,,red,1,28.97,0,-15.84
1746,58.258,red,observed,1.0,16.44,,red,1,29.08,0,-16.44
1749,58.358,red,observed,1.0,15.91,,red,1,28.61,0,-15.91
1752,58.458,red,observed,1.0,16.14,,red,1,28.49,0,-16.14
1755,58.558,red,observed,1.0,15.76,,red,1,28.73,0,-15.76
1758,58.659,red,observed,1.0,15.99,,red,1,30.75,0,-15.99
1761,58.759,red,observed,1.0,15.99,,red,1,29.44,0,-15.99
1764,58.859,red,observed,1.0,16.22,,red,1,29.44,0,-16.22
1767,58.959,red,observed,1.0,15.84,,red,1,29.44,0,-15.84
1770,59.059,red,observed,1.0,15.91,,red,1,29.2,0,-15.91
1773,59.159,red,observed,1.0,15.53,,red,1,29.08,0,-15.53
1776,59.259,red,observed,1.0,16.29,,red,1,30.15,0,-16.29
1779,59.359,red,observed,1.0,15.53,,red,1,28.13,0,-15.53
1782,59.459,red,observed,1.0,16.06,,red,1,29.68,0,-16.06
1785,59.56,red,observed,1.0,15.99,,red,1,28.13,0,-15.99
1788,59.66,red,observed,1.0,15.38,,red,1,27.78,0,-15.38
1791,59.76,red,observed,1.0,15.46,,red,1,28.61,0,-15.46
1794,59.86,red,observed,1.0,15.69,,red,1,28.25,0,-15.69
1797,59.96,red,observed,1.0,15.91,,red,1,28.49,0,-15.91
1800,60.06,red,observed,1.0,15.91,,red,1,27.9,0,-15.91
1803,60.16,red,observed,1.0,16.22,,red,1,27.9,0,-16.22
1806,60.26,red,observed,1.0,16.14,,red,1,27.9,0,-16.14
1809,60.36,red,observed,1.0,16.14,,red,1,27.18,0,-16.14
1812,60.46,red,observed,1.0,15.84,,red,1,29.32,0,-15.84
1815,60.56,red,observed,1.0,16.52,,red,1,27.78,0,-16.52
1818,60.661,red,observed,1.0,15.46,,red,1,26.95,0,-15.46
1821,60.761,red,observed,1.0,15.91,,red,1,27.54,0,-15.91
1824,60.861,red,observed,1.0,15.76,,red,1,26.47,0,-15.76
1827,60.961,red,observed,1.0,16.44,,red,1,27.54,0,-16.44
1830,61.061,red,observed,1.0,16.22,,red,1,28.02,0,-16.22
1833,61.161,red,observed,1.0,16.14,,red,1,27.78,0,-16.14
1836,61.261,red,observed,1.0,16.22,,red,1,28.02,0,-16.22
1839,61.361,red,observed,1.0,15.69,,red,1,26.12,0,-15.69
1842,61.461,red,observed,1.0,15.69,,red,1,27.66,0,-15.69
1845,61.562,red,observed,1.0,15.38,,red,1,28.37,0,-15.38
1848,61.662,red,observed,1.0,16.22,,red,1,27.07,0,-16.22
1851,61.762,red,observed,1.0,15.99,,red,1,29.32,0,-15.99
1854,61.862,red,observed,1.0,15.31,,red,1,28.02,0,-15.31
1857,61.962,red,observed,1.0,15.84,,red,1,29.2,0,-15.84
1860,62.062,red,observed,1.0,16.06,,red,1,26.59,0,-16.06
1863,62.162,red,observed,1.0,15.91,,red,1,27.78,0,-15.91
1866,62.262,red,observed,1.0,16.14,,red,1,28.49,0,-16.14
1869,62.362,red,observed,1.0,15.91,,red,1,27.54,0,-15.91
1872,62.462,red,observed,1.0,15.76,,red,1,28.97,0,-15.76
1875,62.562,red,observed,1.0,15.91,,red,1,27.66,0,-15.91
1878,62.663,red,observed,1.0,16.06,,red,1,28.73,0,-16.06
1881,62.763,red,observed,1.0,16.06,,red,1,28.13,0,-16.06
1884,62.863,red,observed,1.0,16.06,,red,1,29.68,0,-16.06
1887,62.963,red,observed,1.0,16.14,,red,1,28.97,0,-16.14
1890,63.063,red,observed,1.0,16.14,,red,1,28.02,0,-16.14
1893,63.163,red,observed,1.0,16.44,,red,1,29.68,0,-16.44
1896,63.263,red,observed,1.0,16.29,,red,1,29.2,0,-16.29
1899,63.363,red,observed,1.0,16.14,,red,1,29.32,0,-16.14
1902,63.463,red,observed,1.0,15.99,,red,1,28.73,0,-15.99
1905,63.564,red,observed,1.0,15.99,,red,1,28.49,0,-15.99
1908,63.664,red,observed,1.0,15.69,,red,1,29.92,0,-15.69
1911,63.764,red,observed,1.0,16.14,,red,1,27.54,0,-16.14
1914,63.864,red,observed,1.0,15.61,,red,1,29.2,0,-15.61
1917,63.964,red,observed,1.0,15.99,,red,1,29.8,0,-15.99
1920,64.064,red,observed,1.0,16.06,,red,1,28.02,0,-16.06
1923,64.164,red,observed,1.0,15.91,,red,1,27.9,0,-15.91
1926,64.264,red,observed,1.0,16.06,,red,1,27.78,0,-16.06
1929,64.364,red,observed,1.0,16.06,,red,1,29.2,0,-16.06
1932,64.464,red,observed,1.0,15.99,,red,1,28.97,0,-15.99
1935,64.564,red,observed,1.0,15.46,,red,1,29.56,0,-15.46
1938,64.665,red,observed,1.0,16.14,,red,1,28.97,0,-16.14
1941,64.765,red,observed,1.0,16.44,,red,1,29.56,0,-16.44
1944,64.865,red,observed,1.0,15.76,,red,1,27.07,0,-15.76
1947,64.965,red,observed,1.0,15.99,,red,1,29.08,0,-15.99
1950,65.065,red,observed,1.0,16.52,,red,1,28.49,0,-16.52
1953,65.165,red,observed,1.0,15.38,,red,1,28.73,0,-15.38
1956,65.265,red,observed,1.0,16.22,,red,1,30.03,0,-16.22
1959,65.365,red,observed,1.0,16.22,,red,1,28.97,0,-16.22
1962,65.465,red,observed,1.0,15.99,,red,1,29.2,0,-15.99
1965,65.566,red,observed,1.0,15.69,,red,1,27.66,0,-15.69
1968,65.666,red,observed,1.0,15.91,,red,1,27.42,0,-15.91
1971,65.766,red,observed,1.0,15.53,,red,1,27.54,0,-15.53
1974,65.866,red,observed,1.0,15.38,,red,1,27.66,0,-15.38
1977,65.966,red,observed,1.0,16.14,,red,1,27.66,0,-16.14
1980,66.066,red,observed,1.0,16.37,,red,1,26.83,0,-16.37
1983,66.166,red,observed,1.0,15.61,,red,1,27.78,0,-15.61
1986,66.266,red,observed,1.0,15.84,,red,1,27.07,0,-15.84
1989,66.366,red,observed,1.0,15.61,,red,1,25.64,0,-15.61
1992,66.466,red,observed,1.0,16.29,,red,1,25.88,0,-16.29
1995,66.566,red,observed,1.0,16.06,,red,1,27.78,0,-16.06
1998,66.667,red,observed,1.0,15.76,,red,1,25.76,0,-15.76
2001,66.767,red,observed,1.0,15.91,,red,1,26.35,0,-15.91
2004,66.867,red,observed,1.0,15.84,,red,1,25.88,0,-15.84
2007,66.967,red,observed,1.0,16.06,,red,1,26.0,0,-16.06
2010,67.067,red,observed,1.0,15.69,,red,1,26.71,0,-15.69
2013,67.167,red,observed,1.0,15.31,,red,1,26.83,0,-15.31
2016,67.267,red,observed,1.0,16.44,,red,1,26.35,0,-16.44
2019,67.367,red,observed,1.0,16.06,,red,1,26.35,0,-16.06
2022,67.467,red,observed,1.0,15.53,,red,1,26.59,0,-15.53
2025,67.568,red,observed,1.0,15.69,,red,1,26.59,0,-15.69
2028,67.668,red,observed,1.0,16.14,,red,1,26.0,0,-16.14
2031,67.768,red,observed,1.0,16.06,,red,1,25.29,0,-16.06
2034,67.868,red,observed,1.0,15.31,,red,1,27.07,0,-15.31
2037,67.968,red,observed,1.0,16.37,,red,1,26.35,0,-16.37
2040,68.068,red,observed,1.0,15.53,,red,1,27.3,0,-15.53
2043,68.168,red,observed,1.0,15.91,,red,1,25.29,0,-15.91
2046,68.268,red,observed,1.0,15.91,,red,1,25.64,0,-15.91
2049,68.368,red,observed,1.0,15.91,,red,1,27.18,0,-15.91
2052,68.468,red,observed,1.0,15.91,,red,1,26.0,0,-15.91
2055,68.568,red,observed,1.0,15.91,,red,1,26.24,0,-15.91
2058,68.669,red,observed,1.0,15.61,,red,1,26.24,0,-15.61
2061,68.769,red,observed,1.0,15.76,,red,1,26.47,0,-15.76
2064,68.869,red,observed,1.0,15.31,,red,1,25.88,0,-15.31
2067,68.969,red,observed,1.0,16.06,,red,1,25.52,0,-16.06
2070,69.069,red,observed,1.0,16.06,,red,1,27.07,0,-16.06
2073,69.169,red,observed,1.0,16.06,,red,1,26.83,0,-16.06
2076,69.269,red,observed,1.0,16.44,,red,1,26.83,0,-16.44
2079,69.369,red,observed,1.0,16.37,,red,1,24.81,0,-16.37
2082,69.469,red,observed,1.0,15.46,,red,1,28.02,0,-15.46
2085,69.57,red,observed,1.0,15.91,,red,1,25.88,0,-15.91
2088,69.67,red,observed,1.0,15.84,,red,1,26.59,0,-15.84
2091,69.77,red,observed,1.0,16.29,,red,1,26.59,0,-16.29
2094,69.87,red,observed,1.0,15.08,,red,1,26.35,0,-15.08
2097,69.97,red,observed,1.0,16.22,,red,1,24.34,0,-16.22
2100,70.07,red,observed,1.0,16.06,,red,1,26.71,0,-16.06
2103,70.17,red,observed,1.0,16.44,,red,1,25.4,0,-16.44
2106,70.27,red,observed,1.0,16.14,,red,1,25.05,0,-16.14
2109,70.37,red,observed,1.0,15.76,,red,1,26.12,0,-15.76
2112,70.47,red,observed,1.0,15.91,,red,1,23.86,0,-15.91
2115,70.57,red,observed,1.0,16.29,,red,1,27.18,0,-16.29
2118,70.671,red,observed,1.0,15.46,,red,1,26.71,0,-15.46
2121,70.771,red,observed,1.0,15.69,,red,1,25.64,0,-15.69
2124,70.871,red,observed,1.0,16.06,,red,1,25.64,0,-16.06
2127,70.971,red,observed,1.0,15.76,,red,1,25.88,0,-15.76
2130,71.071,red,observed,1.0,16.22,,red,1,25.52,0,-16.22
2133,71.171,red,observed,1.0,15.61,,red,1,25.76,0,-15.61
2136,71.271,red,observed,1.0,15.91,,red,1,25.76,0,-15.91
2139,71.371,red,observed,1.0,15.76,,red,1,26.83,0,-15.76
2142,71.471,red,observed,1.0,16.29,,red,1,27.66,0,-16.29
2145,71.572,red,observed,1.0,16.29,,red,1,25.76,0,-16.29
2148,71.672,red,observed,1.0,15.91,,red,1,25.88,0,-15.91
2151,71.772,red,observed,1.0,16.14,,red,1,27.07,0,-16.14
2154,71.872,red,observed,1.0,16.14,,red,1,27.54,0,-16.14
2157,71.972,red,observed,1.0,15.53,,red,1,26.95,0,-15.53
2160,72.072,red,observed,1.0,16.06,,red,1,26.83,0,-16.06
2163,72.172,red,observed,1.0,15.84,,red,1,26.0,0,-15.84
2166,72.272,red,observed,1.0,15.69,,red,1,26.71,0,-15.69
2169,72.372,red,observed,1.0,16.37,,red,1,25.76,0,-16.37
2172,72.472,red,observed,1.0,15.69,,red,1,27.3,0,-15.69
2175,72.572,red,observed,1.0,15.76,,red,1,26.95,0,-15.76
2178,72.673,red,observed,1.0,15.84,,red,1,28.97,0,-15.84
2181,72.773,red,observed,1.0,15.76,,red,1,25.17,0,-15.76
2184,72.873,red,observed,1.0,15.23,,red,1,26.83,0,-15.23
2187,72.973,red,observed,1.0,15.99,,red,1,25.05,0,-15.99
2190,73.073,red,observed,1.0,15.76,,red,1,28.37,0,-15.76
2193,73.173,red,observed,1.0,15.53,,red,1,25.17,0,-15.53
2196,73.273,red,observed,1.0,15.31,,red,1,27.9,0,-15.31
2199,73.373,red,observed,1.0,15.84,,red,1,26.71,0,-15.84
2202,73.473,red,observed,1.0,16.14,,red,1,26.35,0,-16.14
2205,73.574,red,observed,1.0,15.31,,red,1,27.54,0,-15.31
2208,73.674,red,observed,1.0,16.29,,red,1,26.12,0,-16.29
2211,73.774,red,observed,1.0,16.06,,red,1,25.52,0,-16.06
2214,73.874,red,observed,1.0,16.14,,red,1,28.13,0,-16.14
2217,73.974,red,observed,1.0,16.14,,red,1,25.76,0,-16.14
2220,74.074,red,observed,1.0,15.38,,red,1,26.83,0,-15.38
2223,74.174,red,observed,1.0,16.37,,red,1,26.24,0,-16.37
2226,74.274,red,observed,1.0,15.91,,red,1,26.83,0,-15.91
2229,74.374,red,observed,1.0,15.31,,red,1,26.83,0,-15.31
2232,74.474,red,observed,1.0,16.14,,red,1,27.9,0,-16.14
2235,74.574,red,observed,1.0,15.91,,red,1,27.66,0,-15.91
2238,74.675,red,observed,1.0,16.14,,red,1,27.54,0,-16.14
2241,74.775,red,observed,1.0,16.14,,red,1,27.42,0,-16.14
2244,74.875,red,observed,1.0,16.22,,red,1,26.95,0,-16.22
2247,74.975,red,observed,1.0,16.22,,red,1,28.13,0,-16.22
2250,75.075,red,observed,1.0,15.61,,red,1,25.64,0,-15.61
2253,75.175,red,observed,1.0,15.53,,red,1,25.88,0,-15.53
2256,75.275,red,observed,1.0,15.61,,red,1,25.4,0,-15.61
2259,75.375,red,observed,1.0,16.06,,red,1,26.12,0,-16.06
2262,75.475,red,observed,1.0,15.46,,red,1,25.17,0,-15.46
2265,75.576,red,observed,1.0,15.76,,red,1,24.93,0,-15.76
2268,75.676,red,observed,1.0,16.44,,red,1,27.3,0,-16.44
2271,75.776,red,observed,1.0,14.78,,red,1,24.93,0,-14.78
2274,75.876,red,observed,1.0,15.53,,red,1,26.59,0,-15.53
2277,75.976,red,observed,1.0,15.76,,red,1,25.88,0,-15.76
2280,76.076,red,observed,1.0,15.69,,red,1,26.24,0,-15.69
2283,76.176,red,observed,1.0,15.61,,red,1,24.1,0,-15.61
2286,76.276,red,observed,1.0,15.84,,red,1,24.81,0,-15.84
2289,76.376,red,observed,1.0,15.46,,red,1,26.95,0,-15.46
2292,76.476,red,observed,1.0,16.06,,red,1,26.12,0,-16.06
2295,76.576,red,observed,1.0,15.99,,red,1,25.88,0,-15.99
2298,76.677,red,observed,1.0,16.37,,red,1,25.52,0,-16.37
2301,76.777,red,observed,1.0,15.38,,red,1,25.52,0,-15.38
2304,76.877,red,observed,1.0,15.53,,red,1,26.47,0,-15.53
2307,76.977,red,observed,1.0,15.91,,red,1,27.07,0,-15.91
2310,77.077,red,observed,1.0,15.69,,red,1,25.17,0,-15.69
2313,77.177,red,observed,1.0,16.06,,red,1,26.24,0,-16.06
2316,77.277,red,observed,1.0,15.84,,red,1,26.12,0,-15.84
2319,77.377,red,observed,1.0,15.91,,red,1,26.0,0,-15.91
2322,77.477,red,observed,1.0,15.84,,red,1,24.34,0,-15.84
2325,77.578,red,observed,1.0,15.46,,red,1,24.69,0,-15.46
2328,77.678,red,observed,1.0,15.0,,red,1,24.93,0,-15.0
2331,77.778,red,observed,1.0,15.61,,red,1,23.98,0,-15.61
2334,77.878,red,observed,1.0,16.37,,red,1,26.12,0,-16.37
2337,77.978,red,observed,1.0,16.06,,red,1,27.07,0,-16.06
2340,78.078,red,observed,1.0,15.99,,red,1,24.81,0,-15.99
2343,78.178,red,observed,1.0,15.91,,red,1,24.81,0,-15.91
2346,78.278,red,observed,1.0,16.37,,red,1,26.24,0,-16.37
2349,78.378,red,observed,1.0,15.46,,red,1,25.17,0,-15.46
2352,78.478,red,observed,1.0,16.06,,red,1,26.12,0,-16.06
2355,78.578,red,observed,1.0,15.69,,red,1,25.76,0,-15.69
2358,78.679,red,observed,1.0,16.29,,red,1,24.81,0,-16.29
2361,78.779,red,observed,1.0,16.14,,red,1,24.57,0,-16.14
2364,78.879,red,observed,1.0,16.06,,red,1,23.27,0,-16.06
2367,78.979,red,observed,1.0,15.84,,red,1,26.12,0,-15.84
2370,79.079,red,observed,1.0,15.84,,red,1,25.05,0,-15.84
2373,79.179,red,observed,1.0,16.06,,red,1,25.76,0,-16.06
2376,79.279,red,observed,1.0,15.61,,red,1,25.05,0,-15.61
2379,79.379,red,observed,1.0,15.69,,red,1,24.81,0,-15.69
2382,79.479,red,observed,1.0,16.06,,red,1,25.4,0,-16.06
2385,79.58,red,observed,1.0,15.61,,red,1,26.71,0,-15.61
2388,79.68,red,observed,1.0,16.29,,red,1,23.98,0,-16.29
2391,79.78,red,observed,1.0,16.14,,red,1,26.12,0,-16.14
2394,79.88,red,observed,1.0,16.06,,red,1,26.0,0,-16.06
2397,79.98,red,observed,1.0,16.14,,red,1,25.52,0,-16.14
2400,80.08,red,observed,1.0,15.91,,red,1,24.34,0,-15.91
2403,80.18,red,observed,1.0,15.99,,red,1,23.98,0,-15.99
2406,80.28,red,observed,1.0,15.61,,red,1,23.98,0,-15.61
2409,80.38,red,observed,1.0,15.84,,red,1,24.34,0,-15.84
2412,80.48,red,observed,1.0,16.06,,red,1,25.64,0,-16.06
2415,80.58,red,observed,1.0,16.22,,red,1,23.98,0,-16.22
2418,80.681,red,observed,1.0,16.06,,red,1,24.81,0,-16.06
2421,80.781,red,observed,1.0,16.14,,red,1,25.17,0,-16.14
2424,80.881,red,observed,1.0,15.84,,red,1,24.93,0,-15.84
2427,80.981,red,observed,1.0,16.06,,red,1,25.17,0,-16.06
2430,81.081,red,observed,1.0,15.99,,red,1,25.76,0,-15.99
2433,81.181,red,observed,1.0,15.99,,red,1,25.88,0,-15.99
2436,81.281,red,observed,1.0,15.61,,red,1,25.17,0,-15.61
2439,81.381,red,observed,1.0,15.31,,red,1,26.47,0,-15.31
2442,81.481,red,observed,1.0,15.53,,red,1,25.29,0,-15.53
2445,81.582,red,observed,1.0,16.06,,red,1,26.59,0,-16.06
2448,81.682,red,observed,1.0,15.69,,red,1,26.12,0,-15.69
2451,81.782,red,observed,1.0,15.69,,red,1,26.59,0,-15.69
2454,81.882,red,observed,1.0,15.99,,red,1,26.95,0,-15.99
2457,81.982,red,observed,1.0,15.61,,red,1,25.52,0,-15.61
2460,82.082,red,observed,1.0,15.69,,red,1,24.1,0,-15.69
2463,82.182,red,observed,1.0,15.91,,red,1,25.64,0,-15.91
2466,82.282,red,observed,1.0,15.53,,red,1,26.35,0,-15.53
2469,82.382,red,observed,1.0,16.06,,red,1,26.47,0,-16.06
2472,82.482,red,observed,1.0,16.14,,red,1,26.12,0,-16.14
2475,82.582,red,observed,1.0,15.84,,red,1,26.24,0,-15.84
2478,82.683,red,observed,1.0,15.84,,red,1,26.59,0,-15.84
2481,82.783,red,observed,1.0,15.76,,red,1,28.02,0,-15.76
2484,82.883,red,observed,1.0,15.69,,red,1,27.9,0,-15.69
2487,82.983,red,observed,1.0,15.91,,red,1,26.83,0,-15.91
2490,83.083,red,observed,1.0,15.76,,red,1,26.95,0,-15.76
2493,83.183,red,observed,1.0,15.69,,red,1,25.52,0,-15.69
2496,83.283,red,observed,1.0,15.69,,red,1,27.18,0,-15.69
2499,83.383,red,observed,1.0,16.22,,red,1,28.13,0,-16.22
2502,83.483,red,observed,1.0,15.76,,red,1,26.47,0,-15.76
2505,83.584,red,observed,1.0,16.06,,red,1,26.24,0,-16.06
2508,83.684,red,observed,1.0,15.31,,red,1,26.83,0,-15.31
2511,83.784,red,observed,1.0,15.99,,red,1,26.71,0,-15.99
2514,83.884,red,observed,1.0,15.91,,red,1,26.71,0,-15.91
2517,83.984,red,observed,1.0,16.14,,red,1,28.61,0,-16.14
2520,84.084,red,observed,1.0,15.99,,red,1,26.71,0,-15.99
2523,84.184,red,observed,1.0,16.14,,red,1,26.83,0,-16.14
2526,84.284,red,observed,1.0,16.22,,red,1,27.42,0,-16.22
2529,84.384,red,observed,1.0,16.06,,red,1,26.83,0,-16.06
2532,84.484,red,observed,1.0,15.91,,red,1,25.76,0,-15.91
2535,84.584,red,observed,1.0,15.69,,red,1,26.47,0,-15.69
2538,84.685,red,observed,1.0,16.06,,red,1,26.24,0,-16.06
2541,84.785,red,observed,1.0,15.31,,red,1,28.37,0,-15.31
2544,84.885,red,observed,1.0,15.91,,red,1,27.3,0,-15.91
2547,84.985,red,observed,1.0,15.38,,red,1,25.52,0,-15.38
2550,85.085,red,observed,1.0,15.61,,red,1,27.07,0,-15.61
2553,85.185,red,observed,1.0,15.69,,red,1,26.83,0,-15.69
2556,85.285,red,observed,1.0,15.99,,red,1,28.02,0,-15.99
2559,85.385,red,observed,1.0,16.29,,red,1,26.95,0,-16.29
2562,85.485,red,observed,1.0,15.99,,red,1,26.71,0,-15.99
2565,85.586,red,observed,1.0,16.14,,red,1,28.49,0,-16.14
2568,85.686,red,observed,1.0,16.22,,red,1,26.59,0,-16.22
2571,85.786,red,observed,1.0,15.69,,red,1,26.83,0,-15.69
2574,85.886,red,observed,1.0,16.14,,red,1,25.4,0,-16.14
2577,85.986,red,observed,1.0,15.91,,red,1,26.24,0,-15.91
2580,86.086,red,observed,1.0,15.84,,red,1,25.4,0,-15.84
2583,86.186,red,observed,1.0,16.06,,red,1,26.95,0,-16.06
2586,86.286,red,observed,1.0,15.91,,red,1,26.83,0,-15.91
2589,86.386,red,observed,1.0,15.61,,red,1,26.95,0,-15.61
2592,86.486,red,observed,1.0,15.76,,red,1,26.59,0,-15.76
2595,86.586,red,observed,1.0,15.84,,red,1,26.24,0,-15.84
2598,86.687,red,observed,1.0,15.69,,red,1,26.59,0,-15.69
2601,86.787,red,observed,1.0,15.84,,red,1,26.0,0,-15.84
2604,86.887,red,observed,1.0,15.69,,red,1,25.64,0,-15.69
2607,86.987,red,observed,1.0,15.91,,red,1,26.71,0,-15.91
2610,87.087,red,observed,1.0,15.91,,red,1,27.18,0,-15.91
2613,87.187,red,observed,1.0,15.91,,red,1,27.18,0,-15.91
2616,87.287,red,observed,1.0,15.69,,red,1,27.18,0,-15.69
2619,87.387,red,observed,1.0,15.38,,red,1,27.18,0,-15.38
2622,87.487,red,observed,1.0,15.76,,red,1,25.76,0,-15.76
2625,87.588,red,observed,1.0,15.91,,red,1,27.3,0,-15.91
2628,87.688,red,observed,1.0,15.61,,red,1,24.93,0,-15.61
2631,87.788,red,observed,1.0,16.29,,red,1,26.47,0,-16.29
2634,87.888,red,observed,1.0,16.52,,red,1,26.35,0,-16.52
2637,87.988,red,observed,1.0,15.53,,red,1,26.59,0,-15.53
2640,88.088,red,observed,1.0,15.38,,red,1,26.47,0,-15.38
2643,88.188,red,observed,1.0,15.69,,red,1,25.64,0,-15.69
2646,88.288,red,observed,1.0,15.76,,red,1,24.93,0,-15.76
2649,88.388,red,observed,1.0,15.76,,red,1,25.64,0,-15.76
2652,88.488,red,observed,1.0,15.99,,red,1,25.4,0,-15.99
2655,88.588,red,observed,1.0,15.53,,red,1,26.59,0,-15.53
2658,88.689,red,observed,1.0,15.23,,red,1,24.45,0,-15.23
2661,88.789,red,observed,1.0,15.76,,red,1,26.35,0,-15.76
2664,88.889,red,observed,1.0,16.37,,red,1,26.24,0,-16.37
2667,88.989,red,observed,1.0,15.53,,red,1,26.24,0,-15.53
2670,89.089,red,observed,1.0,15.31,,red,1,26.47,0,-15.31
2673,89.189,red,observed,1.0,16.29,,red,1,25.29,0,-16.29
2676,89.289,red,observed,1.0,16.06,,red,1,23.74,0,-16.06
2679,89.389,red,observed,1.0,15.91,,red,1,26.0,0,-15.91
2682,89.489,red,observed,1.0,15.76,,red,1,24.69,0,-15.76
2685,89.59,red,observed,1.0,15.46,,red,1,24.93,0,-15.46
2688,89.69,red,observed,1.0,15.99,,red,1,24.57,0,-15.99
2691,89.79,red,observed,1.0,15.99,,red,1,25.88,0,-15.99
2694,89.89,red,observed,1.0,15.99,,red,1,26.95,0,-15.99
2697,89.99,red,observed,1.0,15.91,,red,1,26.59,0,-15.91
2700,90.09,red,observed,1.0,16.29,,red,1,25.4,0,-16.29
2703,90.19,red,observed,1.0,15.91,,red,1,25.17,0,-15.91
2706,90.29,red,observed,1.0,15.84,,red,1,25.17,0,-15.84
2709,90.39,red,observed,1.0,15.38,,red,1,25.76,0,-15.38
2712,90.49,red,observed,1.0,15.76,,red,1,25.4,0,-15.76
2715,90.59,red,observed,1.0,15.76,,red,1,25.29,0,-15.76
2718,90.691,red,observed,1.0,15.61,,red,1,25.52,0,-15.61
2721,90.791,red,observed,1.0,15.76,,red,1,26.0,0,-15.76
2724,90.891,red,observed,1.0,15.46,,red,1,25.88,0,-15.46
2727,90.991,red,observed,1.0,16.14,,red,1,25.29,0,-16.14
2730,91.091,red,observed,1.0,15.76,,red,1,25.17,0,-15.76
2733,91.191,red,observed,1.0,15.69,,red,1,25.64,0,-15.69
2736,91.291,red,observed,1.0,15.99,,red,1,26.12,0,-15.99
2739,91.391,red,observed,1.0,15.61,,red,1,25.4,0,-15.61
2742,91.491,red,observed,1.0,15.46,,red,1,26.47,0,-15.46
2745,91.592,red,observed,1.0,15.99,,red,1,26.95,0,-15.99
2748,91.692,red,observed,1.0,15.91,,red,1,24.69,0,-15.91
2751,91.792,red,observed,1.0,15.53,,red,1,24.93,0,-15.53
2754,91.892,red,observed,1.0,15.91,,red,1,24.81,0,-15.91
2757,91.992,red,observed,1.0,15.84,,red,1,26.24,0,-15.84
2760,92.092,red,observed,1.0,15.99,,red,1,24.69,0,-15.99
2763,92.192,red,observed,1.0,15.91,,red,1,26.24,0,-15.91
2766,92.292,red,observed,1.0,15.99,,red,1,26.35,0,-15.99
2769,92.392,red,observed,1.0,16.22,,red,1,26.0,0,-16.22
2772,92.492,red,observed,1.0,16.14,,red,1,26.35,0,-16.14
2775,92.592,red,observed,1.0,16.59,,red,1,25.52,0,-16.59
2778,92.693,red,observed,1.0,15.84,,red,1,23.98,0,-15.84
2781,92.793,red,observed,1.0,15.61,,red,1,25.64,0,-15.61
2784,92.893,red,observed,1.0,15.84,,red,1,25.76,0,-15.84
2787,92.993,red,observed,1.0,16.37,,red,1,26.24,0,-16.37
2790,93.093,red,observed,1.0,15.99,,red,1,24.1,0,-15.99
2793,93.193,red,observed,1.0,16.22,,red,1,25.52,0,-16.22
2796,93.293,red,observed,1.0,15.84,,red,1,25.17,0,-15.84
2799,93.393,red,observed,1.0,16.37,,red,1,24.57,0,-16.37
2802,93.493,red,observed,1.0,16.22,,red,1,25.17,0,-16.22
2805,93.594,red,observed,1.0,16.14,,red,1,26.35,0,-16.14
2808,93.694,red,observed,1.0,15.38,,red,1,24.81,0,-15.38
2811,93.794,red,observed,1.0,16.44,,red,1,24.69,0,-16.44
2814,93.894,red,observed,1.0,16.22,,red,1,26.0,0,-16.22
2817,93.994,red,observed,1.0,15.69,,red,1,27.54,0,-15.69
2820,94.094,red,observed,1.0,15.99,,red,1,25.88,0,-15.99
2823,94.194,red,observed,1.0,16.06,,red,1,24.57,0,-16.06
2826,94.294,red,observed,1.0,16.06,,red,1,25.88,0,-16.06
2829,94.394,red,observed,1.0,16.14,,red,1,24.81,0,-16.14
2832,94.494,red,observed,1.0,15.84,,red,1,25.64,0,-15.84
2835,94.594,red,observed,1.0,16.14,,red,1,26.83,0,-16.14
2838,94.695,green,observed,1.0,17.81,,green,0,-23.39,1,17.81
2841,94.795,green,observed,1.0,17.5,,green,0,-26.35,1,17.5
2844,94.895,green,observed,1.0,17.13,,green,0,-26.24,1,17.13
2847,94.995,green,observed,1.0,17.13,,green,0,-26.24,1,17.13
2850,95.095,green,observed,1.0,18.11,,green,0,-26.35,1,18.11
2853,95.195,green,observed,1.0,18.72,,green,0,-26.35,1,18.72
2856,95.295,green,observed,1.0,18.49,,green,0,-26.95,1,18.49
2859,95.395,green,observed,1.0,17.81,,green,0,-25.88,1,17.81
2862,95.495,green,observed,1.0,17.96,,green,0,-26.59,1,17.96
2865,95.596,green,observed,1.0,17.5,,green,0,-26.12,1,17.5
2868,95.696,green,observed,1.0,18.64,,green,0,-26.71,1,18.64
2871,95.796,green,observed,1.0,18.03,,green,0,-26.59,1,18.03
2874,95.896,green,observed,1.0,16.9,,green,0,-26.59,1,16.9
2877,95.996,green,observed,1.0,17.81,,green,0,-26.12,1,17.81
2880,96.096,green,observed,1.0,17.28,,green,0,-26.95,1,17.28
2883,96.196,green,observed,1.0,18.03,,green,0,-26.12,1,18.03
2886,96.296,green,observed,1.0,17.88,,green,0,-27.07,1,17.88
2889,96.396,green,observed,1.0,18.49,,green,0,-26.47,1,18.49
2892,96.496,green,observed,1.0,17.88,,green,0,-25.88,1,17.88
2895,96.596,green,observed,1.0,17.81,,green,0,-26.35,1,17.81
2898,96.697,green,observed,1.0,17.66,,green,0,-26.24,1,17.66
2901,96.797,green,observed,1.0,18.41,,green,0,-26.83,1,18.41
2904,96.897,green,observed,1.0,18.72,,green,0,-27.07,1,18.72
2907,96.997,green,observed,1.0,17.88,,green,0,-26.35,1,17.88
2910,97.097,green,observed,1.0,17.66,,green,0,-26.35,1,17.66
2913,97.197,green,observed,1.0,17.81,,green,0,-26.12,1,17.81
2916,97.297,green,observed,1.0,17.05,,green,0,-26.47,1,17.05
2919,97.397,green,observed,1.0,17.05,,green,0,-26.24,1,17.05
2922,97.497,green,observed,1.0,17.58,,green,0,-26.0,1,17.58
2925,97.598,green,observed,1.0,17.5,,green,0,-27.07,1,17.5
2928,97.698,green,observed,1.0,17.58,,green,0,-27.18,1,17.58
2931,97.798,green,observed,1.0,18.03,,green,0,-26.59,1,18.03
2934,97.898,green,observed,1.0,17.2,,green,0,-26.47,1,17.2
2937,97.998,green,observed,1.0,17.73,,green,0,-26.71,1,17.73
2940,98.098,green,observed,1.0,17.05,,green,0,-26.71,1,17.05
2943,98.198,green,observed,1.0,17.2,,green,0,-26.83,1,17.2
2946,98.298,green,observed,1.0,17.13,,green,0,-26.59,1,17.13
2949,98.398,green,observed,1.0,17.58,,green,0,-26.12,1,17.58
2952,98.498,green,observed,1.0,16.97,,green,0,-26.35,1,16.97
2955,98.598,green,observed,1.0,16.59,,green,0,-26.59,1,16.59
2958,98.699,green,observed,1.0,16.9,,green,0,-26.71,1,16.9
2961,98.799,green,observed,1.0,16.9,,green,0,-26.35,1,16.9
2964,98.899,green,observed,1.0,16.44,,green,0,-26.12,1,16.44
2967,98.999,green,observed,1.0,17.5,,green,0,-26.47,1,17.5
2970,99.099,green,observed,1.0,16.29,,green,0,-26.24,1,16.29
2973,99.199,green,observed,1.0,16.37,,green,0,-26.47,1,16.37
2976,99.299,green,observed,1.0,16.44,,green,0,-26.47,1,16.44
2979,99.399,green,observed,1.0,17.05,,green,0,-26.24,1,17.05
2982,99.499,green,observed,1.0,16.82,,green,0,-26.47,1,16.82
2985,99.6,green,observed,1.0,16.9,,green,0,-26.83,1,16.9
2988,99.7,green,observed,1.0,16.97,,green,0,-27.54,1,16.97
2991,99.8,green,observed,1.0,16.22,,green,0,-26.59,1,16.22
2994,99.9,green,observed,1.0,16.44,,green,0,-26.95,1,16.44
2997,100.0,green,observed,1.0,17.35,,green,0,-26.71,1,17.35
3000,100.1,green,observed,1.0,16.14,,green,0,-26.24,1,16.14
3003,100.2,green,observed,1.0,16.52,,green,0,-26.24,1,16.52
3006,100.3,green,observed,1.0,16.06,,green,0,-26.24,1,16.06
3009,100.4,green,observed,1.0,15.76,,green,0,-26.59,1,15.76
3012,100.5,green,observed,1.0,16.06,,green,0,-26.59,1,16.06
3015,100.6,green,observed,1.0,15.61,,green,0,-27.3,1,15.61
3018,100.701,green,observed,1.0,15.61,,green,0,-26.47,1,15.61
3021,100.801,green,observed,1.0,15.84,,green,0,-26.0,1,15.84
3024,100.901,green,observed,1.0,16.22,,green,0,-26.24,1,16.22
3027,101.001,green,observed,1.0,15.16,,green,0,-26.95,1,15.16
3030,101.101,green,observed,1.0,16.37,,green,0,-26.0,1,16.37
3033,101.201,green,observed,1.0,15.46,,green,0,-26.24,1,15.46
3036,101.301,green,observed,1.0,15.99,,green,0,-26.0,1,15.99
3039,101.401,green,observed,1.0,15.61,,green,0,-26.71,1,15.61
3042,101.501,green,observed,1.0,15.16,,green,0,-26.95,1,15.16
3045,101.602,green,observed,1.0,15.46,,green,0,-27.07,1,15.46
3048,101.702,green,observed,1.0,14.78,,green,0,-26.47,1,14.78
3051,101.802,green,observed,1.0,15.0,,green,0,-26.83,1,15.0
3054,101.902,green,observed,1.0,15.23,,green,0,-26.35,1,15.23
3057,102.002,green,observed,1.0,14.25,,green,0,-26.71,1,14.25
3060,102.102,green,observed,1.0,15.08,,green,0,-26.59,1,15.08
3063,102.202,green,observed,1.0,15.38,,green,0,-26.71,1,15.38
3066,102.302,green,observed,1.0,14.55,,green,0,-28.02,1,14.55
3069,102.402,green,observed,1.0,15.61,,green,0,-26.47,1,15.61
3072,102.502,green,observed,1.0,14.78,,green,0,-27.54,1,14.78
3075,102.602,green,observed,1.0,14.85,,green,0,-27.18,1,14.85
3078,102.703,green,observed,1.0,15.0,,green,0,-27.3,1,15.0
3081,102.803,green,observed,1.0,14.25,,green,0,-26.95,1,14.25
3084,102.903,green,observed,1.0,15.0,,green,0,-27.66,1,15.0
3087,103.003,green,observed,1.0,14.7,,green,0,-27.3,1,14.7
3090,103.103,green,observed,1.0,14.32,,green,0,-27.07,1,14.32
3093,103.203,green,observed,1.0,15.0,,green,0,-27.07,1,15.0
3096,103.303,green,observed,1.0,14.85,,green,0,-26.95,1,14.85
3099,103.403,green,observed,1.0,14.25,,green,0,-27.18,1,14.25
3102,103.503,green,observed,1.0,14.62,,green,0,-26.47,1,14.62
3105,103.604,green,observed,1.0,13.11,,green,0,-26.71,1,13.11
3108,103.704,green,observed,1.0,14.85,,green,0,-27.18,1,14.85
3111,103.804,green,observed,1.0,14.4,,green,0,-27.78,1,14.4
3114,103.904,green,observed,1.0,13.79,,green,0,-26.83,1,13.79
3117,104.004,green,observed,1.0,14.85,,green,0,-27.07,1,14.85
3120,104.104,green,observed,1.0,14.09,,green,0,-25.64,1,14.09
3123,104.204,green,observed,1.0,14.09,,green,0,-26.83,1,14.09
3126,104.304,green,observed,1.0,14.25,,green,0,-27.07,1,14.25
3129,104.404,green,observed,1.0,14.17,,green,0,-26.59,1,14.17
3132,104.504,green,observed,1.0,13.94,,green,0,-27.54,1,13.94
3135,104.604,green,observed,1.0,15.23,,green,0,-26.0,1,15.23
3138,104.705,green,observed,1.0,13.79,,green,0,-26.0,1,13.79
3141,104.805,green,observed,1.0,14.62,,green,0,-26.47,1,14.62
3144,104.905,green,observed,1.0,14.09,,green,0,-25.52,1,14.09
3147,105.005,green,observed,1.0,13.94,,green,0,-25.64,1,13.94
3150,105.105,green,observed,1.0,14.55,,green,0,-26.47,1,14.55
3153,105.205,green,observed,1.0,14.78,,green,0,-26.24,1,14.78
3156,105.305,green,observed,1.0,14.25,,green,0,-27.18,1,14.25
3159,105.405,green,observed,1.0,14.32,,green,0,-26.24,1,14.32
3162,105.505,green,observed,1.0,14.09,,green,0,-26.0,1,14.09
3165,105.606,green,observed,1.0,14.62,,green,0,-25.64,1,14.62
3168,105.706,green,observed,1.0,14.93,,green,0,-26.47,1,14.93
3171,105.806,green,observed,1.0,14.55,,green,0,-26.12,1,14.55
3174,105.906,green,observed,1.0,14.02,,green,0,-27.3,1,14.02
3177,106.006,green,observed,1.0,15.61,,green,0,-26.83,1,15.61
3180,106.106,green,observed,1.0,15.91,,green,0,-26.59,1,15.91
3183,106.206,green,observed,1.0,14.78,,green,0,-27.54,1,14.78
3186,106.306,green,observed,1.0,15.31,,green,0,-27.42,1,15.31
3189,106.406,green,observed,1.0,15.16,,green,0,-26.95,1,15.16
3192,106.506,green,observed,1.0,14.85,,green,0,-27.07,1,14.85
3195,106.606,green,observed,1.0,15.08,,green,0,-26.95,1,15.08
3198,106.707,green,observed,1.0,14.85,,green,0,-26.71,1,14.85
3201,106.807,green,observed,1.0,15.0,,green,0,-26.83,1,15.0
3204,106.907,green,observed,1.0,15.53,,green,0,-25.88,1,15.53
3207,107.007,green,observed,1.0,15.53,,green,0,-26.83,1,15.53
3210,107.107,green,observed,1.0,14.78,,green,0,-26.24,1,14.78
3213,107.207,green,observed,1.0,14.85,,green,0,-26.95,1,14.85
3216,107.307,green,observed,1.0,15.76,,green,0,-26.35,1,15.76
3219,107.407,green,observed,1.0,14.7,,green,0,-27.07,1,14.7
3222,107.507,green,observed,1.0,14.62,,green,0,-25.88,1,14.62
3225,107.608,green,observed,1.0,15.91,,green,0,-26.35,1,15.91
3228,107.708,green,observed,1.0,15.76,,green,0,-27.07,1,15.76
3231,107.808,green,observed,1.0,15.84,,green,0,-26.47,1,15.84
3234,107.908,green,observed,1.0,14.62,,green,0,-26.95,1,14.62
3237,108.008,green,observed,1.0,15.76,,green,0,-26.59,1,15.76
3240,108.108,green,observed,1.0,15.91,,green,0,-27.07,1,15.91
3243,108.208,green,observed,1.0,15.46,,green,0,-27.07,1,15.46
3246,108.308,green,observed,1.0,15.61,,green,0,-25.88,1,15.61
3249,108.408,green,observed,1.0,17.13,,green,0,-26.95,1,17.13
3252,108.508,green,observed,1.0,17.05,,green,0,-26.71,1,17.05
3255,108.608,green,observed,1.0,16.22,,green,0,-26.83,1,16.22
3258,108.709,green,observed,1.0,16.9,,green,0,-26.83,1,16.9
3261,108.809,green,observed,1.0,16.06,,green,0,-26.59,1,16.06
3264,108.909,green,observed,1.0,16.37,,green,0,-26.71,1,16.37
3267,109.009,green,observed,1.0,16.97,,green,0,-26.83,1,16.97
3270,109.109,green,observed,1.0,17.81,,green,0,-27.07,1,17.81
3273,109.209,green,observed,1.0,16.75,,green,0,-27.07,1,16.75
3276,109.309,green,observed,1.0,17.58,,green,0,-26.95,1,17.58
3279,109.409,green,observed,1.0,17.73,,green,0,-27.18,1,17.73
3282,109.509,green,observed,1.0,16.9,,green,0,-26.0,1,16.9
3285,109.61,green,observed,1.0,17.58,,green,0,-26.12,1,17.58
3288,109.71,green,observed,1.0,18.34,,green,0,-26.24,1,18.34
3291,109.81,green,observed,1.0,17.43,,green,0,-26.83,1,17.43
3294,109.91,green,observed,1.0,17.58,,green,0,-26.47,1,17.58
3297,110.01,green,observed,1.0,18.26,,green,0,-27.42,1,18.26
3300,110.11,green,observed,1.0,17.81,,green,0,-26.83,1,17.81
3303,110.21,green,observed,1.0,17.58,,green,0,-27.66,1,17.58
3306,110.31,green,observed,1.0,18.26,,green,0,-26.95,1,18.26
3309,110.41,green,observed,1.0,18.41,,green,0,-27.07,1,18.41
3312,110.51,green,observed,1.0,18.03,,green,0,-26.12,1,18.03
3315,110.61,green,observed,1.0,17.58,,green,0,-26.83,1,17.58
3318,110.711,green,observed,1.0,17.35,,green,0,-27.18,1,17.35
3321,110.811,green,observed,1.0,17.28,,green,0,-26.71,1,17.28
3324,110.911,green,observed,1.0,17.66,,green,0,-26.71,1,17.66
3327,111.011,green,observed,1.0,17.66,,green,0,-26.47,1,17.66
3330,111.111,green,observed,1.0,17.96,,green,0,-26.95,1,17.96
3333,111.211,green,observed,1.0,17.73,,green,0,-27.3,1,17.73
3336,111.311,green,observed,1.0,17.81,,green,0,-26.12,1,17.81
3339,111.411,green,observed,1.0,16.82,,green,0,-26.24,1,16.82
3342,111.511,green,observed,1.0,17.13,,green,0,-25.05,1,17.13
3345,111.612,green,observed,1.0,17.5,,green,0,-26.59,1,17.5
3348,111.712,green,observed,1.0,18.34,,green,0,-27.3,1,18.34
3351,111.812,green,observed,1.0,17.81,,green,0,-26.83,1,17.81
3354,111.912,green,observed,1.0,17.43,,green,0,-26.83,1,17.43
3357,112.012,green,observed,1.0,17.88,,green,0,-26.95,1,17.88
3360,112.112,green,observed,1.0,16.82,,green,0,-26.83,1,16.82
3363,112.212,green,observed,1.0,17.66,,green,0,-25.88,1,17.66
3366,112.312,green,observed,1.0,16.82,,green,0,-26.24,1,16.82
3369,112.412,green,observed,1.0,17.96,,green,0,-26.35,1,17.96
3372,112.512,green,observed,1.0,17.13,,green,0,-27.3,1,17.13
3375,112.612,green,observed,1.0,17.43,,green,0,-26.35,1,17.43
3378,112.713,green,observed,1.0,16.14,,green,0,-26.95,1,16.14
3381,112.813,green,observed,1.0,16.9,,green,0,-26.71,1,16.9
3384,112.913,green,observed,1.0,17.28,,green,0,-26.24,1,17.28
3387,113.013,green,observed,1.0,16.37,,green,0,-26.47,1,16.37
3390,113.113,green,observed,1.0,16.67,,green,0,-26.71,1,16.67
3393,113.213,green,observed,1.0,17.28,,green,0,-26.95,1,17.28
3396,113.313,green,observed,1.0,17.43,,green,0,-26.95,1,17.43
3399,113.413,green,observed,1.0,17.28,,green,0,-27.3,1,17.28
3402,113.513,green,observed,1.0,17.2,,green,0,-26.95,1,17.2
3405,113.614,green,observed,1.0,17.13,,green,0,-26.59,1,17.13
3408,113.714,green,observed,1.0,16.59,,green,0,-26.95,1,16.59
3411,113.814,green,observed,1.0,16.44,,green,0,-26.83,1,16.44
3414,113.914,green,observed,1.0,16.75,,green,0,-26.24,1,16.75
3417,114.014,green,observed,1.0,16.29,,green,0,-26.12,1,16.29
3420,114.114,green,observed,1.0,15.38,,green,0,-26.24,1,15.38
3423,114.214,green,observed,1.0,15.61,,green,0,-26.12,1,15.61
3426,114.314,green,observed,1.0,15.69,,green,0,-26.47,1,15.69
3429,114.414,green,observed,1.0,15.38,,green,0,-25.88,1,15.38
3432,114.514,green,observed,1.0,15.84,,green,0,-25.76,1,15.84
3435,114.614,green,observed,1.0,15.53,,green,0,-26.83,1,15.53
3438,114.715,green,observed,1.0,14.55,,green,0,-26.0,1,14.55
3441,114.815,green,observed,1.0,14.25,,green,0,-26.47,1,14.25
3444,114.915,green,observed,1.0,15.46,,green,0,-26.59,1,15.46
3447,115.015,green,observed,1.0,14.62,,green,0,-26.71,1,14.62
3450,115.115,green,observed,1.0,14.02,,green,0,-26.47,1,14.02
3453,115.215,green,observed,1.0,15.08,,green,0,-25.64,1,15.08
3456,115.315,green,observed,1.0,14.93,,green,0,-25.64,1,14.93
3459,115.415,green,observed,1.0,15.16,,green,0,-25.52,1,15.16
3462,115.515,green,observed,1.0,14.02,,green,0,-25.64,1,14.02
3465,115.616,green,observed,1.0,13.94,,green,0,-26.47,1,13.94
3468,115.716,green,observed,1.0,15.23,,green,0,-26.95,1,15.23
3471,115.816,green,observed,1.0,14.55,,green,0,-27.07,1,14.55
3474,115.916,green,observed,1.0,14.25,,green,0,-26.59,1,14.25
3477,116.016,green,observed,1.0,13.56,,green,0,-26.12,1,13.56
3480,116.116,green,observed,1.0,14.78,,green,0,-26.95,1,14.78
3483,116.216,green,observed,1.0,14.55,,green,0,-27.18,1,14.55
3486,116.316,green,observed,1.0,13.56,,green,0,-26.24,1,13.56
3489,116.416,green,observed,1.0,14.7,,green,0,-26.35,1,14.7
3492,116.516,green,observed,1.0,14.02,,green,0,-26.0,1,14.02
3495,116.616,green,observed,1.0,13.34,,green,0,-25.76,1,13.34
3498,116.717,green,observed,1.0,14.32,,green,0,-26.12,1,14.32
3501,116.817,green,observed,1.0,13.87,,green,0,-26.71,1,13.87
3504,116.917,green,observed,1.0,13.49,,green,0,-26.12,1,13.49
3507,117.017,green,observed,1.0,14.02,,green,0,-26.71,1,14.02
3510,117.117,green,observed,1.0,14.17,,green,0,-26.0,1,14.17
3513,117.217,green,observed,1.0,14.55,,green,0,-26.95,1,14.55
3516,117.317,green,observed,1.0,14.47,,green,0,-26.95,1,14.47
3519,117.417,green,observed,1.0,15.08,,green,0,-26.83,1,15.08
3522,117.517,green,observed,1.0,15.46,,green,0,-26.47,1,15.46
3525,117.618,green,observed,1.0,14.4,,green,0,-26.71,1,14.4
3528,117.718,green,observed,1.0,14.47,,green,0,-26.95,1,14.47
3531,117.818,green,observed,1.0,14.78,,green,0,-26.83,1,14.78
3534,117.918,green,observed,1.0,15.23,,green,0,-26.47,1,15.23
3537,118.018,green,observed,1.0,15.0,,green,0,-26.12,1,15.0
3540,118.118,green,observed,1.0,15.31,,green,0,-27.07,1,15.31
3543,118.218,green,observed,1.0,15.08,,green,0,-26.83,1,15.08
3546,118.318,green,observed,1.0,16.44,,green,0,-26.35,1,16.44
3549,118.418,green,observed,1.0,14.7,,green,0,-27.42,1,14.7
3552,118.518,green,observed,1.0,15.84,,green,0,-26.83,1,15.84
3555,118.618,green,observed,1.0,14.93,,green,0,-26.71,1,14.93
3558,118.719,green,observed,1.0,15.76,,green,0,-26.24,1,15.76
3561,118.819,green,observed,1.0,16.06,,green,0,-26.47,1,16.06
3564,118.919,green,observed,1.0,15.99,,green,0,-26.24,1,15.99
3567,119.019,green,observed,1.0,16.29,,green,0,-26.24,1,16.29
3570,119.119,green,observed,1.0,15.84,,green,0,-26.47,1,15.84
3573,119.219,green,observed,1.0,16.06,,green,0,-26.47,1,16.06
3576,119.319,green,observed,1.0,16.06,,green,0,-26.47,1,16.06
3579,119.419,green,observed,1.0,16.14,,green,0,-26.47,1,16.14
3582,119.519,green,observed,1.0,16.75,,green,0,-27.07,1,16.75
3585,119.62,green,observed,1.0,16.59,,green,0,-26.71,1,16.59
3588,119.72,green,observed,1.0,17.05,,green,0,-25.88,1,17.05
3591,119.82,green,observed,1.0,17.13,,green,0,-26.12,1,17.13
3594,119.92,green,observed,1.0,16.67,,green,0,-26.12,1,16.67
3597,120.02,green,observed,1.0,16.97,,green,0,-26.12,1,16.97
3600,120.12,green,observed,1.0,17.28,,green,0,-26.95,1,17.28
3603,120.22,green,observed,1.0,16.82,,green,0,-26.24,1,16.82
3606,120.32,green,observed,1.0,17.28,,green,0,-25.88,1,17.28
3609,120.42,green,observed,1.0,18.26,,green,0,-26.35,1,18.26
3612,120.52,green,observed,1.0,17.66,,green,0,-26.35,1,17.66
3615,120.62,green,observed,1.0,17.28,,green,0,-26.71,1,17.28
3618,120.721,green,observed,1.0,17.05,,green,0,-26.12,1,17.05
3621,120.821,green,observed,1.0,18.87,,green,0,-26.12,1,18.87
3624,120.921,green,observed,1.0,18.03,,green,0,-25.88,1,18.03
3627,121.021,green,observed,1.0,16.9,,green,0,-26.24,1,16.9
3630,121.121,green,observed,1.0,17.81,,green,0,-25.88,1,17.81
3633,121.221,green,observed,1.0,19.02,,green,0,-26.0,1,19.02
3636,121.321,green,observed,1.0,18.03,,green,0,-26.0,1,18.03
3639,121.421,green,observed,1.0,17.96,,green,0,-26.12,1,17.96
3642,121.521,green,observed,1.0,17.28,,green,0,-26.24,1,17.28
3645,121.622,green,observed,1.0,17.5,,green,0,-27.07,1,17.5
3648,121.722,green,observed,1.0,17.58,,green,0,-26.24,1,17.58
3651,121.822,green,observed,1.0,17.73,,green,0,-25.76,1,17.73
3654,121.922,green,observed,1.0,17.35,,green,0,-26.12,1,17.35
3657,122.022,green,observed,1.0,17.43,,green,0,-26.47,1,17.43
3660,122.122,green,observed,1.0,17.96,,green,0,-26.0,1,17.96
3663,122.222,green,observed,1.0,17.2,,green,0,-26.83,1,17.2
3666,122.322,green,observed,1.0,16.97,,green,0,-26.35,1,16.97
3669,122.422,green,observed,1.0,17.05,,green,0,-26.47,1,17.05
3672,122.522,green,observed,1.0,16.75,,green,0,-26.0,1,16.75
3675,122.622,green,observed,1.0,18.11,,green,0,-26.71,1,18.11
3678,122.723,green,observed,1.0,16.14,,green,0,-26.35,1,16.14
3681,122.823,green,observed,1.0,16.59,,green,0,-26.59,1,16.59
3684,122.923,green,observed,1.0,16.37,,green,0,-25.52,1,16.37
3687,123.023,green,observed,1.0,17.35,,green,0,-25.88,1,17.35
3690,123.123,green,observed,1.0,16.82,,green,0,-26.24,1,16.82
3693,123.223,green,observed,1.0,17.13,,green,0,-26.71,1,17.13
3696,123.323,green,observed,1.0,15.69,,green,0,-25.52,1,15.69
3699,123.423,green,observed,1.0,16.44,,green,0,-26.59,1,16.44
3702,123.523,green,observed,1.0,16.44,,green,0,-26.35,1,16.44
3705,123.624,green,observed,1.0,16.06,,green,0,-26.24,1,16.06
3708,123.724,green,observed,1.0,16.75,,green,0,-26.47,1,16.75
3711,123.824,green,observed,1.0,15.23,,green,0,-26.35,1,15.23
3714,123.924,green,observed,1.0,15.91,,green,0,-26.83,1,15.91
3717,124.024,green,observed,1.0,15.16,,green,0,-26.0,1,15.16
3720,124.124,green,observed,1.0,14.78,,green,0,-26.12,1,14.78
3723,124.224,green,observed,1.0,14.7,,green,0,-26.35,1,14.7
3726,124.324,green,observed,1.0,15.31,,green,0,-25.52,1,15.31
3729,124.424,green,observed,1.0,15.23,,green,0,-26.71,1,15.23
3732,124.524,green,observed,1.0,14.93,,green,0,-26.12,1,14.93
3735,124.624,green,observed,1.0,15.53,,green,0,-26.12,1,15.53
3738,124.725,green_blink,observed,1.0,15.0,,green_flash,0,-25.52,0,-15.0
3741,124.825,green_blink,observed,1.0,15.69,,green_flash,0,-25.52,0,-15.69
3744,124.925,green_blink,observed,1.0,15.53,,green_flash,0,-26.95,0,-15.53
3747,125.025,green_blink,observed,1.0,15.76,,green_flash,0,-27.18,0,-15.76
3750,125.125,green_blink,observed,1.0,14.7,,green_flash,0,-27.3,0,-14.7
3753,125.225,green_blink,observed,1.0,14.25,,green,0,-27.07,1,14.25
3756,125.325,green_blink,observed,1.0,15.31,,green,0,-25.52,1,15.31
3759,125.425,green_blink,observed,1.0,14.47,,green,0,-26.71,1,14.47
3762,125.525,green_blink,observed,1.0,13.79,,green,0,-26.24,1,13.79
3765,125.626,green_blink,observed,1.0,14.47,,green,0,-26.24,1,14.47
3768,125.726,green_blink,observed,1.0,15.53,,green_flash,0,-26.95,0,-15.53
3771,125.826,green_blink,observed,1.0,16.22,,green_flash,0,-25.64,0,-16.22
3774,125.926,green_blink,observed,1.0,15.76,,green_flash,0,-26.71,0,-15.76
3777,126.026,green_blink,observed,1.0,16.29,,green_flash,0,-27.42,0,-16.29
3780,126.126,green_blink,observed,1.0,14.55,,green_flash,0,-26.95,0,-14.55
3783,126.226,green_blink,observed,1.0,14.09,,green,0,-27.18,1,14.09
3786,126.326,green_blink,observed,1.0,13.64,,green,0,-26.59,1,13.64
3789,126.426,green_blink,observed,1.0,13.72,,green,0,-26.83,1,13.72
3792,126.526,green_blink,observed,1.0,14.32,,green,0,-26.24,1,14.32
3795,126.626,green_blink,observed,1.0,14.78,,green,0,-25.52,1,14.78
3798,126.727,green_blink,observed,1.0,15.31,,green_flash,0,-26.83,0,-15.31
3801,126.827,green_blink,observed,1.0,15.53,,green_flash,0,-25.76,0,-15.53
3804,126.927,green_blink,observed,1.0,15.76,,green_flash,0,-26.47,0,-15.76
3807,127.027,green_blink,observed,1.0,15.38,,green_flash,0,-27.18,0,-15.38
3810,127.127,green_blink,observed,1.0,15.08,,green_flash,0,-26.83,0,-15.08
3813,127.227,green_blink,observed,1.0,14.55,,green,0,-26.71,1,14.55
3816,127.327,green_blink,observed,1.0,15.23,,green,0,-27.78,1,15.23
3819,127.427,green_blink,observed,1.0,14.55,,green,0,-26.35,1,14.55
3822,127.527,green_blink,observed,1.0,14.7,,green,0,-26.59,1,14.7
3825,127.628,green_blink,observed,1.0,15.53,,green,0,-26.83,1,15.53
3828,127.728,red,observed,1.0,15.38,,red,1,30.03,0,-15.38
3831,127.828,red,observed,1.0,16.37,,red,1,28.61,0,-16.37
3834,127.928,red,observed,1.0,16.37,,red,1,29.68,0,-16.37
3837,128.028,red,observed,1.0,15.91,,red,1,28.73,0,-15.91
3840,128.128,red,observed,1.0,15.61,,red,1,26.95,0,-15.61
3843,128.228,red,observed,1.0,15.76,,red,1,27.3,0,-15.76
3846,128.328,red,observed,1.0,15.84,,red,1,28.49,0,-15.84
3849,128.428,red,observed,1.0,15.84,,red,1,28.49,0,-15.84
3852,128.528,red,observed,1.0,15.76,,red,1,28.37,0,-15.76
3855,128.628,red,observed,1.0,15.84,,red,1,26.24,0,-15.84
3858,128.729,red,observed,1.0,15.76,,red,1,27.78,0,-15.76
3861,128.829,red,observed,1.0,15.38,,red,1,27.3,0,-15.38
3864,128.929,red,observed,1.0,16.14,,red,1,26.12,0,-16.14
3867,129.029,red,observed,1.0,15.76,,red,1,27.78,0,-15.76
3870,129.129,red,observed,1.0,15.84,,red,1,26.95,0,-15.84
3873,129.229,red,observed,1.0,16.06,,red,1,26.0,0,-16.06
3876,129.329,red,observed,1.0,15.69,,red,1,28.02,0,-15.69
3879,129.429,red,observed,1.0,16.22,,red,1,26.95,0,-16.22
3882,129.529,red,observed,1.0,15.46,,red,1,27.18,0,-15.46
3885,129.63,red,observed,1.0,15.61,,red,1,25.52,0,-15.61
3888,129.73,red,observed,1.0,15.76,,red,1,28.25,0,-15.76
3891,129.83,red,observed,1.0,15.31,,red,1,27.66,0,-15.31
3894,129.93,red,observed,1.0,15.38,,red,1,26.83,0,-15.38
3897,130.03,red,observed,1.0,15.38,,red,1,25.76,0,-15.38
3900,130.13,red,observed,1.0,15.84,,red,1,26.35,0,-15.84
3903,130.23,red,observed,1.0,15.53,,red,1,25.64,0,-15.53
3906,130.33,red,observed,1.0,16.44,,red,1,26.95,0,-16.44
3909,130.43,red,observed,1.0,15.76,,red,1,27.54,0,-15.76
3912,130.53,red,observed,1.0,15.53,,red,1,26.59,0,-15.53
3915,130.631,red,observed,1.0,15.91,,red,1,26.71,0,-15.91
3918,130.731,red,observed,1.0,15.99,,red,1,27.9,0,-15.99
3921,130.831,red,observed,1.0,15.84,,red,1,29.08,0,-15.84
3924,130.931,red,observed,1.0,15.69,,red,1,27.54,0,-15.69
3927,131.031,red,observed,1.0,15.84,,red,1,28.49,0,-15.84
3930,131.131,red,observed,1.0,15.76,,red,1,28.97,0,-15.76
3933,131.231,red,observed,1.0,15.91,,red,1,27.42,0,-15.91
3936,131.331,red,observed,1.0,15.61,,red,1,27.66,0,-15.61
3939,131.431,red,observed,1.0,15.84,,red,1,30.03,0,-15.84
3942,131.531,red,observed,1.0,15.99,,red,1,28.02,0,-15.99
3945,131.632,red,observed,1.0,15.91,,red,1,28.73,0,-15.91
3948,131.732,red,observed,1.0,16.14,,red,1,28.49,0,-16.14
3951,131.832,red,observed,1.0,16.14,,red,1,28.73,0,-16.14
3954,131.932,red,observed,1.0,16.14,,red,1,30.63,0,-16.14
3957,132.032,red,observed,1.0,15.84,,red,1,28.73,0,-15.84
3960,132.132,red,observed,1.0,15.53,,red,1,27.78,0,-15.53
3963,132.232,red,observed,1.0,15.91,,red,1,27.18,0,-15.91
3966,132.332,red,observed,1.0,15.76,,red,1,28.13,0,-15.76
3969,132.432,red,observed,1.0,15.99,,red,1,29.56,0,-15.99
3972,132.532,red,observed,1.0,15.53,,red,1,29.44,0,-15.53
3975,132.632,red,observed,1.0,15.53,,red,1,29.44,0,-15.53
3978,132.733,red,observed,1.0,15.84,,red,1,29.2,0,-15.84
3981,132.833,red,observed,1.0,16.29,,red,1,27.9,0,-16.29
3984,132.933,red,observed,1.0,15.76,,red,1,27.9,0,-15.76
3987,133.033,red,observed,1.0,15.99,,red,1,28.97,0,-15.99
3990,133.133,red,observed,1.0,15.53,,red,1,28.97,0,-15.53
3993,133.233,red,observed,1.0,16.22,,red,1,28.97,0,-16.22
3996,133.333,red,observed,1.0,15.99,,red,1,30.75,0,-15.99
3999,133.433,red,observed,1.0,15.76,,red,1,28.85,0,-15.76
4002,133.533,red,observed,1.0,15.84,,red,1,28.73,0,-15.84
4005,133.634,red,observed,1.0,15.69,,red,1,28.97,0,-15.69
4008,133.734,red,observed,1.0,15.76,,red,1,28.49,0,-15.76
4011,133.834,red,observed,1.0,15.46,,red,1,29.44,0,-15.46
4014,133.934,red,observed,1.0,15.76,,red,1,29.8,0,-15.76
4017,134.034,red,observed,1.0,16.22,,red,1,28.49,0,-16.22
4020,134.134,red,observed,1.0,15.61,,red,1,27.78,0,-15.61
4023,134.234,red,observed,1.0,15.53,,red,1,27.9,0,-15.53
4026,134.334,red,observed,1.0,15.76,,red,1,29.32,0,-15.76
4029,134.434,red,observed,1.0,15.16,,red,1,30.51,0,-15.16
4032,134.534,red,observed,1.0,15.99,,red,1,29.2,0,-15.99
4035,134.634,red,observed,1.0,15.53,,red,1,28.73,0,-15.53
4038,134.735,red,observed,1.0,15.84,,red,1,28.61,0,-15.84
4041,134.835,red,observed,1.0,15.61,,red,1,27.9,0,-15.61
4044,134.935,red,observed,1.0,15.76,,red,1,27.78,0,-15.76
4047,135.035,red,observed,1.0,16.14,,red,1,27.78,0,-16.14
4050,135.135,red,observed,1.0,16.06,,red,1,28.73,0,-16.06
4053,135.235,red,observed,1.0,16.22,,red,1,28.73,0,-16.22
4056,135.335,red,observed,1.0,15.91,,red,1,28.97,0,-15.91
4059,135.435,red,observed,1.0,15.53,,red,1,28.97,0,-15.53
4062,135.535,red,observed,1.0,16.06,,red,1,28.85,0,-16.06
4065,135.636,red,observed,1.0,15.31,,red,1,28.02,0,-15.31
4068,135.736,red,observed,1.0,15.61,,red,1,28.13,0,-15.61
4071,135.836,red,observed,1.0,16.37,,red,1,27.66,0,-16.37
4074,135.936,red,observed,1.0,15.69,,red,1,27.07,0,-15.69
4077,136.036,red,observed,1.0,15.69,,red,1,28.13,0,-15.69
4080,136.136,red,observed,1.0,15.61,,red,1,27.78,0,-15.61
4083,136.236,red,observed,1.0,16.06,,red,1,28.49,0,-16.06
4086,136.336,red,observed,1.0,15.46,,red,1,27.66,0,-15.46
4089,136.436,red,observed,1.0,15.99,,red,1,29.08,0,-15.99
4092,136.536,red,observed,1.0,16.29,,red,1,28.73,0,-16.29
4095,136.636,red,observed,1.0,15.84,,red,1,27.18,0,-15.84
4098,136.737,red,observed,1.0,16.14,,red,1,26.59,0,-16.14
4101,136.837,red,observed,1.0,16.22,,red,1,26.95,0,-16.22
4104,136.937,red,observed,1.0,15.76,,red,1,26.95,0,-15.76
4107,137.037,red,observed,1.0,15.69,,red,1,27.66,0,-15.69
4110,137.137,red,observed,1.0,15.91,,red,1,27.18,0,-15.91
4113,137.237,red,observed,1.0,15.84,,red,1,28.25,0,-15.84
4116,137.337,red,observed,1.0,16.29,,red,1,27.3,0,-16.29
4119,137.437,red,observed,1.0,16.29,,red,1,26.35,0,-16.29
4122,137.537,red,observed,1.0,16.22,,red,1,25.88,0,-16.22
4125,137.638,red,observed,1.0,15.53,,red,1,27.07,0,-15.53
4128,137.738,red,observed,1.0,15.76,,red,1,27.9,0,-15.76
4131,137.838,red,observed,1.0,15.69,,red,1,26.95,0,-15.69
4134,137.938,red,observed,1.0,15.76,,red,1,28.02,0,-15.76
4137,138.038,red,observed,1.0,15.99,,red,1,27.54,0,-15.99
4140,138.138,red,observed,1.0,15.61,,red,1,26.47,0,-15.61
4143,138.238,red,observed,1.0,15.76,,red,1,26.47,0,-15.76
4146,138.338,red,observed,1.0,15.99,,red,1,26.47,0,-15.99
4149,138.438,red,observed,1.0,15.46,,red,1,25.88,0,-15.46
4152,138.538,red,observed,1.0,16.14,,red,1,27.78,0,-16.14
4155,138.638,red,observed,1.0,16.44,,red,1,26.95,0,-16.44
4158,138.739,red,observed,1.0,16.14,,red,1,26.59,0,-16.14
4161,138.839,red,observed,1.0,16.37,,red,1,27.78,0,-16.37
4164,138.939,red,observed,1.0,15.76,,red,1,26.12,0,-15.76
4167,139.039,red,observed,1.0,16.29,,red,1,27.54,0,-16.29
4170,139.139,red,observed,1.0,16.37,,red,1,26.35,0,-16.37
4173,139.239,red,observed,1.0,15.69,,red,1,27.78,0,-15.69
4176,139.339,red,observed,1.0,16.06,,red,1,26.71,0,-16.06
4179,139.439,red,observed,1.0,16.37,,red,1,26.35,0,-16.37
4182,139.539,red,observed,1.0,15.53,,red,1,26.12,0,-15.53
4185,139.64,red,observed,1.0,15.84,,red,1,25.76,0,-15.84
4188,139.74,red,observed,1.0,16.22,,red,1,25.64,0,-16.22
4191,139.84,red,observed,1.0,15.99,,red,1,26.35,0,-15.99
4194,139.94,red,observed,1.0,16.06,,red,1,26.0,0,-16.06
4197,140.04,red,observed,1.0,15.99,,red,1,27.42,0,-15.99
4200,140.14,red,observed,1.0,15.91,,red,1,27.3,0,-15.91
4203,140.24,red,observed,1.0,15.76,,red,1,25.05,0,-15.76
4206,140.34,red,observed,1.0,16.06,,red,1,26.95,0,-16.06
4209,140.44,red,observed,1.0,16.06,,red,1,25.76,0,-16.06
4212,140.54,red,observed,1.0,15.61,,red,1,26.95,0,-15.61
4215,140.64,red,observed,1.0,16.14,,red,1,26.95,0,-16.14
4218,140.741,red,observed,1.0,16.44,,red,1,26.35,0,-16.44
4221,140.841,red,observed,1.0,16.06,,red,1,26.12,0,-16.06
4224,140.941,red,observed,1.0,15.69,,red,1,25.88,0,-15.69
4227,141.041,red,observed,1.0,16.22,,red,1,27.07,0,-16.22
4230,141.141,red,observed,1.0,15.46,,red,1,25.88,0,-15.46
4233,141.241,red,observed,1.0,15.46,,red,1,26.12,0,-15.46
4236,141.341,red,observed,1.0,15.23,,red,1,26.47,0,-15.23
4239,141.441,red,observed,1.0,15.46,,red,1,27.9,0,-15.46
4242,141.541,red,observed,1.0,16.06,,red,1,26.35,0,-16.06
4245,141.642,red,observed,1.0,15.69,,red,1,26.59,0,-15.69
4248,141.742,red,observed,1.0,15.61,,red,1,26.24,0,-15.61
4251,141.842,red,observed,1.0,15.69,,red,1,26.24,0,-15.69
4254,141.942,red,observed,1.0,15.76,,red,1,26.47,0,-15.76
4257,142.042,red,observed,1.0,15.38,,red,1,25.76,0,-15.38
4260,142.142,red,observed,1.0,15.69,,red,1,26.0,0,-15.69
4263,142.242,red,observed,1.0,16.06,,red,1,27.18,0,-16.06
4266,142.342,red,observed,1.0,15.76,,red,1,25.88,0,-15.76
4269,142.442,red,observed,1.0,15.61,,red,1,28.37,0,-15.61
4272,142.542,red,observed,1.0,15.91,,red,1,26.71,0,-15.91
4275,142.642,red,observed,1.0,16.14,,red,1,28.37,0,-16.14
4278,142.743,red,observed,1.0,16.37,,red,1,26.59,0,-16.37
4281,142.843,red,observed,1.0,15.53,,red,1,27.78,0,-15.53
4284,142.943,red,observed,1.0,15.61,,red,1,26.83,0,-15.61
4287,143.043,red,observed,1.0,15.91,,red,1,27.3,0,-15.91
4290,143.143,red,observed,1.0,15.61,,red,1,26.24,0,-15.61
4293,143.243,red,observed,1.0,16.14,,red,1,27.42,0,-16.14
4296,143.343,red,observed,1.0,15.76,,red,1,27.18,0,-15.76
4299,143.443,red,observed,1.0,15.99,,red,1,27.66,0,-15.99
4302,143.543,red,observed,1.0,15.61,,red,1,26.47,0,-15.61
4305,143.644,red,observed,1.0,15.76,,red,1,27.78,0,-15.76
4308,143.744,red,observed,1.0,15.76,,red,1,27.18,0,-15.76
4311,143.844,red,observed,1.0,15.76,,red,1,26.71,0,-15.76
4314,143.944,red,observed,1.0,15.69,,red,1,25.88,0,-15.69
4317,144.044,red,observed,1.0,15.69,,red,1,26.35,0,-15.69
4320,144.144,red,observed,1.0,15.76,,red,1,28.61,0,-15.76
4323,144.244,red,observed,1.0,15.38,,red,1,27.07,0,-15.38
4326,144.344,red,observed,1.0,15.99,,red,1,27.54,0,-15.99
4329,144.444,red,observed,1.0,15.99,,red,1,27.07,0,-15.99
4332,144.544,red,observed,1.0,15.91,,red,1,27.42,0,-15.91
4335,144.644,red,observed,1.0,15.69,,red,1,27.78,0,-15.69
4338,144.745,red,observed,1.0,15.91,,red,1,26.83,0,-15.91
4341,144.845,red,observed,1.0,15.61,,red,1,27.9,0,-15.61
4344,144.945,red,observed,1.0,15.84,,red,1,26.47,0,-15.84
4347,145.045,red,observed,1.0,16.37,,red,1,26.71,0,-16.37
4350,145.145,red,observed,1.0,15.53,,red,1,28.13,0,-15.53
4353,145.245,red,observed,1.0,15.38,,red,1,25.52,0,-15.38
4356,145.345,red,observed,1.0,15.69,,red,1,26.71,0,-15.69
4359,145.445,red,observed,1.0,15.76,,red,1,27.54,0,-15.76
4362,145.545,red,observed,1.0,15.61,,red,1,26.95,0,-15.61
4365,145.646,red,observed,1.0,16.14,,red,1,25.76,0,-16.14
4368,145.746,red,observed,1.0,16.06,,red,1,28.25,0,-16.06
4371,145.846,red,observed,1.0,16.14,,red,1,26.83,0,-16.14
4374,145.946,red,observed,1.0,15.84,,red,1,28.97,0,-15.84
4377,146.046,red,observed,1.0,16.06,,red,1,25.76,0,-16.06
4380,146.146,red,observed,1.0,15.38,,red,1,26.71,0,-15.38
4383,146.246,red,observed,1.0,15.76,,red,1,25.64,0,-15.76
4386,146.346,red,observed,1.0,16.44,,red,1,27.18,0,-16.44
4389,146.446,red,observed,1.0,16.14,,red,1,27.78,0,-16.14
4392,146.546,red,observed,1.0,15.91,,red,1,27.07,0,-15.91
4395,146.646,red,observed,1.0,16.14,,red,1,26.24,0,-16.14
4398,146.747,red,observed,1.0,15.91,,red,1,26.59,0,-15.91
4401,146.847,red,observed,1.0,16.06,,red,1,26.0,0,-16.06
4404,146.947,red,observed,1.0,15.61,,red,1,26.35,0,-15.61
4407,147.047,red,observed,1.0,15.84,,red,1,27.9,0,-15.84
4410,147.147,red,observed,1.0,15.69,,red,1,27.54,0,-15.69
4413,147.247,red,observed,1.0,15.76,,red,1,27.42,0,-15.76
4416,147.347,red,observed,1.0,15.76,,red,1,26.95,0,-15.76
4419,147.447,red,observed,1.0,16.14,,red,1,27.3,0,-16.14
4422,147.547,red,observed,1.0,15.91,,red,1,26.24,0,-15.91
4425,147.648,red,observed,1.0,16.06,,red,1,26.59,0,-16.06
4428,147.748,red,observed,1.0,15.84,,red,1,26.12,0,-15.84
4431,147.848,red,observed,1.0,15.99,,red,1,27.18,0,-15.99
4434,147.948,red,observed,1.0,16.14,,red,1,27.18,0,-16.14
4437,148.048,red,observed,1.0,16.06,,red,1,25.88,0,-16.06
4440,148.148,red,observed,1.0,15.76,,red,1,25.76,0,-15.76
4443,148.248,red,observed,1.0,15.76,,red,1,26.71,0,-15.76
4446,148.348,red,observed,1.0,15.99,,red,1,26.12,0,-15.99
4449,148.448,red,observed,1.0,15.91,,red,1,25.05,0,-15.91
4452,148.548,red,observed,1.0,15.31,,red,1,26.24,0,-15.31
4455,148.648,red,observed,1.0,15.76,,red,1,27.18,0,-15.76
4458,148.749,red,observed,1.0,15.99,,red,1,26.95,0,-15.99
4461,148.849,red,observed,1.0,15.99,,red,1,26.0,0,-15.99
4464,148.949,red,observed,1.0,16.22,,red,1,25.52,0,-16.22
4467,149.049,red,observed,1.0,15.84,,red,1,26.12,0,-15.84
4470,149.149,red,observed,1.0,15.46,,red,1,24.81,0,-15.46
4473,149.249,red,observed,1.0,15.46,,red,1,25.64,0,-15.46
4476,149.349,red,observed,1.0,15.84,,red,1,26.12,0,-15.84
4479,149.449,red,observed,1.0,16.14,,red,1,26.35,0,-16.14
4482,149.549,red,observed,1.0,15.69,,red,1,26.0,0,-15.69
4485,149.65,red,observed,1.0,15.99,,red,1,25.76,0,-15.99
4488,149.75,red,observed,1.0,15.76,,red,1,24.45,0,-15.76
4491,149.85,red,observed,1.0,15.38,,red,1,25.4,0,-15.38
4494,149.95,red,observed,1.0,16.29,,red,1,25.88,0,-16.29
4497,150.05,red,observed,1.0,15.53,,red,1,26.95,0,-15.53
4500,150.15,red,observed,1.0,15.46,,red,1,26.12,0,-15.46
4503,150.25,red,observed,1.0,15.69,,red,1,27.42,0,-15.69
4506,150.35,red,observed,1.0,16.37,,red,1,26.0,0,-16.37
4509,150.45,red,observed,1.0,16.06,,red,1,25.76,0,-16.06
4512,150.55,red,observed,1.0,15.84,,red,1,25.05,0,-15.84
4515,150.65,red,observed,1.0,15.53,,red,1,26.35,0,-15.53
4518,150.751,red,observed,1.0,15.61,,red,1,25.64,0,-15.61
4521,150.851,red,observed,1.0,15.84,,red,1,27.07,0,-15.84
4524,150.951,red,observed,1.0,15.69,,red,1,25.29,0,-15.69
4527,151.051,red,observed,1.0,15.69,,red,1,25.05,0,-15.69
4530,151.151,red,observed,1.0,16.06,,red,1,25.76,0,-16.06
4533,151.251,red,observed,1.0,15.99,,red,1,26.12,0,-15.99
4536,151.351,red,observed,1.0,16.06,,red,1,25.52,0,-16.06
4539,151.451,red,observed,1.0,15.91,,red,1,25.52,0,-15.91
4542,151.551,red,observed,1.0,16.22,,red,1,25.76,0,-16.22
4545,151.652,red,observed,1.0,16.22,,red,1,25.17,0,-16.22
4548,151.752,red,observed,1.0,15.84,,red,1,25.76,0,-15.84
4551,151.852,red,observed,1.0,16.14,,red,1,24.57,0,-16.14
4554,151.952,red,observed,1.0,15.69,,red,1,25.64,0,-15.69
4557,152.052,red,observed,1.0,15.91,,red,1,25.4,0,-15.91
4560,152.152,red,observed,1.0,15.53,,red,1,25.64,0,-15.53
4563,152.252,red,observed,1.0,15.84,,red,1,25.64,0,-15.84
4566,152.352,red,observed,1.0,16.14,,red,1,25.76,0,-16.14
4569,152.452,red,observed,1.0,16.06,,red,1,26.83,0,-16.06
4572,152.552,red,observed,1.0,16.44,,red,1,26.95,0,-16.44
4575,152.652,red,observed,1.0,15.76,,red,1,25.4,0,-15.76
4578,152.753,red,observed,1.0,15.38,,red,1,25.29,0,-15.38
4581,152.853,red,observed,1.0,15.99,,red,1,25.76,0,-15.99
4584,152.953,red,observed,1.0,15.76,,red,1,25.17,0,-15.76
4587,153.053,red,observed,1.0,15.99,,red,1,26.35,0,-15.99
4590,153.153,red,observed,1.0,15.69,,red,1,26.12,0,-15.69
4593,153.253,red,observed,1.0,15.69,,red,1,26.0,0,-15.69
4596,153.353,red,observed,1.0,15.91,,red,1,26.0,0,-15.91
4599,153.453,red,observed,1.0,15.61,,red,1,26.0,0,-15.61
4602,153.553,red,observed,1.0,15.69,,red,1,26.47,0,-15.69
4605,153.654,red,observed,1.0,15.76,,red,1,27.78,0,-15.76
4608,153.754,red,observed,1.0,15.99,,red,1,25.52,0,-15.99
4611,153.854,red,observed,1.0,15.46,,red,1,25.4,0,-15.46
4614,153.954,red,observed,1.0,15.53,,red,1,27.07,0,-15.53
4617,154.054,red,observed,1.0,15.99,,red,1,26.12,0,-15.99
4620,154.154,red,observed,1.0,16.29,,red,1,26.0,0,-16.29
4623,154.254,red,observed,1.0,15.99,,red,1,26.71,0,-15.99
4626,154.354,red,observed,1.0,16.37,,red,1,26.12,0,-16.37
4629,154.454,red,observed,1.0,15.69,,red,1,25.76,0,-15.69
4632,154.554,red,observed,1.0,15.91,,red,1,25.52,0,-15.91
4635,154.654,red,observed,1.0,15.69,,red,1,26.24,0,-15.69
4638,154.755,red,observed,1.0,16.29,,red,1,26.95,0,-16.29
4641,154.855,red,observed,1.0,16.29,,red,1,24.93,0,-16.29
4644,154.955,red,observed,1.0,16.06,,red,1,26.95,0,-16.06
4647,155.055,red,observed,1.0,16.22,,red,1,26.24,0,-16.22
4650,155.155,red,observed,1.0,15.84,,red,1,26.83,0,-15.84
4653,155.255,red,observed,1.0,15.99,,red,1,26.47,0,-15.99
4656,155.355,red,observed,1.0,15.91,,red,1,27.3,0,-15.91
4659,155.455,red,observed,1.0,16.44,,red,1,27.3,0,-16.44
4662,155.555,red,observed,1.0,15.53,,red,1,27.54,0,-15.53
4665,155.656,red,observed,1.0,15.84,,red,1,27.54,0,-15.84
4668,155.756,red,observed,1.0,15.53,,red,1,26.83,0,-15.53
4671,155.856,red,observed,1.0,16.52,,red,1,29.2,0,-16.52
4674,155.956,red,observed,1.0,15.61,,red,1,27.07,0,-15.61
4677,156.056,red,observed,1.0,15.53,,red,1,25.64,0,-15.53
4680,156.156,red,observed,1.0,15.46,,red,1,27.3,0,-15.46
4683,156.256,red,observed,1.0,15.53,,red,1,28.49,0,-15.53
4686,156.356,red,observed,1.0,16.22,,red,1,28.13,0,-16.22
4689,156.456,red,observed,1.0,16.06,,red,1,26.12,0,-16.06
4692,156.556,red,observed,1.0,15.46,,red,1,26.83,0,-15.46
4695,156.656,red,observed,1.0,15.84,,red,1,26.35,0,-15.84
4698,156.757,red,observed,1.0,15.91,,red,1,27.3,0,-15.91
4701,156.857,red,observed,1.0,16.29,,red,1,26.95,0,-16.29
4704,156.957,red,observed,1.0,15.61,,red,1,28.25,0,-15.61
4707,157.057,red,observed,1.0,15.38,,red,1,26.71,0,-15.38
4710,157.157,red,observed,1.0,15.61,,red,1,28.61,0,-15.61
4713,157.257,red,observed,1.0,15.16,,red,1,27.42,0,-15.16
4716,157.357,red,observed,1.0,15.69,,red,1,26.35,0,-15.69
4719,157.457,red,observed,1.0,15.76,,red,1,26.35,0,-15.76
4722,157.557,red,observed,1.0,15.69,,red,1,26.0,0,-15.69
4725,157.658,red,observed,1.0,15.61,,red,1,28.13,0,-15.61
4728,157.758,red,observed,1.0,15.84,,red,1,26.35,0,-15.84
4731,157.858,red,observed,1.0,15.84,,red,1,26.59,0,-15.84
4734,157.958,red,observed,1.0,16.14,,red,1,25.76,0,-16.14
4737,158.058,red,observed,1.0,15.76,,red,1,27.9,0,-15.76
4740,158.158,red,observed,1.0,15.76,,red,1,28.25,0,-15.76
4743,158.258,red,observed,1.0,15.61,,red,1,26.71,0,-15.61
4746,158.358,red,observed,1.0,15.46,,red,1,26.35,0,-15.46
4749,158.458,red,observed,1.0,15.46,,red,1,27.42,0,-15.46
4752,158.558,red,observed,1.0,15.99,,red,1,28.61,0,-15.99
4755,158.658,red,observed,1.0,15.76,,red,1,27.42,0,-15.76
4758,158.759,red,observed,1.0,15.91,,red,1,27.66,0,-15.91
4761,158.859,red,observed,1.0,15.38,,red,1,26.59,0,-15.38
4764,158.959,red,observed,1.0,16.22,,red,1,26.83,0,-16.22
4767,159.059,red,observed,1.0,15.69,,red,1,26.95,0,-15.69
4770,159.159,red,observed,1.0,15.23,,red,1,26.24,0,-15.23
4773,159.259,red,observed,1.0,15.46,,red,1,27.66,0,-15.46
4776,159.359,red,observed,1.0,15.61,,red,1,26.59,0,-15.61
4779,159.459,red,observed,1.0,15.38,,red,1,26.0,0,-15.38
4782,159.559,red,observed,1.0,15.76,,red,1,27.07,0,-15.76
4785,159.66,red,observed,1.0,15.76,,red,1,26.83,0,-15.76
4788,159.76,red,observed,1.0,16.06,,red,1,27.78,0,-16.06
4791,159.86,red,observed,1.0,15.76,,red,1,28.02,0,-15.76
4794,159.96,red,observed,1.0,16.06,,red,1,27.78,0,-16.06
4797,160.06,red,observed,1.0,16.06,,red,1,27.66,0,-16.06
4800,160.16,red,observed,1.0,15.76,,red,1,26.35,0,-15.76
4803,160.26,red,observed,1.0,15.69,,red,1,26.35,0,-15.69
4806,160.36,red,observed,1.0,15.84,,red,1,26.0,0,-15.84
4809,160.46,red,observed,1.0,15.91,,red,1,24.93,0,-15.91
4812,160.56,red,observed,1.0,16.29,,red,1,26.95,0,-16.29
4815,160.66,red,observed,1.0,15.91,,red,1,26.12,0,-15.91
4818,160.761,red,observed,1.0,16.14,,red,1,25.88,0,-16.14
4821,160.861,red,observed,1.0,15.53,,red,1,26.0,0,-15.53
4824,160.961,red,observed,1.0,15.23,,red,1,25.05,0,-15.23
4827,161.061,red,observed,1.0,15.84,,red,1,26.83,0,-15.84
4830,161.161,red,observed,1.0,15.76,,red,1,25.05,0,-15.76
4833,161.261,red,observed,1.0,16.06,,red,1,26.59,0,-16.06
4836,161.361,red,observed,1.0,15.76,,red,1,26.47,0,-15.76
4839,161.461,red,observed,1.0,15.61,,red,1,25.29,0,-15.61
4842,161.561,red,observed,1.0,15.91,,red,1,26.83,0,-15.91
4845,161.662,red,observed,1.0,15.99,,red,1,25.29,0,-15.99
4848,161.762,red,observed,1.0,15.31,,red,1,24.57,0,-15.31
4851,161.862,red,observed,1.0,16.14,,red,1,25.52,0,-16.14
4854,161.962,red,observed,1.0,15.69,,red,1,24.69,0,-15.69
4857,162.062,red,observed,1.0,15.84,,red,1,24.34,0,-15.84
4860,162.162,red,observed,1.0,15.84,,red,1,26.24,0,-15.84
4863,162.262,red,observed,1.0,15.99,,red,1,26.0,0,-15.99
4866,162.362,red,observed,1.0,16.06,,red,1,26.35,0,-16.06
4869,162.462,red,observed,1.0,15.84,,red,1,25.05,0,-15.84
4872,162.562,red,observed,1.0,15.76,,red,1,26.35,0,-15.76
4875,162.662,red,observed,1.0,15.84,,red,1,25.05,0,-15.84
4878,162.763,red,observed,1.0,15.69,,red,1,25.64,0,-15.69
4881,162.863,red,observed,1.0,16.22,,red,1,25.4,0,-16.22
4884,162.963,red,observed,1.0,15.91,,red,1,25.52,0,-15.91
4887,163.063,red,observed,1.0,15.69,,red,1,25.64,0,-15.69
4890,163.163,red,observed,1.0,16.14,,red,1,26.24,0,-16.14
4893,163.263,red,observed,1.0,15.91,,red,1,26.12,0,-15.91
4896,163.363,red,observed,1.0,16.06,,red,1,25.88,0,-16.06
4899,163.463,red,observed,1.0,15.99,,red,1,24.57,0,-15.99
4902,163.563,red,observed,1.0,16.14,,red,1,24.81,0,-16.14
4905,163.664,red,observed,1.0,15.76,,red,1,24.81,0,-15.76
4908,163.764,red,observed,1.0,15.69,,red,1,24.57,0,-15.69
4911,163.864,red,observed,1.0,15.53,,red,1,23.74,0,-15.53
4914,163.964,red,observed,1.0,15.84,,red,1,24.93,0,-15.84
4917,164.064,red,observed,1.0,15.76,,red,1,26.95,0,-15.76
4920,164.164,red,observed,1.0,15.76,,red,1,25.4,0,-15.76
4923,164.264,red,observed,1.0,16.22,,red,1,24.57,0,-16.22
4926,164.364,red,observed,1.0,15.99,,red,1,23.74,0,-15.99
4929,164.464,red,observed,1.0,15.99,,red,1,25.52,0,-15.99
4932,164.564,red,observed,1.0,15.76,,red,1,25.64,0,-15.76
4935,164.664,red,observed,1.0,15.69,,red,1,25.52,0,-15.69
4938,164.765,red,observed,1.0,15.38,,red,1,24.81,0,-15.38
4941,164.865,red,observed,1.0,15.84,,red,1,25.4,0,-15.84
4944,164.965,red,observed,1.0,16.44,,red,1,25.4,0,-16.44
4947,165.065,red,observed,1.0,15.76,,red,1,24.81,0,-15.76
4950,165.165,red,observed,1.0,15.46,,red,1,24.34,0,-15.46
4953,165.265,red,observed,1.0,15.61,,red,1,25.88,0,-15.61
4956,165.365,red,observed,1.0,15.84,,red,1,25.29,0,-15.84
4959,165.465,red,observed,1.0,16.06,,red,1,25.29,0,-16.06
4962,165.565,red,observed,1.0,16.59,,red,1,25.29,0,-16.59
4965,165.666,red,observed,1.0,15.84,,red,1,24.57,0,-15.84
4968,165.766,red,observed,1.0,15.99,,red,1,26.47,0,-15.99
4971,165.866,red,observed,1.0,15.76,,red,1,26.35,0,-15.76
4974,165.966,red,observed,1.0,15.23,,red,1,25.52,0,-15.23
4977,166.066,red,observed,1.0,15.69,,red,1,26.12,0,-15.69
4980,166.166,red,observed,1.0,15.91,,red,1,23.62,0,-15.91
4983,166.266,red,observed,1.0,15.61,,red,1,24.93,0,-15.61
4986,166.366,red,observed,1.0,15.69,,red,1,26.0,0,-15.69
4989,166.466,red,observed,1.0,15.53,,red,1,25.88,0,-15.53
4992,166.566,red,observed,1.0,15.16,,red,1,25.17,0,-15.16
4995,166.666,red,observed,1.0,15.99,,red,1,24.69,0,-15.99
4998,166.767,red,observed,1.0,15.84,,red,1,24.34,0,-15.84
5001,166.867,red,observed,1.0,16.06,,red,1,25.64,0,-16.06
5004,166.967,red,observed,1.0,16.14,,red,1,25.05,0,-16.14
5007,167.067,red,observed,1.0,15.61,,red,1,23.98,0,-15.61
5010,167.167,red,observed,1.0,16.14,,red,1,25.52,0,-16.14
5013,167.267,red,observed,1.0,15.61,,red,1,24.34,0,-15.61
5016,167.367,red,observed,1.0,16.06,,red,1,24.45,0,-16.06
5019,167.467,red,observed,1.0,15.46,,red,1,25.05,0,-15.46
5022,167.567,red,observed,1.0,15.08,,red,1,24.81,0,-15.08
5025,167.668,red,observed,1.0,15.84,,red,1,24.1,0,-15.84
5028,167.768,red,observed,1.0,15.53,,red,1,24.93,0,-15.53
5031,167.868,red,observed,1.0,16.06,,red,1,25.76,0,-16.06
5034,167.968,red,observed,1.0,15.91,,red,1,24.69,0,-15.91
5037,168.068,red,observed,1.0,15.91,,red,1,25.29,0,-15.91
5040,168.168,red,observed,1.0,15.91,,red,1,25.88,0,-15.91
5043,168.268,red,observed,1.0,15.53,,red,1,25.4,0,-15.53
5046,168.368,red,observed,1.0,15.91,,red,1,24.93,0,-15.91
5049,168.468,red,observed,1.0,15.91,,red,1,25.52,0,-15.91
5052,168.568,red,observed,1.0,15.76,,red,1,26.59,0,-15.76
5055,168.668,red,observed,1.0,15.53,,red,1,26.47,0,-15.53
5058,168.769,red,observed,1.0,15.61,,red,1,26.47,0,-15.61
5061,168.869,red,observed,1.0,16.14,,red,1,26.95,0,-16.14
5064,168.969,red,observed,1.0,15.84,,red,1,27.18,0,-15.84
5067,169.069,red,observed,1.0,15.91,,red,1,27.18,0,-15.91
5070,169.169,red,observed,1.0,15.53,,red,1,25.4,0,-15.53
5073,169.269,red,observed,1.0,15.53,,red,1,25.52,0,-15.53
5076,169.369,red,observed,1.0,16.29,,red,1,26.59,0,-16.29
5079,169.469,red,observed,1.0,15.99,,red,1,25.76,0,-15.99
5082,169.569,red,observed,1.0,15.99,,red,1,24.45,0,-15.99
5085,169.67,red,observed,1.0,16.14,,red,1,17.57,0,-16.14
5088,169.77,green,observed,1.0,17.28,,green,0,-25.52,1,17.28
5091,169.87,green,observed,1.0,17.5,,green,0,-26.83,1,17.5
5094,169.97,green,observed,1.0,17.88,,green,0,-26.95,1,17.88
5097,170.07,green,observed,1.0,17.66,,green,0,-26.24,1,17.66
5100,170.17,green,observed,1.0,17.43,,green,0,-26.24,1,17.43
5103,170.27,green,observed,1.0,18.03,,green,0,-26.95,1,18.03
5106,170.37,green,observed,1.0,18.03,,green,0,-26.24,1,18.03
5109,170.47,green,observed,1.0,17.43,,green,0,-26.83,1,17.43
5112,170.57,green,observed,1.0,18.03,,green,0,-26.12,1,18.03
5115,170.67,green,observed,1.0,17.2,,green,0,-26.71,1,17.2
5118,170.771,green,observed,1.0,16.97,,green,0,-26.12,1,16.97
5121,170.871,green,observed,1.0,17.2,,green,0,-26.59,1,17.2
5124,170.971,green,observed,1.0,16.97,,green,0,-26.35,1,16.97
5127,171.071,green,observed,1.0,17.13,,green,0,-26.24,1,17.13
5130,171.171,green,observed,1.0,16.9,,green,0,-26.47,1,16.9
5133,171.271,green,observed,1.0,17.58,,green,0,-26.24,1,17.58
5136,171.371,green,observed,1.0,18.56,,green,0,-27.07,1,18.56
5139,171.471,green,observed,1.0,18.56,,green,0,-27.07,1,18.56
5142,171.571,green,observed,1.0,17.35,,green,0,-25.88,1,17.35
5145,171.672,green,observed,1.0,17.05,,green,0,-26.0,1,17.05
5148,171.772,green,observed,1.0,17.2,,green,0,-25.88,1,17.2
5151,171.872,green,observed,1.0,17.13,,green,0,-26.59,1,17.13
5154,171.972,green,observed,1.0,17.2,,green,0,-26.12,1,17.2
5157,172.072,green,observed,1.0,17.05,,green,0,-26.59,1,17.05
5160,172.172,green,observed,1.0,15.84,,green,0,-25.76,1,15.84
5163,172.272,green,observed,1.0,16.9,,green,0,-26.71,1,16.9
5166,172.372,green,observed,1.0,16.82,,green,0,-25.64,1,16.82
5169,172.472,green,observed,1.0,17.05,,green,0,-26.59,1,17.05
5172,172.572,green,observed,1.0,16.44,,green,0,-26.59,1,16.44
5175,172.672,green,observed,1.0,16.52,,green,0,-26.47,1,16.52
5178,172.773,green,observed,1.0,16.75,,green,0,-27.07,1,16.75
5181,172.873,green,observed,1.0,16.29,,green,0,-27.18,1,16.29
5184,172.973,green,observed,1.0,17.5,,green,0,-26.83,1,17.5
5187,173.073,green,observed,1.0,16.82,,green,0,-26.12,1,16.82
5190,173.173,green,observed,1.0,15.91,,green,0,-26.24,1,15.91
5193,173.273,green,observed,1.0,16.37,,green,0,-26.35,1,16.37
5196,173.373,green,observed,1.0,16.59,,green,0,-26.12,1,16.59
5199,173.473,green,observed,1.0,16.44,,green,0,-26.0,1,16.44
5202,173.573,green,observed,1.0,16.52,,green,0,-26.12,1,16.52
5205,173.674,green,observed,1.0,16.52,,green,0,-26.0,1,16.52
5208,173.774,green,observed,1.0,15.61,,green,0,-26.59,1,15.61
5211,173.874,green,observed,1.0,15.31,,green,0,-26.47,1,15.31
5214,173.974,green,observed,1.0,15.99,,green,0,-25.76,1,15.99
5217,174.074,green,observed,1.0,15.69,,green,0,-27.07,1,15.69
5220,174.174,green,observed,1.0,15.84,,green,0,-27.07,1,15.84
5223,174.274,green,observed,1.0,16.29,,green,0,-26.24,1,16.29
5226,174.374,green,observed,1.0,15.69,,green,0,-26.24,1,15.69
5229,174.474,green,observed,1.0,15.53,,green,0,-27.18,1,15.53
5232,174.574,green,observed,1.0,15.38,,green,0,-27.18,1,15.38
5235,174.674,green,observed,1.0,15.0,,green,0,-26.24,1,15.0
5238,174.775,green,observed,1.0,15.31,,green,0,-26.95,1,15.31
5241,174.875,green,observed,1.0,15.53,,green,0,-26.83,1,15.53
5244,174.975,green,observed,1.0,15.38,,green,0,-26.83,1,15.38
5247,175.075,green,observed,1.0,14.17,,green,0,-26.71,1,14.17
5250,175.175,green,observed,1.0,14.55,,green,0,-26.83,1,14.55
5253,175.275,green,observed,1.0,14.4,,green,0,-26.35,1,14.4
5256,175.375,green,observed,1.0,14.93,,green,0,-26.95,1,14.93
5259,175.475,green,observed,1.0,14.85,,green,0,-27.78,1,14.85
5262,175.575,green,observed,1.0,15.0,,green,0,-26.12,1,15.0
5265,175.676,green,observed,1.0,15.23,,green,0,-26.83,1,15.23
5268,175.776,green,observed,1.0,14.62,,green,0,-26.95,1,14.62
5271,175.876,green,observed,1.0,14.78,,green,0,-26.95,1,14.78
5274,175.976,green,observed,1.0,14.47,,green,0,-27.42,1,14.47
5277,176.076,green,observed,1.0,14.7,,green,0,-27.42,1,14.7
5280,176.176,green,observed,1.0,14.17,,green,0,-26.24,1,14.17
5283,176.276,green,observed,1.0,13.94,,green,0,-26.24,1,13.94
5286,176.376,green,observed,1.0,14.4,,green,0,-26.0,1,14.4
5289,176.476,green,observed,1.0,14.47,,green,0,-26.12,1,14.47
5292,176.576,green,observed,1.0,14.7,,green,0,-26.83,1,14.7
5295,176.676,green,observed,1.0,15.23,,green,0,-25.88,1,15.23
5298,176.777,green,observed,1.0,14.55,,green,0,-27.07,1,14.55
5301,176.877,green,observed,1.0,13.49,,green,0,-26.71,1,13.49
5304,176.977,green,observed,1.0,14.55,,green,0,-26.71,1,14.55
5307,177.077,green,observed,1.0,14.02,,green,0,-26.59,1,14.02
5310,177.177,green,observed,1.0,13.87,,green,0,-27.07,1,13.87
5313,177.277,green,observed,1.0,14.32,,green,0,-25.88,1,14.32
5316,177.377,green,observed,1.0,14.55,,green,0,-26.35,1,14.55
5319,177.477,green,observed,1.0,14.7,,green,0,-27.07,1,14.7
5322,177.577,green,observed,1.0,14.4,,green,0,-27.42,1,14.4
5325,177.678,green,observed,1.0,14.17,,green,0,-27.07,1,14.17
5328,177.778,green,observed,1.0,14.17,,green,0,-27.42,1,14.17
5331,177.878,green,observed,1.0,13.79,,green,0,-27.07,1,13.79
5334,177.978,green,observed,1.0,13.64,,green,0,-27.9,1,13.64
5337,178.078,green,observed,1.0,14.55,,green,0,-26.24,1,14.55
5340,178.178,green,observed,1.0,13.94,,green,0,-26.47,1,13.94
5343,178.278,green,observed,1.0,13.87,,green,0,-26.47,1,13.87
5346,178.378,green,observed,1.0,14.32,,green,0,-26.95,1,14.32
5349,178.478,green,observed,1.0,14.09,,green,0,-25.88,1,14.09
5352,178.578,green,observed,1.0,14.32,,green,0,-26.83,1,14.32
5355,178.678,green,observed,1.0,14.62,,green,0,-26.35,1,14.62
5358,178.779,green,observed,1.0,14.25,,green,0,-26.59,1,14.25
5361,178.879,green,observed,1.0,15.38,,green,0,-26.59,1,15.38
5364,178.979,green,observed,1.0,14.85,,green,0,-26.83,1,14.85
5367,179.079,green,observed,1.0,14.78,,green,0,-26.83,1,14.78
5370,179.179,green,observed,1.0,14.25,,green,0,-26.95,1,14.25
5373,179.279,green,observed,1.0,14.85,,green,0,-26.12,1,14.85
5376,179.379,green,observed,1.0,13.87,,green,0,-27.07,1,13.87
5379,179.479,green,observed,1.0,14.4,,green,0,-27.3,1,14.4
5382,179.579,green,observed,1.0,14.4,,green,0,-26.95,1,14.4
5385,179.68,green,observed,1.0,14.7,,green,0,-26.35,1,14.7
5388,179.78,green,observed,1.0,15.08,,green,0,-27.78,1,15.08
5391,179.88,green,observed,1.0,15.38,,green,0,-27.42,1,15.38
5394,179.98,green,observed,1.0,14.32,,green,0,-26.71,1,14.32
5397,180.08,green,observed,1.0,15.0,,green,0,-27.54,1,15.0
5400,180.18,green,observed,1.0,15.08,,green,0,-27.3,1,15.08
5403,180.28,green,observed,1.0,14.85,,green,0,-27.07,1,14.85
5406,180.38,green,observed,1.0,15.0,,green,0,-27.78,1,15.0
5409,180.48,green,observed,1.0,15.0,,green,0,-27.54,1,15.0
5412,180.58,green,observed,1.0,14.93,,green,0,-26.83,1,14.93
5415,180.68,green,observed,1.0,15.08,,green,0,-26.83,1,15.08
5418,180.781,green,observed,1.0,15.84,,green,0,-26.59,1,15.84
5421,180.881,green,observed,1.0,15.69,,green,0,-26.59,1,15.69
5424,180.981,green,observed,1.0,15.46,,green,0,-26.71,1,15.46
5427,181.081,green,observed,1.0,15.23,,green,0,-26.95,1,15.23
5430,181.181,green,observed,1.0,15.23,,green,0,-26.83,1,15.23
5433,181.281,green,observed,1.0,15.38,,green,0,-26.83,1,15.38
5436,181.381,green,observed,1.0,15.23,,green,0,-26.83,1,15.23
5439,181.481,green,observed,1.0,15.53,,green,0,-27.07,1,15.53
5442,181.581,green,observed,1.0,15.84,,green,0,-26.95,1,15.84
5445,181.682,green,observed,1.0,16.22,,green,0,-26.35,1,16.22
5448,181.782,green,observed,1.0,16.06,,green,0,-27.07,1,16.06
5451,181.882,green,observed,1.0,15.76,,green,0,-26.71,1,15.76
5454,181.982,green,observed,1.0,16.37,,green,0,-26.59,1,16.37
5457,182.082,green,observed,1.0,16.82,,green,0,-28.02,1,16.82
5460,182.182,green,observed,1.0,16.52,,green,0,-26.95,1,16.52
5463,182.282,green,observed,1.0,15.99,,green,0,-26.95,1,15.99
5466,182.382,green,observed,1.0,16.44,,green,0,-26.47,1,16.44
5469,182.482,green,observed,1.0,15.99,,green,0,-26.95,1,15.99
5472,182.582,green,observed,1.0,16.75,,green,0,-26.71,1,16.75
5475,182.682,green,observed,1.0,16.82,,green,0,-27.54,1,16.82
5478,182.783,green,observed,1.0,16.9,,green,0,-27.3,1,16.9
5481,182.883,green,observed,1.0,15.84,,green,0,-27.07,1,15.84
5484,182.983,green,observed,1.0,17.35,,green,0,-26.71,1,17.35
5487,183.083,green,observed,1.0,16.97,,green,0,-27.42,1,16.97
5490,183.183,green,observed,1.0,16.59,,green,0,-27.07,1,16.59
5493,183.283,green,observed,1.0,16.9,,green,0,-27.07,1,16.9
5496,183.383,green,observed,1.0,16.75,,green,0,-26.35,1,16.75
5499,183.483,green,observed,1.0,16.67,,green,0,-26.12,1,16.67
5502,183.583,green,observed,1.0,16.75,,green,0,-26.24,1,16.75
5505,183.684,green,observed,1.0,16.22,,green,0,-26.83,1,16.22
5508,183.784,green,observed,1.0,16.29,,green,0,-26.95,1,16.29
5511,183.884,green,observed,1.0,16.97,,green,0,-26.12,1,16.97
5514,183.984,green,observed,1.0,16.22,,green,0,-26.71,1,16.22
5517,184.084,green,observed,1.0,16.67,,green,0,-26.35,1,16.67
5520,184.184,green,observed,1.0,17.66,,green,0,-26.47,1,17.66
5523,184.284,green,observed,1.0,17.13,,green,0,-26.12,1,17.13
5526,184.384,green,observed,1.0,17.43,,green,0,-26.35,1,17.43
5529,184.484,green,observed,1.0,16.82,,green,0,-27.07,1,16.82
5532,184.584,green,observed,1.0,17.28,,green,0,-26.83,1,17.28
5535,184.684,green,observed,1.0,17.81,,green,0,-26.12,1,17.81
5538,184.785,green,observed,1.0,17.05,,green,0,-25.88,1,17.05
5541,184.885,green,observed,1.0,17.05,,green,0,-25.76,1,17.05
5544,184.985,green,observed,1.0,17.81,,green,0,-27.42,1,17.81
5547,185.085,green,observed,1.0,17.43,,green,0,-25.76,1,17.43
5550,185.185,green,observed,1.0,17.81,,green,0,-26.35,1,17.81
5553,185.285,green,observed,1.0,17.43,,green,0,-26.24,1,17.43
5556,185.385,green,observed,1.0,17.2,,green,0,-26.83,1,17.2
5559,185.485,green,observed,1.0,16.59,,green,0,-26.24,1,16.59
5562,185.585,green,observed,1.0,17.28,,green,0,-27.3,1,17.28
5565,185.686,green,observed,1.0,16.82,,green,0,-27.07,1,16.82
5568,185.786,green,observed,1.0,17.2,,green,0,-26.47,1,17.2
5571,185.886,green,observed,1.0,16.75,,green,0,-26.47,1,16.75
5574,185.986,green,observed,1.0,17.66,,green,0,-26.47,1,17.66
5577,186.086,green,observed,1.0,17.13,,green,0,-26.47,1,17.13
5580,186.186,green,observed,1.0,17.43,,green,0,-26.35,1,17.43
5583,186.286,green,observed,1.0,16.29,,green,0,-26.35,1,16.29
5586,186.386,green,observed,1.0,16.97,,green,0,-26.59,1,16.97
5589,186.486,green,observed,1.0,17.2,,green,0,-26.24,1,17.2
5592,186.586,green,observed,1.0,17.5,,green,0,-26.0,1,17.5
5595,186.686,green,observed,1.0,17.58,,green,0,-26.83,1,17.58
5598,186.787,green,observed,1.0,17.35,,green,0,-25.76,1,17.35
5601,186.887,green,observed,1.0,17.5,,green,0,-25.88,1,17.5
5604,186.987,green,observed,1.0,17.28,,green,0,-27.18,1,17.28
5607,187.087,green,observed,1.0,17.35,,green,0,-26.35,1,17.35
5610,187.187,green,observed,1.0,17.35,,green,0,-26.0,1,17.35
5613,187.287,green,observed,1.0,17.66,,green,0,-26.95,1,17.66
5616,187.387,green,observed,1.0,16.29,,green,0,-26.95,1,16.29
5619,187.487,green,observed,1.0,18.03,,green,0,-26.83,1,18.03
5622,187.587,green,observed,1.0,16.82,,green,0,-26.83,1,16.82
5625,187.688,green,observed,1.0,17.13,,green,0,-26.71,1,17.13
5628,187.788,green,observed,1.0,16.59,,green,0,-26.59,1,16.59
5631,187.888,green,observed,1.0,16.67,,green,0,-26.71,1,16.67
5634,187.988,green,observed,1.0,16.82,,green,0,-26.59,1,16.82
5637,188.088,green,observed,1.0,17.13,,green,0,-26.24,1,17.13
5640,188.188,green,observed,1.0,17.43,,green,0,-26.0,1,17.43
5643,188.288,green,observed,1.0,17.2,,green,0,-26.0,1,17.2
5646,188.388,green,observed,1.0,16.59,,green,0,-25.88,1,16.59
5649,188.488,green,observed,1.0,17.81,,green,0,-26.12,1,17.81
5652,188.588,green,observed,1.0,16.52,,green,0,-26.12,1,16.52
5655,188.688,green,observed,1.0,16.97,,green,0,-26.95,1,16.97
5658,188.789,green,observed,1.0,16.37,,green,0,-26.59,1,16.37
5661,188.889,green,observed,1.0,16.97,,green,0,-26.59,1,16.97
5664,188.989,green,observed,1.0,16.22,,green,0,-27.3,1,16.22
5667,189.089,green,observed,1.0,16.22,,green,0,-26.83,1,16.22
5670,189.189,green,observed,1.0,17.05,,green,0,-26.0,1,17.05
5673,189.289,green,observed,1.0,17.13,,green,0,-26.35,1,17.13
5676,189.389,green,observed,1.0,16.75,,green,0,-26.71,1,16.75
5679,189.489,green,observed,1.0,16.59,,green,0,-27.07,1,16.59
5682,189.589,green,observed,1.0,16.59,,green,0,-26.83,1,16.59
5685,189.69,green,observed,1.0,16.82,,green,0,-27.07,1,16.82
5688,189.79,green,observed,1.0,16.97,,green,0,-25.88,1,16.97
5691,189.89,green,observed,1.0,16.52,,green,0,-26.71,1,16.52
5694,189.99,green,observed,1.0,15.99,,green,0,-26.71,1,15.99
5697,190.09,green,observed,1.0,15.84,,green,0,-26.71,1,15.84
5700,190.19,green,observed,1.0,16.06,,green,0,-25.76,1,16.06
5703,190.29,green,observed,1.0,15.99,,green,0,-26.71,1,15.99
5706,190.39,green,observed,1.0,16.29,,green,0,-26.95,1,16.29
5709,190.49,green,observed,1.0,15.53,,green,0,-26.71,1,15.53
5712,190.59,green,observed,1.0,16.44,,green,0,-26.59,1,16.44
5715,190.69,green,observed,1.0,16.59,,green,0,-26.0,1,16.59
5718,190.791,green,observed,1.0,15.76,,green,0,-26.24,1,15.76
5721,190.891,green,observed,1.0,15.91,,green,0,-26.71,1,15.91
5724,190.991,green,observed,1.0,15.53,,green,0,-26.71,1,15.53
5727,191.091,green,observed,1.0,15.53,,green,0,-25.4,1,15.53
5730,191.191,green,observed,1.0,15.53,,green,0,-26.83,1,15.53
5733,191.291,green,observed,1.0,15.46,,green,0,-27.07,1,15.46
5736,191.391,green,observed,1.0,15.69,,green,0,-26.95,1,15.69
5739,191.491,green,observed,1.0,15.38,,green,0,-26.83,1,15.38
5742,191.591,green,observed,1.0,15.38,,green,0,-26.35,1,15.38
5745,191.692,green,observed,1.0,15.61,,green,0,-26.47,1,15.61
5748,191.792,green,observed,1.0,15.61,,green,0,-26.24,1,15.61
5751,191.892,green,observed,1.0,15.46,,green,0,-25.88,1,15.46
5754,191.992,green,observed,1.0,14.47,,green,0,-26.59,1,14.47
5757,192.092,green,observed,1.0,14.93,,green,0,-25.52,1,14.93
5760,192.192,green,observed,1.0,14.78,,green,0,-26.24,1,14.78
5763,192.292,green,observed,1.0,15.0,,green,0,-26.24,1,15.0
5766,192.392,green,observed,1.0,15.0,,green,0,-26.12,1,15.0
5769,192.492,green,observed,1.0,14.32,,green,0,-26.59,1,14.32
5772,192.592,green,observed,1.0,14.4,,green,0,-26.95,1,14.4
5775,192.692,green,observed,1.0,14.7,,green,0,-26.95,1,14.7
5778,192.793,green,observed,1.0,14.47,,green,0,-26.47,1,14.47
5781,192.893,green,observed,1.0,14.78,,green,0,-26.83,1,14.78
5784,192.993,green,observed,1.0,14.7,,green,0,-26.59,1,14.7
5787,193.093,green,observed,1.0,14.78,,green,0,-26.83,1,14.78
5790,193.193,green,observed,1.0,14.32,,green,0,-26.71,1,14.32
5793,193.293,green,observed,1.0,14.85,,green,0,-26.59,1,14.85
5796,193.393,green,observed,1.0,14.17,,green,0,-26.83,1,14.17
5799,193.493,green,observed,1.0,13.94,,green,0,-27.18,1,13.94
5802,193.593,green,observed,1.0,14.78,,green,0,-27.18,1,14.78
5805,193.694,green,observed,1.0,14.93,,green,0,-26.47,1,14.93
5808,193.794,green,observed,1.0,14.85,,green,0,-26.95,1,14.85
5811,193.894,green,observed,1.0,14.32,,green,0,-26.83,1,14.32
5814,193.994,green,observed,1.0,14.32,,green,0,-27.54,1,14.32
5817,194.094,green,observed,1.0,14.47,,green,0,-27.18,1,14.47
5820,194.194,green,observed,1.0,14.62,,green,0,-26.12,1,14.62
5823,194.294,green,observed,1.0,14.09,,green,0,-26.24,1,14.09
5826,194.394,green,observed,1.0,14.25,,green,0,-26.35,1,14.25
5829,194.494,green,observed,1.0,14.02,,green,0,-26.71,1,14.02
5832,194.594,green,observed,1.0,14.02,,green,0,-26.47,1,14.02
5835,194.694,green,observed,1.0,14.32,,green,0,-27.18,1,14.32
5838,194.795,green,observed,1.0,13.56,,green,0,-26.24,1,13.56
5841,194.895,green,observed,1.0,14.32,,green,0,-26.0,1,14.32
5844,194.995,green,observed,1.0,13.41,,green,0,-26.47,1,13.41
5847,195.095,green,observed,1.0,14.32,,green,0,-24.93,1,14.32
5850,195.195,green,observed,1.0,13.72,,green,0,-25.76,1,13.72
5853,195.295,green,observed,1.0,14.02,,green,0,-25.76,1,14.02
5856,195.395,green,observed,1.0,13.56,,green,0,-26.0,1,13.56
5859,195.495,green,observed,1.0,13.79,,green,0,-26.12,1,13.79
5862,195.595,green,observed,1.0,13.41,,green,0,-26.83,1,13.41
5865,195.696,green,observed,1.0,13.64,,green,0,-26.71,1,13.64
5868,195.796,green,observed,1.0,13.87,,green,0,-27.07,1,13.87
5871,195.896,green,observed,1.0,13.56,,green,0,-27.07,1,13.56
5874,195.996,green,observed,1.0,13.41,,green,0,-27.07,1,13.41
5877,196.096,green,observed,1.0,13.11,,green,0,-27.07,1,13.11
5880,196.196,green,observed,1.0,13.56,,green,0,-26.47,1,13.56
5883,196.296,green,observed,1.0,14.55,,green,0,-26.59,1,14.55
5886,196.396,green,observed,1.0,13.64,,green,0,-26.59,1,13.64
5889,196.496,green,observed,1.0,13.49,,green,0,-26.47,1,13.49
5892,196.596,green,observed,1.0,14.4,,green,0,-26.59,1,14.4
5895,196.696,green,observed,1.0,14.4,,green,0,-26.47,1,14.4
5898,196.797,green,observed,1.0,14.09,,green,0,-26.83,1,14.09
5901,196.897,green,observed,1.0,13.79,,green,0,-27.07,1,13.79
5904,196.997,green,observed,1.0,12.88,,green,0,-26.71,1,12.88
5907,197.097,green,observed,1.0,12.88,,green,0,-27.42,1,12.88
5910,197.197,green,observed,1.0,12.96,,green,0,-27.42,1,12.96
5913,197.297,green,observed,1.0,13.72,,green,0,-26.24,1,13.72
5916,197.397,green,observed,1.0,13.34,,green,0,-26.24,1,13.34
5919,197.497,green,observed,1.0,13.49,,green,0,-27.07,1,13.49
5922,197.597,green,observed,1.0,13.56,,green,0,-26.71,1,13.56
5925,197.698,green,observed,1.0,13.41,,green,0,-26.47,1,13.41
5928,197.798,green,observed,1.0,14.55,,green,0,-26.59,1,14.55
5931,197.898,green,observed,1.0,12.88,,green,0,-27.07,1,12.88
5934,197.998,green,observed,1.0,13.79,,green,0,-26.12,1,13.79
5937,198.098,green,observed,1.0,14.7,,green,0,-25.4,1,14.7
5940,198.198,green,observed,1.0,14.78,,green,0,-27.07,1,14.78
5943,198.298,green,observed,1.0,14.32,,green,0,-26.12,1,14.32
5946,198.398,green,observed,1.0,13.72,,green,0,-25.88,1,13.72
5949,198.498,green,observed,1.0,14.62,,green,0,-26.24,1,14.62
5952,198.598,green,observed,1.0,14.85,,green,0,-25.88,1,14.85
5955,198.698,green,observed,1.0,14.4,,green,0,-27.3,1,14.4
5958,198.799,green,observed,1.0,13.94,,green,0,-27.42,1,13.94
5961,198.899,green,observed,1.0,14.02,,green,0,-26.59,1,14.02
5964,198.999,green,observed,1.0,14.47,,green,0,-26.95,1,14.47
5967,199.099,green,observed,1.0,14.25,,green,0,-26.95,1,14.25
5970,199.199,green,observed,1.0,14.09,,green,0,-26.83,1,14.09
5973,199.299,green,observed,1.0,14.02,,green,0,-26.59,1,14.02
5976,199.399,green,observed,1.0,14.09,,green,0,-26.71,1,14.09
5979,199.499,green,observed,1.0,14.32,,green,0,-26.0,1,14.32
5982,199.599,green,observed,1.0,14.55,,green,0,-26.12,1,14.55
5985,199.7,green,observed,1.0,13.87,,green,0,-26.95,1,13.87
5988,199.8,green,observed,1.0,14.32,,green,0,-27.18,1,14.32
5991,199.9,green_blink,observed,1.0,15.61,,green_flash,0,-26.12,0,-15.61
5994,200.0,green_blink,observed,1.0,15.91,,green_flash,0,-26.95,0,-15.91
5997,200.1,green_blink,observed,1.0,15.16,,green_flash,0,-26.95,0,-15.16
6000,200.2,green_blink,observed,1.0,15.69,,green_flash,0,-26.59,0,-15.69
6003,200.3,green_blink,observed,1.0,15.76,,green_flash,0,-26.12,0,-15.76
6006,200.4,green_blink,observed,1.0,14.4,,green,0,-26.47,1,14.4
6009,200.5,green_blink,observed,1.0,14.85,,green,0,-26.59,1,14.85
6012,200.6,green_blink,observed,1.0,14.62,,green,0,-26.12,1,14.62
6015,200.7,green_blink,observed,1.0,15.08,,green,0,-26.24,1,15.08
6018,200.801,green_blink,observed,1.0,15.23,,green,0,-26.59,1,15.23
6021,200.901,green_blink,observed,1.0,15.16,,green_flash,0,-26.12,0,-15.16
6024,201.001,green_blink,observed,1.0,15.38,,green_flash,0,-26.47,0,-15.38
6027,201.101,green_blink,observed,1.0,15.99,,green_flash,0,-27.42,0,-15.99
6030,201.201,green_blink,observed,1.0,16.22,,green_flash,0,-25.76,0,-16.22
6033,201.301,green_blink,observed,1.0,16.59,,green_flash,0,-25.88,0,-16.59
6036,201.401,green_blink,observed,1.0,15.76,,green,0,-26.59,1,15.76
6039,201.501,green_blink,observed,1.0,15.69,,green,0,-26.24,1,15.69
6042,201.601,green_blink,observed,1.0,16.22,,green,0,-26.24,1,16.22
6045,201.702,green_blink,observed,1.0,15.31,,green,0,-27.42,1,15.31
6048,201.802,green_blink,observed,1.0,16.9,,green,0,-27.18,1,16.9
6051,201.902,green_blink,observed,1.0,15.31,,green_flash,0,-26.47,0,-15.31
6054,202.002,green_blink,observed,1.0,15.69,,green_flash,0,-26.71,0,-15.69
6057,202.102,green_blink,observed,1.0,15.84,,green_flash,0,-26.24,0,-15.84
6060,202.202,green_blink,observed,1.0,15.53,,green_flash,0,-26.47,0,-15.53
6063,202.302,green_blink,observed,1.0,15.53,,green_flash,0,-26.59,0,-15.53
6066,202.402,green_blink,observed,1.0,15.99,,green,0,-27.3,1,15.99
6069,202.502,green_blink,observed,1.0,16.06,,green,0,-26.59,1,16.06
6072,202.602,green_blink,observed,1.0,15.76,,green,0,-26.35,1,15.76
6075,202.703,green_blink,observed,1.0,17.88,,green,0,-26.95,1,17.88
6078,202.803,green_blink,observed,1.0,16.52,,green,0,-27.07,1,16.52
6081,202.903,red,observed,1.0,15.0,,red,1,32.41,0,-15.0
6084,203.003,red,observed,1.0,16.06,,red,1,28.25,0,-16.06
6087,203.103,red,observed,1.0,15.69,,red,1,27.9,0,-15.69
6090,203.203,red,observed,1.0,15.99,,red,1,28.61,0,-15.99
6093,203.303,red,observed,1.0,15.99,,red,1,29.08,0,-15.99
6096,203.403,red,observed,1.0,15.84,,red,1,26.95,0,-15.84
6099,203.503,red,observed,1.0,15.46,,red,1,28.02,0,-15.46
6102,203.603,red,observed,1.0,15.38,,red,1,28.73,0,-15.38
6105,203.704,red,observed,1.0,15.61,,red,1,28.25,0,-15.61
6108,203.804,red,observed,1.0,15.69,,red,1,27.07,0,-15.69
6111,203.904,red,observed,1.0,15.61,,red,1,28.02,0,-15.61
6114,204.004,red,observed,1.0,15.99,,red,1,27.54,0,-15.99
6117,204.104,red,observed,1.0,15.61,,red,1,28.49,0,-15.61
6120,204.204,red,observed,1.0,15.53,,red,1,27.66,0,-15.53
6123,204.304,red,observed,1.0,16.14,,red,1,27.66,0,-16.14
6126,204.404,red,observed,1.0,15.76,,red,1,27.9,0,-15.76
6129,204.504,red,observed,1.0,16.06,,red,1,27.18,0,-16.06
6132,204.604,red,observed,1.0,15.91,,red,1,28.73,0,-15.91
6135,204.704,red,observed,1.0,16.14,,red,1,27.42,0,-16.14
6138,204.805,red,observed,1.0,15.23,,red,1,26.59,0,-15.23
6141,204.905,red,observed,1.0,15.16,,red,1,27.3,0,-15.16
6144,205.005,red,observed,1.0,15.69,,red,1,27.66,0,-15.69
6147,205.105,red,observed,1.0,15.61,,red,1,28.25,0,-15.61
6150,205.205,red,observed,1.0,16.37,,red,1,27.42,0,-16.37
6153,205.305,red,observed,1.0,16.22,,red,1,28.37,0,-16.22
6156,205.405,red,observed,1.0,15.76,,red,1,27.3,0,-15.76
6159,205.505,red,observed,1.0,15.91,,red,1,27.54,0,-15.91
6162,205.605,red,observed,1.0,15.91,,red,1,29.08,0,-15.91
6165,205.706,red,observed,1.0,15.99,,red,1,29.08,0,-15.99
6168,205.806,red,observed,1.0,15.38,,red,1,30.03,0,-15.38
6171,205.906,red,observed,1.0,15.53,,red,1,27.07,0,-15.53
6174,206.006,red,observed,1.0,16.14,,red,1,27.42,0,-16.14
6177,206.106,red,observed,1.0,16.14,,red,1,26.71,0,-16.14
6180,206.206,red,observed,1.0,15.69,,red,1,26.95,0,-15.69
6183,206.306,red,observed,1.0,15.46,,red,1,27.66,0,-15.46
6186,206.406,red,observed,1.0,15.31,,red,1,26.71,0,-15.31
6189,206.506,red,observed,1.0,15.84,,red,1,28.73,0,-15.84
6192,206.606,red,observed,1.0,15.76,,red,1,28.85,0,-15.76
6195,206.706,red,observed,1.0,15.46,,red,1,27.66,0,-15.46
6198,206.807,red,observed,1.0,16.06,,red,1,28.02,0,-16.06
6201,206.907,red,observed,1.0,15.91,,red,1,27.18,0,-15.91
6204,207.007,red,observed,1.0,15.84,,red,1,28.02,0,-15.84
6207,207.107,red,observed,1.0,15.84,,red,1,28.02,0,-15.84
6210,207.207,red,observed,1.0,15.69,,red,1,28.97,0,-15.69
6213,207.307,red,observed,1.0,15.69,,red,1,27.18,0,-15.69
6216,207.407,red,observed,1.0,15.69,,red,1,29.08,0,-15.69
6219,207.507,red,observed,1.0,15.76,,red,1,27.54,0,-15.76
6222,207.607,red,observed,1.0,15.99,,red,1,27.66,0,-15.99
6225,207.708,red,observed,1.0,15.91,,red,1,27.9,0,-15.91
6228,207.808,red,observed,1.0,16.14,,red,1,27.3,0,-16.14
6231,207.908,red,observed,1.0,15.91,,red,1,28.13,0,-15.91
6234,208.008,red,observed,1.0,15.46,,red,1,27.66,0,-15.46
6237,208.108,red,observed,1.0,16.06,,red,1,27.78,0,-16.06
6240,208.208,red,observed,1.0,16.14,,red,1,26.47,0,-16.14
6243,208.308,red,observed,1.0,15.76,,red,1,26.35,0,-15.76
6246,208.408,red,observed,1.0,15.61,,red,1,26.24,0,-15.61
6249,208.508,red,observed,1.0,15.61,,red,1,28.02,0,-15.61
6252,208.608,red,observed,1.0,15.69,,red,1,26.71,0,-15.69
6255,208.709,red,observed,1.0,15.61,,red,1,26.24,0,-15.61
6258,208.809,red,observed,1.0,15.91,,red,1,27.9,0,-15.91
6261,208.909,red,observed,1.0,15.61,,red,1,27.3,0,-15.61
6264,209.009,red,observed,1.0,15.91,,red,1,26.83,0,-15.91
6267,209.109,red,observed,1.0,15.99,,red,1,26.59,0,-15.99
6270,209.209,red,observed,1.0,15.84,,red,1,25.64,0,-15.84
6273,209.309,red,observed,1.0,15.61,,red,1,28.49,0,-15.61
6276,209.409,red,observed,1.0,15.99,,red,1,26.59,0,-15.99
6279,209.509,red,observed,1.0,15.84,,red,1,25.88,0,-15.84
6282,209.609,red,observed,1.0,15.91,,red,1,27.07,0,-15.91
6285,209.71,red,observed,1.0,14.78,,red,1,27.3,0,-14.78
6288,209.81,red,observed,1.0,15.91,,red,1,26.59,0,-15.91
6291,209.91,red,observed,1.0,15.69,,red,1,26.95,0,-15.69
6294,210.01,red,observed,1.0,15.46,,red,1,25.52,0,-15.46
6297,210.11,red,observed,1.0,15.84,,red,1,24.69,0,-15.84
6300,210.21,red,observed,1.0,15.76,,red,1,26.95,0,-15.76
6303,210.31,red,observed,1.0,15.61,,red,1,26.24,0,-15.61
6306,210.41,red,observed,1.0,15.69,,red,1,24.81,0,-15.69
6309,210.51,red,observed,1.0,15.61,,red,1,25.64,0,-15.61
6312,210.61,red,observed,1.0,16.14,,red,1,25.76,0,-16.14
6315,210.71,red,observed,1.0,15.46,,red,1,24.81,0,-15.46
6318,210.811,red,observed,1.0,15.84,,red,1,25.4,0,-15.84
6321,210.911,red,observed,1.0,16.06,,red,1,25.76,0,-16.06
6324,211.011,red,observed,1.0,15.46,,red,1,26.24,0,-15.46
6327,211.111,red,observed,1.0,15.61,,red,1,26.35,0,-15.61
6330,211.211,red,observed,1.0,15.84,,red,1,25.4,0,-15.84
6333,211.311,red,observed,1.0,16.06,,red,1,26.83,0,-16.06
6336,211.411,red,observed,1.0,16.22,,red,1,26.95,0,-16.22
6339,211.511,red,observed,1.0,15.91,,red,1,26.83,0,-15.91
6342,211.611,red,observed,1.0,16.29,,red,1,26.95,0,-16.29
6345,211.712,red,observed,1.0,15.53,,red,1,25.52,0,-15.53
6348,211.812,red,observed,1.0,15.46,,red,1,25.17,0,-15.46
6351,211.912,red,observed,1.0,16.06,,red,1,24.81,0,-16.06
6354,212.012,red,observed,1.0,15.76,,red,1,25.52,0,-15.76
6357,212.112,red,observed,1.0,16.59,,red,1,25.05,0,-16.59
6360,212.212,red,observed,1.0,15.61,,red,1,25.17,0,-15.61
6363,212.312,red,observed,1.0,15.46,,red,1,26.83,0,-15.46
6366,212.412,red,observed,1.0,15.69,,red,1,26.24,0,-15.69
6369,212.512,red,observed,1.0,15.69,,red,1,26.47,0,-15.69
6372,212.612,red,observed,1.0,15.99,,red,1,26.0,0,-15.99
6375,212.712,red,observed,1.0,15.91,,red,1,25.17,0,-15.91
6378,212.813,red,observed,1.0,15.69,,red,1,26.0,0,-15.69
6381,212.913,red,observed,1.0,15.84,,red,1,25.4,0,-15.84
6384,213.013,red,observed,1.0,16.22,,red,1,25.64,0,-16.22
6387,213.113,red,observed,1.0,15.38,,red,1,25.29,0,-15.38
6390,213.213,red,observed,1.0,15.76,,red,1,26.24,0,-15.76
6393,213.313,red,observed,1.0,15.84,,red,1,26.35,0,-15.84
6396,213.413,red,observed,1.0,16.06,,red,1,24.57,0,-16.06
6399,213.513,red,observed,1.0,16.06,,red,1,27.42,0,-16.06
6402,213.613,red,observed,1.0,15.91,,red,1,25.76,0,-15.91
6405,213.714,red,observed,1.0,15.84,,red,1,26.24,0,-15.84
6408,213.814,red,observed,1.0,15.69,,red,1,26.83,0,-15.69
6411,213.914,red,observed,1.0,16.22,,red,1,26.59,0,-16.22
6414,214.014,red,observed,1.0,15.99,,red,1,27.66,0,-15.99
6417,214.114,red,observed,1.0,16.14,,red,1,26.0,0,-16.14
6420,214.214,red,observed,1.0,15.31,,red,1,25.29,0,-15.31
6423,214.314,red,observed,1.0,15.38,,red,1,25.4,0,-15.38
6426,214.414,red,observed,1.0,15.46,,red,1,26.12,0,-15.46
6429,214.514,red,observed,1.0,16.44,,red,1,25.29,0,-16.44
6432,214.614,red,observed,1.0,15.76,,red,1,25.17,0,-15.76
6435,214.715,red,observed,1.0,15.69,,red,1,25.05,0,-15.69
6438,214.815,red,observed,1.0,15.76,,red,1,25.17,0,-15.76
6441,214.915,red,observed,1.0,15.53,,red,1,26.0,0,-15.53
6444,215.015,red,observed,1.0,15.61,,red,1,26.0,0,-15.61
6447,215.115,red,observed,1.0,15.84,,red,1,24.81,0,-15.84
6450,215.215,red,observed,1.0,15.91,,red,1,25.17,0,-15.91
6453,215.315,red,observed,1.0,15.76,,red,1,26.95,0,-15.76
6456,215.415,red,observed,1.0,15.84,,red,1,26.71,0,-15.84
6459,215.515,red,observed,1.0,15.76,,red,1,25.05,0,-15.76
6462,215.615,red,observed,1.0,15.31,,red,1,24.45,0,-15.31
6465,215.716,red,observed,1.0,15.76,,red,1,26.59,0,-15.76
6468,215.816,red,observed,1.0,15.84,,red,1,26.95,0,-15.84
6471,215.916,red,observed,1.0,15.84,,red,1,27.42,0,-15.84
6474,216.016,red,observed,1.0,16.37,,red,1,26.35,0,-16.37
6477,216.116,red,observed,1.0,15.23,,red,1,25.88,0,-15.23
6480,216.216,red,observed,1.0,16.14,,red,1,25.4,0,-16.14
6483,216.316,red,observed,1.0,15.31,,red,1,27.07,0,-15.31
6486,216.416,red,observed,1.0,15.23,,red,1,27.54,0,-15.23
6489,216.516,red,observed,1.0,15.84,,red,1,26.83,0,-15.84
6492,216.616,red,observed,1.0,15.76,,red,1,27.9,0,-15.76
6495,216.716,red,observed,1.0,16.14,,red,1,26.83,0,-16.14
6498,216.817,red,observed,1.0,15.61,,red,1,26.12,0,-15.61
6501,216.917,red,observed,1.0,15.46,,red,1,26.71,0,-15.46
6504,217.017,red,observed,1.0,15.61,,red,1,27.9,0,-15.61
6507,217.117,red,observed,1.0,15.84,,red,1,27.54,0,-15.84
6510,217.217,red,observed,1.0,16.29,,red,1,26.71,0,-16.29
6513,217.317,red,observed,1.0,15.99,,red,1,26.71,0,-15.99
6516,217.417,red,observed,1.0,16.14,,red,1,26.83,0,-16.14
6519,217.517,red,observed,1.0,15.69,,red,1,26.71,0,-15.69
6522,217.617,red,observed,1.0,15.91,,red,1,27.3,0,-15.91
6525,217.718,red,observed,1.0,15.61,,red,1,26.24,0,-15.61
6528,217.818,red,observed,1.0,15.69,,red,1,26.12,0,-15.69
6531,217.918,red,observed,1.0,15.38,,red,1,26.24,0,-15.38
6534,218.018,red,observed,1.0,15.99,,red,1,26.24,0,-15.99
6537,218.118,red,observed,1.0,16.52,,red,1,26.12,0,-16.52
6540,218.218,red,observed,1.0,15.84,,red,1,26.35,0,-15.84
6543,218.318,red,observed,1.0,15.61,,red,1,26.59,0,-15.61
6546,218.418,red,observed,1.0,15.61,,red,1,26.47,0,-15.61
6549,218.518,red,observed,1.0,15.38,,red,1,26.47,0,-15.38
6552,218.618,red,observed,1.0,15.61,,red,1,26.71,0,-15.61
6555,218.718,red,observed,1.0,15.61,,red,1,26.71,0,-15.61
6558,218.819,red,observed,1.0,16.52,,red,1,27.9,0,-16.52
6561,218.919,red,observed,1.0,15.84,,red,1,27.66,0,-15.84
6564,219.019,red,observed,1.0,15.38,,red,1,27.9,0,-15.38
6567,219.119,red,observed,1.0,16.06,,red,1,28.49,0,-16.06
6570,219.219,red,observed,1.0,15.91,,red,1,26.95,0,-15.91
6573,219.319,red,observed,1.0,16.29,,red,1,26.59,0,-16.29
6576,219.419,red,observed,1.0,16.22,,red,1,25.52,0,-16.22
6579,219.519,red,observed,1.0,15.53,,red,1,27.07,0,-15.53
6582,219.619,red,observed,1.0,15.69,,red,1,28.02,0,-15.69
6585,219.72,red,observed,1.0,15.84,,red,1,27.54,0,-15.84
6588,219.82,red,observed,1.0,15.76,,red,1,27.07,0,-15.76
6591,219.92,red,observed,1.0,15.69,,red,1,26.95,0,-15.69
6594,220.02,red,observed,1.0,16.29,,red,1,28.25,0,-16.29
6597,220.12,red,observed,1.0,16.14,,red,1,26.95,0,-16.14
6600,220.22,red,observed,1.0,15.91,,red,1,27.07,0,-15.91
6603,220.32,red,observed,1.0,15.76,,red,1,26.71,0,-15.76
6606,220.42,red,observed,1.0,15.84,,red,1,26.95,0,-15.84
6609,220.52,red,observed,1.0,16.44,,red,1,27.07,0,-16.44
6612,220.62,red,observed,1.0,16.06,,red,1,27.18,0,-16.06
6615,220.721,red,observed,1.0,15.91,,red,1,26.95,0,-15.91
6618,220.821,red,observed,1.0,16.22,,red,1,27.54,0,-16.22
6621,220.921,red,observed,1.0,15.91,,red,1,26.71,0,-15.91
6624,221.021,red,observed,1.0,15.38,,red,1,26.59,0,-15.38
6627,221.121,red,observed,1.0,15.84,,red,1,26.35,0,-15.84
6630,221.221,red,observed,1.0,16.29,,red,1,27.9,0,-16.29
6633,221.321,red,observed,1.0,16.14,,red,1,27.78,0,-16.14
6636,221.421,red,observed,1.0,15.91,,red,1,26.35,0,-15.91
6639,221.521,red,observed,1.0,16.14,,red,1,24.93,0,-16.14
6642,221.621,red,observed,1.0,15.61,,red,1,26.35,0,-15.61
6645,221.722,red,observed,1.0,16.29,,red,1,25.76,0,-16.29
6648,221.822,red,observed,1.0,16.22,,red,1,27.3,0,-16.22
6651,221.922,red,observed,1.0,15.31,,red,1,28.49,0,-15.31
6654,222.022,red,observed,1.0,16.14,,red,1,27.3,0,-16.14
6657,222.122,red,observed,1.0,16.06,,red,1,27.3,0,-16.06
6660,222.222,red,observed,1.0,16.14,,red,1,26.59,0,-16.14
6663,222.322,red,observed,1.0,15.84,,red,1,25.4,0,-15.84
6666,222.422,red,observed,1.0,16.06,,red,1,26.12,0,-16.06
6669,222.522,red,observed,1.0,15.76,,red,1,27.42,0,-15.76
6672,222.622,red,observed,1.0,16.14,,red,1,26.47,0,-16.14
6675,222.722,red,observed,1.0,16.14,,red,1,26.35,0,-16.14
6678,222.823,red,observed,1.0,15.53,,red,1,25.52,0,-15.53
6681,222.923,red,observed,1.0,15.16,,red,1,26.59,0,-15.16
6684,223.023,red,observed,1.0,16.14,,red,1,25.52,0,-16.14
6687,223.123,red,observed,1.0,15.69,,red,1,26.24,0,-15.69
6690,223.223,red,observed,1.0,15.61,,red,1,27.07,0,-15.61
6693,223.323,red,observed,1.0,15.69,,red,1,24.69,0,-15.69
6696,223.423,red,observed,1.0,15.69,,red,1,25.52,0,-15.69
6699,223.523,red,observed,1.0,15.91,,red,1,26.0,0,-15.91
6702,223.623,red,observed,1.0,16.29,,red,1,24.69,0,-16.29
6705,223.724,red,observed,1.0,16.37,,red,1,26.71,0,-16.37
6708,223.824,red,observed,1.0,15.23,,red,1,25.05,0,-15.23
6711,223.924,red,observed,1.0,15.91,,red,1,25.29,0,-15.91
6714,224.024,red,observed,1.0,16.52,,red,1,26.24,0,-16.52
6717,224.124,red,observed,1.0,15.69,,red,1,26.71,0,-15.69
6720,224.224,red,observed,1.0,15.46,,red,1,27.07,0,-15.46
6723,224.324,red,observed,1.0,16.06,,red,1,25.76,0,-16.06
6726,224.424,red,observed,1.0,16.14,,red,1,26.59,0,-16.14
6729,224.524,red,observed,1.0,15.99,,red,1,25.88,0,-15.99
6732,224.624,red,observed,1.0,15.99,,red,1,26.83,0,-15.99
6735,224.724,red,observed,1.0,16.75,,red,1,25.88,0,-16.75
6738,224.825,red,observed,1.0,15.99,,red,1,26.12,0,-15.99
6741,224.925,red,observed,1.0,15.99,,red,1,25.52,0,-15.99
6744,225.025,red,observed,1.0,15.91,,red,1,26.95,0,-15.91
6747,225.125,red,observed,1.0,15.46,,red,1,26.83,0,-15.46
6750,225.225,red,observed,1.0,15.69,,red,1,24.93,0,-15.69
6753,225.325,red,observed,1.0,15.23,,red,1,24.69,0,-15.23
6756,225.425,red,observed,1.0,16.14,,red,1,24.57,0,-16.14
6759,225.525,red,observed,1.0,15.53,,red,1,24.57,0,-15.53
6762,225.625,red,observed,1.0,16.22,,red,1,25.76,0,-16.22
6765,225.726,red,observed,1.0,16.22,,red,1,24.69,0,-16.22
6768,225.826,red,observed,1.0,15.46,,red,1,26.95,0,-15.46
6771,225.926,red,observed,1.0,16.67,,red,1,25.4,0,-16.67
6774,226.026,red,observed,1.0,15.84,,red,1,25.88,0,-15.84
6777,226.126,red,observed,1.0,15.76,,red,1,25.4,0,-15.76
6780,226.226,red,observed,1.0,15.84,,red,1,25.17,0,-15.84
6783,226.326,red,observed,1.0,15.31,,red,1,25.17,0,-15.31
6786,226.426,red,observed,1.0,15.69,,red,1,24.69,0,-15.69
6789,226.526,red,observed,1.0,15.61,,red,1,26.0,0,-15.61
6792,226.626,red,observed,1.0,15.84,,red,1,26.24,0,-15.84
6795,226.727,red,observed,1.0,15.84,,red,1,26.24,0,-15.84
6798,226.827,red,observed,1.0,15.91,,red,1,26.0,0,-15.91
6801,226.927,red,observed,1.0,16.14,,red,1,26.24,0,-16.14
6804,227.027,red,observed,1.0,15.91,,red,1,26.24,0,-15.91
6807,227.127,red,observed,1.0,16.06,,red,1,25.29,0,-16.06
6810,227.227,red,observed,1.0,15.84,,red,1,26.24,0,-15.84
6813,227.327,red,observed,1.0,15.91,,red,1,26.0,0,-15.91
6816,227.427,red,observed,1.0,15.53,,red,1,26.0,0,-15.53
6819,227.527,red,observed,1.0,15.31,,red,1,27.54,0,-15.31
6822,227.627,red,observed,1.0,15.99,,red,1,26.95,0,-15.99
6825,227.728,red,observed,1.0,15.61,,red,1,27.66,0,-15.61
6828,227.828,red,observed,1.0,15.76,,red,1,25.4,0,-15.76
6831,227.928,red,observed,1.0,15.76,,red,1,26.47,0,-15.76
6834,228.028,red,observed,1.0,15.99,,red,1,26.59,0,-15.99
6837,228.128,red,observed,1.0,15.91,,red,1,26.95,0,-15.91
6840,228.228,red,observed,1.0,16.14,,red,1,26.24,0,-16.14
6843,228.328,red,observed,1.0,16.06,,red,1,25.76,0,-16.06
6846,228.428,red,observed,1.0,16.22,,red,1,25.88,0,-16.22
6849,228.528,red,observed,1.0,16.14,,red,1,27.18,0,-16.14
6852,228.628,red,observed,1.0,15.99,,red,1,27.07,0,-15.99
6855,228.728,red,observed,1.0,15.69,,red,1,28.13,0,-15.69
6858,228.829,red,observed,1.0,15.84,,red,1,27.3,0,-15.84
6861,228.929,red,observed,1.0,16.14,,red,1,27.66,0,-16.14
6864,229.029,red,observed,1.0,16.37,,red,1,27.3,0,-16.37
6867,229.129,red,observed,1.0,16.29,,red,1,26.35,0,-16.29
6870,229.229,red,observed,1.0,15.76,,red,1,26.47,0,-15.76
6873,229.329,red,observed,1.0,15.53,,red,1,26.47,0,-15.53
6876,229.429,red,observed,1.0,16.14,,red,1,28.61,0,-16.14
6879,229.529,red,observed,1.0,16.06,,red,1,28.61,0,-16.06
6882,229.629,red,observed,1.0,16.22,,red,1,26.47,0,-16.22
6885,229.73,red,observed,1.0,16.06,,red,1,26.47,0,-16.06
6888,229.83,red,observed,1.0,15.69,,red,1,26.95,0,-15.69
6891,229.93,red,observed,1.0,15.84,,red,1,27.3,0,-15.84
6894,230.03,red,observed,1.0,16.22,,red,1,27.3,0,-16.22
6897,230.13,red,observed,1.0,15.91,,red,1,26.83,0,-15.91
6900,230.23,red,observed,1.0,15.53,,red,1,26.47,0,-15.53
6903,230.33,red,observed,1.0,15.53,,red,1,26.47,0,-15.53
6906,230.43,red,observed,1.0,15.31,,red,1,27.54,0,-15.31
6909,230.53,red,observed,1.0,15.69,,red,1,26.0,0,-15.69
6912,230.63,red,observed,1.0,15.76,,red,1,28.49,0,-15.76
6915,230.73,red,observed,1.0,15.76,,red,1,27.3,0,-15.76
6918,230.831,red,observed,1.0,15.91,,red,1,26.47,0,-15.91
6921,230.931,red,observed,1.0,16.44,,red,1,27.66,0,-16.44
6924,231.031,red,observed,1.0,16.22,,red,1,26.59,0,-16.22
6927,231.131,red,observed,1.0,16.06,,red,1,28.13,0,-16.06
6930,231.231,red,observed,1.0,15.91,,red,1,26.0,0,-15.91
6933,231.331,red,observed,1.0,15.84,,red,1,26.12,0,-15.84
6936,231.431,red,observed,1.0,15.46,,red,1,25.76,0,-15.46
6939,231.531,red,observed,1.0,15.53,,red,1,25.88,0,-15.53
6942,231.631,red,observed,1.0,16.06,,red,1,25.64,0,-16.06
6945,231.732,red,observed,1.0,16.06,,red,1,25.76,0,-16.06
6948,231.832,red,observed,1.0,15.69,,red,1,27.42,0,-15.69
6951,231.932,red,observed,1.0,15.69,,red,1,26.47,0,-15.69
6954,232.032,red,observed,1.0,15.76,,red,1,25.29,0,-15.76
6957,232.132,red,observed,1.0,15.76,,red,1,25.76,0,-15.76
6960,232.232,red,observed,1.0,15.99,,red,1,25.52,0,-15.99
6963,232.332,red,observed,1.0,15.99,,red,1,26.71,0,-15.99
6966,232.432,red,observed,1.0,15.76,,red,1,27.66,0,-15.76
6969,232.532,red,observed,1.0,16.14,,red,1,25.17,0,-16.14
6972,232.632,red,observed,1.0,15.84,,red,1,25.29,0,-15.84
6975,232.733,red,observed,1.0,15.84,,red,1,26.24,0,-15.84
6978,232.833,red,observed,1.0,15.91,,red,1,26.47,0,-15.91
6981,232.933,red,observed,1.0,15.69,,red,1,26.59,0,-15.69
6984,233.033,red,observed,1.0,15.84,,red,1,26.0,0,-15.84
6987,233.133,red,observed,1.0,15.84,,red,1,25.64,0,-15.84
6990,233.233,red,observed,1.0,15.46,,red,1,26.0,0,-15.46
6993,233.333,red,observed,1.0,15.23,,red,1,26.0,0,-15.23
6996,233.433,red,observed,1.0,15.84,,red,1,26.95,0,-15.84
6999,233.533,red,observed,1.0,15.38,,red,1,24.69,0,-15.38
7002,233.633,red,observed,1.0,16.22,,red,1,24.81,0,-16.22
7005,233.734,red,observed,1.0,15.69,,red,1,25.4,0,-15.69
7008,233.834,red,observed,1.0,15.76,,red,1,26.12,0,-15.76
7011,233.934,red,observed,1.0,15.38,,red,1,24.93,0,-15.38
7014,234.034,red,observed,1.0,16.52,,red,1,23.98,0,-16.52
7017,234.134,red,observed,1.0,15.84,,red,1,26.24,0,-15.84
7020,234.234,red,observed,1.0,15.46,,red,1,23.98,0,-15.46
7023,234.334,red,observed,1.0,15.84,,red,1,24.81,0,-15.84
7026,234.434,red,observed,1.0,15.91,,red,1,25.52,0,-15.91
7029,234.534,red,observed,1.0,15.84,,red,1,25.76,0,-15.84
7032,234.634,red,observed,1.0,16.22,,red,1,26.35,0,-16.22
7035,234.734,red,observed,1.0,16.14,,red,1,26.24,0,-16.14
7038,234.835,red,observed,1.0,15.69,,red,1,23.98,0,-15.69
7041,234.935,red,observed,1.0,15.84,,red,1,25.05,0,-15.84
7044,235.035,red,observed,1.0,15.53,,red,1,25.4,0,-15.53
7047,235.135,red,observed,1.0,15.46,,red,1,25.17,0,-15.46
7050,235.235,red,observed,1.0,15.38,,red,1,24.93,0,-15.38
7053,235.335,red,observed,1.0,15.23,,red,1,26.47,0,-15.23
7056,235.435,red,observed,1.0,15.76,,red,1,25.88,0,-15.76
7059,235.535,red,observed,1.0,16.14,,red,1,26.12,0,-16.14
7062,235.635,red,observed,1.0,15.91,,red,1,24.34,0,-15.91
7065,235.736,red,observed,1.0,16.44,,red,1,25.88,0,-16.44
7068,235.836,red,observed,1.0,16.06,,red,1,25.88,0,-16.06
7071,235.936,red,observed,1.0,15.69,,red,1,24.69,0,-15.69
7074,236.036,red,observed,1.0,15.99,,red,1,26.12,0,-15.99
7077,236.136,red,observed,1.0,16.52,,red,1,25.64,0,-16.52
7080,236.236,red,observed,1.0,16.06,,red,1,25.4,0,-16.06
7083,236.336,red,observed,1.0,16.06,,red,1,27.07,0,-16.06
7086,236.436,red,observed,1.0,15.84,,red,1,25.4,0,-15.84
7089,236.536,red,observed,1.0,16.06,,red,1,26.47,0,-16.06
7092,236.636,red,observed,1.0,15.61,,red,1,25.52,0,-15.61
7095,236.736,red,observed,1.0,15.91,,red,1,25.52,0,-15.91
7098,236.837,red,observed,1.0,15.84,,red,1,25.4,0,-15.84
7101,236.937,red,observed,1.0,16.14,,red,1,25.4,0,-16.14
7104,237.037,red,observed,1.0,15.91,,red,1,26.0,0,-15.91
7107,237.137,red,observed,1.0,15.53,,red,1,25.64,0,-15.53
7110,237.237,red,observed,1.0,15.99,,red,1,26.35,0,-15.99
7113,237.337,red,observed,1.0,16.29,,red,1,26.12,0,-16.29
7116,237.437,red,observed,1.0,16.06,,red,1,26.59,0,-16.06
7119,237.537,red,observed,1.0,15.91,,red,1,26.24,0,-15.91
7122,237.637,red,observed,1.0,16.29,,red,1,26.71,0,-16.29
7125,237.738,red,observed,1.0,15.69,,red,1,26.0,0,-15.69
7128,237.838,red,observed,1.0,15.76,,red,1,26.59,0,-15.76
7131,237.938,red,observed,1.0,15.16,,red,1,28.37,0,-15.16
7134,238.038,red,observed,1.0,15.84,,red,1,25.4,0,-15.84
7137,238.138,red,observed,1.0,15.46,,red,1,25.05,0,-15.46
7140,238.238,red,observed,1.0,15.38,,red,1,27.42,0,-15.38
7143,238.338,red,observed,1.0,15.53,,red,1,28.73,0,-15.53
7146,238.438,red,observed,1.0,16.37,,red,1,26.24,0,-16.37
7149,238.538,red,observed,1.0,16.06,,red,1,25.88,0,-16.06
7152,238.638,red,observed,1.0,16.29,,red,1,26.83,0,-16.29
7155,238.739,red,observed,1.0,16.06,,red,1,27.9,0,-16.06
7158,238.839,red,observed,1.0,16.06,,red,1,26.24,0,-16.06
7161,238.939,red,observed,1.0,15.31,,red,1,25.64,0,-15.31
7164,239.039,red,observed,1.0,15.99,,red,1,26.12,0,-15.99
7167,239.139,red,observed,1.0,16.14,,red,1,26.47,0,-16.14
7170,239.239,red,observed,1.0,15.99,,red,1,26.59,0,-15.99
7173,239.339,red,observed,1.0,15.38,,red,1,25.17,0,-15.38
7176,239.439,red,observed,1.0,15.61,,red,1,26.35,0,-15.61
7179,239.539,red,observed,1.0,15.16,,red,1,26.12,0,-15.16
7182,239.639,red,observed,1.0,15.84,,red,1,26.12,0,-15.84
7185,239.74,red,observed,1.0,16.14,,red,1,26.12,0,-16.14
7188,239.84,red,observed,1.0,15.84,,red,1,26.0,0,-15.84
7191,239.94,red,observed,1.0,16.14,,red,1,26.0,0,-16.14
7194,240.04,red,observed,1.0,15.69,,red,1,25.52,0,-15.69
7197,240.14,red,observed,1.0,16.14,,red,1,26.24,0,-16.14
7200,240.24,red,observed,1.0,16.06,,red,1,26.24,0,-16.06
7203,240.34,red,observed,1.0,16.29,,red,1,26.47,0,-16.29
7206,240.44,red,observed,1.0,15.31,,red,1,25.4,0,-15.31
7209,240.54,red,observed,1.0,15.84,,red,1,25.17,0,-15.84
7212,240.64,red,observed,1.0,15.76,,red,1,26.35,0,-15.76
7215,240.74,red,observed,1.0,15.91,,red,1,26.83,0,-15.91
7218,240.841,red,observed,1.0,16.14,,red,1,25.4,0,-16.14
7221,240.941,red,observed,1.0,15.91,,red,1,25.52,0,-15.91
7224,241.041,red,observed,1.0,15.69,,red,1,25.76,0,-15.69
7227,241.141,red,observed,1.0,15.84,,red,1,26.12,0,-15.84
7230,241.241,red,observed,1.0,16.06,,red,1,25.29,0,-16.06
7233,241.341,red,observed,1.0,15.91,,red,1,27.07,0,-15.91
7236,241.441,red,observed,1.0,15.69,,red,1,24.34,0,-15.69
7239,241.541,red,observed,1.0,15.46,,red,1,26.59,0,-15.46
7242,241.641,red,observed,1.0,16.14,,red,1,25.4,0,-16.14
7245,241.742,red,observed,1.0,16.06,,red,1,25.4,0,-16.06
7248,241.842,red,observed,1.0,15.46,,red,1,25.29,0,-15.46
7251,241.942,red,observed,1.0,16.14,,red,1,26.47,0,-16.14
7254,242.042,red,observed,1.0,16.29,,red,1,25.17,0,-16.29
7257,242.142,red,observed,1.0,15.91,,red,1,24.69,0,-15.91
7260,242.242,red,observed,1.0,15.91,,red,1,25.29,0,-15.91
7263,242.342,red,observed,1.0,15.99,,red,1,25.4,0,-15.99
7266,242.442,red,observed,1.0,15.46,,red,1,25.52,0,-15.46
7269,242.542,red,observed,1.0,16.29,,red,1,26.0,0,-16.29
7272,242.642,red,observed,1.0,15.61,,red,1,26.35,0,-15.61
7275,242.742,red,observed,1.0,16.22,,red,1,25.4,0,-16.22
7278,242.843,red,observed,1.0,16.14,,red,1,25.52,0,-16.14
7281,242.943,red,observed,1.0,15.76,,red,1,24.22,0,-15.76
7284,243.043,red,observed,1.0,15.76,,red,1,23.98,0,-15.76
7287,243.143,red,observed,1.0,16.06,,red,1,24.57,0,-16.06
7290,243.243,red,observed,1.0,16.52,,red,1,25.76,0,-16.52
7293,243.343,red,observed,1.0,16.06,,red,1,25.88,0,-16.06
7296,243.443,red,observed,1.0,15.69,,red,1,24.93,0,-15.69
7299,243.543,red,observed,1.0,15.84,,red,1,25.29,0,-15.84
7302,243.643,red,observed,1.0,15.61,,red,1,24.1,0,-15.61
7305,243.744,red,observed,1.0,15.31,,red,1,25.17,0,-15.31
7308,243.844,red,observed,1.0,15.46,,red,1,24.57,0,-15.46
7311,243.944,red,observed,1.0,16.52,,red,1,25.17,0,-16.52
7314,244.044,red,observed,1.0,15.84,,red,1,26.0,0,-15.84
7317,244.144,red,observed,1.0,15.16,,red,1,24.22,0,-15.16
7320,244.244,red,observed,1.0,15.08,,red,1,25.64,0,-15.08
7323,244.344,red,observed,1.0,15.84,,red,1,25.76,0,-15.84
7326,244.444,red,observed,1.0,15.61,,red,1,24.93,0,-15.61
7329,244.544,red,observed,1.0,15.46,,red,1,26.24,0,-15.46
7332,244.644,red,observed,1.0,15.16,,red,1,24.69,0,-15.16
7335,244.745,red,observed,1.0,15.61,,red,1,23.98,0,-15.61
7338,244.845,red,observed,1.0,15.38,,red,1,24.69,0,-15.38
7341,244.945,green,observed,1.0,17.13,,green,0,-26.35,1,17.13
7344,245.045,green,observed,1.0,17.88,,green,0,-26.71,1,17.88
7347,245.145,green,observed,1.0,17.35,,green,0,-26.0,1,17.35
7350,245.245,green,observed,1.0,18.26,,green,0,-27.42,1,18.26
7353,245.345,green,observed,1.0,18.19,,green,0,-26.24,1,18.19
7356,245.445,green,observed,1.0,17.81,,green,0,-27.07,1,17.81
7359,245.545,green,observed,1.0,17.05,,green,0,-26.59,1,17.05
7362,245.645,green,observed,1.0,16.97,,green,0,-27.78,1,16.97
7365,245.746,green,observed,1.0,18.26,,green,0,-27.66,1,18.26
7368,245.846,green,observed,1.0,16.67,,green,0,-26.71,1,16.67
7371,245.946,green,observed,1.0,16.82,,green,0,-27.78,1,16.82
7374,246.046,green,observed,1.0,17.66,,green,0,-27.18,1,17.66
7377,246.146,green,observed,1.0,17.5,,green,0,-26.47,1,17.5
7380,246.246,green,observed,1.0,17.96,,green,0,-27.66,1,17.96
7383,246.346,green,observed,1.0,17.66,,green,0,-27.42,1,17.66
7386,246.446,green,observed,1.0,16.9,,green,0,-27.18,1,16.9
7389,246.546,green,observed,1.0,16.9,,green,0,-26.35,1,16.9
7392,246.646,green,observed,1.0,16.82,,green,0,-26.95,1,16.82
7395,246.746,green,observed,1.0,16.82,,green,0,-26.71,1,16.82
7398,246.847,green,observed,1.0,17.43,,green,0,-27.66,1,17.43
7401,246.947,green,observed,1.0,17.2,,green,0,-26.35,1,17.2
7404,247.047,green,observed,1.0,17.28,,green,0,-26.47,1,17.28
7407,247.147,green,observed,1.0,17.2,,green,0,-26.0,1,17.2
7410,247.247,green,observed,1.0,17.05,,green,0,-26.0,1,17.05
7413,247.347,green,observed,1.0,16.37,,green,0,-26.71,1,16.37
7416,247.447,green,observed,1.0,16.67,,green,0,-26.83,1,16.67
7419,247.547,green,observed,1.0,15.84,,green,0,-26.12,1,15.84
7422,247.647,green,observed,1.0,15.91,,green,0,-26.95,1,15.91
7425,247.748,green,observed,1.0,15.76,,green,0,-26.47,1,15.76
7428,247.848,green,observed,1.0,15.76,,green,0,-26.12,1,15.76
7431,247.948,green,observed,1.0,16.06,,green,0,-25.76,1,16.06
7434,248.048,green,observed,1.0,15.08,,green,0,-26.47,1,15.08
7437,248.148,green,observed,1.0,15.31,,green,0,-26.71,1,15.31
7440,248.248,green,observed,1.0,14.93,,green,0,-26.59,1,14.93
7443,248.348,green,observed,1.0,15.76,,green,0,-26.59,1,15.76
7446,248.448,green,observed,1.0,14.55,,green,0,-26.71,1,14.55
7449,248.548,green,observed,1.0,14.62,,green,0,-27.07,1,14.62
7452,248.648,green,observed,1.0,14.93,,green,0,-26.95,1,14.93
7455,248.748,green,observed,1.0,14.93,,green,0,-26.83,1,14.93
7458,248.849,green,observed,1.0,14.55,,green,0,-27.07,1,14.55
7461,248.949,green,observed,1.0,14.4,,green,0,-26.24,1,14.4
7464,249.049,green,observed,1.0,15.08,,green,0,-26.12,1,15.08
7467,249.149,green,observed,1.0,14.7,,green,0,-26.47,1,14.7
7470,249.249,green,observed,1.0,14.93,,green,0,-26.71,1,14.93
7473,249.349,green,observed,1.0,14.17,,green,0,-27.18,1,14.17
7476,249.449,green,observed,1.0,15.08,,green,0,-26.24,1,15.08
7479,249.549,green,observed,1.0,14.55,,green,0,-26.71,1,14.55
7482,249.649,green,observed,1.0,13.79,,green,0,-27.18,1,13.79
7485,249.75,green,observed,1.0,13.94,,green,0,-27.42,1,13.94
7488,249.85,green,observed,1.0,13.72,,green,0,-26.24,1,13.72
7491,249.95,green,observed,1.0,13.94,,green,0,-26.47,1,13.94
7494,250.05,green,observed,1.0,14.85,,green,0,-26.24,1,14.85
7497,250.15,green,observed,1.0,14.25,,green,0,-27.18,1,14.25
7500,250.25,green,observed,1.0,14.32,,green,0,-27.42,1,14.32
7503,250.35,green,observed,1.0,14.85,,green,0,-27.3,1,14.85
7506,250.45,green,observed,1.0,14.85,,green,0,-27.54,1,14.85
7509,250.55,green,observed,1.0,13.87,,green,0,-26.47,1,13.87
7512,250.65,green,observed,1.0,14.25,,green,0,-26.83,1,14.25
7515,250.751,green,observed,1.0,13.79,,green,0,-27.3,1,13.79
7518,250.851,green,observed,1.0,14.17,,green,0,-26.83,1,14.17
7521,250.951,green,observed,1.0,14.62,,green,0,-26.59,1,14.62
7524,251.051,green,observed,1.0,14.55,,green,0,-25.88,1,14.55
7527,251.151,green,observed,1.0,14.7,,green,0,-27.18,1,14.7
7530,251.251,green,observed,1.0,15.69,,green,0,-27.54,1,15.69
7533,251.351,green,observed,1.0,15.0,,green,0,-26.83,1,15.0
7536,251.451,green,observed,1.0,14.55,,green,0,-26.35,1,14.55
7539,251.551,green,observed,1.0,14.62,,green,0,-26.47,1,14.62
7542,251.651,green,observed,1.0,14.7,,green,0,-26.95,1,14.7
7545,251.752,green,observed,1.0,15.16,,green,0,-26.0,1,15.16
7548,251.852,green,observed,1.0,15.84,,green,0,-26.83,1,15.84
7551,251.952,green,observed,1.0,16.59,,green,0,-25.64,1,16.59
7554,252.052,green,observed,1.0,15.23,,green,0,-26.71,1,15.23
7557,252.152,green,observed,1.0,15.16,,green,0,-26.83,1,15.16
7560,252.252,green,observed,1.0,15.23,,green,0,-26.24,1,15.23
7563,252.352,green,observed,1.0,15.38,,green,0,-27.18,1,15.38
7566,252.452,green,observed,1.0,15.38,,green,0,-26.59,1,15.38
7569,252.552,green,observed,1.0,16.22,,green,0,-27.18,1,16.22
7572,252.652,green,observed,1.0,16.06,,green,0,-26.47,1,16.06
7575,252.752,green,observed,1.0,16.75,,green,0,-26.47,1,16.75
7578,252.853,green,observed,1.0,16.06,,green,0,-26.59,1,16.06
7581,252.953,green,observed,1.0,16.29,,green,0,-27.07,1,16.29
7584,253.053,green,observed,1.0,17.5,,green,0,-26.24,1,17.5
7587,253.153,green,observed,1.0,17.35,,green,0,-26.24,1,17.35
7590,253.253,green,observed,1.0,16.82,,green,0,-26.47,1,16.82
7593,253.353,green,observed,1.0,16.82,,green,0,-27.18,1,16.82
7596,253.453,green,observed,1.0,16.59,,green,0,-25.4,1,16.59
7599,253.553,green,observed,1.0,16.52,,green,0,-26.35,1,16.52
7602,253.653,green,observed,1.0,16.82,,green,0,-26.0,1,16.82
7605,253.754,green,observed,1.0,16.67,,green,0,-27.42,1,16.67
7608,253.854,green,observed,1.0,16.52,,green,0,-27.3,1,16.52
7611,253.954,green,observed,1.0,18.49,,green,0,-26.24,1,18.49
7614,254.054,green,observed,1.0,17.13,,green,0,-26.35,1,17.13
7617,254.154,green,observed,1.0,17.43,,green,0,-26.0,1,17.43
7620,254.254,green,observed,1.0,16.82,,green,0,-26.35,1,16.82
7623,254.354,green,observed,1.0,17.2,,green,0,-26.47,1,17.2
7626,254.454,green,observed,1.0,17.2,,green,0,-26.0,1,17.2
7629,254.554,green,observed,1.0,16.29,,green,0,-25.88,1,16.29
7632,254.654,green,observed,1.0,18.64,,green,0,-26.71,1,18.64
7635,254.754,green,observed,1.0,16.59,,green,0,-26.47,1,16.59
7638,254.855,green,observed,1.0,17.5,,green,0,-26.47,1,17.5
7641,254.955,green,observed,1.0,16.9,,green,0,-26.59,1,16.9
7644,255.055,green,observed,1.0,17.2,,green,0,-26.12,1,17.2
7647,255.155,green,observed,1.0,16.29,,green,0,-25.64,1,16.29
7650,255.255,green,observed,1.0,18.03,,green,0,-27.3,1,18.03
7653,255.355,green,observed,1.0,16.97,,green,0,-27.07,1,16.97
7656,255.455,green,observed,1.0,17.5,,green,0,-26.71,1,17.5
7659,255.555,green,observed,1.0,16.59,,green,0,-26.47,1,16.59
7662,255.655,green,observed,1.0,17.58,,green,0,-26.12,1,17.58
7665,255.756,green,observed,1.0,16.67,,green,0,-26.83,1,16.67
7668,255.856,green,observed,1.0,16.9,,green,0,-26.95,1,16.9
7671,255.956,green,observed,1.0,17.43,,green,0,-26.24,1,17.43
7674,256.056,green,observed,1.0,16.52,,green,0,-26.95,1,16.52
7677,256.156,green,observed,1.0,16.59,,green,0,-26.35,1,16.59
7680,256.256,green,observed,1.0,16.82,,green,0,-26.24,1,16.82
7683,256.356,green,observed,1.0,17.2,,green,0,-27.07,1,17.2
7686,256.456,green,observed,1.0,16.22,,green,0,-26.24,1,16.22
7689,256.556,green,observed,1.0,17.13,,green,0,-26.12,1,17.13
7692,256.656,green,observed,1.0,16.82,,green,0,-25.76,1,16.82
7695,256.757,green,observed,1.0,16.37,,green,0,-26.83,1,16.37
7698,256.857,green,observed,1.0,15.84,,green,0,-26.71,1,15.84
7701,256.957,green,observed,1.0,15.16,,green,0,-26.12,1,15.16
7704,257.057,green,observed,1.0,15.23,,green,0,-26.12,1,15.23
7707,257.157,green,observed,1.0,15.76,,green,0,-26.71,1,15.76
7710,257.257,green,observed,1.0,15.31,,green,0,-26.59,1,15.31
7713,257.357,green,observed,1.0,16.14,,green,0,-27.3,1,16.14
7716,257.457,green,observed,1.0,14.7,,green,0,-26.24,1,14.7
7719,257.557,green,observed,1.0,15.76,,green,0,-26.95,1,15.76
7722,257.657,green,observed,1.0,15.76,,green,0,-26.71,1,15.76
7725,257.758,green,observed,1.0,15.76,,green,0,-26.0,1,15.76
7728,257.858,green,observed,1.0,15.08,,green,0,-27.18,1,15.08
7731,257.958,green,observed,1.0,15.16,,green,0,-25.88,1,15.16
7734,258.058,green,observed,1.0,14.17,,green,0,-26.71,1,14.17
7737,258.158,green,observed,1.0,13.87,,green,0,-26.59,1,13.87
7740,258.258,green,observed,1.0,14.62,,green,0,-26.47,1,14.62
7743,258.358,green,observed,1.0,15.08,,green,0,-26.59,1,15.08
7746,258.458,green,observed,1.0,14.02,,green,0,-25.76,1,14.02
7749,258.558,green,observed,1.0,14.4,,green,0,-25.76,1,14.4
7752,258.658,green,observed,1.0,14.85,,green,0,-26.47,1,14.85
7755,258.759,green,observed,1.0,14.62,,green,0,-27.07,1,14.62
7758,258.859,green,observed,1.0,14.47,,green,0,-26.12,1,14.47
7761,258.959,green,observed,1.0,14.85,,green,0,-26.12,1,14.85
7764,259.059,green,observed,1.0,14.47,,green,0,-26.0,1,14.47
7767,259.159,green,observed,1.0,14.7,,green,0,-26.0,1,14.7
7770,259.259,green,observed,1.0,14.78,,green,0,-26.83,1,14.78
7773,259.359,green,observed,1.0,13.79,,green,0,-26.47,1,13.79
7776,259.459,green,observed,1.0,14.4,,green,0,-26.59,1,14.4
7779,259.559,green,observed,1.0,14.25,,green,0,-26.0,1,14.25
7782,259.659,green,observed,1.0,13.56,,green,0,-27.3,1,13.56
7785,259.76,green,observed,1.0,13.94,,green,0,-26.35,1,13.94
7788,259.86,green,observed,1.0,13.79,,green,0,-26.59,1,13.79
7791,259.96,green,observed,1.0,13.64,,green,0,-26.24,1,13.64
7794,260.06,green,observed,1.0,14.4,,green,0,-26.95,1,14.4
7797,260.16,green,observed,1.0,14.62,,green,0,-26.24,1,14.62
7800,260.26,green,observed,1.0,14.17,,green,0,-27.78,1,14.17
7803,260.36,green,observed,1.0,14.25,,green,0,-27.54,1,14.25
7806,260.46,green,observed,1.0,14.32,,green,0,-26.24,1,14.32
7809,260.56,green,observed,1.0,14.78,,green,0,-26.59,1,14.78
7812,260.66,green,observed,1.0,14.47,,green,0,-26.35,1,14.47
7815,260.76,green,observed,1.0,14.55,,green,0,-25.76,1,14.55
7818,260.861,green,observed,1.0,14.4,,green,0,-26.95,1,14.4
7821,260.961,green,observed,1.0,14.09,,green,0,-27.07,1,14.09
7824,261.061,green,observed,1.0,14.17,,green,0,-26.59,1,14.17
7827,261.161,green,observed,1.0,14.62,,green,0,-26.47,1,14.62
7830,261.261,green,observed,1.0,15.23,,green,0,-26.59,1,15.23
7833,261.361,green,observed,1.0,15.46,,green,0,-26.59,1,15.46
7836,261.461,green,observed,1.0,15.38,,green,0,-26.35,1,15.38
7839,261.561,green,observed,1.0,15.76,,green,0,-26.71,1,15.76
7842,261.661,green,observed,1.0,15.08,,green,0,-26.59,1,15.08
7845,261.762,green,observed,1.0,15.76,,green,0,-26.71,1,15.76
7848,261.862,green,observed,1.0,16.14,,green,0,-26.83,1,16.14
7851,261.962,green,observed,1.0,16.14,,green,0,-26.59,1,16.14
7854,262.062,green,observed,1.0,15.38,,green,0,-26.35,1,15.38
7857,262.162,green,observed,1.0,16.22,,green,0,-26.83,1,16.22
7860,262.262,green,observed,1.0,16.22,,green,0,-26.59,1,16.22
7863,262.362,green,observed,1.0,16.06,,green,0,-26.71,1,16.06
7866,262.462,green,observed,1.0,17.5,,green,0,-26.35,1,17.5
7869,262.562,green,observed,1.0,15.53,,green,0,-26.95,1,15.53
7872,262.662,green,observed,1.0,17.28,,green,0,-26.83,1,17.28
7875,262.762,green,observed,1.0,17.05,,green,0,-26.83,1,17.05
7878,262.863,green,observed,1.0,16.59,,green,0,-26.47,1,16.59
7881,262.963,green,observed,1.0,17.2,,green,0,-26.59,1,17.2
7884,263.063,green,observed,1.0,17.28,,green,0,-26.24,1,17.28
7887,263.163,green,observed,1.0,17.43,,green,0,-27.07,1,17.43
7890,263.263,green,observed,1.0,17.05,,green,0,-28.02,1,17.05
7893,263.363,green,observed,1.0,16.82,,green,0,-27.07,1,16.82
7896,263.463,green,observed,1.0,17.2,,green,0,-26.24,1,17.2
7899,263.563,green,observed,1.0,17.28,,green,0,-26.83,1,17.28
7902,263.663,green,observed,1.0,17.05,,green,0,-25.52,1,17.05
7905,263.764,green,observed,1.0,18.26,,green,0,-27.18,1,18.26
7908,263.864,green,observed,1.0,18.11,,green,0,-27.54,1,18.11
7911,263.964,green,observed,1.0,18.56,,green,0,-26.35,1,18.56
7914,264.064,green,observed,1.0,17.05,,green,0,-27.18,1,17.05
7917,264.164,green,observed,1.0,17.88,,green,0,-27.07,1,17.88
7920,264.264,green,observed,1.0,17.35,,green,0,-26.71,1,17.35
7923,264.364,green,observed,1.0,17.05,,green,0,-26.71,1,17.05
7926,264.464,green,observed,1.0,17.13,,green,0,-26.24,1,17.13
7929,264.564,green,observed,1.0,17.2,,green,0,-26.83,1,17.2
7932,264.664,green,observed,1.0,17.35,,green,0,-26.95,1,17.35
7935,264.764,green,observed,1.0,17.58,,green,0,-27.07,1,17.58
7938,264.865,green,observed,1.0,16.9,,green,0,-27.18,1,16.9
7941,264.965,green,observed,1.0,17.43,,green,0,-26.35,1,17.43
7944,265.065,green,observed,1.0,17.35,,green,0,-26.47,1,17.35
7947,265.165,green,observed,1.0,16.67,,green,0,-26.47,1,16.67
7950,265.265,green,observed,1.0,17.13,,green,0,-26.71,1,17.13
7953,265.365,green,observed,1.0,16.37,,green,0,-26.83,1,16.37
7956,265.465,green,observed,1.0,16.67,,green,0,-26.35,1,16.67
7959,265.565,green,observed,1.0,16.82,,green,0,-27.07,1,16.82
7962,265.665,green,observed,1.0,16.9,,green,0,-26.0,1,16.9
7965,265.766,green,observed,1.0,16.44,,green,0,-26.71,1,16.44
7968,265.866,green,observed,1.0,16.44,,green,0,-27.42,1,16.44
7971,265.966,green,observed,1.0,15.76,,green,0,-27.3,1,15.76
7974,266.066,green,observed,1.0,15.53,,green,0,-26.35,1,15.53
7977,266.166,green,observed,1.0,15.31,,green,0,-26.59,1,15.31
7980,266.266,green,observed,1.0,16.14,,green,0,-27.3,1,16.14
7983,266.366,green,observed,1.0,16.59,,green,0,-26.12,1,16.59
7986,266.466,green,observed,1.0,15.31,,green,0,-25.64,1,15.31
7989,266.566,green,observed,1.0,15.46,,green,0,-26.59,1,15.46
7992,266.666,green,observed,1.0,15.76,,green,0,-26.71,1,15.76
7995,266.766,green,observed,1.0,15.16,,green,0,-27.42,1,15.16
7998,266.867,green,observed,1.0,13.87,,green,0,-26.71,1,13.87
8001,266.967,green,observed,1.0,14.25,,green,0,-26.59,1,14.25
8004,267.067,green,observed,1.0,14.47,,green,0,-26.59,1,14.47
8007,267.167,green,observed,1.0,14.02,,green,0,-26.35,1,14.02
8010,267.267,green,observed,1.0,14.4,,green,0,-26.83,1,14.4
8013,267.367,green,observed,1.0,14.47,,green,0,-26.71,1,14.47
8016,267.467,green,observed,1.0,12.88,,green,0,-26.0,1,12.88
8019,267.567,green,observed,1.0,14.55,,green,0,-26.83,1,14.55
8022,267.667,green,observed,1.0,14.17,,green,0,-26.71,1,14.17
8025,267.768,green,observed,1.0,13.64,,green,0,-27.42,1,13.64
8028,267.868,green,observed,1.0,13.26,,green,0,-26.12,1,13.26
8031,267.968,green,observed,1.0,14.17,,green,0,-26.0,1,14.17
8034,268.068,green,observed,1.0,14.02,,green,0,-26.35,1,14.02
8037,268.168,green,observed,1.0,14.7,,green,0,-27.07,1,14.7
8040,268.268,green,observed,1.0,13.94,,green,0,-26.71,1,13.94
8043,268.368,green,observed,1.0,13.34,,green,0,-26.71,1,13.34
8046,268.468,green,observed,1.0,13.18,,green,0,-26.12,1,13.18
8049,268.568,green,observed,1.0,14.55,,green,0,-27.54,1,14.55
8052,268.668,green,observed,1.0,13.72,,green,0,-26.59,1,13.72
8055,268.768,green,observed,1.0,13.79,,green,0,-26.95,1,13.79
8058,268.869,green,observed,1.0,13.49,,green,0,-26.83,1,13.49
8061,268.969,green,observed,1.0,13.64,,green,0,-26.12,1,13.64
8064,269.069,green,observed,1.0,14.09,,green,0,-26.83,1,14.09
8067,269.169,green,observed,1.0,14.4,,green,0,-26.12,1,14.4
8070,269.269,green,observed,1.0,13.56,,green,0,-26.95,1,13.56
8073,269.369,green,observed,1.0,14.09,,green,0,-26.83,1,14.09
8076,269.469,green,observed,1.0,13.72,,green,0,-26.71,1,13.72
8079,269.569,green,observed,1.0,13.64,,green,0,-27.07,1,13.64
8082,269.669,green,observed,1.0,15.0,,green,0,-26.83,1,15.0
8085,269.77,green,observed,1.0,14.55,,green,0,-26.95,1,14.55
8088,269.87,green,observed,1.0,15.38,,green,0,-26.59,1,15.38
8091,269.97,green,observed,1.0,15.23,,green,0,-27.18,1,15.23
8094,270.07,green,observed,1.0,14.78,,green,0,-26.83,1,14.78
8097,270.17,green,observed,1.0,15.61,,green,0,-26.71,1,15.61
8100,270.27,green,observed,1.0,14.78,,green,0,-26.71,1,14.78
8103,270.37,green,observed,1.0,14.62,,green,0,-26.35,1,14.62
8106,270.47,green,observed,1.0,15.76,,green,0,-26.95,1,15.76
8109,270.57,green,observed,1.0,15.31,,green,0,-26.24,1,15.31
8112,270.67,green,observed,1.0,15.46,,green,0,-27.18,1,15.46
8115,270.77,green,observed,1.0,15.53,,green,0,-27.18,1,15.53
8118,270.871,green,observed,1.0,15.46,,green,0,-26.95,1,15.46
8121,270.971,green,observed,1.0,15.53,,green,0,-26.35,1,15.53
8124,271.071,green,observed,1.0,15.38,,green,0,-26.59,1,15.38
8127,271.171,green,observed,1.0,15.69,,green,0,-25.4,1,15.69
8130,271.271,green,observed,1.0,16.52,,green,0,-26.95,1,16.52
8133,271.371,green,observed,1.0,15.76,,green,0,-26.71,1,15.76
8136,271.471,green,observed,1.0,16.06,,green,0,-26.95,1,16.06
8139,271.571,green,observed,1.0,16.37,,green,0,-25.64,1,16.37
8142,271.671,green,observed,1.0,16.22,,green,0,-26.47,1,16.22
8145,271.772,green,observed,1.0,17.13,,green,0,-27.18,1,17.13
8148,271.872,green,observed,1.0,16.06,,green,0,-26.71,1,16.06
8151,271.972,green,observed,1.0,15.69,,green,0,-26.35,1,15.69
8154,272.072,green,observed,1.0,16.67,,green,0,-26.47,1,16.67
8157,272.172,green,observed,1.0,17.28,,green,0,-26.12,1,17.28
8160,272.272,green,observed,1.0,17.28,,green,0,-27.42,1,17.28
8163,272.372,green,observed,1.0,16.97,,green,0,-27.18,1,16.97
8166,272.472,green,observed,1.0,17.35,,green,0,-27.07,1,17.35
8169,272.572,green,observed,1.0,17.88,,green,0,-25.88,1,17.88
8172,272.672,green,observed,1.0,16.37,,green,0,-26.59,1,16.37
8175,272.772,green,observed,1.0,16.75,,green,0,-26.59,1,16.75
8178,272.873,green,observed,1.0,17.5,,green,0,-26.35,1,17.5
8181,272.973,green,observed,1.0,16.52,,green,0,-26.83,1,16.52
8184,273.073,green,observed,1.0,16.82,,green,0,-26.47,1,16.82
8187,273.173,green,observed,1.0,16.59,,green,0,-26.71,1,16.59
8190,273.273,green,observed,1.0,16.67,,green,0,-26.71,1,16.67
8193,273.373,green,observed,1.0,17.28,,green,0,-26.59,1,17.28
8196,273.473,green,observed,1.0,16.59,,green,0,-26.83,1,16.59
8199,273.573,green,observed,1.0,17.28,,green,0,-26.71,1,17.28
8202,273.673,green,observed,1.0,16.9,,green,0,-26.83,1,16.9
8205,273.774,green,observed,1.0,17.05,,green,0,-25.64,1,17.05
8208,273.874,green,observed,1.0,16.59,,green,0,-27.18,1,16.59
8211,273.974,green,observed,1.0,16.97,,green,0,-26.35,1,16.97
8214,274.074,green,observed,1.0,17.05,,green,0,-26.59,1,17.05
8217,274.174,green,observed,1.0,16.75,,green,0,-26.59,1,16.75
8220,274.274,green,observed,1.0,16.82,,green,0,-26.24,1,16.82
8223,274.374,green,observed,1.0,16.67,,green,0,-26.12,1,16.67
8226,274.474,green,observed,1.0,16.67,,green,0,-27.07,1,16.67
8229,274.574,green,observed,1.0,16.52,,green,0,-27.07,1,16.52
8232,274.674,green,observed,1.0,16.37,,green,0,-27.07,1,16.37
8235,274.774,green,observed,1.0,16.44,,green,0,-26.95,1,16.44
8238,274.875,green_blink,observed,1.0,14.02,,green_flash,0,-27.3,0,-14.02
8241,274.975,green_blink,observed,1.0,14.85,,green_flash,0,-26.59,0,-14.85
8244,275.075,green_blink,observed,1.0,15.46,,green_flash,0,-26.59,0,-15.46
8247,275.175,green_blink,observed,1.0,15.99,,green_flash,0,-26.59,0,-15.99
8250,275.275,green_blink,observed,1.0,15.16,,green_flash,0,-27.9,0,-15.16
8253,275.375,green_blink,observed,1.0,12.96,,green,0,-26.24,1,12.96
8256,275.475,green_blink,observed,1.0,15.16,,green,0,-25.88,1,15.16
8259,275.575,green_blink,observed,1.0,14.32,,green,0,-26.47,1,14.32
8262,275.675,green_blink,observed,1.0,14.32,,green,0,-26.47,1,14.32
8265,275.776,green_blink,observed,1.0,14.25,,green,0,-26.47,1,14.25
8268,275.876,green_blink,observed,1.0,15.31,,green_flash,0,-26.24,0,-15.31
8271,275.976,green_blink,observed,1.0,14.93,,green_flash,0,-26.95,0,-14.93
8274,276.076,green_blink,observed,1.0,15.53,,green_flash,0,-26.59,0,-15.53
8277,276.176,green_blink,observed,1.0,15.38,,green_flash,0,-26.35,0,-15.38
8280,276.276,green_blink,observed,1.0,15.0,,green_flash,0,-26.59,0,-15.0
8283,276.376,green_blink,observed,1.0,12.73,,green,0,-25.52,1,12.73
8286,276.476,green_blink,observed,1.0,12.73,,green,0,-25.88,1,12.73
8289,276.576,green_blink,observed,1.0,13.87,,green,0,-26.0,1,13.87
8292,276.676,green_blink,observed,1.0,13.56,,green,0,-26.12,1,13.56
8295,276.776,green_blink,observed,1.0,13.64,,green,0,-26.83,1,13.64
8298,276.877,green_blink,observed,1.0,15.16,,green_flash,0,-26.24,0,-15.16
8301,276.977,green_blink,observed,1.0,16.06,,green_flash,0,-26.24,0,-16.06
8304,277.077,green_blink,observed,1.0,15.46,,green_flash,0,-25.52,0,-15.46
8307,277.177,green_blink,observed,1.0,16.06,,green_flash,0,-26.24,0,-16.06
8310,277.277,green_blink,observed,1.0,15.61,,green_flash,0,-26.59,0,-15.61
8313,277.377,green_blink,observed,1.0,12.88,,green,0,-25.4,1,12.88
8316,277.477,green_blink,observed,1.0,13.72,,green,0,-26.24,1,13.72
8319,277.577,green_blink,observed,1.0,13.72,,green,0,-26.0,1,13.72
8322,277.677,green_blink,observed,1.0,12.58,,green,0,-26.0,1,12.58
8325,277.778,green_blink,observed,1.0,14.02,,green,0,-26.12,1,14.02
8328,277.878,green_blink,observed,1.0,15.16,,green_flash,0,-27.18,0,-15.16
8331,277.978,red,observed,1.0,15.46,,red,1,29.32,0,-15.46
8334,278.078,red,observed,1.0,15.69,,red,1,26.71,0,-15.69
8337,278.178,red,observed,1.0,15.99,,red,1,27.54,0,-15.99
8340,278.278,red,observed,1.0,15.69,,red,1,25.76,0,-15.69
8343,278.378,red,observed,1.0,15.61,,red,1,26.0,0,-15.61
8346,278.478,red,observed,1.0,15.76,,red,1,28.25,0,-15.76
8349,278.578,red,observed,1.0,15.61,,red,1,26.0,0,-15.61
8352,278.678,red,observed,1.0,16.06,,red,1,25.88,0,-16.06
8355,278.778,red,observed,1.0,15.99,,red,1,25.52,0,-15.99
8358,278.879,red,observed,1.0,15.53,,red,1,27.54,0,-15.53
8361,278.979,red,observed,1.0,16.14,,red,1,26.12,0,-16.14
8364,279.079,red,observed,1.0,16.14,,red,1,27.3,0,-16.14
8367,279.179,red,observed,1.0,15.46,,red,1,27.42,0,-15.46
8370,279.279,red,observed,1.0,15.69,,red,1,26.47,0,-15.69
8373,279.379,red,observed,1.0,15.69,,red,1,26.71,0,-15.69
8376,279.479,red,observed,1.0,15.61,,red,1,26.71,0,-15.61
8379,279.579,red,observed,1.0,15.61,,red,1,27.3,0,-15.61
8382,279.679,red,observed,1.0,16.06,,red,1,26.47,0,-16.06
8385,279.78,red,observed,1.0,15.31,,red,1,26.47,0,-15.31
8388,279.88,red,observed,1.0,16.06,,red,1,27.42,0,-16.06
8391,279.98,red,observed,1.0,15.99,,red,1,26.24,0,-15.99
8394,280.08,red,observed,1.0,16.37,,red,1,26.59,0,-16.37
8397,280.18,red,observed,1.0,15.38,,red,1,27.42,0,-15.38
8400,280.28,red,observed,1.0,15.61,,red,1,26.95,0,-15.61
8403,280.38,red,observed,1.0,15.69,,red,1,26.0,0,-15.69
8406,280.48,red,observed,1.0,15.69,,red,1,26.71,0,-15.69
8409,280.58,red,observed,1.0,16.37,,red,1,27.9,0,-16.37
8412,280.68,red,observed,1.0,15.84,,red,1,27.3,0,-15.84
8415,280.78,red,observed,1.0,15.76,,red,1,28.85,0,-15.76
8418,280.881,red,observed,1.0,15.99,,red,1,27.42,0,-15.99
8421,280.981,red,observed,1.0,15.91,,red,1,26.59,0,-15.91
8424,281.081,red,observed,1.0,16.06,,red,1,26.35,0,-16.06
8427,281.181,red,observed,1.0,16.29,,red,1,28.13,0,-16.29
8430,281.281,red,observed,1.0,15.76,,red,1,26.71,0,-15.76
8433,281.381,red,observed,1.0,15.91,,red,1,27.9,0,-15.91
8436,281.481,red,observed,1.0,16.52,,red,1,27.07,0,-16.52
8439,281.581,red,observed,1.0,16.14,,red,1,28.37,0,-16.14
8442,281.681,red,observed,1.0,15.61,,red,1,27.78,0,-15.61
8445,281.782,red,observed,1.0,15.76,,red,1,28.49,0,-15.76
8448,281.882,red,observed,1.0,16.22,,red,1,27.54,0,-16.22
8451,281.982,red,observed,1.0,16.22,,red,1,28.73,0,-16.22
8454,282.082,red,observed,1.0,15.91,,red,1,28.25,0,-15.91
8457,282.182,red,observed,1.0,15.69,,red,1,29.08,0,-15.69
8460,282.282,red,observed,1.0,15.38,,red,1,27.3,0,-15.38
8463,282.382,red,observed,1.0,15.46,,red,1,27.54,0,-15.46
8466,282.482,red,observed,1.0,15.46,,red,1,27.9,0,-15.46
8469,282.582,red,observed,1.0,16.22,,red,1,28.37,0,-16.22
8472,282.682,red,observed,1.0,16.29,,red,1,28.49,0,-16.29
8475,282.782,red,observed,1.0,15.69,,red,1,28.13,0,-15.69
8478,282.883,red,observed,1.0,16.14,,red,1,28.97,0,-16.14
8481,282.983,red,observed,1.0,15.46,,red,1,27.66,0,-15.46
8484,283.083,red,observed,1.0,16.06,,red,1,27.42,0,-16.06
8487,283.183,red,observed,1.0,16.22,,red,1,28.61,0,-16.22
8490,283.283,red,observed,1.0,16.06,,red,1,26.83,0,-16.06
8493,283.383,red,observed,1.0,16.44,,red,1,28.37,0,-16.44
8496,283.483,red,observed,1.0,15.91,,red,1,27.78,0,-15.91
8499,283.583,red,observed,1.0,16.37,,red,1,28.25,0,-16.37
8502,283.683,red,observed,1.0,15.76,,red,1,27.66,0,-15.76
8505,283.784,red,observed,1.0,16.14,,red,1,28.97,0,-16.14
8508,283.884,red,observed,1.0,15.91,,red,1,26.71,0,-15.91
8511,283.984,red,observed,1.0,15.99,,red,1,27.3,0,-15.99
8514,284.084,red,observed,1.0,15.99,,red,1,27.3,0,-15.99
8517,284.184,red,observed,1.0,15.31,,red,1,27.78,0,-15.31
8520,284.284,red,observed,1.0,15.69,,red,1,26.95,0,-15.69
8523,284.384,red,observed,1.0,15.31,,red,1,27.07,0,-15.31
8526,284.484,red,observed,1.0,15.84,,red,1,26.47,0,-15.84
8529,284.584,red,observed,1.0,15.38,,red,1,26.35,0,-15.38
8532,284.684,red,observed,1.0,15.76,,red,1,25.64,0,-15.76
8535,284.784,red,observed,1.0,15.84,,red,1,26.0,0,-15.84
8538,284.885,red,observed,1.0,16.06,,red,1,26.24,0,-16.06
8541,284.985,red,observed,1.0,15.84,,red,1,26.47,0,-15.84
8544,285.085,red,observed,1.0,15.91,,red,1,26.71,0,-15.91
8547,285.185,red,observed,1.0,15.53,,red,1,25.4,0,-15.53
8550,285.285,red,observed,1.0,15.84,,red,1,25.88,0,-15.84
8553,285.385,red,observed,1.0,15.53,,red,1,27.3,0,-15.53
8556,285.485,red,observed,1.0,15.69,,red,1,25.17,0,-15.69
8559,285.585,red,observed,1.0,15.91,,red,1,25.17,0,-15.91
8562,285.685,red,observed,1.0,15.69,,red,1,27.3,0,-15.69
8565,285.786,red,observed,1.0,16.37,,red,1,27.54,0,-16.37
8568,285.886,red,observed,1.0,15.76,,red,1,26.59,0,-15.76
8571,285.986,red,observed,1.0,15.76,,red,1,26.71,0,-15.76
8574,286.086,red,observed,1.0,15.84,,red,1,27.18,0,-15.84
8577,286.186,red,observed,1.0,15.76,,red,1,23.74,0,-15.76
8580,286.286,red,observed,1.0,15.91,,red,1,25.64,0,-15.91
8583,286.386,red,observed,1.0,15.84,,red,1,25.88,0,-15.84
8586,286.486,red,observed,1.0,15.84,,red,1,25.29,0,-15.84
8589,286.586,red,observed,1.0,15.84,,red,1,26.47,0,-15.84
8592,286.686,red,observed,1.0,15.91,,red,1,24.93,0,-15.91
8595,286.786,red,observed,1.0,16.14,,red,1,26.35,0,-16.14
8598,286.887,red,observed,1.0,15.84,,red,1,25.88,0,-15.84
8601,286.987,red,observed,1.0,15.76,,red,1,25.76,0,-15.76
8604,287.087,red,observed,1.0,15.91,,red,1,24.93,0,-15.91
8607,287.187,red,observed,1.0,15.53,,red,1,25.64,0,-15.53
8610,287.287,red,observed,1.0,15.91,,red,1,24.81,0,-15.91
8613,287.387,red,observed,1.0,15.84,,red,1,24.81,0,-15.84
8616,287.487,red,observed,1.0,16.75,,red,1,25.52,0,-16.75
8619,287.587,red,observed,1.0,15.53,,red,1,26.0,0,-15.53
8622,287.687,red,observed,1.0,15.91,,red,1,25.29,0,-15.91
8625,287.788,red,observed,1.0,16.14,,red,1,25.64,0,-16.14
8628,287.888,red,observed,1.0,16.44,,red,1,26.95,0,-16.44
8631,287.988,red,observed,1.0,16.22,,red,1,26.47,0,-16.22
8634,288.088,red,observed,1.0,16.06,,red,1,26.47,0,-16.06
8637,288.188,red,observed,1.0,15.99,,red,1,25.4,0,-15.99
8640,288.288,red,observed,1.0,15.99,,red,1,24.57,0,-15.99
8643,288.388,red,observed,1.0,15.84,,red,1,24.93,0,-15.84
8646,288.488,red,observed,1.0,15.84,,red,1,26.12,0,-15.84
8649,288.588,red,observed,1.0,16.14,,red,1,25.88,0,-16.14
8652,288.688,red,observed,1.0,15.69,,red,1,25.52,0,-15.69
8655,288.788,red,observed,1.0,16.37,,red,1,26.12,0,-16.37
8658,288.889,red,observed,1.0,15.99,,red,1,26.0,0,-15.99
8661,288.989,red,observed,1.0,16.22,,red,1,26.35,0,-16.22
8664,289.089,red,observed,1.0,16.67,,red,1,26.83,0,-16.67
8667,289.189,red,observed,1.0,16.22,,red,1,26.12,0,-16.22
8670,289.289,red,observed,1.0,16.14,,red,1,26.35,0,-16.14
8673,289.389,red,observed,1.0,15.84,,red,1,27.18,0,-15.84
8676,289.489,red,observed,1.0,15.61,,red,1,26.24,0,-15.61
8679,289.589,red,observed,1.0,15.76,,red,1,26.0,0,-15.76
8682,289.689,red,observed,1.0,16.22,,red,1,25.4,0,-16.22
8685,289.79,red,observed,1.0,15.84,,red,1,28.02,0,-15.84
8688,289.89,red,observed,1.0,15.46,,red,1,27.07,0,-15.46
8691,289.99,red,observed,1.0,16.14,,red,1,28.13,0,-16.14
8694,290.09,red,observed,1.0,16.44,,red,1,26.71,0,-16.44
8697,290.19,red,observed,1.0,15.46,,red,1,27.78,0,-15.46
8700,290.29,red,observed,1.0,16.29,,red,1,25.52,0,-16.29
8703,290.39,red,observed,1.0,15.38,,red,1,25.76,0,-15.38
8706,290.49,red,observed,1.0,16.44,,red,1,26.35,0,-16.44
8709,290.59,red,observed,1.0,16.22,,red,1,26.0,0,-16.22
8712,290.69,red,observed,1.0,15.76,,red,1,27.07,0,-15.76
8715,290.79,red,observed,1.0,15.61,,red,1,26.95,0,-15.61
8718,290.891,red,observed,1.0,15.99,,red,1,27.18,0,-15.99
8721,290.991,red,observed,1.0,15.16,,red,1,26.47,0,-15.16
8724,291.091,red,observed,1.0,15.76,,red,1,26.35,0,-15.76
8727,291.191,red,observed,1.0,15.84,,red,1,27.54,0,-15.84
8730,291.291,red,observed,1.0,15.69,,red,1,27.78,0,-15.69
8733,291.391,red,observed,1.0,15.61,,red,1,27.78,0,-15.61
8736,291.491,red,observed,1.0,15.69,,red,1,26.95,0,-15.69
8739,291.591,red,observed,1.0,16.14,,red,1,26.47,0,-16.14
8742,291.691,red,observed,1.0,15.76,,red,1,27.66,0,-15.76
8745,291.792,red,observed,1.0,15.76,,red,1,27.66,0,-15.76
8748,291.892,red,observed,1.0,15.61,,red,1,27.18,0,-15.61
8751,291.992,red,observed,1.0,15.69,,red,1,26.83,0,-15.69
8754,292.092,red,observed,1.0,15.84,,red,1,28.02,0,-15.84
8757,292.192,red,observed,1.0,15.76,,red,1,26.95,0,-15.76
8760,292.292,red,observed,1.0,15.84,,red,1,27.66,0,-15.84
8763,292.392,red,observed,1.0,15.69,,red,1,27.3,0,-15.69
8766,292.492,red,observed,1.0,15.53,,red,1,26.0,0,-15.53
8769,292.592,red,observed,1.0,16.06,,red,1,26.0,0,-16.06
8772,292.692,red,observed,1.0,16.37,,red,1,26.12,0,-16.37
8775,292.792,red,observed,1.0,15.69,,red,1,25.05,0,-15.69
8778,292.893,red,observed,1.0,16.06,,red,1,27.54,0,-16.06
8781,292.993,red,observed,1.0,15.61,,red,1,26.24,0,-15.61
8784,293.093,red,observed,1.0,15.76,,red,1,25.88,0,-15.76
8787,293.193,red,observed,1.0,15.23,,red,1,27.66,0,-15.23
8790,293.293,red,observed,1.0,15.61,,red,1,26.83,0,-15.61
8793,293.393,red,observed,1.0,15.31,,red,1,25.64,0,-15.31
8796,293.493,red,observed,1.0,15.46,,red,1,25.17,0,-15.46
8799,293.593,red,observed,1.0,15.61,,red,1,25.05,0,-15.61
8802,293.693,red,observed,1.0,15.61,,red,1,26.12,0,-15.61
8805,293.794,red,observed,1.0,15.61,,red,1,26.12,0,-15.61
8808,293.894,red,observed,1.0,15.38,,red,1,25.29,0,-15.38
8811,293.994,red,observed,1.0,15.84,,red,1,26.12,0,-15.84
8814,294.094,red,observed,1.0,15.84,,red,1,25.17,0,-15.84
8817,294.194,red,observed,1.0,15.76,,red,1,25.05,0,-15.76
8820,294.294,red,observed,1.0,15.69,,red,1,26.95,0,-15.69
8823,294.394,red,observed,1.0,15.53,,red,1,26.83,0,-15.53
8826,294.494,red,observed,1.0,16.14,,red,1,26.12,0,-16.14
8829,294.594,red,observed,1.0,15.91,,red,1,26.95,0,-15.91
8832,294.694,red,observed,1.0,15.61,,red,1,25.64,0,-15.61
8835,294.794,red,observed,1.0,15.69,,red,1,25.76,0,-15.69
8838,294.895,red,observed,1.0,15.99,,red,1,25.17,0,-15.99
8841,294.995,red,observed,1.0,16.06,,red,1,24.57,0,-16.06
8844,295.095,red,observed,1.0,15.76,,red,1,25.05,0,-15.76
8847,295.195,red,observed,1.0,15.69,,red,1,26.12,0,-15.69
8850,295.295,red,observed,1.0,15.69,,red,1,26.35,0,-15.69
8853,295.395,red,observed,1.0,15.84,,red,1,26.59,0,-15.84
8856,295.495,red,observed,1.0,16.06,,red,1,25.88,0,-16.06
8859,295.595,red,observed,1.0,16.22,,red,1,26.12,0,-16.22
8862,295.695,red,observed,1.0,15.76,,red,1,26.35,0,-15.76
8865,295.796,red,observed,1.0,16.44,,red,1,26.59,0,-16.44
8868,295.896,red,observed,1.0,15.76,,red,1,25.17,0,-15.76
8871,295.996,red,observed,1.0,15.46,,red,1,26.12,0,-15.46
8874,296.096,red,observed,1.0,15.38,,red,1,25.05,0,-15.38
8877,296.196,red,observed,1.0,15.84,,red,1,26.83,0,-15.84
8880,296.296,red,observed,1.0,16.44,,red,1,26.83,0,-16.44
8883,296.396,red,observed,1.0,15.53,,red,1,26.95,0,-15.53
8886,296.496,red,observed,1.0,16.06,,red,1,25.05,0,-16.06
8889,296.596,red,observed,1.0,16.06,,red,1,25.17,0,-16.06
8892,296.696,red,observed,1.0,15.99,,red,1,25.88,0,-15.99
8895,296.796,red,observed,1.0,16.29,,red,1,26.24,0,-16.29
8898,296.897,red,observed,1.0,15.91,,red,1,25.17,0,-15.91
8901,296.997,red,observed,1.0,16.14,,red,1,26.47,0,-16.14
8904,297.097,red,observed,1.0,15.16,,red,1,27.3,0,-15.16
8907,297.197,red,observed,1.0,15.53,,red,1,28.73,0,-15.53
8910,297.297,red,observed,1.0,15.76,,red,1,27.42,0,-15.76
8913,297.397,red,observed,1.0,15.38,,red,1,26.95,0,-15.38
8916,297.497,red,observed,1.0,15.99,,red,1,27.18,0,-15.99
8919,297.597,red,observed,1.0,15.91,,red,1,26.83,0,-15.91
8922,297.697,red,observed,1.0,15.69,,red,1,25.88,0,-15.69
8925,297.798,red,observed,1.0,15.99,,red,1,27.07,0,-15.99
8928,297.898,red,observed,1.0,15.76,,red,1,26.12,0,-15.76
8931,297.998,red,observed,1.0,15.99,,red,1,26.59,0,-15.99
8934,298.098,red,observed,1.0,15.76,,red,1,26.12,0,-15.76
8937,298.198,red,observed,1.0,15.76,,red,1,26.83,0,-15.76
8940,298.298,red,observed,1.0,15.91,,red,1,27.07,0,-15.91
8943,298.398,red,observed,1.0,15.08,,red,1,26.95,0,-15.08
8946,298.498,red,observed,1.0,15.69,,red,1,27.78,0,-15.69
8949,298.598,red,observed,1.0,15.61,,red,1,27.3,0,-15.61
8952,298.698,red,observed,1.0,15.99,,red,1,27.3,0,-15.99
8955,298.798,red,observed,1.0,16.37,,red,1,26.83,0,-16.37
8958,298.899,red,observed,1.0,15.91,,red,1,26.71,0,-15.91
8961,298.999,red,observed,1.0,16.06,,red,1,26.47,0,-16.06
8964,299.099,red,observed,1.0,15.46,,red,1,26.71,0,-15.46
8967,299.199,red,observed,1.0,15.69,,red,1,26.71,0,-15.69
8970,299.299,red,observed,1.0,15.84,,red,1,26.35,0,-15.84
8973,299.399,red,observed,1.0,15.76,,red,1,27.54,0,-15.76
8976,299.499,red,observed,1.0,15.91,,red,1,25.88,0,-15.91
8979,299.599,red,observed,1.0,15.99,,red,1,26.35,0,-15.99
8982,299.699,red,observed,1.0,16.06,,red,1,27.78,0,-16.06
8985,299.8,red,observed,1.0,15.61,,red,1,27.18,0,-15.61
8988,299.9,red,observed,1.0,15.99,,red,1,26.59,0,-15.99
8991,300.0,red,observed,1.0,16.06,,red,1,26.24,0,-16.06
8994,300.1,red,observed,1.0,15.46,,red,1,26.12,0,-15.46
8997,300.2,red,observed,1.0,15.91,,red,1,26.95,0,-15.91
9000,300.3,red,observed,1.0,15.99,,red,1,27.3,0,-15.99
9003,300.4,red,observed,1.0,15.99,,red,1,27.42,0,-15.99
9006,300.5,red,observed,1.0,15.69,,red,1,26.83,0,-15.69
9009,300.6,red,observed,1.0,15.31,,red,1,26.47,0,-15.31
9012,300.7,red,observed,1.0,15.38,,red,1,27.66,0,-15.38
9015,300.8,red,observed,1.0,15.91,,red,1,25.05,0,-15.91
9018,300.901,red,observed,1.0,16.59,,red,1,25.4,0,-16.59
9021,301.001,red,observed,1.0,15.84,,red,1,26.12,0,-15.84
9024,301.101,red,observed,1.0,15.69,,red,1,26.83,0,-15.69
9027,301.201,red,observed,1.0,15.38,,red,1,26.47,0,-15.38
9030,301.301,red,observed,1.0,15.61,,red,1,24.93,0,-15.61
9033,301.401,red,observed,1.0,15.53,,red,1,25.05,0,-15.53
9036,301.501,red,observed,1.0,16.14,,red,1,25.29,0,-16.14
9039,301.601,red,observed,1.0,15.99,,red,1,25.05,0,-15.99
9042,301.701,red,observed,1.0,16.22,,red,1,25.4,0,-16.22
9045,301.802,red,observed,1.0,15.69,,red,1,25.05,0,-15.69
9048,301.902,red,observed,1.0,15.76,,red,1,25.17,0,-15.76
9051,302.002,red,observed,1.0,15.76,,red,1,25.88,0,-15.76
9054,302.102,red,observed,1.0,15.61,,red,1,25.05,0,-15.61
9057,302.202,red,observed,1.0,15.99,,red,1,26.12,0,-15.99
9060,302.302,red,observed,1.0,15.84,,red,1,26.12,0,-15.84
9063,302.402,red,observed,1.0,16.06,,red,1,25.4,0,-16.06
9066,302.502,red,observed,1.0,15.84,,red,1,24.93,0,-15.84
9069,302.602,red,observed,1.0,15.16,,red,1,25.76,0,-15.16
9072,302.702,red,observed,1.0,15.46,,red,1,25.52,0,-15.46
9075,302.802,red,observed,1.0,15.61,,red,1,24.93,0,-15.61
9078,302.903,red,observed,1.0,15.53,,red,1,25.52,0,-15.53
9081,303.003,red,observed,1.0,16.06,,red,1,26.0,0,-16.06
9084,303.103,red,observed,1.0,16.06,,red,1,25.4,0,-16.06
9087,303.203,red,observed,1.0,15.61,,red,1,24.1,0,-15.61
9090,303.303,red,observed,1.0,15.91,,red,1,25.4,0,-15.91
9093,303.403,red,observed,1.0,15.99,,red,1,23.74,0,-15.99
9096,303.503,red,observed,1.0,15.99,,red,1,26.35,0,-15.99
9099,303.603,red,observed,1.0,16.14,,red,1,25.64,0,-16.14
9102,303.703,red,observed,1.0,15.91,,red,1,25.29,0,-15.91
9105,303.804,red,observed,1.0,15.84,,red,1,26.59,0,-15.84
9108,303.904,red,observed,1.0,15.69,,red,1,25.64,0,-15.69
9111,304.004,red,observed,1.0,16.22,,red,1,25.76,0,-16.22
9114,304.104,red,observed,1.0,15.91,,red,1,24.57,0,-15.91
9117,304.204,red,observed,1.0,15.76,,red,1,27.18,0,-15.76
9120,304.304,red,observed,1.0,15.91,,red,1,26.24,0,-15.91
9123,304.404,red,observed,1.0,15.61,,red,1,26.95,0,-15.61
9126,304.504,red,observed,1.0,15.84,,red,1,26.47,0,-15.84
9129,304.604,red,observed,1.0,15.53,,red,1,26.59,0,-15.53
9132,304.704,red,observed,1.0,15.61,,red,1,27.9,0,-15.61
9135,304.804,red,observed,1.0,15.69,,red,1,25.88,0,-15.69
9138,304.905,red,observed,1.0,15.84,,red,1,27.78,0,-15.84
9141,305.005,red,observed,1.0,15.38,,red,1,28.02,0,-15.38
9144,305.105,red,observed,1.0,15.38,,red,1,27.66,0,-15.38
9147,305.205,red,observed,1.0,15.69,,red,1,28.61,0,-15.69
9150,305.305,red,observed,1.0,15.46,,red,1,26.12,0,-15.46
9153,305.405,red,observed,1.0,15.31,,red,1,27.3,0,-15.31
9156,305.505,red,observed,1.0,15.91,,red,1,25.4,0,-15.91
9159,305.605,red,observed,1.0,16.06,,red,1,25.88,0,-16.06
9162,305.705,red,observed,1.0,16.06,,red,1,26.71,0,-16.06
9165,305.806,red,observed,1.0,16.22,,red,1,26.59,0,-16.22
9168,305.906,red,observed,1.0,15.69,,red,1,26.35,0,-15.69
9171,306.006,red,observed,1.0,15.91,,red,1,26.12,0,-15.91
9174,306.106,red,observed,1.0,15.99,,red,1,26.47,0,-15.99
9177,306.206,red,observed,1.0,16.67,,red,1,25.64,0,-16.67
9180,306.306,red,observed,1.0,15.61,,red,1,26.35,0,-15.61
9183,306.406,red,observed,1.0,15.84,,red,1,26.59,0,-15.84
9186,306.506,red,observed,1.0,15.84,,red,1,27.07,0,-15.84
9189,306.606,red,observed,1.0,15.91,,red,1,28.37,0,-15.91
9192,306.706,red,observed,1.0,15.91,,red,1,27.07,0,-15.91
9195,306.806,red,observed,1.0,15.76,,red,1,26.95,0,-15.76
9198,306.907,red,observed,1.0,15.84,,red,1,26.35,0,-15.84
9201,307.007,red,observed,1.0,15.76,,red,1,26.71,0,-15.76
9204,307.107,red,observed,1.0,15.91,,red,1,26.35,0,-15.91
9207,307.207,red,observed,1.0,16.06,,red,1,25.76,0,-16.06
9210,307.307,red,observed,1.0,15.84,,red,1,25.76,0,-15.84
9213,307.407,red,observed,1.0,15.91,,red,1,26.47,0,-15.91
9216,307.507,red,observed,1.0,15.69,,red,1,26.0,0,-15.69
9219,307.607,red,observed,1.0,15.69,,red,1,25.52,0,-15.69
9222,307.707,red,observed,1.0,15.61,,red,1,26.35,0,-15.61
9225,307.808,red,observed,1.0,15.61,,red,1,26.24,0,-15.61
9228,307.908,red,observed,1.0,15.91,,red,1,23.86,0,-15.91
9231,308.008,red,observed,1.0,15.53,,red,1,26.71,0,-15.53
9234,308.108,red,observed,1.0,16.14,,red,1,26.95,0,-16.14
9237,308.208,red,observed,1.0,15.31,,red,1,26.95,0,-15.31
9240,308.308,red,observed,1.0,16.14,,red,1,25.76,0,-16.14
9243,308.408,red,observed,1.0,15.69,,red,1,24.45,0,-15.69
9246,308.508,red,observed,1.0,15.69,,red,1,24.69,0,-15.69
9249,308.608,red,observed,1.0,15.53,,red,1,26.12,0,-15.53
9252,308.708,red,observed,1.0,16.06,,red,1,26.12,0,-16.06
9255,308.808,red,observed,1.0,15.46,,red,1,26.12,0,-15.46
9258,308.909,red,observed,1.0,15.99,,red,1,25.29,0,-15.99
9261,309.009,red,observed,1.0,15.91,,red,1,23.86,0,-15.91
9264,309.109,red,observed,1.0,15.69,,red,1,25.29,0,-15.69
9267,309.209,red,observed,1.0,15.46,,red,1,26.0,0,-15.46
9270,309.309,red,observed,1.0,15.69,,red,1,25.64,0,-15.69
9273,309.409,red,observed,1.0,15.91,,red,1,24.81,0,-15.91
9276,309.509,red,observed,1.0,15.16,,red,1,25.4,0,-15.16
9279,309.609,red,observed,1.0,15.69,,red,1,25.52,0,-15.69
9282,309.709,red,observed,1.0,16.06,,red,1,26.71,0,-16.06
9285,309.81,red,observed,1.0,16.06,,red,1,24.45,0,-16.06
9288,309.91,red,observed,1.0,16.06,,red,1,25.88,0,-16.06
9291,310.01,red,observed,1.0,15.61,,red,1,23.98,0,-15.61
9294,310.11,red,observed,1.0,15.69,,red,1,25.88,0,-15.69
9297,310.21,red,observed,1.0,16.29,,red,1,26.47,0,-16.29
9300,310.31,red,observed,1.0,15.61,,red,1,26.24,0,-15.61
9303,310.41,red,observed,1.0,15.38,,red,1,26.35,0,-15.38
9306,310.51,red,observed,1.0,15.69,,red,1,26.12,0,-15.69
9309,310.61,red,observed,1.0,15.61,,red,1,25.52,0,-15.61
9312,310.71,red,observed,1.0,15.76,,red,1,27.42,0,-15.76
9315,310.81,red,observed,1.0,15.61,,red,1,26.35,0,-15.61
9318,310.911,red,observed,1.0,15.46,,red,1,25.4,0,-15.46
9321,311.011,red,observed,1.0,15.76,,red,1,25.29,0,-15.76
9324,311.111,red,observed,1.0,15.0,,red,1,24.45,0,-15.0
9327,311.211,red,observed,1.0,15.61,,red,1,26.71,0,-15.61
9330,311.311,red,observed,1.0,15.69,,red,1,26.71,0,-15.69
9333,311.411,red,observed,1.0,15.84,,red,1,26.95,0,-15.84
9336,311.511,red,observed,1.0,15.69,,red,1,26.47,0,-15.69
9339,311.611,red,observed,1.0,15.61,,red,1,26.24,0,-15.61
9342,311.711,red,observed,1.0,15.53,,red,1,26.59,0,-15.53
9345,311.812,red,observed,1.0,15.91,,red,1,27.66,0,-15.91
9348,311.912,red,observed,1.0,15.84,,red,1,25.88,0,-15.84
9351,312.012,red,observed,1.0,15.99,,red,1,26.12,0,-15.99
9354,312.112,red,observed,1.0,16.37,,red,1,26.83,0,-16.37
9357,312.212,red,observed,1.0,16.06,,red,1,26.59,0,-16.06
9360,312.312,red,observed,1.0,15.91,,red,1,25.4,0,-15.91
9363,312.412,red,observed,1.0,15.61,,red,1,25.76,0,-15.61
9366,312.512,red,observed,1.0,16.06,,red,1,25.76,0,-16.06
9369,312.612,red,observed,1.0,15.99,,red,1,27.07,0,-15.99
9372,312.712,red,observed,1.0,15.84,,red,1,26.95,0,-15.84
9375,312.812,red,observed,1.0,16.06,,red,1,26.35,0,-16.06
9378,312.913,red,observed,1.0,16.14,,red,1,26.59,0,-16.14
9381,313.013,red,observed,1.0,16.06,,red,1,26.95,0,-16.06
9384,313.113,red,observed,1.0,16.22,,red,1,26.59,0,-16.22
9387,313.213,red,observed,1.0,15.99,,red,1,26.71,0,-15.99
9390,313.313,red,observed,1.0,16.22,,red,1,25.88,0,-16.22
9393,313.413,red,observed,1.0,16.22,,red,1,26.12,0,-16.22
9396,313.513,red,observed,1.0,16.06,,red,1,26.0,0,-16.06
9399,313.613,red,observed,1.0,15.99,,red,1,27.07,0,-15.99
9402,313.713,red,observed,1.0,16.37,,red,1,27.3,0,-16.37
9405,313.814,red,observed,1.0,15.84,,red,1,26.95,0,-15.84
9408,313.914,red,observed,1.0,15.99,,red,1,25.17,0,-15.99
9411,314.014,red,observed,1.0,15.99,,red,1,27.3,0,-15.99
9414,314.114,red,observed,1.0,16.06,,red,1,25.52,0,-16.06
9417,314.214,red,observed,1.0,15.91,,red,1,26.95,0,-15.91
9420,314.314,red,observed,1.0,15.31,,red,1,27.07,0,-15.31
9423,314.414,red,observed,1.0,15.84,,red,1,26.71,0,-15.84
9426,314.514,red,observed,1.0,16.06,,red,1,24.57,0,-16.06
9429,314.614,red,observed,1.0,15.69,,red,1,25.88,0,-15.69
9432,314.714,red,observed,1.0,15.91,,red,1,25.88,0,-15.91
9435,314.814,red,observed,1.0,16.14,,red,1,26.24,0,-16.14
9438,314.915,red,observed,1.0,15.76,,red,1,25.64,0,-15.76
9441,315.015,red,observed,1.0,15.91,,red,1,26.95,0,-15.91
9444,315.115,red,observed,1.0,15.84,,red,1,26.24,0,-15.84
9447,315.215,red,observed,1.0,15.99,,red,1,27.3,0,-15.99
9450,315.315,red,observed,1.0,15.38,,red,1,26.95,0,-15.38
9453,315.415,red,observed,1.0,15.61,,red,1,25.76,0,-15.61
9456,315.515,red,observed,1.0,15.84,,red,1,26.59,0,-15.84
9459,315.615,red,observed,1.0,15.84,,red,1,25.52,0,-15.84
9462,315.715,red,observed,1.0,16.59,,red,1,26.47,0,-16.59
9465,315.816,red,observed,1.0,16.75,,red,1,25.52,0,-16.75
9468,315.916,red,observed,1.0,15.91,,red,1,26.0,0,-15.91
9471,316.016,red,observed,1.0,16.22,,red,1,25.4,0,-16.22
9474,316.116,red,observed,1.0,16.06,,red,1,26.24,0,-16.06
9477,316.216,red,observed,1.0,15.08,,red,1,25.29,0,-15.08
9480,316.316,red,observed,1.0,15.53,,red,1,26.59,0,-15.53
9483,316.416,red,observed,1.0,15.53,,red,1,26.35,0,-15.53
9486,316.516,red,observed,1.0,15.84,,red,1,26.12,0,-15.84
9489,316.616,red,observed,1.0,15.99,,red,1,24.81,0,-15.99
9492,316.716,red,observed,1.0,15.69,,red,1,26.0,0,-15.69
9495,316.816,red,observed,1.0,15.61,,red,1,25.76,0,-15.61
9498,316.917,red,observed,1.0,15.38,,red,1,25.05,0,-15.38
9501,317.017,red,observed,1.0,15.91,,red,1,25.52,0,-15.91
9504,317.117,red,observed,1.0,15.16,,red,1,25.52,0,-15.16
9507,317.217,red,observed,1.0,15.91,,red,1,25.64,0,-15.91
9510,317.317,red,observed,1.0,15.53,,red,1,26.0,0,-15.53
9513,317.417,red,observed,1.0,15.61,,red,1,25.64,0,-15.61
9516,317.517,red,observed,1.0,15.69,,red,1,24.57,0,-15.69
9519,317.617,red,observed,1.0,15.69,,red,1,26.35,0,-15.69
9522,317.717,red,observed,1.0,15.69,,red,1,26.47,0,-15.69
