frame,t_sec,state,observation,confidence,margin_sd,reason,v3_label,red_on,red_z,amber_on,amber_z,green_on,green_z
0,0.0,red,observed,1.0,4.35,,red,1,16.35,0,-4.35,0,-14.93
3,0.1,red,observed,1.0,4.19,,red,1,15.58,0,-4.19,0,-14.74
6,0.2,red,observed,1.0,4.02,,red,1,14.81,0,-4.02,0,-14.29
9,0.3,red,observed,1.0,4.35,,red,1,17.25,0,-4.35,0,-14.56
12,0.4,red,observed,1.0,3.06,,red,1,15.32,0,-3.06,0,-14.56
15,0.501,red,observed,1.0,4.67,,red,1,15.58,0,-4.67,0,-14.74
18,0.601,red,observed,1.0,4.99,,red,1,14.55,0,-4.99,0,-14.19
21,0.701,red,observed,1.0,4.19,,red,1,13.78,0,-4.19,0,-14.29
24,0.801,red,observed,1.0,3.86,,red,1,15.07,0,-3.86,0,-14.74
27,0.901,red,observed,1.0,4.19,,red,1,17.25,0,-4.19,0,-14.74
30,1.001,red,observed,1.0,3.54,,red,1,15.58,0,-3.54,0,-14.56
33,1.101,red,observed,1.0,4.19,,red,1,15.58,0,-4.19,0,-14.65
36,1.201,red,observed,1.0,4.67,,red,1,15.71,0,-4.67,0,-14.56
39,1.301,red,observed,1.0,4.19,,red,1,17.64,0,-4.19,0,-14.19
42,1.401,red,observed,1.0,3.22,,red,1,16.35,0,-3.22,0,-14.74
45,1.502,red,observed,1.0,4.19,,red,1,14.42,0,-4.19,0,-14.83
48,1.602,red,observed,1.0,3.86,,red,1,17.0,0,-3.86,0,-14.38
51,1.702,red,observed,1.0,4.19,,red,1,17.51,0,-4.19,0,-13.74
54,1.802,red,observed,1.0,5.47,,red,1,16.48,0,-5.47,0,-14.47
57,1.902,red,observed,1.0,3.22,,red,1,16.74,0,-3.22,0,-14.93
60,2.002,red,observed,1.0,2.9,,red,1,15.97,0,-2.9,0,-13.74
63,2.102,red,observed,1.0,2.9,,red,1,17.0,0,-2.9,0,-14.47
66,2.202,red,observed,1.0,2.74,,red,1,15.45,0,-2.74,0,-14.1
69,2.302,red,observed,1.0,3.7,,red,1,15.71,0,-3.7,0,-14.65
72,2.402,red,observed,1.0,3.54,,red,1,15.45,0,-3.54,0,-14.74
75,2.502,red,observed,1.0,4.02,,red,1,16.35,0,-4.02,0,-14.65
78,2.603,red,observed,1.0,5.15,,red,1,16.74,0,-5.15,0,-13.74
81,2.703,red,observed,1.0,2.25,,red,1,16.1,0,-2.25,0,-13.74
84,2.803,red,observed,1.0,4.51,,red,1,16.22,0,-4.51,0,-14.38
87,2.903,red,observed,1.0,4.67,,red,1,15.84,0,-4.67,0,-14.83
90,3.003,red,observed,1.0,4.35,,red,1,16.22,0,-4.35,0,-14.29
93,3.103,red,observed,1.0,3.86,,red,1,16.22,0,-3.86,0,-14.38
96,3.203,red,observed,1.0,3.54,,red,1,15.32,0,-3.54,0,-15.11
99,3.303,red,observed,1.0,3.54,,red,1,15.97,0,-3.54,0,-14.56
102,3.403,red,observed,1.0,2.74,,red,1,15.84,0,-2.74,0,-14.47
105,3.504,red,observed,1.0,2.58,,red,1,16.35,0,-2.58,0,-14.65
108,3.604,red,observed,1.0,2.41,,red,1,15.71,0,-2.41,0,-14.19
111,3.704,red,observed,1.0,2.9,,red,1,16.74,0,-2.9,0,-14.47
114,3.804,red,observed,1.0,2.58,,red,1,15.07,0,-2.58,0,-14.56
117,3.904,red,observed,1.0,4.02,,red,1,14.81,0,-4.02,0,-14.56
120,4.004,red,observed,1.0,4.67,,red,1,13.52,0,-4.67,0,-14.93
123,4.104,red,observed,1.0,3.86,,red,1,15.19,0,-3.86,0,-15.02
126,4.204,red,observed,1.0,4.51,,red,1,14.55,0,-4.51,0,-14.19
129,4.304,red,observed,1.0,3.86,,red,1,13.65,0,-3.86,0,-14.93
132,4.404,red,observed,1.0,4.51,,red,1,14.42,0,-4.51,0,-14.1
135,4.504,red,observed,1.0,3.54,,red,1,15.19,0,-3.54,0,-14.74
138,4.605,red,observed,1.0,3.22,,red,1,15.71,0,-3.22,0,-14.93
141,4.705,red,observed,1.0,3.7,,red,1,14.29,0,-3.7,0,-15.2
144,4.805,red,observed,1.0,3.54,,red,1,14.94,0,-3.54,0,-14.83
147,4.905,red,observed,1.0,3.86,,red,1,14.42,0,-3.86,0,-14.74
150,5.005,red,observed,1.0,3.06,,red,1,14.81,0,-3.06,0,-14.01
153,5.105,red,observed,1.0,2.41,,red,1,15.97,0,-2.41,0,-14.47
156,5.205,red,observed,1.0,2.58,,red,1,15.07,0,-2.58,0,-15.02
159,5.305,red,observed,1.0,2.9,,red,1,14.81,0,-2.9,0,-14.83
162,5.405,red,observed,1.0,3.06,,red,1,14.68,0,-3.06,0,-14.19
165,5.506,red,observed,1.0,2.58,,red,1,14.94,0,-2.58,0,-14.19
168,5.606,red,observed,1.0,3.22,,red,1,15.58,0,-3.22,0,-14.56
171,5.706,red,observed,1.0,2.25,,red,1,14.16,0,-2.25,0,-14.19
174,5.806,red,observed,1.0,3.54,,red,1,14.68,0,-3.54,0,-15.11
177,5.906,red,observed,0.644,1.29,,red,1,15.71,0,-1.29,0,-14.93
180,6.006,red,observed,1.0,3.7,,red,1,14.94,0,-3.7,0,-14.65
183,6.106,red,observed,1.0,3.86,,red,1,15.84,0,-3.86,0,-14.65
186,6.206,red,observed,1.0,3.38,,red,1,14.55,0,-3.38,0,-14.65
189,6.306,red,observed,1.0,3.7,,red,1,15.45,0,-3.7,0,-13.74
192,6.406,red,observed,1.0,3.38,,red,1,14.68,0,-3.38,0,-14.74
195,6.506,red,observed,1.0,2.58,,red,1,15.71,0,-2.58,0,-15.38
198,6.607,red,observed,1.0,2.74,,red,1,16.48,0,-2.74,0,-14.83
201,6.707,red,observed,1.0,3.22,,red,1,15.84,0,-3.22,0,-15.2
204,6.807,red,observed,1.0,2.9,,red,1,15.45,0,-2.9,0,-14.47
207,6.907,red,observed,1.0,3.38,,red,1,15.07,0,-3.38,0,-14.56
210,7.007,red,observed,1.0,3.38,,red,1,16.87,0,-3.38,0,-15.48
213,7.107,red,observed,1.0,3.38,,red,1,16.61,0,-3.38,0,-14.93
216,7.207,red,observed,1.0,3.7,,red,1,15.19,0,-3.7,0,-15.48
219,7.307,red,observed,1.0,5.15,,red,1,15.32,0,-5.15,0,-14.65
222,7.407,red,observed,1.0,2.9,,red,1,15.71,0,-2.9,0,-14.65
225,7.508,red,observed,1.0,2.74,,red,1,16.87,0,-2.74,0,-15.66
228,7.608,red,observed,1.0,4.02,,red,1,15.84,0,-4.02,0,-14.47
231,7.708,red,observed,1.0,5.15,,red,1,16.74,0,-5.15,0,-14.74
234,7.808,red,observed,1.0,4.51,,red,1,16.1,0,-4.51,0,-14.93
237,7.908,red,observed,1.0,3.38,,red,1,15.84,0,-3.38,0,-15.02
240,8.008,red,observed,1.0,4.35,,red,1,17.25,0,-4.35,0,-14.93
243,8.108,red,observed,1.0,3.86,,red,1,17.0,0,-3.86,0,-14.83
246,8.208,red,observed,1.0,4.02,,red,1,15.58,0,-4.02,0,-15.2
249,8.308,red,observed,1.0,5.47,,red,1,15.71,0,-5.47,0,-15.02
252,8.408,red,observed,1.0,4.35,,red,1,15.32,0,-4.35,0,-14.74
255,8.508,red,observed,1.0,4.67,,red,1,15.45,0,-4.67,0,-14.01
258,8.609,red,observed,1.0,5.15,,red,1,14.81,0,-5.15,0,-14.47
261,8.709,red,observed,1.0,4.51,,red,1,16.1,0,-4.51,0,-15.02
264,8.809,red,observed,1.0,5.15,,red,1,15.58,0,-5.15,0,-14.74
267,8.909,red,observed,1.0,5.15,,red,1,14.94,0,-5.15,0,-14.29
270,9.009,red,observed,1.0,3.22,,red,1,15.58,0,-3.22,0,-14.29
273,9.109,red,observed,1.0,2.58,,red,1,16.1,0,-2.58,0,-14.38
276,9.209,red,observed,1.0,3.54,,red,1,15.84,0,-3.54,0,-15.02
279,9.309,red,observed,1.0,4.83,,red,1,15.58,0,-4.83,0,-14.56
282,9.409,red,observed,0.885,1.77,,red,1,15.71,0,-1.77,0,-14.47
285,9.51,red,observed,1.0,6.28,,red,1,14.42,0,-6.28,0,-14.38
288,9.61,red,observed,1.0,3.86,,red,1,15.07,0,-3.86,0,-14.47
291,9.71,red,observed,1.0,4.99,,red,1,15.32,0,-4.99,0,-14.38
294,9.81,red,observed,1.0,3.38,,red,1,16.48,0,-3.38,0,-14.83
297,9.91,red,observed,1.0,4.02,,red,1,13.78,0,-4.02,0,-14.47
300,10.01,red,observed,1.0,3.7,,red,1,13.52,0,-3.7,0,-15.2
303,10.11,red,observed,1.0,3.22,,red,1,13.78,0,-3.22,0,-15.02
306,10.21,red,observed,1.0,4.99,,red,1,13.39,0,-4.99,0,-14.93
309,10.31,red,observed,1.0,4.83,,red,1,12.49,0,-4.83,0,-15.2
312,10.41,red,observed,1.0,3.86,,red,1,13.52,0,-3.86,0,-14.74
315,10.51,red,observed,1.0,4.35,,red,1,13.52,0,-4.35,0,-15.29
318,10.611,red,observed,1.0,3.06,,red,1,14.04,0,-3.06,0,-14.38
321,10.711,red,observed,1.0,3.38,,red,1,14.42,0,-3.38,0,-14.93
324,10.811,red,observed,1.0,3.06,,red,1,15.58,0,-3.06,0,-14.1
327,10.911,red,observed,1.0,2.25,,red,1,14.81,0,-2.25,0,-14.29
330,11.011,red,observed,1.0,4.02,,red,1,14.68,0,-4.02,0,-15.11
333,11.111,red,observed,1.0,3.7,,red,1,13.39,0,-3.7,0,-14.74
336,11.211,red,observed,1.0,3.38,,red,1,14.68,0,-3.38,0,-14.93
339,11.311,red,observed,1.0,2.9,,red,1,15.07,0,-2.9,0,-14.93
342,11.411,red,observed,1.0,3.38,,red,1,13.39,0,-3.38,0,-15.11
345,11.512,red,observed,1.0,3.7,,red,1,14.42,0,-3.7,0,-15.2
348,11.612,red,observed,1.0,3.38,,red,1,14.81,0,-3.38,0,-14.47
351,11.712,red,observed,1.0,3.38,,red,1,14.29,0,-3.38,0,-14.93
354,11.812,red,observed,1.0,3.54,,red,1,14.94,0,-3.54,0,-14.65
357,11.912,red,observed,1.0,3.38,,red,1,13.91,0,-3.38,0,-14.74
360,12.012,red,observed,1.0,2.25,,red,1,14.55,0,-2.25,0,-14.56
363,12.112,red,observed,0.966,1.93,,red,1,14.04,0,-1.93,0,-15.29
366,12.212,red,observed,0.966,1.93,,red,1,15.84,0,-1.93,0,-14.1
369,12.312,red,observed,1.0,3.86,,red,1,15.45,0,-3.86,0,-14.74
372,12.412,red,observed,1.0,2.58,,red,1,15.19,0,-2.58,0,-14.65
375,12.513,red,observed,0.966,1.93,,red,1,14.81,0,-1.93,0,-14.56
378,12.613,red,observed,1.0,3.7,,red,1,15.71,0,-3.7,0,-14.93
381,12.713,red,observed,1.0,3.7,,red,1,16.61,0,-3.7,0,-14.65
384,12.813,red,observed,0.724,1.45,,red,1,14.29,0,-1.45,0,-14.56
387,12.913,red,observed,1.0,3.86,,red,1,15.32,0,-3.86,0,-14.29
390,13.013,red,observed,1.0,3.86,,red,1,15.45,0,-3.86,0,-14.74
393,13.113,red,observed,1.0,2.9,,red,1,14.16,0,-2.9,0,-14.56
396,13.213,red,observed,1.0,2.58,,red,1,14.94,0,-2.58,0,-14.47
399,13.313,red,observed,1.0,3.54,,red,1,14.42,0,-3.54,0,-14.93
402,13.413,red,observed,1.0,3.22,,red,1,14.94,0,-3.22,0,-14.38
405,13.514,red,observed,1.0,3.54,,red,1,15.32,0,-3.54,0,-14.65
408,13.614,red,observed,1.0,3.7,,red,1,15.32,0,-3.7,0,-15.11
411,13.714,red,observed,1.0,3.86,,red,1,17.0,0,-3.86,0,-14.83
414,13.814,red,observed,1.0,4.02,,red,1,15.19,0,-4.02,0,-14.83
417,13.914,red,observed,1.0,4.19,,red,1,14.68,0,-4.19,0,-14.1
420,14.014,red,observed,1.0,4.02,,red,1,15.97,0,-4.02,0,-14.56
423,14.114,red,observed,1.0,4.02,,red,1,15.97,0,-4.02,0,-15.11
426,14.214,red,observed,1.0,2.9,,red,1,14.55,0,-2.9,0,-14.38
429,14.314,red,observed,1.0,3.22,,red,1,15.19,0,-3.22,0,-14.56
432,14.414,red,observed,1.0,4.02,,red,1,15.84,0,-4.02,0,-14.65
435,14.514,red,observed,1.0,4.02,,red,1,16.22,0,-4.02,0,-13.55
438,14.615,red,observed,1.0,4.02,,red,1,16.48,0,-4.02,0,-14.83
441,14.715,red,observed,1.0,5.31,,red,1,15.97,0,-5.31,0,-14.83
444,14.815,red,observed,1.0,4.02,,red,1,15.97,0,-4.02,0,-14.83
447,14.915,red,observed,1.0,4.19,,red,1,15.84,0,-4.19,0,-15.38
450,15.015,red,observed,1.0,3.54,,red,1,16.22,0,-3.54,0,-14.83
453,15.115,red,observed,1.0,2.74,,red,1,16.48,0,-2.74,0,-14.74
456,15.215,red,observed,1.0,3.54,,red,1,16.1,0,-3.54,0,-15.2
459,15.315,red,observed,1.0,2.41,,red,1,15.97,0,-2.41,0,-14.29
462,15.415,red,observed,1.0,2.9,,red,1,16.22,0,-2.9,0,-15.2
465,15.516,red,observed,1.0,2.41,,red,1,16.35,0,-2.41,0,-14.93
468,15.616,red,observed,1.0,2.09,,red,1,16.61,0,-2.09,0,-14.56
471,15.716,red,observed,1.0,2.9,,red,1,16.22,0,-2.9,0,-14.47
474,15.816,red,observed,1.0,2.58,,red,1,15.84,0,-2.58,0,-14.29
477,15.916,red,observed,1.0,2.9,,red,1,15.84,0,-2.9,0,-14.74
480,16.016,red,observed,1.0,3.86,,red,1,15.71,0,-3.86,0,-14.65
483,16.116,red,observed,1.0,3.22,,red,1,15.97,0,-3.22,0,-14.56
486,16.216,red,observed,1.0,3.22,,red,1,15.45,0,-3.22,0,-14.65
489,16.316,red,observed,1.0,3.22,,red,1,15.71,0,-3.22,0,-14.29
492,16.416,red,observed,0.563,1.13,,red,1,16.1,0,-1.13,0,-14.38
495,16.516,red,observed,0.724,1.45,,red,1,15.97,0,-1.45,0,-14.74
498,16.617,red,observed,1.0,3.7,,red,1,15.97,0,-3.7,0,-14.65
501,16.717,red,observed,1.0,4.19,,red,1,15.07,0,-4.19,0,-13.74
504,16.817,red,observed,1.0,3.22,,red,1,15.71,0,-3.22,0,-14.29
507,16.917,red_amber,observed,1.0,4.02,,red_amber,1,14.94,1,4.02,0,-14.56
510,17.017,red_amber,observed,1.0,4.19,,red_amber,1,16.48,1,4.19,0,-14.65
513,17.117,red_amber,observed,1.0,4.35,,red_amber,1,14.81,1,4.35,0,-15.29
516,17.217,red_amber,observed,1.0,4.67,,red_amber,1,14.81,1,4.67,0,-14.93
519,17.317,red_amber,observed,1.0,3.7,,red_amber,1,14.81,1,3.7,0,-14.29
522,17.417,red_amber,observed,1.0,3.7,,red_amber,1,15.58,1,3.7,0,-15.11
525,17.518,red_amber,observed,1.0,4.35,,red_amber,1,15.07,1,4.35,0,-15.11
528,17.618,red_amber,observed,1.0,2.9,,red_amber,1,15.07,1,2.9,0,-15.29
531,17.718,red_amber,observed,1.0,3.38,,red_amber,1,15.07,1,3.38,0,-14.83
534,17.818,red_amber,observed,0.644,1.29,,red_amber,1,13.91,1,1.29,0,-15.02
537,17.918,red_amber,observed,1.0,3.22,,red_amber,1,14.04,1,3.22,0,-15.11
540,18.018,red_amber,observed,1.0,4.67,,red_amber,1,14.16,1,4.67,0,-14.83
543,18.118,red_amber,observed,1.0,4.35,,red_amber,1,13.13,1,4.35,0,-14.93
546,18.218,red_amber,observed,1.0,4.99,,red_amber,1,14.68,1,4.99,0,-14.29
549,18.318,red_amber,observed,1.0,2.9,,red_amber,1,13.91,1,2.9,0,-15.02
552,18.418,red_amber,observed,1.0,5.31,,red_amber,1,14.29,1,5.31,0,-14.83
555,18.518,red_amber,observed,1.0,3.06,,red_amber,1,13.78,1,3.06,0,-15.2
558,18.619,red_amber,observed,1.0,3.38,,red_amber,1,13.26,1,3.38,0,-14.47
561,18.719,red_amber,observed,1.0,2.74,,red_amber,1,14.16,1,2.74,0,-14.74
564,18.819,red_amber,observed,1.0,3.06,,red_amber,1,14.42,1,3.06,0,-14.65
567,18.919,red_amber,observed,1.0,2.58,,red_amber,1,13.65,1,2.58,0,-14.56
570,19.019,red_amber,observed,1.0,2.09,,red_amber,1,14.81,1,2.09,0,-14.56
573,19.119,red_amber,observed,1.0,2.09,,red_amber,1,15.58,1,2.09,0,-15.84
576,19.219,red_amber,observed,1.0,2.09,,red_amber,1,14.68,1,2.09,0,-14.1
579,19.319,red_amber,observed,1.0,2.09,,red_amber,1,13.39,1,2.09,0,-14.38
582,19.419,red_amber,observed,1.0,2.09,,red_amber,1,14.94,1,2.09,0,-14.93
585,19.52,unknown,occluded,0.0,2.09,occluded,occluded,1,14.81,1,2.09,0,-14.74
588,19.62,unknown,occluded,0.0,3.38,occluded,occluded,1,13.13,1,3.38,0,-14.19
591,19.72,unknown,occluded,0.0,2.9,occluded,occluded,1,13.78,1,2.9,0,-14.47
594,19.82,red,low_confidence,0.161,0.32,lamp_near_threshold,red,1,15.58,0,-0.32,0,-13.83
597,19.92,green,observed,1.0,3.86,,green,0,-15.07,0,-3.86,1,14.19
600,20.02,green,observed,1.0,5.63,,green,0,-16.48,0,-5.63,1,15.66
603,20.12,green,observed,1.0,2.74,,green,0,-16.1,0,-2.74,1,14.56
606,20.22,green,observed,1.0,2.25,,green,0,-15.71,0,-2.25,1,14.65
609,20.32,green,observed,1.0,4.02,,green,0,-15.84,0,-4.02,1,14.56
612,20.42,green,observed,1.0,4.19,,green,0,-15.58,0,-4.19,1,14.38
615,20.521,green,observed,1.0,4.35,,green,0,-16.61,0,-4.35,1,14.74
618,20.621,green,observed,1.0,3.06,,green,0,-16.74,0,-3.06,1,16.3
621,20.721,green,observed,1.0,2.9,,green,0,-15.32,0,-2.9,1,15.02
624,20.821,green,observed,1.0,2.74,,green,0,-15.84,0,-2.74,1,14.83
627,20.921,green,observed,1.0,2.74,,green,0,-15.32,0,-2.74,1,16.3
630,21.021,green,observed,1.0,2.25,,green,0,-16.22,0,-2.25,1,14.29
633,21.121,green,observed,0.966,1.93,,green,0,-16.61,0,-1.93,1,15.48
636,21.221,green,observed,1.0,2.58,,green,0,-15.97,0,-2.58,1,15.29
639,21.321,green,observed,1.0,2.25,,green,0,-15.58,0,-2.25,1,15.11
642,21.421,green,observed,1.0,2.09,,green,0,-15.84,0,-2.09,1,15.2
645,21.522,green,observed,1.0,4.02,,green,0,-14.42,0,-4.02,1,15.57
648,21.622,green,observed,1.0,2.74,,green,0,-15.07,0,-2.74,1,15.2
651,21.722,green,observed,0.885,1.77,,green,0,-14.94,0,-1.77,1,15.02
654,21.822,green,observed,1.0,2.74,,green,0,-15.45,0,-2.74,1,14.19
657,21.922,green,observed,1.0,2.74,,green,0,-14.42,0,-2.74,1,14.65
660,22.022,green,observed,1.0,3.54,,green,0,-16.48,0,-3.54,1,15.02
663,22.122,green,observed,1.0,3.54,,green,0,-15.71,0,-3.54,1,14.74
666,22.222,green,observed,1.0,3.06,,green,0,-15.45,0,-3.06,1,14.01
669,22.322,green,observed,1.0,3.22,,green,0,-15.32,0,-3.22,1,14.19
672,22.422,green,observed,1.0,2.74,,green,0,-15.58,0,-2.74,1,14.29
675,22.522,green,observed,1.0,3.06,,green,0,-16.22,0,-3.06,1,13.74
678,22.623,green,observed,1.0,3.54,,green,0,-15.32,0,-3.54,1,14.65
681,22.723,green,low_confidence,0.402,0.8,lamp_near_threshold,green,0,-15.19,0,-0.8,1,14.74
684,22.823,green,observed,1.0,4.02,,green,0,-15.45,0,-4.02,1,13.46
687,22.923,green,observed,1.0,3.7,,green,0,-15.58,0,-3.7,1,13.19
690,23.023,green,observed,1.0,3.86,,green,0,-16.35,0,-3.86,1,13.55
693,23.123,green,observed,1.0,4.02,,green,0,-15.45,0,-4.02,1,13.74
696,23.223,green,observed,1.0,4.02,,green,0,-15.32,0,-4.02,1,14.29
699,23.323,green,observed,1.0,3.7,,green,0,-16.35,0,-3.7,1,13.37
702,23.423,green,observed,1.0,4.02,,green,0,-16.22,0,-4.02,1,13.55
705,23.524,green,observed,1.0,2.58,,green,0,-15.97,0,-2.58,1,12.82
708,23.624,green,observed,1.0,2.41,,green,0,-16.61,0,-2.41,1,14.01
711,23.724,green,observed,1.0,4.51,,green,0,-16.35,0,-4.51,1,13.1
714,23.824,green,observed,1.0,4.99,,green,0,-16.48,0,-4.99,1,14.74
717,23.924,green,observed,1.0,2.41,,green,0,-15.58,0,-2.41,1,12.55
720,24.024,green,observed,1.0,2.58,,green,0,-15.07,0,-2.58,1,12.36
723,24.124,green,observed,1.0,2.74,,green,0,-15.97,0,-2.74,1,12.64
726,24.224,green,observed,1.0,3.86,,green,0,-16.35,0,-3.86,1,11.9
729,24.324,green,observed,1.0,3.38,,green,0,-16.22,0,-3.38,1,12.0
732,24.424,green,observed,1.0,3.38,,green,0,-16.22,0,-3.38,1,13.55
735,24.524,green,observed,0.885,1.77,,green,0,-15.71,0,-1.77,1,12.82
738,24.625,green,observed,1.0,2.74,,green,0,-16.87,0,-2.74,1,13.28
741,24.725,green,observed,1.0,4.51,,green,0,-15.71,0,-4.51,1,13.37
744,24.825,green,observed,1.0,4.67,,green,0,-16.35,0,-4.67,1,13.37
747,24.925,green,observed,1.0,4.67,,green,0,-16.1,0,-4.67,1,13.37
750,25.025,green,observed,1.0,3.86,,green,0,-15.32,0,-3.86,1,13.19
753,25.125,green,observed,1.0,2.09,,green,0,-14.94,0,-2.09,1,12.91
756,25.225,green,observed,1.0,2.25,,green,0,-15.84,0,-2.25,1,13.0
759,25.325,green,observed,1.0,2.41,,green,0,-16.61,0,-2.41,1,13.64
762,25.425,green,observed,1.0,3.7,,green,0,-15.97,0,-3.7,1,13.37
765,25.526,green,observed,1.0,3.7,,green,0,-15.71,0,-3.7,1,14.1
768,25.626,green,observed,1.0,2.9,,green,0,-16.61,0,-2.9,1,12.73
771,25.726,green,observed,1.0,3.06,,green,0,-15.97,0,-3.06,1,14.01
774,25.826,green,observed,1.0,3.38,,green,0,-17.38,0,-3.38,1,14.19
777,25.926,green,observed,1.0,3.86,,green,0,-17.0,0,-3.86,1,14.01
780,26.026,green,observed,1.0,3.54,,green,0,-15.58,0,-3.54,1,13.92
783,26.126,green,observed,1.0,3.22,,green,0,-15.97,0,-3.22,1,14.1
786,26.226,green,observed,1.0,3.54,,green,0,-16.74,0,-3.54,1,15.11
789,26.326,green,observed,1.0,3.86,,green,0,-15.97,0,-3.86,1,14.38
792,26.426,green,observed,1.0,3.86,,green,0,-16.22,0,-3.86,1,15.38
795,26.527,green,observed,1.0,3.7,,green,0,-16.61,0,-3.7,1,15.02
798,26.627,green,observed,1.0,3.06,,green,0,-16.74,0,-3.06,1,13.37
801,26.727,green,observed,1.0,3.06,,green,0,-16.22,0,-3.06,1,15.29
804,26.827,green,observed,1.0,4.83,,green,0,-15.84,0,-4.83,1,16.12
807,26.927,green,observed,1.0,4.51,,green,0,-15.71,0,-4.51,1,16.3
810,27.027,green,observed,1.0,4.67,,green,0,-16.22,0,-4.67,1,14.47
813,27.127,green,observed,1.0,5.15,,green,0,-16.22,0,-5.15,1,16.12
816,27.227,green,observed,1.0,4.19,,green,0,-16.48,0,-4.19,1,15.02
819,27.327,green,observed,1.0,3.06,,green,0,-15.45,0,-3.06,1,15.02
822,27.427,green,observed,1.0,4.83,,green,0,-15.84,0,-4.83,1,15.38
825,27.528,green,observed,1.0,2.58,,green,0,-16.1,0,-2.58,1,15.11
828,27.628,green,observed,1.0,4.19,,green,0,-15.32,0,-4.19,1,15.48
831,27.728,green,observed,1.0,3.7,,green,0,-15.58,0,-3.7,1,15.66
834,27.828,green,observed,1.0,2.41,,green,0,-14.81,0,-2.41,1,15.11
837,27.928,green,observed,1.0,2.41,,green,0,-15.45,0,-2.41,1,16.3
840,28.028,green,observed,1.0,2.74,,green,0,-15.19,0,-2.74,1,16.03
843,28.128,green,observed,1.0,2.25,,green,0,-15.84,0,-2.25,1,16.21
846,28.228,green,observed,1.0,3.86,,green,0,-16.22,0,-3.86,1,16.21
849,28.328,green,observed,1.0,4.35,,green,0,-16.87,0,-4.35,1,15.75
852,28.428,green,observed,1.0,4.19,,green,0,-16.48,0,-4.19,1,15.48
855,28.528,green,observed,1.0,4.02,,green,0,-15.84,0,-4.02,1,15.2
858,28.629,green,observed,1.0,4.67,,green,0,-16.87,0,-4.67,1,16.57
861,28.729,green,observed,1.0,2.74,,green,0,-15.84,0,-2.74,1,15.75
864,28.829,green,observed,1.0,3.86,,green,0,-16.22,0,-3.86,1,15.84
867,28.929,green,observed,1.0,2.25,,green,0,-15.45,0,-2.25,1,16.21
870,29.029,green,observed,1.0,2.58,,green,0,-15.97,0,-2.58,1,14.83
873,29.129,green,observed,1.0,2.41,,green,0,-16.35,0,-2.41,1,15.48
876,29.229,green,observed,1.0,3.06,,green,0,-16.1,0,-3.06,1,16.39
879,29.329,green,observed,1.0,2.9,,green,0,-15.19,0,-2.9,1,16.39
882,29.429,green,observed,1.0,4.35,,green,0,-16.35,0,-4.35,1,16.39
885,29.53,green,observed,1.0,2.58,,green,0,-16.35,0,-2.58,1,15.2
888,29.63,green,observed,1.0,4.51,,green,0,-15.32,0,-4.51,1,16.12
891,29.73,green,observed,1.0,2.58,,green,0,-16.1,0,-2.58,1,14.93
894,29.83,green,observed,1.0,4.83,,green,0,-15.71,0,-4.83,1,15.66
897,29.93,green,observed,1.0,3.7,,green,0,-17.0,0,-3.7,1,15.38
900,30.03,green,observed,0.966,1.93,,green,0,-16.35,0,-1.93,1,15.29
903,30.13,green,observed,1.0,4.67,,green,0,-15.97,0,-4.67,1,15.38
906,30.23,green,observed,1.0,3.7,,green,0,-16.22,0,-3.7,1,15.2
909,30.33,green,observed,1.0,3.06,,green,0,-15.84,0,-3.06,1,15.29
912,30.43,green,observed,1.0,3.06,,green,0,-16.35,0,-3.06,1,15.11
915,30.53,green,observed,1.0,3.06,,green,0,-16.74,0,-3.06,1,14.29
918,30.631,green,observed,1.0,3.22,,green,0,-16.22,0,-3.22,1,14.29
921,30.731,green,observed,1.0,2.74,,green,0,-15.58,0,-2.74,1,14.56
924,30.831,green,observed,1.0,2.74,,green,0,-14.81,0,-2.74,1,14.38
927,30.931,green,observed,1.0,2.74,,green,0,-16.22,0,-2.74,1,13.83
930,31.031,green,observed,1.0,4.35,,green,0,-16.61,0,-4.35,1,15.02
933,31.131,green,observed,1.0,4.02,,green,0,-16.22,0,-4.02,1,13.92
936,31.231,green,observed,1.0,3.86,,green,0,-16.35,0,-3.86,1,13.46
939,31.331,green,observed,1.0,4.35,,green,0,-16.87,0,-4.35,1,15.02
942,31.431,green,observed,1.0,4.19,,green,0,-16.35,0,-4.19,1,13.1
945,31.532,green,observed,1.0,4.51,,green,0,-17.0,0,-4.51,1,13.83
948,31.632,green,observed,1.0,4.35,,green,0,-17.38,0,-4.35,1,15.02
951,31.732,green,observed,1.0,4.67,,green,0,-16.74,0,-4.67,1,14.1
954,31.832,green,observed,1.0,4.99,,green,0,-16.74,0,-4.99,1,14.29
957,31.932,green,observed,1.0,2.9,,green,0,-17.13,0,-2.9,1,13.92
960,32.032,green,observed,1.0,3.86,,green,0,-15.84,0,-3.86,1,14.83
963,32.132,green,observed,1.0,4.51,,green,0,-15.84,0,-4.51,1,14.83
966,32.232,green,observed,1.0,4.02,,green,0,-15.97,0,-4.02,1,14.01
969,32.332,green,observed,1.0,3.38,,green,0,-15.58,0,-3.38,1,13.19
972,32.432,green,observed,1.0,4.19,,green,0,-15.84,0,-4.19,1,13.46
975,32.532,green,observed,1.0,4.51,,green,0,-15.84,0,-4.51,1,13.64
978,32.633,green,observed,1.0,3.22,,green,0,-16.48,0,-3.22,1,14.38
981,32.733,green,observed,1.0,3.06,,green,0,-16.61,0,-3.06,1,14.19
984,32.833,green,observed,1.0,2.74,,green,0,-16.74,0,-2.74,1,14.65
987,32.933,green,observed,1.0,2.41,,green,0,-16.61,0,-2.41,1,14.1
990,33.033,green,observed,0.966,1.93,,green,0,-16.61,0,-1.93,1,13.28
993,33.133,green,observed,1.0,2.41,,green,0,-15.45,0,-2.41,1,13.28
996,33.233,green,observed,1.0,2.41,,green,0,-15.84,0,-2.41,1,13.55
999,33.333,green,observed,0.885,1.77,,green,0,-15.07,0,-1.77,1,13.28
1002,33.433,green,observed,1.0,3.7,,green,0,-15.71,0,-3.7,1,13.0
1005,33.534,green,observed,1.0,3.7,,green,0,-16.48,0,-3.7,1,13.55
1008,33.634,green,observed,1.0,3.7,,green,0,-16.1,0,-3.7,1,13.19
1011,33.734,green,observed,1.0,3.54,,green,0,-16.22,0,-3.54,1,13.64
1014,33.834,green,observed,1.0,4.02,,green,0,-16.1,0,-4.02,1,12.91
1017,33.934,green,observed,1.0,2.9,,green,0,-16.22,0,-2.9,1,13.74
1020,34.034,green,observed,1.0,3.38,,green,0,-16.1,0,-3.38,1,14.19
1023,34.134,green,observed,1.0,3.38,,green,0,-15.71,0,-3.38,1,13.83
1026,34.234,green,observed,1.0,3.54,,green,0,-15.32,0,-3.54,1,13.0
1029,34.334,green,observed,1.0,3.54,,green,0,-15.32,0,-3.54,1,13.55
1032,34.434,green,observed,1.0,3.7,,green,0,-16.1,0,-3.7,1,13.37
1035,34.534,green,observed,1.0,3.06,,green,0,-16.22,0,-3.06,1,14.29
1038,34.635,green,observed,1.0,3.86,,green,0,-16.61,0,-3.86,1,14.1
1041,34.735,green,observed,1.0,3.06,,green,0,-16.35,0,-3.06,1,14.38
1044,34.835,green,observed,1.0,3.38,,green,0,-17.38,0,-3.38,1,14.29
1047,34.935,green,observed,1.0,2.58,,green,0,-16.1,0,-2.58,1,14.47
1050,35.035,green,observed,1.0,4.67,,green,0,-16.22,0,-4.67,1,14.29
1053,35.135,green,observed,1.0,4.51,,green,0,-17.0,0,-4.51,1,15.2
1056,35.235,green,observed,1.0,4.51,,green,0,-15.45,0,-4.51,1,15.93
1059,35.335,green,observed,1.0,4.51,,green,0,-15.84,0,-4.51,1,15.48
1062,35.435,green,observed,1.0,4.83,,green,0,-16.1,0,-4.83,1,14.56
1065,35.536,green,observed,1.0,4.35,,green,0,-15.84,0,-4.35,1,14.47
1068,35.636,green,observed,1.0,4.51,,green,0,-16.74,0,-4.51,1,15.93
1071,35.736,green,observed,1.0,3.38,,green,0,-16.61,0,-3.38,1,16.39
1074,35.836,green,observed,1.0,2.58,,green,0,-16.87,0,-2.58,1,15.38
1077,35.936,green,observed,1.0,4.99,,green,0,-17.0,0,-4.99,1,15.29
1080,36.036,green,observed,1.0,3.86,,green,0,-15.58,0,-3.86,1,15.48
1083,36.136,green,observed,1.0,3.7,,green,0,-16.1,0,-3.7,1,15.57
1086,36.236,green,observed,1.0,3.22,,green,0,-15.71,0,-3.22,1,15.66
1089,36.336,green,observed,1.0,3.22,,green,0,-16.48,0,-3.22,1,16.67
1092,36.436,green,observed,1.0,3.06,,green,0,-15.71,0,-3.06,1,15.84
1095,36.537,green,observed,1.0,3.38,,green,0,-16.87,0,-3.38,1,16.12
1098,36.637,green,observed,1.0,3.86,,green,0,-15.97,0,-3.86,1,16.3
1101,36.737,green,observed,1.0,4.35,,green,0,-16.22,0,-4.35,1,16.03
1104,36.837,green,observed,1.0,4.19,,green,0,-16.48,0,-4.19,1,16.21
1107,36.937,green,observed,1.0,4.35,,green,0,-15.19,0,-4.35,1,14.56
1110,37.037,green,observed,1.0,3.38,,green,0,-16.48,0,-3.38,1,16.3
1113,37.137,green,observed,1.0,2.74,,green,0,-16.22,0,-2.74,1,15.75
1116,37.237,green,observed,1.0,3.38,,green,0,-16.48,0,-3.38,1,15.66
1119,37.337,green,observed,1.0,3.54,,green,0,-16.35,0,-3.54,1,15.75
1122,37.437,green,observed,1.0,3.7,,green,0,-16.48,0,-3.7,1,15.57
1125,37.538,green,observed,1.0,6.12,,green,0,-14.81,0,-6.12,1,16.21
1128,37.638,green,observed,1.0,4.67,,green,0,-16.1,0,-4.67,1,16.94
1131,37.738,green,observed,1.0,3.54,,green,0,-16.35,0,-3.54,1,16.57
1134,37.838,green,observed,1.0,4.19,,green,0,-15.97,0,-4.19,1,16.3
1137,37.938,green,observed,1.0,4.51,,green,0,-16.1,0,-4.51,1,15.38
1140,38.038,green,observed,1.0,2.9,,green,0,-16.74,0,-2.9,1,16.48
1143,38.138,green,observed,1.0,3.22,,green,0,-16.74,0,-3.22,1,16.76
1146,38.238,green,observed,1.0,2.74,,green,0,-16.74,0,-2.74,1,15.48
1149,38.338,green,observed,1.0,2.74,,green,0,-16.35,0,-2.74,1,16.3
1152,38.438,green,observed,1.0,2.74,,green,0,-16.48,0,-2.74,1,16.3
1155,38.538,green,observed,1.0,4.35,,green,0,-16.87,0,-4.35,1,16.67
1158,38.639,green,observed,1.0,3.54,,green,0,-16.61,0,-3.54,1,16.21
1161,38.739,green,observed,1.0,4.83,,green,0,-16.48,0,-4.83,1,15.48
1164,38.839,green,observed,1.0,3.38,,green,0,-15.84,0,-3.38,1,16.12
1167,38.939,green,observed,1.0,3.38,,green,0,-15.71,0,-3.38,1,15.84
1170,39.039,green,observed,1.0,3.06,,green,0,-17.13,0,-3.06,1,15.38
1173,39.139,green,observed,1.0,4.02,,green,0,-16.74,0,-4.02,1,15.29
1176,39.239,green,observed,1.0,4.83,,green,0,-16.22,0,-4.83,1,15.57
1179,39.339,green,observed,1.0,2.9,,green,0,-15.84,0,-2.9,1,14.1
1182,39.439,green,observed,1.0,2.41,,green,0,-16.74,0,-2.41,1,15.11
1185,39.54,green,observed,1.0,3.86,,green,0,-16.1,0,-3.86,1,13.1
1188,39.64,green,observed,1.0,3.54,,green,0,-16.61,0,-3.54,1,14.56
1191,39.74,green,observed,1.0,3.54,,green,0,-15.84,0,-3.54,1,15.38
1194,39.84,green,observed,1.0,2.74,,green,0,-15.45,0,-2.74,1,14.93
1197,39.94,green,observed,1.0,3.54,,green,0,-16.1,0,-3.54,1,14.01
1200,40.04,green,observed,1.0,4.02,,green,0,-15.45,0,-4.02,1,15.93
1203,40.14,green,observed,1.0,4.02,,green,0,-15.97,0,-4.02,1,14.65
1206,40.24,green,observed,1.0,5.15,,green,0,-15.45,0,-5.15,1,14.74
1209,40.34,green,observed,1.0,2.74,,green,0,-16.35,0,-2.74,1,13.19
1212,40.44,green,observed,1.0,2.58,,green,0,-15.84,0,-2.58,1,13.37
1215,40.54,green,observed,1.0,5.47,,green,0,-16.87,0,-5.47,1,12.36
1218,40.641,green,observed,1.0,5.15,,green,0,-16.35,0,-5.15,1,13.28
1221,40.741,green,observed,1.0,4.67,,green,0,-17.0,0,-4.67,1,14.38
1224,40.841,green,observed,1.0,3.86,,green,0,-17.25,0,-3.86,1,13.74
1227,40.941,green,observed,1.0,4.02,,green,0,-15.71,0,-4.02,1,14.19
1230,41.041,green,observed,1.0,4.19,,green,0,-16.61,0,-4.19,1,13.37
1233,41.141,green,observed,0.966,1.93,,green,0,-15.97,0,-1.93,1,14.38
1236,41.241,green,observed,1.0,3.86,,green,0,-15.32,0,-3.86,1,14.47
1239,41.341,green,observed,1.0,3.86,,green,0,-15.84,0,-3.86,1,13.74
1242,41.441,green,observed,1.0,3.7,,green,0,-15.97,0,-3.7,1,13.37
1245,41.542,green,observed,1.0,4.35,,green,0,-15.84,0,-4.35,1,14.56
1248,41.642,green,observed,1.0,2.09,,green,0,-16.1,0,-2.09,1,14.56
1251,41.742,green,observed,1.0,4.51,,green,0,-16.1,0,-4.51,1,13.37
1254,41.842,green,observed,1.0,2.74,,green,0,-16.61,0,-2.74,1,13.92
1257,41.942,green,observed,1.0,4.67,,green,0,-16.61,0,-4.67,1,14.93
1260,42.042,green,observed,1.0,4.51,,green,0,-17.25,0,-4.51,1,14.83
1263,42.142,green,observed,1.0,3.7,,green,0,-17.77,0,-3.7,1,14.74
1266,42.242,green,observed,1.0,3.06,,green,0,-16.22,0,-3.06,1,14.38
1269,42.342,green,observed,1.0,4.02,,green,0,-15.19,0,-4.02,1,14.65
1272,42.442,green,observed,1.0,4.35,,green,0,-16.22,0,-4.35,1,14.93
1275,42.543,green,observed,1.0,4.19,,green,0,-17.0,0,-4.19,1,14.93
1278,42.643,green,observed,1.0,3.7,,green,0,-16.87,0,-3.7,1,15.02
1281,42.743,green,observed,1.0,4.99,,green,0,-15.97,0,-4.99,1,14.65
1284,42.843,green,observed,1.0,4.19,,green,0,-17.0,0,-4.19,1,14.83
1287,42.943,green,observed,1.0,4.51,,green,0,-16.48,0,-4.51,1,14.38
1290,43.043,green,observed,1.0,4.51,,green,0,-17.25,0,-4.51,1,14.1
1293,43.143,green,observed,1.0,4.51,,green,0,-16.35,0,-4.51,1,13.74
1296,43.243,green,observed,1.0,4.35,,green,0,-16.61,0,-4.35,1,13.46
1299,43.343,green,observed,1.0,3.7,,green,0,-15.97,0,-3.7,1,13.37
1302,43.443,green,observed,1.0,4.19,,green,0,-16.61,0,-4.19,1,13.92
1305,43.544,green,observed,1.0,4.19,,green,0,-16.22,0,-4.19,1,15.57
1308,43.644,green,observed,1.0,3.7,,green,0,-16.48,0,-3.7,1,14.19
1311,43.744,green,observed,1.0,2.9,,green,0,-15.58,0,-2.9,1,15.02
1314,43.844,green,observed,1.0,2.74,,green,0,-14.94,0,-2.74,1,14.56
1317,43.944,green,observed,1.0,3.06,,green,0,-15.58,0,-3.06,1,15.66
1320,44.044,green,observed,1.0,4.83,,green,0,-17.0,0,-4.83,1,14.65
1323,44.144,green,observed,1.0,4.35,,green,0,-16.22,0,-4.35,1,15.48
1326,44.244,green,observed,1.0,3.86,,green,0,-16.22,0,-3.86,1,14.38
1329,44.344,green,observed,1.0,4.02,,green,0,-16.35,0,-4.02,1,15.93
1332,44.444,green,observed,1.0,4.19,,green,0,-16.74,0,-4.19,1,14.47
1335,44.544,green,observed,1.0,4.35,,green,0,-16.48,0,-4.35,1,16.03
1338,44.645,green,observed,1.0,3.38,,green,0,-15.97,0,-3.38,1,16.21
1341,44.745,green,observed,1.0,3.54,,green,0,-17.0,0,-3.54,1,16.03
1344,44.845,green,observed,1.0,3.86,,green,0,-17.51,0,-3.86,1,16.3
1347,44.945,green,observed,1.0,3.7,,green,0,-16.35,0,-3.7,1,16.03
1350,45.045,green,observed,1.0,4.51,,green,0,-15.32,0,-4.51,1,16.21
1353,45.145,green,observed,1.0,3.22,,green,0,-16.48,0,-3.22,1,16.39
1356,45.245,green,observed,1.0,3.54,,green,0,-16.35,0,-3.54,1,16.94
1359,45.345,green,observed,1.0,4.02,,green,0,-17.0,0,-4.02,1,16.39
1362,45.445,green,observed,1.0,3.86,,green,0,-15.32,0,-3.86,1,15.84
1365,45.546,green,observed,1.0,4.19,,green,0,-15.45,0,-4.19,1,16.76
1368,45.646,green,observed,1.0,4.51,,green,0,-16.48,0,-4.51,1,16.3
1371,45.746,green,observed,1.0,5.96,,green,0,-15.45,0,-5.96,1,16.76
1374,45.846,green,observed,1.0,7.08,,green,0,-15.45,0,-7.08,1,14.65
1377,45.946,green,observed,1.0,5.31,,green,0,-15.84,0,-5.31,1,14.38
1380,46.046,green,observed,1.0,5.31,,green,0,-15.97,0,-5.31,1,16.12
1383,46.146,green,observed,1.0,5.31,,green,0,-16.1,0,-5.31,1,14.65
1386,46.246,green,observed,1.0,4.35,,green,0,-16.87,0,-4.35,1,15.93
1389,46.346,green,observed,1.0,4.67,,green,0,-15.19,0,-4.67,1,16.67
1392,46.446,green,observed,1.0,2.41,,green,0,-16.35,0,-2.41,1,17.22
1395,46.546,green,observed,1.0,4.83,,green,0,-16.22,0,-4.83,1,16.67
1398,46.647,green,observed,1.0,5.15,,green,0,-16.74,0,-5.15,1,16.85
1401,46.747,green,observed,1.0,4.02,,green,0,-16.48,0,-4.02,1,16.03
1404,46.847,green,observed,1.0,3.54,,green,0,-16.61,0,-3.54,1,16.21
1407,46.947,green,observed,1.0,4.02,,green,0,-15.97,0,-4.02,1,17.31
1410,47.047,green,observed,1.0,3.86,,green,0,-15.71,0,-3.86,1,17.58
1413,47.147,green,observed,1.0,4.35,,green,0,-16.22,0,-4.35,1,16.67
1416,47.247,green,observed,1.0,4.67,,green,0,-17.0,0,-4.67,1,16.67
1419,47.347,green,observed,1.0,4.51,,green,0,-15.58,0,-4.51,1,15.93
1422,47.447,green,observed,1.0,4.35,,green,0,-16.1,0,-4.35,1,16.21
1425,47.548,green,observed,1.0,4.67,,green,0,-15.71,0,-4.67,1,16.21
1428,47.648,green,observed,1.0,4.67,,green,0,-14.94,0,-4.67,1,16.76
1431,47.748,green,observed,1.0,3.06,,green,0,-15.97,0,-3.06,1,17.86
1434,47.848,green,observed,1.0,2.9,,green,0,-16.35,0,-2.9,1,16.67
1437,47.948,green,observed,1.0,5.31,,green,0,-16.1,0,-5.31,1,16.85
1440,48.048,green,observed,1.0,3.54,,green,0,-17.13,0,-3.54,1,15.75
1443,48.148,green,observed,1.0,3.7,,green,0,-15.97,0,-3.7,1,15.11
1446,48.248,green,observed,1.0,3.38,,green,0,-14.94,0,-3.38,1,15.75
1449,48.348,green,observed,1.0,3.22,,green,0,-15.32,0,-3.22,1,16.21
1452,48.448,green,observed,1.0,3.7,,green,0,-17.51,0,-3.7,1,15.29
1455,48.549,green,observed,1.0,5.96,,green,0,-16.48,0,-5.96,1,15.2
1458,48.649,green,observed,1.0,2.74,,green,0,-16.61,0,-2.74,1,14.93
1461,48.749,green,observed,1.0,4.99,,green,0,-16.87,0,-4.99,1,15.02
1464,48.849,green,observed,1.0,3.54,,green,0,-16.61,0,-3.54,1,15.57
1467,48.949,green,observed,1.0,3.7,,green,0,-15.97,0,-3.7,1,15.29
1470,49.049,green,observed,1.0,3.22,,green,0,-16.74,0,-3.22,1,16.03
1473,49.149,green,observed,1.0,4.02,,green,0,-15.84,0,-4.02,1,15.29
1476,49.249,green,observed,1.0,3.06,,green,0,-15.84,0,-3.06,1,15.02
1479,49.349,green,observed,1.0,3.38,,green,0,-16.1,0,-3.38,1,14.65
1482,49.449,green,observed,1.0,3.22,,green,0,-16.1,0,-3.22,1,15.38
1485,49.55,green,observed,1.0,4.02,,green,0,-17.0,0,-4.02,1,15.29
1488,49.65,green,observed,1.0,2.41,,green,0,-15.71,0,-2.41,1,15.84
1491,49.75,green,observed,1.0,4.35,,green,0,-15.32,0,-4.35,1,13.28
1494,49.85,green,observed,1.0,4.19,,green,0,-15.58,0,-4.19,1,14.29
1497,49.95,green,observed,1.0,3.38,,green,0,-15.45,0,-3.38,1,13.92
1500,50.05,green,observed,1.0,5.79,,green,0,-15.07,0,-5.79,1,15.84
1503,50.15,green,observed,1.0,3.06,,green,0,-16.74,0,-3.06,1,14.01
1506,50.25,green,observed,1.0,4.51,,green,0,-17.0,0,-4.51,1,14.83
1509,50.35,green,observed,1.0,4.67,,green,0,-16.22,0,-4.67,1,13.55
1512,50.45,green,observed,1.0,5.15,,green,0,-17.13,0,-5.15,1,15.93
1515,50.55,green,observed,1.0,3.22,,green,0,-16.1,0,-3.22,1,14.1
1518,50.651,green,observed,1.0,3.7,,green,0,-16.48,0,-3.7,1,14.74
1521,50.751,green,observed,1.0,3.38,,green,0,-16.22,0,-3.38,1,14.65
1524,50.851,green,observed,1.0,4.19,,green,0,-16.22,0,-4.19,1,15.66
1527,50.951,green,observed,1.0,4.35,,green,0,-16.35,0,-4.35,1,14.83
1530,51.051,green,observed,1.0,5.31,,green,0,-16.87,0,-5.31,1,12.55
1533,51.151,green,observed,1.0,3.86,,green,0,-16.87,0,-3.86,1,14.93
1536,51.251,green,observed,1.0,3.54,,green,0,-16.48,0,-3.54,1,13.92
1539,51.351,green,observed,1.0,3.38,,green,0,-17.0,0,-3.38,1,14.93
1542,51.451,green,observed,1.0,4.02,,green,0,-16.61,0,-4.02,1,15.2
1545,51.552,green,observed,1.0,2.09,,green,0,-16.61,0,-2.09,1,15.75
1548,51.652,green,observed,1.0,5.47,,green,0,-16.1,0,-5.47,1,15.2
1551,51.752,green,observed,1.0,4.19,,green,0,-17.51,0,-4.19,1,14.56
1554,51.852,green,observed,1.0,3.86,,green,0,-17.64,0,-3.86,1,14.93
1557,51.952,green,observed,1.0,2.9,,green,0,-15.71,0,-2.9,1,15.84
1560,52.052,green,observed,0.644,1.29,,green,0,-16.74,0,-1.29,1,16.3
1563,52.152,green,observed,1.0,4.02,,green,0,-15.07,0,-4.02,1,16.21
1566,52.252,green,observed,1.0,3.22,,green,0,-16.1,0,-3.22,1,15.75
1569,52.352,green,observed,1.0,3.54,,green,0,-16.74,0,-3.54,1,16.76
1572,52.452,green,observed,1.0,3.54,,green,0,-16.87,0,-3.54,1,16.21
1575,52.552,green,observed,1.0,3.54,,green,0,-15.84,0,-3.54,1,15.29
1578,52.653,green,observed,1.0,4.02,,green,0,-16.61,0,-4.02,1,10.99
1581,52.753,green_blink,observed,1.0,4.02,,green_flash,0,-15.32,0,-4.02,0,-13.46
1584,52.853,green_blink,observed,1.0,3.54,,green_flash,0,-16.1,0,-3.54,0,-14.56
1587,52.953,green_blink,observed,1.0,2.09,,green_flash,0,-16.1,0,-2.09,0,-14.56
1590,53.053,green_blink,observed,1.0,4.19,,green_flash,0,-16.87,0,-4.19,0,-14.56
1593,53.153,green_blink,observed,1.0,4.19,,green,0,-16.48,0,-4.19,1,12.0
1596,53.253,green_blink,observed,1.0,4.35,,green,0,-17.0,0,-4.35,1,15.57
1599,53.353,green_blink,observed,1.0,4.02,,green,0,-16.1,0,-4.02,1,16.76
1602,53.453,green_blink,observed,1.0,2.41,,green,0,-16.61,0,-2.41,1,16.48
1605,53.554,green_blink,observed,1.0,3.06,,green,0,-15.45,0,-3.06,1,16.21
1608,53.654,green_blink,observed,1.0,3.38,,green_flash,0,-17.0,0,-3.38,0,-12.45
1611,53.754,green_blink,observed,1.0,2.74,,green_flash,0,-16.48,0,-2.74,0,-13.92
1614,53.854,green_blink,observed,1.0,3.22,,green_flash,0,-15.58,0,-3.22,0,-13.74
1617,53.954,green_blink,observed,1.0,2.9,,green_flash,0,-16.61,0,-2.9,0,-14.01
1620,54.054,green_blink,observed,1.0,4.02,,green_flash,0,-15.84,0,-4.02,0,-14.65
1623,54.154,green_blink,observed,1.0,3.22,,green,0,-16.74,0,-3.22,1,13.55
1626,54.254,green_blink,observed,1.0,3.22,,green,0,-15.32,0,-3.22,1,17.4
1629,54.354,green_blink,observed,1.0,2.09,,green,0,-14.68,0,-2.09,1,18.13
1632,54.454,green_blink,observed,0.966,1.93,,green,0,-15.71,0,-1.93,1,17.4
1635,54.555,green_blink,observed,1.0,2.41,,green,0,-15.97,0,-2.41,1,18.22
1638,54.655,green_blink,observed,1.0,2.41,,green_flash,0,-15.97,0,-2.41,0,-12.36
1641,54.755,green_blink,observed,1.0,3.06,,green_flash,0,-15.97,0,-3.06,0,-13.83
1644,54.855,green_blink,observed,1.0,3.86,,green_flash,0,-15.71,0,-3.86,0,-14.1
1647,54.955,green_blink,observed,1.0,3.06,,green_flash,0,-16.1,0,-3.06,0,-14.01
1650,55.055,green_blink,observed,0.644,1.29,,green_flash,0,-15.71,0,-1.29,0,-14.29
1653,55.155,green_blink,observed,0.724,1.45,,green,0,-15.97,0,-1.45,1,14.56
1656,55.255,green_blink,observed,0.966,1.93,,green,0,-15.71,0,-1.93,1,18.04
1659,55.355,green_blink,observed,0.885,1.77,,green,0,-16.61,0,-1.77,1,18.77
1662,55.455,green_blink,observed,0.644,1.29,,green,0,-16.1,0,-1.29,1,16.76
1665,55.556,green_blink,observed,0.644,1.29,,green,0,-15.71,0,-1.29,1,18.13
1668,55.656,green_blink,observed,1.0,3.22,,green_flash,0,-17.77,0,-3.22,0,-12.55
1671,55.756,amber,observed,1.0,5.31,,amber,0,-14.94,1,5.31,0,-13.64
1674,55.856,amber,observed,1.0,4.83,,amber,0,-15.71,1,4.83,0,-13.83
1677,55.956,amber,observed,1.0,2.9,,amber,0,-16.48,1,2.9,0,-13.55
1680,56.056,amber,observed,1.0,3.86,,amber,0,-15.45,1,3.86,0,-14.65
1683,56.156,amber,observed,1.0,3.7,,amber,0,-15.58,1,3.7,0,-14.38
1686,56.256,amber,observed,1.0,5.79,,amber,0,-16.22,1,5.79,0,-14.47
1689,56.356,amber,observed,1.0,3.86,,amber,0,-16.1,1,3.86,0,-14.74
1692,56.456,amber,observed,1.0,2.9,,amber,0,-16.74,1,2.9,0,-13.92
1695,56.556,amber,observed,1.0,3.54,,amber,0,-15.45,1,3.54,0,-14.1
1698,56.657,amber,observed,1.0,5.15,,amber,0,-15.71,1,5.15,0,-14.1
1701,56.757,amber,observed,1.0,5.31,,amber,0,-16.74,1,5.31,0,-13.92
1704,56.857,amber,observed,1.0,4.99,,amber,0,-16.22,1,4.99,0,-15.2
1707,56.957,amber,observed,1.0,2.9,,amber,0,-17.0,1,2.9,0,-14.47
1710,57.057,amber,observed,1.0,3.06,,amber,0,-16.48,1,3.06,0,-14.19
1713,57.157,amber,observed,1.0,3.22,,amber,0,-16.22,1,3.22,0,-14.29
1716,57.257,amber,observed,1.0,3.22,,amber,0,-16.35,1,3.22,0,-14.56
1719,57.357,amber,observed,1.0,3.7,,amber,0,-15.84,1,3.7,0,-14.19
1722,57.457,amber,observed,1.0,3.54,,amber,0,-16.22,1,3.54,0,-14.29
1725,57.558,amber,observed,1.0,4.19,,amber,0,-16.1,1,4.19,0,-14.19
1728,57.658,amber,observed,1.0,4.83,,amber,0,-16.74,1,4.83,0,-14.47
1731,57.758,amber,observed,1.0,3.7,,amber,0,-16.74,1,3.7,0,-14.93
1734,57.858,amber,observed,1.0,4.83,,amber,0,-17.0,1,4.83,0,-14.47
1737,57.958,amber,observed,1.0,2.74,,amber,0,-17.51,1,2.74,0,-14.74
1740,58.058,amber,observed,1.0,3.54,,amber,0,-16.48,1,3.54,0,-15.29
1743,58.158,amber,observed,1.0,3.38,,amber,0,-15.84,1,3.38,0,-15.29
1746,58.258,amber,observed,1.0,2.74,,amber,0,-16.1,1,2.74,0,-14.65
1749,58.358,amber,observed,1.0,2.9,,amber,0,-16.87,1,2.9,0,-14.83
1752,58.458,amber,observed,1.0,2.41,,amber,0,-15.97,1,2.41,0,-14.74
1755,58.558,amber,observed,1.0,3.38,,amber,0,-16.61,1,3.38,0,-14.56
1758,58.659,amber,low_confidence,0.08,0.16,lamp_near_threshold,amber,0,-16.35,1,0.16,0,-14.38
1761,58.759,red,observed,1.0,2.09,,red,1,19.96,0,-2.09,0,-14.47
1764,58.859,red,observed,1.0,3.54,,red,1,19.57,0,-3.54,0,-14.19
1767,58.959,red,observed,1.0,4.35,,red,1,18.54,0,-4.35,0,-14.47
1770,59.059,red,observed,1.0,4.19,,red,1,17.13,0,-4.19,0,-14.19
1773,59.159,red,observed,1.0,4.35,,red,1,19.44,0,-4.35,0,-14.01
1776,59.259,red,observed,1.0,4.19,,red,1,18.8,0,-4.19,0,-14.29
1779,59.359,red,observed,1.0,5.96,,red,1,17.51,0,-5.96,0,-14.19
1782,59.459,red,observed,1.0,3.86,,red,1,17.0,0,-3.86,0,-14.47
1785,59.56,red,observed,1.0,5.47,,red,1,16.74,0,-5.47,0,-14.83
1788,59.66,red,observed,1.0,4.99,,red,1,16.87,0,-4.99,0,-14.65
1791,59.76,red,observed,1.0,4.83,,red,1,18.16,0,-4.83,0,-15.57
1794,59.86,red,observed,1.0,3.86,,red,1,17.64,0,-3.86,0,-14.83
1797,59.96,red,observed,1.0,2.9,,red,1,18.93,0,-2.9,0,-14.93
1800,60.06,red,observed,1.0,4.02,,red,1,18.28,0,-4.02,0,-15.2
1803,60.16,red,observed,1.0,4.02,,red,1,18.93,0,-4.02,0,-14.47
1806,60.26,red,observed,1.0,3.86,,red,1,18.16,0,-3.86,0,-14.65
1809,60.36,red,observed,1.0,4.19,,red,1,18.03,0,-4.19,0,-14.47
1812,60.46,red,observed,1.0,3.86,,red,1,18.16,0,-3.86,0,-14.74
1815,60.56,red,observed,1.0,4.02,,red,1,19.31,0,-4.02,0,-14.56
1818,60.661,red,observed,1.0,4.35,,red,1,18.28,0,-4.35,0,-15.11
1821,60.761,red,observed,1.0,4.83,,red,1,18.03,0,-4.83,0,-15.11
1824,60.861,red,observed,1.0,3.7,,red,1,17.38,0,-3.7,0,-14.47
1827,60.961,red,observed,1.0,4.02,,red,1,17.25,0,-4.02,0,-14.56
1830,61.061,red,observed,1.0,4.67,,red,1,17.0,0,-4.67,0,-15.11
1833,61.161,red,observed,1.0,3.7,,red,1,18.28,0,-3.7,0,-15.2
1836,61.261,red,observed,1.0,5.63,,red,1,17.64,0,-5.63,0,-14.65
1839,61.361,red,observed,1.0,5.31,,red,1,17.9,0,-5.31,0,-15.2
1842,61.461,red,observed,1.0,4.99,,red,1,17.13,0,-4.99,0,-14.38
1845,61.562,red,observed,1.0,5.63,,red,1,15.71,0,-5.63,0,-15.11
1848,61.662,red,observed,1.0,3.7,,red,1,17.9,0,-3.7,0,-14.83
1851,61.762,red,observed,1.0,5.15,,red,1,17.25,0,-5.15,0,-14.83
1854,61.862,red,observed,1.0,4.83,,red,1,18.93,0,-4.83,0,-14.56
1857,61.962,red,observed,1.0,5.31,,red,1,18.16,0,-5.31,0,-15.57
1860,62.062,red,observed,1.0,3.86,,red,1,18.16,0,-3.86,0,-14.74
1863,62.162,red,observed,1.0,4.67,,red,1,18.93,0,-4.67,0,-15.11
1866,62.262,red,observed,1.0,4.02,,red,1,17.77,0,-4.02,0,-14.93
1869,62.362,red,observed,1.0,4.19,,red,1,17.13,0,-4.19,0,-14.83
1872,62.462,red,observed,1.0,4.02,,red,1,17.38,0,-4.02,0,-14.74
1875,62.562,red,observed,1.0,4.51,,red,1,18.67,0,-4.51,0,-15.2
1878,62.663,red,observed,1.0,4.02,,red,1,18.54,0,-4.02,0,-14.83
1881,62.763,red,observed,0.885,1.77,,red,1,18.16,0,-1.77,0,-14.74
1884,62.863,red,observed,0.644,1.29,,red,1,19.83,0,-1.29,0,-14.83
1887,62.963,red,observed,0.805,1.61,,red,1,17.25,0,-1.61,0,-14.38
1890,63.063,red,observed,1.0,4.35,,red,1,18.67,0,-4.35,0,-14.38
1893,63.163,red,observed,1.0,3.38,,red,1,19.44,0,-3.38,0,-14.83
1896,63.263,red,observed,1.0,4.51,,red,1,19.31,0,-4.51,0,-14.65
1899,63.363,red,observed,1.0,3.22,,red,1,19.31,0,-3.22,0,-14.38
1902,63.463,red,observed,1.0,2.41,,red,1,19.96,0,-2.41,0,-14.38
1905,63.564,red,observed,1.0,4.35,,red,1,18.16,0,-4.35,0,-14.74
1908,63.664,red,observed,1.0,4.02,,red,1,21.38,0,-4.02,0,-14.01
1911,63.764,red,observed,1.0,3.7,,red,1,17.77,0,-3.7,0,-14.38
1914,63.864,red,observed,1.0,3.86,,red,1,20.09,0,-3.86,0,-15.29
1917,63.964,red,observed,1.0,3.86,,red,1,18.16,0,-3.86,0,-15.02
1920,64.064,red,observed,1.0,3.22,,red,1,18.67,0,-3.22,0,-14.93
1923,64.164,red,observed,1.0,2.9,,red,1,19.06,0,-2.9,0,-14.65
1926,64.264,red,observed,1.0,3.38,,red,1,18.67,0,-3.38,0,-14.65
1929,64.364,red,observed,1.0,2.9,,red,1,18.8,0,-2.9,0,-14.74
1932,64.464,red,observed,1.0,2.74,,red,1,16.48,0,-2.74,0,-14.74
1935,64.564,red,observed,1.0,2.74,,red,1,19.44,0,-2.74,0,-14.65
1938,64.665,red,observed,1.0,4.35,,red,1,19.19,0,-4.35,0,-14.93
1941,64.765,red,observed,1.0,2.58,,red,1,16.74,0,-2.58,0,-14.65
1944,64.865,red,observed,1.0,3.06,,red,1,18.16,0,-3.06,0,-14.29
1947,64.965,red,observed,1.0,4.99,,red,1,17.38,0,-4.99,0,-14.74
1950,65.065,red,observed,1.0,4.67,,red,1,19.19,0,-4.67,0,-14.29
1953,65.165,red,observed,1.0,4.35,,red,1,18.54,0,-4.35,0,-14.83
1956,65.265,red,observed,1.0,4.83,,red,1,20.09,0,-4.83,0,-14.19
1959,65.365,red,observed,1.0,3.54,,red,1,18.41,0,-3.54,0,-13.92
1962,65.465,red,observed,1.0,3.06,,red,1,18.16,0,-3.06,0,-14.74
1965,65.566,red,observed,1.0,2.9,,red,1,17.51,0,-2.9,0,-14.93
1968,65.666,red,observed,1.0,4.02,,red,1,18.16,0,-4.02,0,-15.11
1971,65.766,red,observed,1.0,4.02,,red,1,17.51,0,-4.02,0,-14.83
1974,65.866,red,observed,1.0,4.02,,red,1,17.25,0,-4.02,0,-14.83
1977,65.966,red,observed,1.0,3.54,,red,1,19.19,0,-3.54,0,-15.02
1980,66.066,red,observed,1.0,3.38,,red,1,18.03,0,-3.38,0,-14.56
1983,66.166,red,observed,1.0,3.54,,red,1,17.25,0,-3.54,0,-14.56
1986,66.266,red,observed,1.0,2.9,,red,1,18.16,0,-2.9,0,-14.65
1989,66.366,red,observed,1.0,3.06,,red,1,17.0,0,-3.06,0,-15.29
1992,66.466,red,observed,1.0,2.74,,red,1,18.28,0,-2.74,0,-15.02
1995,66.566,red,observed,1.0,3.54,,red,1,19.19,0,-3.54,0,-15.29
1998,66.667,red,observed,1.0,3.38,,red,1,17.0,0,-3.38,0,-14.56
2001,66.767,red,observed,1.0,2.41,,red,1,16.35,0,-2.41,0,-14.47
2004,66.867,red,observed,1.0,2.9,,red,1,15.97,0,-2.9,0,-14.56
2007,66.967,red,observed,1.0,4.35,,red,1,14.81,0,-4.35,0,-15.2
2010,67.067,red,observed,1.0,3.38,,red,1,15.07,0,-3.38,0,-14.74
2013,67.167,red,observed,1.0,2.74,,red,1,16.35,0,-2.74,0,-14.65
2016,67.267,red,observed,1.0,3.06,,red,1,15.45,0,-3.06,0,-14.38
2019,67.367,red,observed,1.0,4.35,,red,1,15.19,0,-4.35,0,-14.65
2022,67.467,red,observed,1.0,3.54,,red,1,15.32,0,-3.54,0,-13.83
2025,67.568,red,observed,1.0,4.83,,red,1,15.45,0,-4.83,0,-15.02
2028,67.668,red,observed,1.0,6.28,,red,1,15.58,0,-6.28,0,-14.47
2031,67.768,red,observed,1.0,4.67,,red,1,16.48,0,-4.67,0,-14.74
2034,67.868,red,observed,1.0,4.35,,red,1,15.45,0,-4.35,0,-14.56
2037,67.968,red,observed,1.0,3.06,,red,1,16.22,0,-3.06,0,-13.92
2040,68.068,red,observed,1.0,2.74,,red,1,16.22,0,-2.74,0,-13.74
2043,68.168,red,observed,1.0,2.58,,red,1,15.58,0,-2.58,0,-14.01
2046,68.268,red,observed,1.0,2.58,,red,1,16.22,0,-2.58,0,-15.02
2049,68.368,red,observed,1.0,3.38,,red,1,16.1,0,-3.38,0,-13.64
2052,68.468,red,observed,1.0,3.22,,red,1,15.32,0,-3.22,0,-13.92
2055,68.568,red,observed,1.0,2.74,,red,1,14.81,0,-2.74,0,-14.74
2058,68.669,red,observed,1.0,4.19,,red,1,14.81,0,-4.19,0,-14.1
2061,68.769,red,observed,1.0,3.06,,red,1,13.91,0,-3.06,0,-14.1
2064,68.869,red,observed,1.0,3.54,,red,1,15.32,0,-3.54,0,-13.92
2067,68.969,red,observed,1.0,3.38,,red,1,16.74,0,-3.38,0,-15.57
2070,69.069,red,observed,1.0,3.22,,red,1,14.55,0,-3.22,0,-15.11
2073,69.169,red,observed,1.0,4.02,,red,1,15.07,0,-4.02,0,-14.93
2076,69.269,red,observed,1.0,4.35,,red,1,15.84,0,-4.35,0,-14.65
2079,69.369,red,observed,1.0,3.7,,red,1,15.84,0,-3.7,0,-14.65
2082,69.469,red,observed,1.0,2.58,,red,1,15.84,0,-2.58,0,-14.93
2085,69.57,red,observed,1.0,3.06,,red,1,16.48,0,-3.06,0,-14.65
2088,69.67,red,observed,1.0,4.83,,red,1,16.35,0,-4.83,0,-14.38
2091,69.77,red,observed,1.0,3.38,,red,1,17.51,0,-3.38,0,-14.74
2094,69.87,red,observed,1.0,3.54,,red,1,17.25,0,-3.54,0,-14.38
2097,69.97,red,observed,1.0,4.02,,red,1,14.04,0,-4.02,0,-14.65
2100,70.07,red,observed,1.0,2.41,,red,1,14.68,0,-2.41,0,-14.83
2103,70.17,red,observed,1.0,2.74,,red,1,15.58,0,-2.74,0,-14.93
2106,70.27,red,observed,1.0,2.9,,red,1,13.91,0,-2.9,0,-14.83
2109,70.37,red,observed,1.0,2.58,,red,1,14.55,0,-2.58,0,-14.93
2112,70.47,red,observed,1.0,2.41,,red,1,15.84,0,-2.41,0,-14.74
2115,70.57,red,observed,1.0,3.7,,red,1,16.74,0,-3.7,0,-14.1
2118,70.671,red,observed,1.0,2.58,,red,1,15.32,0,-2.58,0,-14.56
2121,70.771,red,observed,0.644,1.29,,red,1,15.84,0,-1.29,0,-14.83
2124,70.871,red,observed,1.0,3.22,,red,1,15.58,0,-3.22,0,-14.74
2127,70.971,red,observed,1.0,2.09,,red,1,14.81,0,-2.09,0,-14.56
2130,71.071,red,observed,0.644,1.29,,red,1,15.84,0,-1.29,0,-14.56
2133,71.171,red,observed,1.0,3.86,,red,1,14.68,0,-3.86,0,-14.74
2136,71.271,red,observed,1.0,4.02,,red,1,15.97,0,-4.02,0,-15.38
2139,71.371,red,observed,1.0,3.06,,red,1,16.1,0,-3.06,0,-14.83
2142,71.471,red,observed,1.0,3.22,,red,1,15.32,0,-3.22,0,-14.93
2145,71.572,red,observed,1.0,3.06,,red,1,14.94,0,-3.06,0,-14.47
2148,71.672,red,observed,1.0,2.41,,red,1,14.04,0,-2.41,0,-15.11
2151,71.772,red,observed,1.0,3.06,,red,1,14.04,0,-3.06,0,-15.29
2154,71.872,red,observed,1.0,3.06,,red,1,14.04,0,-3.06,0,-14.56
2157,71.972,red,observed,1.0,3.86,,red,1,14.55,0,-3.86,0,-14.47
2160,72.072,red,observed,1.0,4.19,,red,1,14.94,0,-4.19,0,-14.83
2163,72.172,red,observed,1.0,3.22,,red,1,14.04,0,-3.22,0,-14.83
2166,72.272,red,observed,1.0,3.06,,red,1,14.94,0,-3.06,0,-14.38
2169,72.372,red,observed,1.0,3.38,,red,1,14.68,0,-3.38,0,-15.2
2172,72.472,red,observed,1.0,3.86,,red,1,14.81,0,-3.86,0,-15.02
2175,72.572,red,observed,1.0,2.9,,red,1,13.39,0,-2.9,0,-14.56
2178,72.673,red,observed,1.0,3.86,,red,1,14.94,0,-3.86,0,-14.19
2181,72.773,red,observed,1.0,2.09,,red,1,14.68,0,-2.09,0,-15.11
2184,72.873,red,observed,1.0,2.58,,red,1,15.45,0,-2.58,0,-14.38
2187,72.973,red,observed,1.0,2.74,,red,1,14.04,0,-2.74,0,-14.47
2190,73.073,red,observed,1.0,3.54,,red,1,15.32,0,-3.54,0,-14.56
2193,73.173,red,observed,1.0,3.7,,red,1,16.22,0,-3.7,0,-14.56
2196,73.273,red,observed,1.0,2.9,,red,1,16.1,0,-2.9,0,-14.01
2199,73.373,red,observed,1.0,3.22,,red,1,15.97,0,-3.22,0,-14.83
2202,73.473,red,observed,1.0,4.02,,red,1,15.71,0,-4.02,0,-15.02
2205,73.574,red,observed,1.0,4.02,,red,1,15.84,0,-4.02,0,-14.83
2208,73.674,red,observed,1.0,4.19,,red,1,15.97,0,-4.19,0,-14.74
2211,73.774,red,observed,1.0,3.06,,red,1,14.55,0,-3.06,0,-15.02
2214,73.874,red,observed,1.0,2.58,,red,1,16.1,0,-2.58,0,-14.38
2217,73.974,red,observed,1.0,2.41,,red,1,15.71,0,-2.41,0,-14.47
2220,74.074,red,observed,1.0,3.7,,red,1,14.94,0,-3.7,0,-15.02
2223,74.174,red,observed,1.0,4.99,,red,1,14.94,0,-4.99,0,-14.38
2226,74.274,red,observed,1.0,3.54,,red,1,15.58,0,-3.54,0,-14.83
2229,74.374,red,observed,1.0,4.02,,red,1,14.94,0,-4.02,0,-14.01
2232,74.474,red,observed,1.0,4.02,,red,1,16.35,0,-4.02,0,-13.92
2235,74.574,red,observed,1.0,4.19,,red,1,15.71,0,-4.19,0,-14.29
2238,74.675,red,observed,1.0,4.67,,red,1,14.29,0,-4.67,0,-13.83
2241,74.775,red,observed,1.0,3.7,,red,1,15.45,0,-3.7,0,-13.83
2244,74.875,red,observed,1.0,4.19,,red,1,15.71,0,-4.19,0,-14.1
2247,74.975,red,observed,1.0,4.02,,red,1,15.58,0,-4.02,0,-14.19
2250,75.075,red,observed,1.0,3.38,,red,1,14.94,0,-3.38,0,-14.74
2253,75.175,red,observed,1.0,3.38,,red,1,14.55,0,-3.38,0,-14.65
2256,75.275,red,observed,1.0,4.51,,red,1,15.97,0,-4.51,0,-13.92
2259,75.375,red,observed,1.0,3.86,,red,1,15.07,0,-3.86,0,-13.83
2262,75.475,red,observed,1.0,3.7,,red,1,16.87,0,-3.7,0,-14.38
2265,75.576,red,observed,1.0,3.54,,red,1,16.48,0,-3.54,0,-14.47
2268,75.676,red,observed,1.0,5.63,,red,1,14.55,0,-5.63,0,-14.47
2271,75.776,red,observed,1.0,3.86,,red,1,16.48,0,-3.86,0,-14.74
2274,75.876,red,observed,1.0,3.7,,red,1,16.35,0,-3.7,0,-14.38
2277,75.976,red,observed,1.0,5.47,,red,1,14.68,0,-5.47,0,-14.1
2280,76.076,red,observed,1.0,4.19,,red,1,14.94,0,-4.19,0,-14.19
2283,76.176,red,observed,1.0,4.02,,red,1,15.97,0,-4.02,0,-14.47
2286,76.276,red,observed,1.0,4.99,,red,1,16.22,0,-4.99,0,-15.11
2289,76.376,red,observed,1.0,4.67,,red,1,14.94,0,-4.67,0,-14.38
2292,76.476,red,observed,1.0,3.54,,red,1,16.1,0,-3.54,0,-14.38
2295,76.576,red,observed,1.0,5.15,,red,1,15.07,0,-5.15,0,-14.47
2298,76.677,red,observed,1.0,4.02,,red,1,15.19,0,-4.02,0,-14.47
2301,76.777,red,observed,1.0,3.38,,red,1,16.1,0,-3.38,0,-13.74
2304,76.877,red,observed,1.0,3.7,,red,1,15.97,0,-3.7,0,-14.1
2307,76.977,red,observed,1.0,3.22,,red,1,16.61,0,-3.22,0,-14.01
2310,77.077,red,observed,1.0,4.19,,red,1,15.97,0,-4.19,0,-14.29
2313,77.177,red,observed,1.0,4.19,,red,1,14.68,0,-4.19,0,-14.38
2316,77.277,red,observed,1.0,4.19,,red,1,15.19,0,-4.19,0,-14.83
2319,77.377,red,observed,1.0,3.54,,red,1,15.58,0,-3.54,0,-14.47
2322,77.477,red,observed,1.0,3.86,,red,1,15.45,0,-3.86,0,-14.19
2325,77.578,red,observed,1.0,3.86,,red,1,14.55,0,-3.86,0,-14.38
2328,77.678,red,observed,1.0,2.09,,red,1,15.97,0,-2.09,0,-14.38
2331,77.778,red,observed,1.0,3.38,,red,1,14.94,0,-3.38,0,-14.1
2334,77.878,red,observed,1.0,2.41,,red,1,14.55,0,-2.41,0,-14.65
2337,77.978,red,observed,1.0,2.74,,red,1,13.91,0,-2.74,0,-13.74
2340,78.078,red,observed,1.0,3.06,,red,1,14.68,0,-3.06,0,-14.47
2343,78.178,red,observed,1.0,3.38,,red,1,14.55,0,-3.38,0,-14.47
2346,78.278,red,observed,1.0,3.7,,red,1,14.55,0,-3.7,0,-14.19
2349,78.378,red,observed,1.0,3.38,,red,1,15.19,0,-3.38,0,-14.29
2352,78.478,red,observed,1.0,4.35,,red,1,14.16,0,-4.35,0,-14.56
2355,78.578,red,observed,1.0,3.86,,red,1,14.55,0,-3.86,0,-13.83
2358,78.679,red,observed,1.0,3.06,,red,1,13.78,0,-3.06,0,-14.47
2361,78.779,red,observed,1.0,3.06,,red,1,13.13,0,-3.06,0,-14.1
2364,78.879,red,observed,1.0,4.35,,red,1,13.01,0,-4.35,0,-14.19
2367,78.979,red,observed,1.0,3.38,,red,1,13.78,0,-3.38,0,-14.83
2370,79.079,red,observed,1.0,3.38,,red,1,13.91,0,-3.38,0,-14.38
2373,79.179,red,observed,1.0,3.54,,red,1,13.65,0,-3.54,0,-14.1
2376,79.279,red,observed,1.0,3.06,,red,1,14.42,0,-3.06,0,-14.74
2379,79.379,red,observed,1.0,3.06,,red,1,13.39,0,-3.06,0,-14.65
2382,79.479,red,observed,1.0,2.58,,red,1,12.88,0,-2.58,0,-14.47
2385,79.58,red,observed,1.0,4.35,,red,1,14.42,0,-4.35,0,-13.92
2388,79.68,red,observed,1.0,4.02,,red,1,12.62,0,-4.02,0,-14.38
2391,79.78,red,observed,1.0,4.67,,red,1,13.52,0,-4.67,0,-14.65
2394,79.88,red,observed,1.0,5.63,,red,1,13.78,0,-5.63,0,-14.47
2397,79.98,red,observed,1.0,3.38,,red,1,14.29,0,-3.38,0,-14.29
2400,80.08,red,observed,1.0,4.67,,red,1,13.78,0,-4.67,0,-14.56
2403,80.18,red,observed,1.0,3.54,,red,1,14.29,0,-3.54,0,-14.19
2406,80.28,red,observed,1.0,3.06,,red,1,13.26,0,-3.06,0,-14.47
2409,80.38,red,observed,1.0,4.19,,red,1,14.04,0,-4.19,0,-14.74
2412,80.48,red,observed,1.0,3.22,,red,1,13.78,0,-3.22,0,-14.83
2415,80.58,red,observed,1.0,4.51,,red,1,12.75,0,-4.51,0,-13.83
2418,80.681,red,observed,1.0,3.7,,red,1,15.45,0,-3.7,0,-14.1
2421,80.781,red,observed,1.0,4.02,,red,1,12.1,0,-4.02,0,-14.56
2424,80.881,red,observed,1.0,3.7,,red,1,13.39,0,-3.7,0,-15.02
2427,80.981,red,observed,1.0,3.06,,red,1,14.55,0,-3.06,0,-14.38
2430,81.081,red,observed,1.0,3.54,,red,1,14.68,0,-3.54,0,-14.38
2433,81.181,red,observed,1.0,3.86,,red,1,14.42,0,-3.86,0,-14.93
2436,81.281,red,observed,1.0,3.38,,red,1,14.81,0,-3.38,0,-13.92
2439,81.381,red,observed,0.966,1.93,,red,1,14.94,0,-1.93,0,-14.93
2442,81.481,red,observed,1.0,2.74,,red,1,14.55,0,-2.74,0,-14.19
2445,81.582,red,observed,1.0,2.58,,red,1,15.84,0,-2.58,0,-13.92
2448,81.682,red,observed,1.0,4.51,,red,1,15.19,0,-4.51,0,-14.19
2451,81.782,red,observed,1.0,4.19,,red,1,15.58,0,-4.19,0,-14.56
2454,81.882,red,observed,1.0,3.54,,red,1,15.71,0,-3.54,0,-14.56
2457,81.982,red,observed,1.0,4.35,,red,1,15.71,0,-4.35,0,-14.38
2460,82.082,red,observed,1.0,2.58,,red,1,15.32,0,-2.58,0,-14.29
2463,82.182,red,observed,1.0,2.41,,red,1,14.29,0,-2.41,0,-14.19
2466,82.282,red,observed,1.0,4.02,,red,1,14.94,0,-4.02,0,-14.56
2469,82.382,red,observed,1.0,4.02,,red,1,15.07,0,-4.02,0,-14.65
2472,82.482,red,observed,0.724,1.45,,red,1,13.52,0,-1.45,0,-14.19
2475,82.582,red,observed,0.966,1.93,,red,1,14.55,0,-1.93,0,-14.01
2478,82.683,red,observed,1.0,3.7,,red,1,14.94,0,-3.7,0,-14.38
2481,82.783,red,observed,1.0,3.54,,red,1,13.91,0,-3.54,0,-14.65
2484,82.883,red,observed,1.0,3.22,,red,1,16.22,0,-3.22,0,-14.93
2487,82.983,red,observed,1.0,3.7,,red,1,15.19,0,-3.7,0,-14.38
2490,83.083,red,observed,1.0,2.9,,red,1,15.32,0,-2.9,0,-14.1
2493,83.183,red,observed,1.0,2.58,,red,1,15.71,0,-2.58,0,-14.56
2496,83.283,red,observed,1.0,2.41,,red,1,16.22,0,-2.41,0,-14.29
2499,83.383,red,observed,1.0,2.09,,red,1,15.19,0,-2.09,0,-14.65
2502,83.483,red,observed,1.0,2.25,,red,1,15.84,0,-2.25,0,-14.83
2505,83.584,red,observed,1.0,2.41,,red,1,14.68,0,-2.41,0,-14.1
2508,83.684,red,observed,1.0,3.22,,red,1,15.45,0,-3.22,0,-14.38
2511,83.784,red,observed,1.0,3.22,,red,1,15.58,0,-3.22,0,-14.38
2514,83.884,red,observed,0.805,1.61,,red,1,15.71,0,-1.61,0,-14.56
2517,83.984,red,observed,1.0,3.22,,red,1,15.07,0,-3.22,0,-14.47
2520,84.084,red,observed,1.0,4.35,,red,1,16.48,0,-4.35,0,-14.19
2523,84.184,red,observed,1.0,4.19,,red,1,15.97,0,-4.19,0,-14.38
2526,84.284,red,observed,1.0,4.02,,red,1,16.1,0,-4.02,0,-14.1
2529,84.384,red,observed,1.0,2.58,,red,1,17.0,0,-2.58,0,-14.83
2532,84.484,red,observed,1.0,2.74,,red,1,13.91,0,-2.74,0,-15.02
2535,84.584,red,observed,1.0,3.7,,red,1,14.29,0,-3.7,0,-14.56
2538,84.685,red,observed,1.0,4.02,,red,1,14.81,0,-4.02,0,-13.83
2541,84.785,red,observed,1.0,3.86,,red,1,15.45,0,-3.86,0,-14.56
2544,84.885,red,observed,1.0,3.86,,red,1,14.68,0,-3.86,0,-14.38
2547,84.985,red,observed,0.885,1.77,,red,1,15.45,0,-1.77,0,-14.65
2550,85.085,red,observed,1.0,3.22,,red,1,16.35,0,-3.22,0,-15.38
2553,85.185,red,observed,1.0,3.06,,red,1,16.74,0,-3.06,0,-14.56
2556,85.285,red,observed,1.0,3.54,,red,1,15.58,0,-3.54,0,-14.65
2559,85.385,red,observed,1.0,2.41,,red,1,16.61,0,-2.41,0,-14.65
2562,85.485,red,observed,1.0,2.41,,red,1,15.71,0,-2.41,0,-14.65
2565,85.586,red,observed,1.0,3.06,,red,1,16.1,0,-3.06,0,-14.83
2568,85.686,red,observed,1.0,2.41,,red,1,15.97,0,-2.41,0,-14.93
2571,85.786,red,observed,1.0,3.38,,red,1,15.32,0,-3.38,0,-14.47
2574,85.886,red,observed,1.0,4.35,,red,1,17.0,0,-4.35,0,-15.48
2577,85.986,red,observed,1.0,3.54,,red,1,17.13,0,-3.54,0,-15.2
2580,86.086,red,observed,1.0,4.19,,red,1,16.61,0,-4.19,0,-15.11
2583,86.186,red,observed,1.0,4.35,,red,1,16.1,0,-4.35,0,-15.66
2586,86.286,red,observed,1.0,3.86,,red,1,15.97,0,-3.86,0,-15.02
2589,86.386,red,observed,1.0,2.58,,red,1,17.25,0,-2.58,0,-15.02
2592,86.486,red,observed,1.0,2.58,,red,1,15.97,0,-2.58,0,-14.29
2595,86.586,red,observed,1.0,4.19,,red,1,17.0,0,-4.19,0,-14.47
2598,86.687,red,observed,1.0,3.38,,red,1,15.71,0,-3.38,0,-14.01
2601,86.787,red,observed,1.0,3.38,,red,1,16.48,0,-3.38,0,-14.74
2604,86.887,red,observed,1.0,3.38,,red,1,15.97,0,-3.38,0,-15.02
2607,86.987,red,observed,1.0,3.7,,red,1,15.45,0,-3.7,0,-14.38
2610,87.087,red,observed,1.0,3.38,,red,1,17.25,0,-3.38,0,-14.56
2613,87.187,red,observed,1.0,3.22,,red,1,15.32,0,-3.22,0,-15.29
2616,87.287,red,observed,1.0,3.06,,red,1,16.48,0,-3.06,0,-14.83
2619,87.387,red,observed,1.0,3.7,,red,1,14.42,0,-3.7,0,-14.93
2622,87.487,red,observed,1.0,3.54,,red,1,14.16,0,-3.54,0,-13.92
2625,87.588,red,observed,1.0,2.9,,red,1,15.32,0,-2.9,0,-14.83
2628,87.688,red,observed,1.0,2.58,,red,1,15.45,0,-2.58,0,-15.11
2631,87.788,red,observed,1.0,3.22,,red,1,16.35,0,-3.22,0,-14.74
2634,87.888,red,observed,1.0,2.58,,red,1,15.71,0,-2.58,0,-15.2
2637,87.988,red,observed,1.0,2.09,,red,1,14.81,0,-2.09,0,-15.38
2640,88.088,red,observed,1.0,2.74,,red,1,17.0,0,-2.74,0,-14.65
2643,88.188,red,observed,1.0,2.74,,red,1,16.87,0,-2.74,0,-14.74
2646,88.288,red,observed,1.0,2.9,,red,1,14.94,0,-2.9,0,-14.74
2649,88.388,red,observed,1.0,3.22,,red,1,15.19,0,-3.22,0,-14.74
2652,88.488,red,observed,1.0,3.54,,red,1,15.07,0,-3.54,0,-14.56
2655,88.588,red,observed,1.0,3.22,,red,1,15.32,0,-3.22,0,-14.29
2658,88.689,red,observed,1.0,3.86,,red,1,14.81,0,-3.86,0,-14.29
2661,88.789,red,observed,1.0,3.7,,red,1,16.1,0,-3.7,0,-14.1
2664,88.889,red,observed,1.0,3.06,,red,1,16.22,0,-3.06,0,-14.56
2667,88.989,red,observed,1.0,4.35,,red,1,14.94,0,-4.35,0,-14.01
2670,89.089,red,observed,1.0,5.31,,red,1,16.22,0,-5.31,0,-14.83
2673,89.189,red,observed,1.0,4.51,,red,1,15.19,0,-4.51,0,-15.66
2676,89.289,red,observed,1.0,5.47,,red,1,15.58,0,-5.47,0,-15.02
2679,89.389,red,observed,1.0,4.02,,red,1,17.38,0,-4.02,0,-14.93
2682,89.489,red,observed,1.0,4.19,,red,1,15.58,0,-4.19,0,-14.29
2685,89.59,red,observed,1.0,4.35,,red,1,15.58,0,-4.35,0,-14.65
2688,89.69,red,observed,1.0,2.58,,red,1,15.19,0,-2.58,0,-14.93
2691,89.79,red,observed,1.0,3.7,,red,1,15.45,0,-3.7,0,-14.47
2694,89.89,red,observed,1.0,3.38,,red,1,14.55,0,-3.38,0,-14.47
2697,89.99,red,observed,1.0,4.19,,red,1,16.35,0,-4.19,0,-14.38
2700,90.09,red,observed,1.0,3.86,,red,1,15.84,0,-3.86,0,-14.56
2703,90.19,red,observed,1.0,2.09,,red,1,15.32,0,-2.09,0,-14.74
2706,90.29,red,observed,1.0,3.7,,red,1,15.58,0,-3.7,0,-14.47
2709,90.39,red,observed,1.0,3.38,,red,1,15.45,0,-3.38,0,-14.74
2712,90.49,red,observed,1.0,3.54,,red,1,16.22,0,-3.54,0,-14.19
2715,90.59,red,observed,1.0,3.54,,red,1,15.19,0,-3.54,0,-15.93
2718,90.691,red,observed,1.0,4.51,,red,1,15.45,0,-4.51,0,-14.93
2721,90.791,red,observed,1.0,2.9,,red,1,15.32,0,-2.9,0,-14.38
2724,90.891,red,observed,1.0,4.19,,red,1,14.29,0,-4.19,0,-14.56
2727,90.991,red,observed,1.0,2.41,,red,1,14.94,0,-2.41,0,-14.56
2730,91.091,red,observed,1.0,4.67,,red,1,14.29,0,-4.67,0,-14.1
2733,91.191,red,observed,1.0,4.51,,red,1,16.1,0,-4.51,0,-14.47
2736,91.291,red,observed,1.0,3.7,,red,1,14.55,0,-3.7,0,-14.56
2739,91.391,red,observed,1.0,2.9,,red,1,14.55,0,-2.9,0,-14.93
2742,91.491,red,observed,1.0,3.86,,red,1,14.16,0,-3.86,0,-14.29
2745,91.592,red,observed,1.0,3.7,,red,1,14.29,0,-3.7,0,-14.47
2748,91.692,red_amber,low_confidence,0.402,0.8,lamp_near_threshold,red_amber,1,13.91,1,0.8,0,-15.02
2751,91.792,red_amber,low_confidence,0.0,0.0,lamp_near_threshold,red_amber,1,14.04,0,0.0,0,-14.56
2754,91.892,red_amber,observed,1.0,2.58,,red_amber,1,15.07,1,2.58,0,-14.19
2757,91.992,red_amber,observed,1.0,3.38,,red_amber,1,13.91,1,3.38,0,-14.38
2760,92.092,red_amber,observed,1.0,3.86,,red_amber,1,15.19,1,3.86,0,-14.74
2763,92.192,red_amber,observed,1.0,3.7,,red_amber,1,14.94,1,3.7,0,-15.11
2766,92.292,red_amber,observed,1.0,4.83,,red_amber,1,15.97,1,4.83,0,-14.56
2769,92.392,red_amber,observed,1.0,3.7,,red_amber,1,15.58,1,3.7,0,-14.38
2772,92.492,red_amber,observed,1.0,3.54,,red_amber,1,14.55,1,3.54,0,-14.19
2775,92.592,red_amber,observed,1.0,3.7,,red_amber,1,14.68,1,3.7,0,-14.65
2778,92.693,red_amber,observed,1.0,2.25,,red_amber,1,15.07,1,2.25,0,-14.29
2781,92.793,red_amber,observed,1.0,2.41,,red_amber,1,14.16,1,2.41,0,-14.01
2784,92.893,red_amber,observed,1.0,3.06,,red_amber,1,15.19,1,3.06,0,-14.29
2787,92.993,red_amber,observed,1.0,2.41,,red_amber,1,16.1,1,2.41,0,-14.47
2790,93.093,red_amber,observed,1.0,2.9,,red_amber,1,14.81,1,2.9,0,-14.29
2793,93.193,red_amber,observed,1.0,2.41,,red_amber,1,14.04,1,2.41,0,-14.65
2796,93.293,red_amber,observed,1.0,2.41,,red_amber,1,15.19,1,2.41,0,-14.74
2799,93.393,unknown,occluded,0.0,3.06,occluded,occluded,1,14.81,1,3.06,0,-15.2
2802,93.493,red_amber,observed,1.0,3.22,,red_amber,1,14.29,1,3.22,0,-14.47
2805,93.594,red_amber,observed,0.966,1.93,,red_amber,1,15.32,1,1.93,0,-14.65
2808,93.694,red_amber,observed,1.0,2.41,,red_amber,1,14.29,1,2.41,0,-14.1
2811,93.794,red_amber,observed,1.0,2.58,,red_amber,1,14.04,1,2.58,0,-14.65
2814,93.894,red_amber,observed,1.0,2.58,,red_amber,1,14.04,1,2.58,0,-14.74
2817,93.994,red_amber,observed,1.0,2.74,,red_amber,1,14.94,1,2.74,0,-15.2
2820,94.094,red_amber,observed,1.0,2.9,,red_amber,1,14.68,1,2.9,0,-14.47
2823,94.194,red_amber,observed,1.0,3.06,,red_amber,1,13.78,1,3.06,0,-14.29
2826,94.294,red_amber,observed,0.724,1.45,,red_amber,1,15.32,1,1.45,0,-14.74
2829,94.394,red_amber,observed,1.0,2.74,,red_amber,1,13.91,1,2.74,0,-14.83
2832,94.494,red_amber,observed,0.805,1.61,,red_amber,1,14.81,1,1.61,0,-15.02
2835,94.594,red_amber,low_confidence,0.483,0.97,lamp_near_threshold,red_amber,1,14.04,1,0.97,0,-14.38
2838,94.695,green,observed,1.0,3.06,,green,0,-14.04,0,-3.06,1,13.46
2841,94.795,green,observed,1.0,4.02,,green,0,-14.94,0,-4.02,1,13.46
2844,94.895,green,observed,1.0,4.51,,green,0,-15.32,0,-4.51,1,13.83
2847,94.995,green,observed,1.0,4.19,,green,0,-15.84,0,-4.19,1,14.65
2850,95.095,green,observed,1.0,4.02,,green,0,-15.84,0,-4.02,1,13.83
2853,95.195,green,observed,1.0,4.02,,green,0,-15.32,0,-4.02,1,14.19
2856,95.295,green,observed,1.0,3.7,,green,0,-15.97,0,-3.7,1,14.56
2859,95.395,green,observed,1.0,3.86,,green,0,-16.61,0,-3.86,1,13.46
2862,95.495,green,observed,1.0,3.86,,green,0,-14.55,0,-3.86,1,13.37
2865,95.596,green,observed,1.0,3.7,,green,0,-13.65,0,-3.7,1,15.2
2868,95.696,green,observed,1.0,3.22,,green,0,-15.45,0,-3.22,1,13.83
2871,95.796,green,observed,1.0,4.99,,green,0,-15.97,0,-4.99,1,14.38
2874,95.896,green,observed,1.0,4.67,,green,0,-16.1,0,-4.67,1,13.74
2877,95.996,green,observed,1.0,4.83,,green,0,-16.35,0,-4.83,1,15.2
2880,96.096,green,observed,1.0,5.47,,green,0,-16.35,0,-5.47,1,15.38
2883,96.196,green,observed,1.0,5.31,,green,0,-16.48,0,-5.31,1,13.92
2886,96.296,green,observed,1.0,4.51,,green,0,-15.58,0,-4.51,1,13.1
2889,96.396,green,observed,1.0,5.47,,green,0,-16.35,0,-5.47,1,14.74
2892,96.496,green,observed,1.0,3.7,,green,0,-15.71,0,-3.7,1,13.55
2895,96.596,green,observed,1.0,4.67,,green,0,-15.84,0,-4.67,1,13.46
2898,96.697,green,observed,1.0,5.15,,green,0,-16.48,0,-5.15,1,13.64
2901,96.797,green,observed,1.0,5.47,,green,0,-15.58,0,-5.47,1,14.93
2904,96.897,green,observed,1.0,5.15,,green,0,-16.35,0,-5.15,1,13.83
2907,96.997,green,observed,1.0,5.63,,green,0,-15.97,0,-5.63,1,12.73
2910,97.097,green,observed,1.0,3.22,,green,0,-16.74,0,-3.22,1,12.64
2913,97.197,green,observed,1.0,5.63,,green,0,-16.87,0,-5.63,1,13.74
2916,97.297,green,observed,1.0,2.9,,green,0,-17.0,0,-2.9,1,13.46
2919,97.397,green,observed,1.0,3.7,,green,0,-15.84,0,-3.7,1,13.92
2922,97.497,green,observed,1.0,3.7,,green,0,-16.35,0,-3.7,1,14.65
2925,97.598,green,observed,1.0,4.19,,green,0,-17.0,0,-4.19,1,14.38
2928,97.698,green,observed,1.0,4.51,,green,0,-17.51,0,-4.51,1,15.2
2931,97.798,green,observed,1.0,4.51,,green,0,-16.74,0,-4.51,1,15.02
2934,97.898,green,observed,1.0,4.35,,green,0,-17.51,0,-4.35,1,15.29
2937,97.998,green,observed,1.0,3.06,,green,0,-15.58,0,-3.06,1,15.29
2940,98.098,green,observed,1.0,3.86,,green,0,-16.35,0,-3.86,1,14.93
2943,98.198,green,observed,1.0,4.35,,green,0,-16.61,0,-4.35,1,14.74
2946,98.298,green,observed,1.0,4.02,,green,0,-15.97,0,-4.02,1,15.29
2949,98.398,green,observed,1.0,3.7,,green,0,-15.58,0,-3.7,1,15.2
2952,98.498,green,observed,1.0,3.7,,green,0,-15.84,0,-3.7,1,15.29
2955,98.598,green,observed,1.0,3.22,,green,0,-16.48,0,-3.22,1,15.66
2958,98.699,green,observed,1.0,3.86,,green,0,-16.48,0,-3.86,1,14.93
2961,98.799,green,observed,1.0,4.02,,green,0,-15.71,0,-4.02,1,15.2
2964,98.899,green,observed,1.0,4.19,,green,0,-16.22,0,-4.19,1,15.57
2967,98.999,green,observed,1.0,4.51,,green,0,-15.84,0,-4.51,1,15.57
2970,99.099,green,observed,1.0,3.86,,green,0,-15.97,0,-3.86,1,14.74
2973,99.199,green,observed,1.0,3.86,,green,0,-15.97,0,-3.86,1,15.84
2976,99.299,green,observed,1.0,3.38,,green,0,-16.48,0,-3.38,1,15.29
2979,99.399,green,observed,1.0,3.7,,green,0,-15.32,0,-3.7,1,15.2
2982,99.499,green,observed,1.0,3.7,,green,0,-15.58,0,-3.7,1,16.03
2985,99.6,green,observed,1.0,3.86,,green,0,-16.48,0,-3.86,1,15.93
2988,99.7,green,observed,1.0,2.9,,green,0,-16.74,0,-2.9,1,14.65
2991,99.8,green,observed,1.0,2.9,,green,0,-16.1,0,-2.9,1,15.66
2994,99.9,green,observed,1.0,3.7,,green,0,-15.97,0,-3.7,1,16.12
2997,100.0,green,observed,1.0,3.22,,green,0,-16.35,0,-3.22,1,16.03
3000,100.1,green,observed,1.0,2.25,,green,0,-17.0,0,-2.25,1,15.84
3003,100.2,green,observed,1.0,2.09,,green,0,-16.22,0,-2.09,1,15.93
3006,100.3,green,observed,1.0,4.67,,green,0,-16.22,0,-4.67,1,15.84
3009,100.4,green,observed,1.0,3.38,,green,0,-14.55,0,-3.38,1,16.03
3012,100.5,green,observed,1.0,3.7,,green,0,-15.19,0,-3.7,1,15.02
3015,100.6,green,observed,1.0,3.06,,green,0,-15.19,0,-3.06,1,16.03
3018,100.701,green,observed,1.0,3.86,,green,0,-15.97,0,-3.86,1,16.21
3021,100.801,green,observed,1.0,4.02,,green,0,-16.22,0,-4.02,1,15.93
3024,100.901,green,observed,1.0,4.02,,green,0,-15.84,0,-4.02,1,15.29
3027,101.001,green,observed,1.0,3.7,,green,0,-16.22,0,-3.7,1,15.93
3030,101.101,green,observed,1.0,3.38,,green,0,-15.84,0,-3.38,1,16.12
3033,101.201,green,observed,1.0,3.54,,green,0,-15.71,0,-3.54,1,16.3
3036,101.301,green,observed,1.0,5.15,,green,0,-16.48,0,-5.15,1,15.57
3039,101.401,green,observed,1.0,2.58,,green,0,-15.97,0,-2.58,1,15.75
3042,101.501,green,observed,1.0,3.54,,green,0,-16.1,0,-3.54,1,16.3
3045,101.602,green,observed,1.0,3.7,,green,0,-15.07,0,-3.7,1,15.48
3048,101.702,green,observed,1.0,4.19,,green,0,-15.84,0,-4.19,1,16.03
3051,101.802,green,observed,1.0,3.7,,green,0,-16.74,0,-3.7,1,15.84
3054,101.902,green,observed,1.0,4.35,,green,0,-15.84,0,-4.35,1,16.85
3057,102.002,green,observed,1.0,2.74,,green,0,-15.71,0,-2.74,1,15.75
3060,102.102,green,observed,1.0,4.35,,green,0,-16.74,0,-4.35,1,16.12
3063,102.202,green,observed,1.0,3.38,,green,0,-15.84,0,-3.38,1,16.21
3066,102.302,green,observed,1.0,2.25,,green,0,-15.58,0,-2.25,1,17.03
3069,102.402,green,observed,1.0,4.19,,green,0,-14.94,0,-4.19,1,16.21
3072,102.502,green,observed,1.0,2.41,,green,0,-15.84,0,-2.41,1,16.57
3075,102.602,green,observed,1.0,4.19,,green,0,-16.48,0,-4.19,1,15.57
3078,102.703,green,observed,1.0,4.35,,green,0,-16.1,0,-4.35,1,15.84
3081,102.803,green,observed,1.0,4.35,,green,0,-14.94,0,-4.35,1,16.48
3084,102.903,green,observed,1.0,4.67,,green,0,-16.22,0,-4.67,1,15.75
3087,103.003,green,observed,1.0,4.51,,green,0,-15.32,0,-4.51,1,17.58
3090,103.103,green,observed,1.0,4.83,,green,0,-15.97,0,-4.83,1,15.11
3093,103.203,green,observed,1.0,2.74,,green,0,-16.35,0,-2.74,1,15.02
3096,103.303,green,observed,1.0,4.02,,green,0,-16.48,0,-4.02,1,15.93
3099,103.403,green,observed,1.0,4.35,,green,0,-15.71,0,-4.35,1,17.12
3102,103.503,green,observed,1.0,2.41,,green,0,-16.1,0,-2.41,1,17.12
3105,103.604,green,observed,1.0,3.22,,green,0,-16.1,0,-3.22,1,14.65
3108,103.704,green,observed,0.966,1.93,,green,0,-15.84,0,-1.93,1,16.85
3111,103.804,green,observed,1.0,2.58,,green,0,-15.97,0,-2.58,1,14.65
3114,103.904,green,observed,1.0,2.58,,green,0,-16.35,0,-2.58,1,15.75
3117,104.004,green,observed,1.0,3.54,,green,0,-15.58,0,-3.54,1,16.39
3120,104.104,green,observed,1.0,2.9,,green,0,-15.71,0,-2.9,1,15.57
3123,104.204,green,observed,1.0,2.9,,green,0,-15.84,0,-2.9,1,15.75
3126,104.304,green,observed,1.0,2.58,,green,0,-16.74,0,-2.58,1,13.83
3129,104.404,green,observed,1.0,3.22,,green,0,-16.1,0,-3.22,1,15.29
3132,104.504,green,observed,1.0,3.22,,green,0,-16.35,0,-3.22,1,15.29
3135,104.604,green,observed,1.0,3.06,,green,0,-16.48,0,-3.06,1,14.1
3138,104.705,green,observed,1.0,4.19,,green,0,-16.22,0,-4.19,1,14.93
3141,104.805,green,observed,1.0,4.51,,green,0,-16.35,0,-4.51,1,15.48
3144,104.905,green,observed,1.0,4.35,,green,0,-15.71,0,-4.35,1,14.83
3147,105.005,green,observed,1.0,4.02,,green,0,-16.1,0,-4.02,1,14.29
3150,105.105,green,observed,1.0,3.7,,green,0,-16.35,0,-3.7,1,14.1
3153,105.205,green,observed,1.0,3.38,,green,0,-15.97,0,-3.38,1,15.84
3156,105.305,green,observed,1.0,3.06,,green,0,-16.1,0,-3.06,1,15.2
3159,105.405,green,observed,1.0,2.09,,green,0,-14.68,0,-2.09,1,15.75
3162,105.505,green,observed,1.0,4.02,,green,0,-16.35,0,-4.02,1,13.83
3165,105.606,green,observed,1.0,2.25,,green,0,-15.58,0,-2.25,1,15.38
3168,105.706,green,observed,1.0,3.54,,green,0,-16.48,0,-3.54,1,15.66
3171,105.806,green,observed,1.0,2.9,,green,0,-16.74,0,-2.9,1,14.93
3174,105.906,green,observed,1.0,2.74,,green,0,-15.58,0,-2.74,1,14.56
3177,106.006,green,observed,1.0,2.74,,green,0,-16.22,0,-2.74,1,15.38
3180,106.106,green,observed,1.0,3.86,,green,0,-15.97,0,-3.86,1,14.65
3183,106.206,green,observed,1.0,2.9,,green,0,-15.71,0,-2.9,1,14.93
3186,106.306,green,observed,1.0,4.02,,green,0,-15.84,0,-4.02,1,13.55
3189,106.406,green,observed,1.0,3.22,,green,0,-16.22,0,-3.22,1,13.37
3192,106.506,green,observed,1.0,3.06,,green,0,-16.22,0,-3.06,1,14.74
3195,106.606,green,observed,1.0,3.7,,green,0,-16.1,0,-3.7,1,14.38
3198,106.707,green,observed,1.0,2.9,,green,0,-16.74,0,-2.9,1,13.55
3201,106.807,green,observed,1.0,2.25,,green,0,-16.74,0,-2.25,1,15.2
3204,106.907,green,observed,1.0,2.9,,green,0,-16.48,0,-2.9,1,14.74
3207,107.007,green,observed,1.0,2.58,,green,0,-16.35,0,-2.58,1,13.83
3210,107.107,green,observed,1.0,4.19,,green,0,-15.97,0,-4.19,1,15.29
3213,107.207,green,observed,1.0,4.19,,green,0,-16.1,0,-4.19,1,15.66
3216,107.307,green,observed,1.0,4.02,,green,0,-16.35,0,-4.02,1,15.11
3219,107.407,green,observed,1.0,2.74,,green,0,-15.97,0,-2.74,1,13.55
3222,107.507,green,observed,1.0,4.67,,green,0,-16.22,0,-4.67,1,14.47
3225,107.608,green,observed,1.0,4.83,,green,0,-16.87,0,-4.83,1,14.29
3228,107.708,green,observed,1.0,4.67,,green,0,-14.94,0,-4.67,1,15.29
3231,107.808,green,observed,0.966,1.93,,green,0,-16.1,0,-1.93,1,15.02
3234,107.908,green,observed,1.0,4.19,,green,0,-16.48,0,-4.19,1,14.19
3237,108.008,green,observed,1.0,3.86,,green,0,-15.84,0,-3.86,1,15.02
3240,108.108,green,observed,1.0,4.35,,green,0,-16.22,0,-4.35,1,15.11
3243,108.208,green,observed,1.0,4.19,,green,0,-15.58,0,-4.19,1,15.29
3246,108.308,green,observed,1.0,4.02,,green,0,-16.35,0,-4.02,1,14.1
3249,108.408,green,observed,1.0,3.86,,green,0,-17.13,0,-3.86,1,14.47
3252,108.508,green,observed,1.0,4.35,,green,0,-16.61,0,-4.35,1,14.74
3255,108.608,green,observed,1.0,3.22,,green,0,-17.51,0,-3.22,1,16.57
3258,108.709,green,observed,1.0,3.54,,green,0,-14.68,0,-3.54,1,15.48
3261,108.809,green,observed,1.0,5.47,,green,0,-15.32,0,-5.47,1,15.38
3264,108.909,green,observed,1.0,4.83,,green,0,-16.35,0,-4.83,1,15.38
3267,109.009,green,observed,1.0,4.67,,green,0,-16.61,0,-4.67,1,14.83
3270,109.109,green,observed,1.0,6.12,,green,0,-15.97,0,-6.12,1,16.67
3273,109.209,green,observed,1.0,4.19,,green,0,-15.84,0,-4.19,1,15.48
3276,109.309,green,observed,1.0,4.35,,green,0,-17.38,0,-4.35,1,15.75
3279,109.409,green,observed,1.0,4.19,,green,0,-16.35,0,-4.19,1,16.12
3282,109.509,green,observed,1.0,4.02,,green,0,-16.35,0,-4.02,1,16.21
3285,109.61,green,observed,1.0,4.19,,green,0,-16.48,0,-4.19,1,16.03
3288,109.71,green,observed,1.0,4.02,,green,0,-16.48,0,-4.02,1,15.93
3291,109.81,green,observed,1.0,4.51,,green,0,-15.71,0,-4.51,1,16.12
3294,109.91,green,observed,1.0,4.35,,green,0,-15.58,0,-4.35,1,15.38
3297,110.01,green,observed,1.0,4.99,,green,0,-17.13,0,-4.99,1,16.03
3300,110.11,green,observed,1.0,2.58,,green,0,-16.87,0,-2.58,1,15.57
3303,110.21,green,observed,1.0,2.58,,green,0,-16.48,0,-2.58,1,17.03
3306,110.31,green,observed,1.0,5.15,,green,0,-15.97,0,-5.15,1,16.21
3309,110.41,green,observed,1.0,3.06,,green,0,-16.35,0,-3.06,1,15.11
3312,110.51,green,observed,1.0,2.58,,green,0,-15.84,0,-2.58,1,14.83
3315,110.61,green,observed,1.0,2.41,,green,0,-16.22,0,-2.41,1,15.11
3318,110.711,green,observed,1.0,2.9,,green,0,-16.48,0,-2.9,1,17.03
3321,110.811,green,observed,1.0,3.38,,green,0,-16.22,0,-3.38,1,15.11
3324,110.911,green,observed,1.0,3.22,,green,0,-16.87,0,-3.22,1,16.21
3327,111.011,green,observed,1.0,2.9,,green,0,-17.25,0,-2.9,1,15.84
3330,111.111,green,observed,1.0,3.54,,green,0,-17.13,0,-3.54,1,14.19
3333,111.211,green,observed,1.0,3.38,,green,0,-15.71,0,-3.38,1,16.3
3336,111.311,green,observed,1.0,3.54,,green,0,-15.32,0,-3.54,1,18.59
3339,111.411,green,observed,1.0,3.38,,green,0,-15.32,0,-3.38,1,17.4
3342,111.511,green,observed,0.885,1.77,,green,0,-15.32,0,-1.77,1,16.48
3345,111.612,green,observed,0.644,1.29,,green,0,-15.71,0,-1.29,1,17.22
3348,111.712,green,observed,1.0,2.41,,green,0,-16.61,0,-2.41,1,17.31
3351,111.812,green,observed,1.0,4.19,,green,0,-16.22,0,-4.19,1,15.93
3354,111.912,green,observed,1.0,4.19,,green,0,-17.13,0,-4.19,1,16.67
3357,112.012,green,observed,1.0,3.38,,green,0,-16.22,0,-3.38,1,17.49
3360,112.112,green,observed,1.0,3.22,,green,0,-16.61,0,-3.22,1,15.75
3363,112.212,green,observed,1.0,3.38,,green,0,-16.87,0,-3.38,1,16.12
3366,112.312,green,observed,1.0,3.54,,green,0,-15.97,0,-3.54,1,17.12
3369,112.412,green,observed,1.0,4.19,,green,0,-17.13,0,-4.19,1,17.22
3372,112.512,green,observed,1.0,2.09,,green,0,-15.84,0,-2.09,1,17.49
3375,112.612,green,observed,1.0,4.02,,green,0,-16.48,0,-4.02,1,15.66
3378,112.713,green,observed,1.0,3.54,,green,0,-15.71,0,-3.54,1,16.21
3381,112.813,green,observed,1.0,3.06,,green,0,-16.87,0,-3.06,1,17.4
3384,112.913,green,observed,1.0,4.02,,green,0,-15.58,0,-4.02,1,16.76
3387,113.013,green,observed,1.0,4.19,,green,0,-16.1,0,-4.19,1,17.12
3390,113.113,green,observed,1.0,4.67,,green,0,-16.61,0,-4.67,1,16.21
3393,113.213,green,observed,1.0,3.7,,green,0,-16.35,0,-3.7,1,17.12
3396,113.313,green,observed,1.0,4.02,,green,0,-15.71,0,-4.02,1,16.3
3399,113.413,green,observed,1.0,4.51,,green,0,-16.1,0,-4.51,1,16.39
3402,113.513,green,observed,1.0,2.9,,green,0,-15.45,0,-2.9,1,15.84
3405,113.614,green,observed,1.0,2.58,,green,0,-16.1,0,-2.58,1,16.21
3408,113.714,green,observed,0.966,1.93,,green,0,-15.84,0,-1.93,1,16.48
3411,113.814,green,observed,0.966,1.93,,green,0,-15.97,0,-1.93,1,16.48
3414,113.914,green,observed,1.0,3.7,,green,0,-15.45,0,-3.7,1,16.57
3417,114.014,green,observed,1.0,3.7,,green,0,-15.58,0,-3.7,1,16.21
3420,114.114,green,observed,1.0,3.86,,green,0,-17.25,0,-3.86,1,16.48
3423,114.214,green,observed,1.0,2.25,,green,0,-16.1,0,-2.25,1,15.75
3426,114.314,green,observed,1.0,3.38,,green,0,-17.0,0,-3.38,1,16.03
3429,114.414,green,observed,1.0,3.38,,green,0,-16.1,0,-3.38,1,16.48
3432,114.514,green,observed,1.0,2.58,,green,0,-15.97,0,-2.58,1,16.48
3435,114.614,green,observed,1.0,2.74,,green,0,-16.22,0,-2.74,1,17.03
3438,114.715,green,observed,1.0,4.83,,green,0,-15.97,0,-4.83,1,15.93
3441,114.815,green,observed,1.0,3.54,,green,0,-16.74,0,-3.54,1,15.66
3444,114.915,green,observed,1.0,3.86,,green,0,-16.48,0,-3.86,1,17.12
3447,115.015,green,observed,1.0,3.7,,green,0,-16.22,0,-3.7,1,15.38
3450,115.115,green,observed,1.0,3.54,,green,0,-17.38,0,-3.54,1,15.57
3453,115.215,green,observed,1.0,3.22,,green,0,-15.97,0,-3.22,1,15.84
3456,115.315,green,observed,1.0,2.9,,green,0,-16.61,0,-2.9,1,15.02
3459,115.415,green,observed,1.0,3.54,,green,0,-16.74,0,-3.54,1,14.47
3462,115.515,green,observed,1.0,4.19,,green,0,-15.58,0,-4.19,1,16.76
3465,115.616,green,observed,1.0,4.02,,green,0,-16.48,0,-4.02,1,16.3
3468,115.716,green,observed,1.0,3.54,,green,0,-15.32,0,-3.54,1,13.1
3471,115.816,green,observed,1.0,4.02,,green,0,-15.45,0,-4.02,1,13.37
3474,115.916,green,observed,1.0,5.15,,green,0,-15.84,0,-5.15,1,14.38
3477,116.016,green,observed,1.0,4.99,,green,0,-16.35,0,-4.99,1,15.02
3480,116.116,green,observed,1.0,2.9,,green,0,-15.71,0,-2.9,1,13.92
3483,116.216,green,observed,1.0,2.9,,green,0,-16.87,0,-2.9,1,16.21
3486,116.316,green,observed,1.0,4.19,,green,0,-15.71,0,-4.19,1,15.66
3489,116.416,green,observed,1.0,3.22,,green,0,-15.32,0,-3.22,1,16.39
3492,116.516,green,observed,1.0,4.67,,green,0,-16.35,0,-4.67,1,17.31
3495,116.616,green,observed,1.0,2.41,,green,0,-16.87,0,-2.41,1,14.19
3498,116.717,green,observed,1.0,2.58,,green,0,-16.61,0,-2.58,1,15.29
3501,116.817,green,observed,1.0,3.38,,green,0,-15.71,0,-3.38,1,16.21
3504,116.917,green,observed,1.0,3.54,,green,0,-15.84,0,-3.54,1,15.48
3507,117.017,green,observed,1.0,3.22,,green,0,-15.97,0,-3.22,1,15.02
3510,117.117,green,observed,1.0,3.06,,green,0,-16.35,0,-3.06,1,14.29
3513,117.217,green,observed,1.0,3.54,,green,0,-16.48,0,-3.54,1,15.2
3516,117.317,green,observed,1.0,2.9,,green,0,-17.25,0,-2.9,1,14.56
3519,117.417,green,observed,1.0,3.54,,green,0,-16.35,0,-3.54,1,12.82
3522,117.517,green,observed,0.966,1.93,,green,0,-17.25,0,-1.93,1,15.2
3525,117.618,green,observed,1.0,3.22,,green,0,-16.74,0,-3.22,1,14.19
3528,117.718,green,observed,1.0,3.7,,green,0,-15.32,0,-3.7,1,13.28
3531,117.818,green,observed,1.0,3.38,,green,0,-16.22,0,-3.38,1,15.11
3534,117.918,green,observed,1.0,2.9,,green,0,-15.84,0,-2.9,1,14.56
3537,118.018,green,observed,1.0,3.54,,green,0,-15.71,0,-3.54,1,14.74
3540,118.118,green,observed,1.0,3.22,,green,0,-15.97,0,-3.22,1,15.57
3543,118.218,green,observed,1.0,3.06,,green,0,-16.1,0,-3.06,1,13.83
3546,118.318,green,observed,1.0,3.22,,green,0,-16.61,0,-3.22,1,15.11
3549,118.418,green,observed,1.0,2.9,,green,0,-15.71,0,-2.9,1,13.64
3552,118.518,green,observed,1.0,3.7,,green,0,-16.22,0,-3.7,1,15.02
3555,118.618,green,observed,1.0,3.7,,green,0,-16.74,0,-3.7,1,14.29
3558,118.719,green,observed,1.0,3.06,,green,0,-16.1,0,-3.06,1,14.93
3561,118.819,green,observed,1.0,3.54,,green,0,-16.22,0,-3.54,1,13.83
3564,118.919,green,observed,1.0,3.7,,green,0,-16.22,0,-3.7,1,15.29
3567,119.019,green,observed,1.0,3.06,,green,0,-16.74,0,-3.06,1,15.2
3570,119.119,green,observed,1.0,2.74,,green,0,-15.71,0,-2.74,1,14.01
3573,119.219,green,observed,1.0,3.54,,green,0,-15.58,0,-3.54,1,14.1
3576,119.319,green,observed,1.0,3.06,,green,0,-16.1,0,-3.06,1,13.37
3579,119.419,green,observed,1.0,2.41,,green,0,-15.32,0,-2.41,1,14.29
3582,119.519,green,observed,1.0,3.22,,green,0,-16.22,0,-3.22,1,14.65
3585,119.62,green,observed,1.0,2.74,,green,0,-17.38,0,-2.74,1,14.65
3588,119.72,green,observed,1.0,4.67,,green,0,-15.97,0,-4.67,1,14.01
3591,119.82,green,observed,1.0,4.99,,green,0,-16.22,0,-4.99,1,15.38
3594,119.92,green,observed,1.0,4.99,,green,0,-15.84,0,-4.99,1,16.3
3597,120.02,green,observed,1.0,4.83,,green,0,-16.74,0,-4.83,1,15.57
3600,120.12,green,observed,1.0,3.7,,green,0,-16.35,0,-3.7,1,14.74
3603,120.22,green,observed,1.0,3.86,,green,0,-17.0,0,-3.86,1,16.39
3606,120.32,green,observed,1.0,3.06,,green,0,-16.48,0,-3.06,1,15.93
3609,120.42,green,observed,1.0,3.7,,green,0,-15.71,0,-3.7,1,16.39
3612,120.52,green,observed,1.0,2.41,,green,0,-16.61,0,-2.41,1,15.93
3615,120.62,green,observed,1.0,3.7,,green,0,-15.19,0,-3.7,1,15.11
3618,120.721,green,observed,1.0,4.99,,green,0,-16.74,0,-4.99,1,15.2
3621,120.821,green,observed,1.0,4.35,,green,0,-15.71,0,-4.35,1,15.2
3624,120.921,green,observed,1.0,2.25,,green,0,-16.74,0,-2.25,1,16.21
3627,121.021,green,observed,1.0,2.58,,green,0,-15.97,0,-2.58,1,16.76
3630,121.121,green,observed,1.0,3.38,,green,0,-16.48,0,-3.38,1,14.47
3633,121.221,green,observed,1.0,3.06,,green,0,-16.35,0,-3.06,1,16.39
3636,121.321,green,observed,1.0,3.54,,green,0,-15.45,0,-3.54,1,15.84
3639,121.421,green,observed,1.0,3.38,,green,0,-16.48,0,-3.38,1,16.94
3642,121.521,green,observed,1.0,4.83,,green,0,-16.35,0,-4.83,1,17.03
3645,121.622,green,observed,1.0,4.67,,green,0,-16.74,0,-4.67,1,16.76
3648,121.722,green,observed,1.0,3.22,,green,0,-17.51,0,-3.22,1,17.86
3651,121.822,green,observed,1.0,2.25,,green,0,-17.77,0,-2.25,1,17.49
3654,121.922,green,observed,1.0,2.41,,green,0,-16.1,0,-2.41,1,13.55
3657,122.022,green,low_confidence,0.483,0.97,lamp_near_threshold,green,0,-15.58,0,-0.97,1,14.74
3660,122.122,green,observed,1.0,4.83,,green,0,-15.58,0,-4.83,1,15.29
3663,122.222,green,observed,1.0,4.83,,green,0,-16.87,0,-4.83,1,14.47
3666,122.322,green,observed,1.0,2.74,,green,0,-16.74,0,-2.74,1,15.2
3669,122.422,green,observed,1.0,5.31,,green,0,-17.0,0,-5.31,1,15.57
3672,122.522,green,observed,1.0,4.02,,green,0,-15.97,0,-4.02,1,16.39
3675,122.622,green,observed,1.0,4.02,,green,0,-15.58,0,-4.02,1,17.49
3678,122.723,green,observed,1.0,2.74,,green,0,-17.25,0,-2.74,1,15.66
3681,122.823,green,observed,1.0,3.06,,green,0,-17.38,0,-3.06,1,17.31
3684,122.923,green,observed,1.0,2.74,,green,0,-16.48,0,-2.74,1,17.49
3687,123.023,green,observed,1.0,2.09,,green,0,-16.22,0,-2.09,1,16.94
3690,123.123,green,observed,1.0,2.41,,green,0,-15.84,0,-2.41,1,17.12
3693,123.223,green,observed,1.0,4.19,,green,0,-15.07,0,-4.19,1,16.03
3696,123.323,green,observed,1.0,3.7,,green,0,-15.84,0,-3.7,1,18.13
3699,123.423,green,observed,1.0,3.86,,green,0,-16.1,0,-3.86,1,15.84
3702,123.523,green,observed,1.0,2.41,,green,0,-16.1,0,-2.41,1,17.58
3705,123.624,green,observed,1.0,2.41,,green,0,-16.22,0,-2.41,1,16.3
3708,123.724,green,observed,1.0,2.58,,green,0,-14.68,0,-2.58,1,17.77
3711,123.824,green,observed,1.0,4.51,,green,0,-15.19,0,-4.51,1,15.48
3714,123.924,green,observed,1.0,3.38,,green,0,-15.19,0,-3.38,1,17.49
3717,124.024,green,observed,1.0,3.06,,green,0,-15.58,0,-3.06,1,15.66
3720,124.124,green,observed,1.0,4.19,,green,0,-16.48,0,-4.19,1,15.57
3723,124.224,green,observed,1.0,4.51,,green,0,-15.84,0,-4.51,1,15.84
3726,124.324,green,observed,1.0,4.19,,green,0,-16.61,0,-4.19,1,16.67
3729,124.424,green,observed,1.0,3.7,,green,0,-15.58,0,-3.7,1,16.85
3732,124.524,green,observed,1.0,3.22,,green,0,-16.22,0,-3.22,1,16.48
3735,124.624,green,observed,1.0,3.38,,green,0,-16.87,0,-3.38,1,15.84
3738,124.725,green,observed,1.0,3.54,,green,0,-16.48,0,-3.54,1,14.93
3741,124.825,green,observed,1.0,3.06,,green,0,-16.35,0,-3.06,1,15.29
3744,124.925,green,observed,1.0,3.38,,green,0,-17.0,0,-3.38,1,14.38
3747,125.025,green,observed,1.0,3.22,,green,0,-15.97,0,-3.22,1,16.03
3750,125.125,green,observed,1.0,4.67,,green,0,-16.48,0,-4.67,1,15.93
3753,125.225,green,observed,1.0,4.35,,green,0,-16.22,0,-4.35,1,14.29
3756,125.325,green,observed,1.0,3.22,,green,0,-15.97,0,-3.22,1,15.02
3759,125.425,green,observed,1.0,3.54,,green,0,-17.0,0,-3.54,1,15.57
3762,125.525,green,observed,1.0,3.86,,green,0,-16.61,0,-3.86,1,14.83
3765,125.626,green,observed,1.0,2.41,,green,0,-15.71,0,-2.41,1,16.03
3768,125.726,green,observed,1.0,3.22,,green,0,-16.61,0,-3.22,1,15.11
3771,125.826,green,observed,1.0,3.06,,green,0,-16.61,0,-3.06,1,15.11
3774,125.926,green,observed,1.0,4.99,,green,0,-15.84,0,-4.99,1,14.29
3777,126.026,green,observed,1.0,3.38,,green,0,-16.48,0,-3.38,1,14.29
3780,126.126,green,observed,1.0,4.51,,green,0,-17.0,0,-4.51,1,14.47
3783,126.226,green,observed,1.0,4.51,,green,0,-16.35,0,-4.51,1,14.01
3786,126.326,green,observed,1.0,4.35,,green,0,-17.25,0,-4.35,1,13.46
3789,126.426,green,observed,1.0,4.19,,green,0,-16.1,0,-4.19,1,14.65
3792,126.526,green,observed,1.0,2.09,,green,0,-17.0,0,-2.09,1,15.57
3795,126.626,green,observed,1.0,2.74,,green,0,-15.97,0,-2.74,1,15.57
3798,126.727,green,observed,1.0,3.38,,green,0,-16.1,0,-3.38,1,13.83
3801,126.827,green,observed,1.0,3.54,,green,0,-16.1,0,-3.54,1,13.1
3804,126.927,green,observed,1.0,3.22,,green,0,-16.74,0,-3.22,1,14.93
3807,127.027,green,observed,1.0,3.86,,green,0,-16.1,0,-3.86,1,11.17
3810,127.127,green,observed,1.0,2.9,,green,0,-15.07,0,-2.9,1,14.65
3813,127.227,green,observed,1.0,4.35,,green,0,-16.87,0,-4.35,1,14.83
3816,127.327,green,observed,1.0,4.19,,green,0,-15.32,0,-4.19,1,13.46
3819,127.427,green,observed,1.0,3.54,,green,0,-15.32,0,-3.54,1,13.46
3822,127.527,green,observed,1.0,4.02,,green,0,-16.22,0,-4.02,1,13.74
3825,127.628,green,observed,1.0,3.7,,green,0,-16.35,0,-3.7,1,14.56
3828,127.728,green_blink,observed,1.0,3.7,,green_flash,0,-15.45,0,-3.7,0,-14.65
3831,127.828,green_blink,observed,1.0,2.74,,green_flash,0,-15.84,0,-2.74,0,-14.74
3834,127.928,green_blink,observed,1.0,4.51,,green_flash,0,-16.48,0,-4.51,0,-14.93
3837,128.028,green_blink,observed,1.0,2.41,,green_flash,0,-15.84,0,-2.41,0,-15.2
3840,128.128,green_blink,observed,0.805,1.61,,green_flash,0,-15.84,0,-1.61,0,-13.92
3843,128.228,green_blink,observed,1.0,2.9,,green,0,-15.97,0,-2.9,1,14.01
3846,128.328,green_blink,observed,1.0,2.74,,green,0,-15.84,0,-2.74,1,14.1
3849,128.428,green_blink,observed,1.0,2.58,,green,0,-16.22,0,-2.58,1,14.19
3852,128.528,green_blink,observed,1.0,2.25,,green,0,-16.22,0,-2.25,1,14.19
3855,128.628,green_blink,observed,1.0,2.58,,green,0,-16.61,0,-2.58,1,14.56
3858,128.729,unknown,occluded,0.0,3.22,occluded,occluded,0,-16.1,0,-3.22,0,-14.47
3861,128.829,unknown,occluded,0.0,2.9,occluded,occluded,0,-15.32,0,-2.9,0,-14.47
3864,128.929,green_blink,observed,0.966,1.93,,green_flash,0,-15.45,0,-1.93,0,-14.83
3867,129.029,green_blink,observed,1.0,3.06,,green_flash,0,-16.35,0,-3.06,0,-14.65
3870,129.129,green_blink,observed,1.0,5.31,,green_flash,0,-15.32,0,-5.31,0,-13.64
3873,129.229,green_blink,observed,1.0,3.54,,green,0,-15.58,0,-3.54,1,12.55
3876,129.329,green_blink,observed,1.0,4.51,,green,0,-16.1,0,-4.51,1,14.47
3879,129.429,green_blink,observed,1.0,4.02,,green,0,-16.22,0,-4.02,1,13.64
3882,129.529,green_blink,observed,1.0,4.19,,green,0,-16.22,0,-4.19,1,13.37
3885,129.63,green_blink,observed,1.0,3.86,,green,0,-16.1,0,-3.86,1,14.01
3888,129.73,green_blink,observed,1.0,3.06,,green_flash,0,-16.74,0,-3.06,0,-15.11
3891,129.83,green_blink,observed,1.0,4.83,,green_flash,0,-16.87,0,-4.83,0,-14.65
3894,129.93,green_blink,observed,1.0,4.02,,green_flash,0,-15.97,0,-4.02,0,-14.56
3897,130.03,green_blink,observed,1.0,3.22,,green_flash,0,-15.71,0,-3.22,0,-14.56
3900,130.13,green_blink,observed,1.0,2.58,,green_flash,0,-16.1,0,-2.58,0,-13.92
3903,130.23,green_blink,observed,1.0,2.74,,green,0,-15.32,0,-2.74,1,13.28
3906,130.33,green_blink,observed,1.0,2.74,,green,0,-15.19,0,-2.74,1,14.19
3909,130.43,green_blink,observed,1.0,2.58,,green,0,-16.22,0,-2.58,1,14.19
3912,130.53,green_blink,observed,1.0,2.9,,green,0,-15.97,0,-2.9,1,12.82
3915,130.631,green_blink,observed,1.0,4.35,,green,0,-16.35,0,-4.35,1,13.74
3918,130.731,amber,observed,1.0,2.09,,amber,0,-15.32,1,2.09,0,-15.02
3921,130.831,amber,observed,1.0,4.19,,amber,0,-16.35,1,4.19,0,-14.19
3924,130.931,amber,observed,1.0,3.06,,amber,0,-16.35,1,3.06,0,-15.11
3927,131.031,amber,observed,1.0,3.7,,amber,0,-17.64,1,3.7,0,-14.65
3930,131.131,amber,observed,1.0,3.06,,amber,0,-16.35,1,3.06,0,-14.74
3933,131.231,amber,observed,1.0,2.74,,amber,0,-16.87,1,2.74,0,-14.65
3936,131.331,amber,observed,0.724,1.45,,amber,0,-17.51,1,1.45,0,-14.1
3939,131.431,amber,observed,0.885,1.77,,amber,0,-17.25,1,1.77,0,-15.38
3942,131.531,amber,observed,1.0,2.58,,amber,0,-17.13,1,2.58,0,-15.11
3945,131.632,amber,observed,1.0,2.09,,amber,0,-17.25,1,2.09,0,-14.74
3948,131.732,amber,observed,0.805,1.61,,amber,0,-16.61,1,1.61,0,-14.38
3951,131.832,amber,observed,0.885,1.77,,amber,0,-16.61,1,1.77,0,-14.47
3954,131.932,amber,observed,1.0,4.02,,amber,0,-15.84,1,4.02,0,-14.47
3957,132.032,amber,observed,1.0,2.41,,amber,0,-15.71,1,2.41,0,-13.83
3960,132.132,unknown,occluded,0.0,1.45,occluded,occluded,0,-15.19,1,1.45,0,-14.56
3963,132.232,amber,observed,0.966,1.93,,amber,0,-16.48,1,1.93,0,-14.83
3966,132.332,amber,observed,0.966,1.93,,amber,0,-14.68,1,1.93,0,-14.01
3969,132.432,amber,observed,1.0,2.74,,amber,0,-15.84,1,2.74,0,-14.83
3972,132.532,amber,observed,0.724,1.45,,amber,0,-15.58,1,1.45,0,-13.83
3975,132.632,amber,observed,0.644,1.29,,amber,0,-16.22,1,1.29,0,-13.92
3978,132.733,amber,low_confidence,0.161,0.32,lamp_near_threshold,amber,0,-17.13,1,0.32,0,-14.74
3981,132.833,amber,low_confidence,0.483,0.97,lamp_near_threshold,amber,0,-16.74,1,0.97,0,-16.03
3984,132.933,amber,low_confidence,0.885,1.77,short_unsupported_run,amber,0,-15.97,1,1.77,0,-13.92
3987,133.033,amber,low_confidence,0.483,0.97,lamp_near_threshold,amber,0,-16.74,1,0.97,0,-14.83
3990,133.133,amber,low_confidence,1.0,2.09,short_unsupported_run,amber,0,-16.74,1,2.09,0,-15.48
3993,133.233,amber,low_confidence,0.644,1.29,short_unsupported_run,amber,0,-16.61,1,1.29,0,-15.48
3996,133.333,amber,low_confidence,0.885,1.77,short_unsupported_run,amber,0,-17.38,1,1.77,0,-15.57
3999,133.433,amber,low_confidence,0.805,1.61,short_unsupported_run,amber,0,-16.35,1,1.61,0,-14.93
4002,133.533,unknown,occluded,0.0,0.64,occluded,occluded,0,-17.0,1,0.64,0,-15.29
4005,133.634,amber,observed,1.0,4.02,,amber,0,-16.1,1,4.02,0,-14.93
4008,133.734,red,observed,1.0,2.58,,red,1,19.7,0,-2.58,0,-15.2
4011,133.834,red,observed,1.0,2.58,,red,1,18.03,0,-2.58,0,-15.38
4014,133.934,red,observed,1.0,3.38,,red,1,19.31,0,-3.38,0,-15.48
4017,134.034,red,observed,1.0,3.7,,red,1,18.67,0,-3.7,0,-14.56
4020,134.134,red,observed,1.0,2.58,,red,1,17.51,0,-2.58,0,-14.93
4023,134.234,red,observed,1.0,2.25,,red,1,20.35,0,-2.25,0,-14.74
4026,134.334,red,observed,1.0,2.58,,red,1,18.8,0,-2.58,0,-14.65
4029,134.434,red,observed,1.0,2.58,,red,1,18.03,0,-2.58,0,-14.83
4032,134.534,red,observed,1.0,2.58,,red,1,18.54,0,-2.58,0,-14.47
4035,134.634,red,observed,0.966,1.93,,red,1,17.9,0,-1.93,0,-15.2
4038,134.735,red,observed,1.0,2.74,,red,1,18.41,0,-2.74,0,-15.02
4041,134.835,red,observed,1.0,4.02,,red,1,18.28,0,-4.02,0,-14.47
4044,134.935,red,observed,1.0,3.22,,red,1,18.16,0,-3.22,0,-14.65
4047,135.035,red,observed,1.0,3.86,,red,1,17.25,0,-3.86,0,-14.65
4050,135.135,red,observed,1.0,4.51,,red,1,17.51,0,-4.51,0,-14.93
4053,135.235,red,observed,1.0,5.31,,red,1,18.41,0,-5.31,0,-13.83
4056,135.335,red,observed,1.0,3.06,,red,1,19.44,0,-3.06,0,-14.56
4059,135.435,red,observed,1.0,5.47,,red,1,18.8,0,-5.47,0,-14.38
4062,135.535,red,observed,1.0,3.22,,red,1,19.31,0,-3.22,0,-15.02
4065,135.636,red,observed,1.0,3.54,,red,1,18.8,0,-3.54,0,-15.02
4068,135.736,red,observed,1.0,4.35,,red,1,18.28,0,-4.35,0,-14.65
4071,135.836,red,observed,1.0,4.35,,red,1,17.9,0,-4.35,0,-15.11
4074,135.936,red,observed,1.0,4.51,,red,1,19.83,0,-4.51,0,-15.29
4077,136.036,red,observed,1.0,3.06,,red,1,18.67,0,-3.06,0,-14.93
4080,136.136,red,observed,1.0,2.41,,red,1,18.03,0,-2.41,0,-14.56
4083,136.236,red,observed,1.0,2.41,,red,1,18.03,0,-2.41,0,-14.93
4086,136.336,red,observed,1.0,2.58,,red,1,17.9,0,-2.58,0,-14.19
4089,136.436,red,observed,1.0,2.09,,red,1,18.67,0,-2.09,0,-14.19
4092,136.536,red,observed,1.0,2.58,,red,1,19.19,0,-2.58,0,-14.93
4095,136.636,red,observed,1.0,3.22,,red,1,19.19,0,-3.22,0,-14.47
4098,136.737,red,observed,1.0,4.35,,red,1,17.38,0,-4.35,0,-14.93
4101,136.837,red,observed,1.0,3.86,,red,1,17.9,0,-3.86,0,-14.29
4104,136.937,red,observed,1.0,2.41,,red,1,17.64,0,-2.41,0,-15.29
4107,137.037,red,observed,1.0,2.58,,red,1,17.9,0,-2.58,0,-14.74
4110,137.137,red,observed,1.0,4.19,,red,1,19.06,0,-4.19,0,-14.47
4113,137.237,red,observed,1.0,4.19,,red,1,18.41,0,-4.19,0,-14.56
4116,137.337,red,observed,1.0,4.19,,red,1,17.13,0,-4.19,0,-15.57
4119,137.437,red,observed,1.0,3.38,,red,1,17.0,0,-3.38,0,-15.2
4122,137.537,red,observed,1.0,3.22,,red,1,18.03,0,-3.22,0,-15.48
4125,137.638,red,observed,1.0,3.7,,red,1,18.54,0,-3.7,0,-14.74
4128,137.738,red,observed,1.0,3.06,,red,1,18.16,0,-3.06,0,-14.83
4131,137.838,red,observed,1.0,3.7,,red,1,17.0,0,-3.7,0,-14.74
4134,137.938,red,observed,1.0,2.9,,red,1,17.0,0,-2.9,0,-14.65
4137,138.038,red,observed,1.0,3.54,,red,1,17.0,0,-3.54,0,-14.01
4140,138.138,red,observed,1.0,3.7,,red,1,18.03,0,-3.7,0,-15.38
4143,138.238,red,observed,1.0,4.83,,red,1,17.38,0,-4.83,0,-15.2
4146,138.338,red,observed,1.0,4.51,,red,1,17.9,0,-4.51,0,-14.83
4149,138.438,red,observed,1.0,4.83,,red,1,15.84,0,-4.83,0,-14.65
4152,138.538,red,observed,1.0,2.41,,red,1,16.1,0,-2.41,0,-14.47
4155,138.638,red,observed,1.0,4.02,,red,1,15.97,0,-4.02,0,-14.65
4158,138.739,red,observed,1.0,4.02,,red,1,15.45,0,-4.02,0,-15.29
4161,138.839,red,observed,1.0,3.86,,red,1,15.58,0,-3.86,0,-15.57
4164,138.939,red,observed,1.0,3.86,,red,1,16.74,0,-3.86,0,-14.38
4167,139.039,red,observed,1.0,3.22,,red,1,17.9,0,-3.22,0,-14.01
4170,139.139,red,observed,1.0,3.7,,red,1,15.71,0,-3.7,0,-14.74
4173,139.239,red,observed,1.0,3.7,,red,1,16.48,0,-3.7,0,-14.83
4176,139.339,red,observed,1.0,4.19,,red,1,15.84,0,-4.19,0,-15.02
4179,139.439,red,observed,1.0,2.74,,red,1,16.61,0,-2.74,0,-14.83
4182,139.539,red,observed,1.0,4.19,,red,1,16.48,0,-4.19,0,-15.11
4185,139.64,red,observed,1.0,4.19,,red,1,16.74,0,-4.19,0,-15.11
4188,139.74,red,observed,0.885,1.77,,red,1,17.13,0,-1.77,0,-15.48
4191,139.84,red,observed,1.0,2.09,,red,1,17.25,0,-2.09,0,-14.93
4194,139.94,red,observed,1.0,2.25,,red,1,16.74,0,-2.25,0,-14.65
4197,140.04,red,observed,1.0,2.41,,red,1,15.71,0,-2.41,0,-14.56
4200,140.14,red,observed,1.0,3.06,,red,1,14.68,0,-3.06,0,-15.2
4203,140.24,red,observed,1.0,3.7,,red,1,14.29,0,-3.7,0,-14.56
4206,140.34,red,observed,0.805,1.61,,red,1,16.35,0,-1.61,0,-14.74
4209,140.44,red,observed,1.0,3.86,,red,1,16.87,0,-3.86,0,-14.65
4212,140.54,red,observed,1.0,3.06,,red,1,17.0,0,-3.06,0,-14.83
4215,140.64,red,observed,1.0,3.22,,red,1,15.58,0,-3.22,0,-14.65
4218,140.741,red,observed,1.0,2.9,,red,1,17.38,0,-2.9,0,-15.02
4221,140.841,red,observed,1.0,2.74,,red,1,16.1,0,-2.74,0,-14.65
4224,140.941,red,observed,1.0,2.9,,red,1,15.19,0,-2.9,0,-14.74
4227,141.041,red,observed,1.0,3.38,,red,1,17.13,0,-3.38,0,-15.11
4230,141.141,red,observed,1.0,3.86,,red,1,15.97,0,-3.86,0,-14.38
4233,141.241,red,observed,1.0,4.19,,red,1,16.35,0,-4.19,0,-14.38
4236,141.341,red,observed,1.0,4.19,,red,1,14.68,0,-4.19,0,-14.19
4239,141.441,red,observed,1.0,4.02,,red,1,15.71,0,-4.02,0,-14.56
4242,141.541,red,observed,1.0,3.7,,red,1,14.29,0,-3.7,0,-14.65
4245,141.642,red,observed,1.0,4.51,,red,1,14.81,0,-4.51,0,-14.38
4248,141.742,red,low_confidence,0.402,0.8,lamp_near_threshold,red,1,15.32,0,-0.8,0,-15.2
4251,141.842,red,observed,0.563,1.13,,red,1,15.07,0,-1.13,0,-14.47
4254,141.942,red,observed,1.0,4.67,,red,1,15.58,0,-4.67,0,-15.29
4257,142.042,red,observed,1.0,3.7,,red,1,16.61,0,-3.7,0,-15.2
4260,142.142,red,observed,1.0,3.54,,red,1,15.71,0,-3.54,0,-15.2
4263,142.242,red,observed,1.0,3.22,,red,1,16.35,0,-3.22,0,-15.11
4266,142.342,red,observed,1.0,3.86,,red,1,15.58,0,-3.86,0,-14.83
4269,142.442,red,observed,1.0,4.51,,red,1,15.71,0,-4.51,0,-14.56
4272,142.542,red,observed,1.0,4.35,,red,1,14.68,0,-4.35,0,-14.47
4275,142.642,red,observed,1.0,3.7,,red,1,14.68,0,-3.7,0,-14.83
4278,142.743,red,observed,1.0,4.83,,red,1,15.58,0,-4.83,0,-15.11
4281,142.843,red,observed,1.0,3.22,,red,1,14.81,0,-3.22,0,-14.56
4284,142.943,red,observed,1.0,3.06,,red,1,14.94,0,-3.06,0,-15.29
4287,143.043,red,observed,1.0,2.58,,red,1,15.19,0,-2.58,0,-14.83
4290,143.143,red,observed,1.0,4.35,,red,1,13.52,0,-4.35,0,-14.56
4293,143.243,red,observed,1.0,3.86,,red,1,15.32,0,-3.86,0,-14.38
4296,143.343,red,observed,1.0,3.86,,red,1,14.94,0,-3.86,0,-15.11
4299,143.443,red,observed,1.0,4.35,,red,1,15.58,0,-4.35,0,-14.38
4302,143.543,red,observed,1.0,3.38,,red,1,15.45,0,-3.38,0,-14.47
4305,143.644,red,observed,1.0,3.54,,red,1,14.94,0,-3.54,0,-14.56
4308,143.744,red,observed,1.0,2.74,,red,1,15.19,0,-2.74,0,-14.65
4311,143.844,red,observed,1.0,3.86,,red,1,15.19,0,-3.86,0,-14.74
4314,143.944,red,observed,1.0,3.7,,red,1,17.25,0,-3.7,0,-15.57
4317,144.044,red,observed,1.0,2.9,,red,1,14.55,0,-2.9,0,-15.11
4320,144.144,red,observed,1.0,3.06,,red,1,16.22,0,-3.06,0,-14.74
4323,144.244,red,observed,1.0,2.58,,red,1,15.58,0,-2.58,0,-15.2
4326,144.344,red,observed,1.0,3.54,,red,1,16.87,0,-3.54,0,-15.02
4329,144.444,red,observed,1.0,3.38,,red,1,14.94,0,-3.38,0,-14.93
4332,144.544,red,observed,1.0,3.38,,red,1,15.07,0,-3.38,0,-14.56
4335,144.644,red,observed,1.0,3.38,,red,1,15.84,0,-3.38,0,-14.93
4338,144.745,red,observed,1.0,3.38,,red,1,16.48,0,-3.38,0,-14.01
4341,144.845,red,observed,1.0,3.22,,red,1,16.1,0,-3.22,0,-14.47
4344,144.945,red,observed,1.0,3.06,,red,1,17.0,0,-3.06,0,-14.93
4347,145.045,red,observed,0.644,1.29,,red,1,15.45,0,-1.29,0,-15.11
4350,145.145,red,observed,1.0,2.74,,red,1,16.74,0,-2.74,0,-14.65
4353,145.245,red,observed,1.0,2.74,,red,1,16.35,0,-2.74,0,-15.29
4356,145.345,red,observed,1.0,3.06,,red,1,16.48,0,-3.06,0,-15.38
4359,145.445,red,observed,1.0,2.9,,red,1,17.0,0,-2.9,0,-14.83
4362,145.545,red,observed,1.0,2.58,,red,1,15.84,0,-2.58,0,-15.11
4365,145.646,red,observed,1.0,2.9,,red,1,16.35,0,-2.9,0,-15.02
4368,145.746,red,observed,1.0,3.7,,red,1,17.64,0,-3.7,0,-14.47
4371,145.846,red,observed,1.0,3.22,,red,1,17.0,0,-3.22,0,-14.56
4374,145.946,red,observed,1.0,2.9,,red,1,17.51,0,-2.9,0,-15.29
4377,146.046,red,observed,1.0,2.9,,red,1,18.03,0,-2.9,0,-14.93
4380,146.146,red,observed,1.0,3.54,,red,1,16.1,0,-3.54,0,-14.83
4383,146.246,red,observed,1.0,3.38,,red,1,15.97,0,-3.38,0,-15.29
4386,146.346,red,observed,1.0,3.38,,red,1,15.32,0,-3.38,0,-14.47
4389,146.446,red,observed,1.0,2.74,,red,1,16.61,0,-2.74,0,-14.83
4392,146.546,red,observed,1.0,3.22,,red,1,16.61,0,-3.22,0,-14.01
4395,146.646,red,observed,1.0,3.22,,red,1,16.61,0,-3.22,0,-14.29
4398,146.747,red,observed,1.0,3.06,,red,1,17.0,0,-3.06,0,-14.38
4401,146.847,red,observed,1.0,3.7,,red,1,16.74,0,-3.7,0,-15.02
4404,146.947,red,observed,1.0,3.38,,red,1,16.48,0,-3.38,0,-14.65
4407,147.047,red,observed,1.0,3.06,,red,1,15.97,0,-3.06,0,-14.93
4410,147.147,red,observed,1.0,2.74,,red,1,16.87,0,-2.74,0,-14.56
4413,147.247,red,observed,1.0,2.58,,red,1,15.84,0,-2.58,0,-14.47
4416,147.347,red,observed,1.0,2.74,,red,1,16.74,0,-2.74,0,-14.56
4419,147.447,red,observed,1.0,2.74,,red,1,17.13,0,-2.74,0,-14.65
4422,147.547,red,observed,1.0,3.86,,red,1,16.87,0,-3.86,0,-15.02
4425,147.648,red,observed,1.0,2.9,,red,1,16.22,0,-2.9,0,-14.74
4428,147.748,red,observed,1.0,3.54,,red,1,16.35,0,-3.54,0,-14.93
4431,147.848,red,observed,1.0,3.54,,red,1,17.13,0,-3.54,0,-14.74
4434,147.948,red,observed,1.0,3.7,,red,1,16.35,0,-3.7,0,-15.11
4437,148.048,red,observed,1.0,2.74,,red,1,17.13,0,-2.74,0,-14.83
4440,148.148,red,observed,1.0,3.54,,red,1,16.1,0,-3.54,0,-14.65
4443,148.248,red,observed,1.0,3.86,,red,1,16.74,0,-3.86,0,-14.65
4446,148.348,red,observed,1.0,3.54,,red,1,16.61,0,-3.54,0,-14.47
4449,148.448,red,observed,1.0,3.86,,red,1,15.19,0,-3.86,0,-15.02
4452,148.548,red,observed,1.0,3.54,,red,1,15.19,0,-3.54,0,-15.38
4455,148.648,red,observed,1.0,3.54,,red,1,15.97,0,-3.54,0,-14.74
4458,148.749,red,observed,1.0,3.38,,red,1,15.84,0,-3.38,0,-14.83
4461,148.849,red,observed,1.0,3.7,,red,1,15.58,0,-3.7,0,-15.02
4464,148.949,red,observed,1.0,3.54,,red,1,15.07,0,-3.54,0,-14.56
4467,149.049,red,observed,1.0,3.06,,red,1,16.87,0,-3.06,0,-14.01
4470,149.149,red,observed,1.0,2.41,,red,1,15.97,0,-2.41,0,-13.74
4473,149.249,red,observed,1.0,2.41,,red,1,15.84,0,-2.41,0,-13.83
4476,149.349,red,observed,1.0,3.86,,red,1,16.1,0,-3.86,0,-14.56
4479,149.449,red,observed,1.0,3.54,,red,1,14.94,0,-3.54,0,-14.38
4482,149.549,red,observed,1.0,2.58,,red,1,16.74,0,-2.58,0,-14.74
4485,149.65,red,observed,1.0,4.35,,red,1,14.42,0,-4.35,0,-14.74
4488,149.75,red,observed,1.0,3.22,,red,1,15.32,0,-3.22,0,-15.2
4491,149.85,red,observed,1.0,3.06,,red,1,15.71,0,-3.06,0,-15.11
4494,149.95,red,observed,1.0,3.54,,red,1,15.84,0,-3.54,0,-14.74
4497,150.05,red,observed,1.0,2.58,,red,1,15.58,0,-2.58,0,-14.38
4500,150.15,red,observed,1.0,2.09,,red,1,13.91,0,-2.09,0,-14.19
4503,150.25,red,observed,0.966,1.93,,red,1,14.68,0,-1.93,0,-13.64
4506,150.35,red,observed,1.0,3.7,,red,1,14.29,0,-3.7,0,-14.93
4509,150.45,red,observed,1.0,4.67,,red,1,13.91,0,-4.67,0,-14.56
4512,150.55,red,observed,1.0,2.9,,red,1,14.81,0,-2.9,0,-14.19
4515,150.65,red,observed,1.0,3.38,,red,1,15.58,0,-3.38,0,-14.65
4518,150.751,red,observed,1.0,3.06,,red,1,16.22,0,-3.06,0,-13.83
4521,150.851,red,observed,0.644,1.29,,red,1,15.32,0,-1.29,0,-14.47
4524,150.951,red,observed,1.0,4.02,,red,1,13.78,0,-4.02,0,-15.02
4527,151.051,red,observed,1.0,4.02,,red,1,15.19,0,-4.02,0,-14.93
4530,151.151,red,observed,1.0,2.9,,red,1,14.55,0,-2.9,0,-14.19
4533,151.251,red,observed,1.0,2.41,,red,1,14.16,0,-2.41,0,-14.65
4536,151.351,red,observed,1.0,4.19,,red,1,15.19,0,-4.19,0,-14.74
4539,151.451,red,observed,1.0,2.9,,red,1,15.71,0,-2.9,0,-14.19
4542,151.551,red,observed,1.0,2.58,,red,1,13.91,0,-2.58,0,-13.74
4545,151.652,red,observed,1.0,2.9,,red,1,14.94,0,-2.9,0,-14.56
4548,151.752,red,observed,1.0,4.35,,red,1,14.94,0,-4.35,0,-14.19
4551,151.852,red,observed,1.0,2.9,,red,1,14.16,0,-2.9,0,-14.38
4554,151.952,red,observed,1.0,2.9,,red,1,14.04,0,-2.9,0,-13.92
4557,152.052,red,observed,1.0,3.7,,red,1,14.16,0,-3.7,0,-14.83
4560,152.152,red,observed,1.0,4.19,,red,1,14.42,0,-4.19,0,-14.47
4563,152.252,red,observed,1.0,4.02,,red,1,13.91,0,-4.02,0,-14.47
4566,152.352,red,observed,1.0,2.74,,red,1,14.42,0,-2.74,0,-14.65
4569,152.452,red,observed,1.0,4.67,,red,1,14.55,0,-4.67,0,-14.38
4572,152.552,red,observed,1.0,3.54,,red,1,14.29,0,-3.54,0,-14.93
4575,152.652,red,observed,1.0,3.7,,red,1,15.07,0,-3.7,0,-15.2
4578,152.753,red,observed,1.0,3.54,,red,1,16.35,0,-3.54,0,-14.19
4581,152.853,red,observed,1.0,4.19,,red,1,15.32,0,-4.19,0,-14.38
4584,152.953,red,observed,1.0,3.7,,red,1,14.81,0,-3.7,0,-14.83
4587,153.053,red,observed,1.0,3.7,,red,1,15.32,0,-3.7,0,-14.93
4590,153.153,red,observed,1.0,3.86,,red,1,13.78,0,-3.86,0,-14.65
4593,153.253,red,observed,1.0,4.35,,red,1,14.04,0,-4.35,0,-14.65
4596,153.353,red,observed,1.0,4.02,,red,1,14.04,0,-4.02,0,-15.11
4599,153.453,red,observed,1.0,4.51,,red,1,14.81,0,-4.51,0,-15.11
4602,153.553,red,observed,1.0,2.74,,red,1,14.16,0,-2.74,0,-14.93
4605,153.654,red,observed,1.0,2.9,,red,1,14.55,0,-2.9,0,-14.56
4608,153.754,red,observed,1.0,2.9,,red,1,14.55,0,-2.9,0,-15.02
4611,153.854,red,observed,1.0,3.54,,red,1,16.22,0,-3.54,0,-14.1
4614,153.954,red,observed,1.0,3.38,,red,1,16.22,0,-3.38,0,-14.56
4617,154.054,red,observed,1.0,3.7,,red,1,15.58,0,-3.7,0,-14.47
4620,154.154,red,observed,1.0,2.58,,red,1,14.42,0,-2.58,0,-14.93
4623,154.254,red,observed,1.0,2.9,,red,1,14.94,0,-2.9,0,-15.2
4626,154.354,red,observed,1.0,3.06,,red,1,14.68,0,-3.06,0,-14.65
4629,154.454,red,observed,1.0,2.74,,red,1,15.84,0,-2.74,0,-14.65
4632,154.554,red,observed,1.0,3.54,,red,1,15.84,0,-3.54,0,-14.47
4635,154.654,red,observed,1.0,3.54,,red,1,14.81,0,-3.54,0,-15.02
4638,154.755,red,observed,1.0,3.22,,red,1,16.48,0,-3.22,0,-14.01
4641,154.855,red,observed,1.0,3.38,,red,1,15.97,0,-3.38,0,-14.38
4644,154.955,red,observed,1.0,3.22,,red,1,15.71,0,-3.22,0,-13.92
4647,155.055,red,observed,1.0,3.54,,red,1,15.19,0,-3.54,0,-14.56
4650,155.155,red,observed,1.0,2.25,,red,1,16.48,0,-2.25,0,-15.02
4653,155.255,red,observed,1.0,2.09,,red,1,15.97,0,-2.09,0,-14.47
4656,155.355,red,observed,0.966,1.93,,red,1,17.13,0,-1.93,0,-14.1
4659,155.455,red,observed,1.0,3.54,,red,1,15.19,0,-3.54,0,-14.56
4662,155.555,red,observed,1.0,3.54,,red,1,17.0,0,-3.54,0,-14.74
4665,155.656,red,observed,1.0,2.41,,red,1,15.97,0,-2.41,0,-14.93
4668,155.756,red,observed,1.0,3.54,,red,1,16.48,0,-3.54,0,-15.11
4671,155.856,red,observed,1.0,3.86,,red,1,17.25,0,-3.86,0,-14.65
4674,155.956,red,observed,1.0,3.06,,red,1,17.51,0,-3.06,0,-15.11
4677,156.056,red,observed,1.0,3.06,,red,1,15.71,0,-3.06,0,-14.83
4680,156.156,red,observed,1.0,3.54,,red,1,16.22,0,-3.54,0,-15.02
4683,156.256,red,observed,1.0,3.54,,red,1,16.35,0,-3.54,0,-14.19
4686,156.356,red,observed,1.0,4.02,,red,1,16.1,0,-4.02,0,-14.47
4689,156.456,red,observed,1.0,2.25,,red,1,17.0,0,-2.25,0,-14.56
4692,156.556,red,observed,1.0,3.06,,red,1,17.13,0,-3.06,0,-13.74
4695,156.656,red,observed,1.0,3.7,,red,1,16.1,0,-3.7,0,-14.38
4698,156.757,red,observed,1.0,2.9,,red,1,18.03,0,-2.9,0,-14.93
4701,156.857,red,observed,1.0,2.58,,red,1,17.38,0,-2.58,0,-15.02
4704,156.957,red,observed,1.0,2.58,,red,1,16.87,0,-2.58,0,-14.38
4707,157.057,red,observed,1.0,3.38,,red,1,16.35,0,-3.38,0,-14.56
4710,157.157,red,observed,1.0,3.22,,red,1,18.28,0,-3.22,0,-14.74
4713,157.257,red,observed,0.885,1.77,,red,1,17.9,0,-1.77,0,-15.02
4716,157.357,red,observed,1.0,3.38,,red,1,17.9,0,-3.38,0,-14.93
4719,157.457,red,observed,0.724,1.45,,red,1,17.13,0,-1.45,0,-15.38
4722,157.557,red,observed,1.0,3.54,,red,1,17.13,0,-3.54,0,-15.02
4725,157.658,red,observed,1.0,3.22,,red,1,18.03,0,-3.22,0,-15.29
4728,157.758,red,observed,1.0,3.06,,red,1,18.16,0,-3.06,0,-14.83
4731,157.858,red,observed,1.0,3.7,,red,1,17.25,0,-3.7,0,-14.83
4734,157.958,red,observed,1.0,3.38,,red,1,16.61,0,-3.38,0,-14.74
4737,158.058,red,observed,1.0,3.06,,red,1,19.57,0,-3.06,0,-14.56
4740,158.158,red,observed,1.0,3.22,,red,1,17.13,0,-3.22,0,-14.01
4743,158.258,red,observed,1.0,3.38,,red,1,16.48,0,-3.38,0,-14.47
4746,158.358,red,observed,1.0,3.86,,red,1,18.16,0,-3.86,0,-14.01
4749,158.458,red,observed,1.0,3.54,,red,1,16.22,0,-3.54,0,-14.74
4752,158.558,red,observed,1.0,3.38,,red,1,17.13,0,-3.38,0,-14.56
4755,158.658,red,observed,1.0,3.22,,red,1,17.38,0,-3.22,0,-14.74
4758,158.759,red,observed,1.0,3.06,,red,1,16.22,0,-3.06,0,-13.46
4761,158.859,red,observed,1.0,2.74,,red,1,17.77,0,-2.74,0,-14.38
4764,158.959,red,observed,1.0,3.38,,red,1,18.67,0,-3.38,0,-14.19
4767,159.059,red,observed,1.0,3.38,,red,1,17.38,0,-3.38,0,-15.57
4770,159.159,red,observed,1.0,3.22,,red,1,18.28,0,-3.22,0,-14.38
4773,159.259,red,observed,1.0,2.9,,red,1,16.22,0,-2.9,0,-13.74
4776,159.359,red,observed,1.0,2.41,,red,1,16.87,0,-2.41,0,-14.01
4779,159.459,red,observed,1.0,2.09,,red,1,17.25,0,-2.09,0,-14.19
4782,159.559,red,observed,1.0,2.58,,red,1,17.0,0,-2.58,0,-13.83
4785,159.66,red,observed,1.0,5.96,,red,1,16.35,0,-5.96,0,-14.74
4788,159.76,red,observed,1.0,3.22,,red,1,17.77,0,-3.22,0,-14.38
4791,159.86,red,observed,1.0,2.25,,red,1,16.48,0,-2.25,0,-14.65
4794,159.96,red,observed,1.0,3.86,,red,1,16.35,0,-3.86,0,-14.19
4797,160.06,red,observed,1.0,4.02,,red,1,16.1,0,-4.02,0,-14.83
4800,160.16,red,observed,1.0,3.7,,red,1,17.64,0,-3.7,0,-14.1
4803,160.26,red,observed,1.0,3.7,,red,1,16.87,0,-3.7,0,-14.83
4806,160.36,red,observed,1.0,3.38,,red,1,17.51,0,-3.38,0,-14.47
4809,160.46,red,observed,1.0,3.38,,red,1,17.38,0,-3.38,0,-15.02
4812,160.56,red,observed,1.0,2.9,,red,1,16.1,0,-2.9,0,-14.65
4815,160.66,red,observed,1.0,3.86,,red,1,16.35,0,-3.86,0,-14.19
4818,160.761,red,observed,1.0,3.7,,red,1,16.74,0,-3.7,0,-15.2
4821,160.861,red,observed,1.0,3.22,,red,1,16.48,0,-3.22,0,-14.93
4824,160.961,red,observed,1.0,3.06,,red,1,16.22,0,-3.06,0,-14.65
4827,161.061,red,observed,1.0,4.35,,red,1,16.87,0,-4.35,0,-15.66
4830,161.161,red,observed,1.0,4.02,,red,1,16.35,0,-4.02,0,-14.74
4833,161.261,red,observed,1.0,5.79,,red,1,15.71,0,-5.79,0,-15.29
4836,161.361,red,observed,1.0,4.35,,red,1,16.74,0,-4.35,0,-15.57
4839,161.461,red,observed,1.0,2.9,,red,1,15.84,0,-2.9,0,-15.29
4842,161.561,red,observed,1.0,3.86,,red,1,17.77,0,-3.86,0,-15.57
4845,161.662,red,observed,1.0,3.86,,red,1,16.74,0,-3.86,0,-14.56
4848,161.762,red,observed,1.0,5.15,,red,1,14.29,0,-5.15,0,-14.29
4851,161.862,red,observed,1.0,2.58,,red,1,15.32,0,-2.58,0,-14.38
4854,161.962,red,observed,1.0,3.38,,red,1,14.16,0,-3.38,0,-14.47
4857,162.062,red,observed,1.0,4.51,,red,1,14.55,0,-4.51,0,-14.47
4860,162.162,red,observed,1.0,3.7,,red,1,16.1,0,-3.7,0,-14.93
4863,162.262,red,observed,1.0,3.54,,red,1,16.1,0,-3.54,0,-14.19
4866,162.362,red,observed,1.0,3.06,,red,1,15.97,0,-3.06,0,-14.29
4869,162.462,red,observed,1.0,3.22,,red,1,14.16,0,-3.22,0,-14.74
4872,162.562,red,observed,1.0,3.06,,red,1,15.84,0,-3.06,0,-14.93
4875,162.662,red,observed,1.0,3.06,,red,1,15.45,0,-3.06,0,-13.83
4878,162.763,red,observed,1.0,2.74,,red,1,16.35,0,-2.74,0,-15.2
4881,162.863,red,observed,1.0,4.35,,red,1,15.97,0,-4.35,0,-13.74
4884,162.963,red,observed,1.0,2.74,,red,1,15.58,0,-2.74,0,-14.47
4887,163.063,red,observed,1.0,2.74,,red,1,15.07,0,-2.74,0,-13.83
4890,163.163,red,observed,1.0,2.09,,red,1,15.84,0,-2.09,0,-14.65
4893,163.263,red,observed,1.0,2.74,,red,1,15.71,0,-2.74,0,-15.11
4896,163.363,red,observed,1.0,3.38,,red,1,16.48,0,-3.38,0,-14.19
4899,163.463,red,observed,1.0,3.86,,red,1,17.0,0,-3.86,0,-14.38
4902,163.563,red,observed,1.0,3.22,,red,1,15.45,0,-3.22,0,-13.92
4905,163.664,red,observed,1.0,2.9,,red,1,15.19,0,-2.9,0,-14.01
4908,163.764,red,observed,1.0,3.86,,red,1,15.84,0,-3.86,0,-14.74
4911,163.864,red,observed,1.0,2.41,,red,1,16.1,0,-2.41,0,-14.93
4914,163.964,red,observed,1.0,2.25,,red,1,15.97,0,-2.25,0,-14.56
4917,164.064,red,observed,1.0,2.41,,red,1,15.45,0,-2.41,0,-14.56
4920,164.164,red,observed,1.0,2.25,,red,1,16.87,0,-2.25,0,-14.56
4923,164.264,red,observed,1.0,2.9,,red,1,15.07,0,-2.9,0,-15.02
4926,164.364,red,observed,1.0,3.06,,red,1,14.94,0,-3.06,0,-15.11
4929,164.464,red,observed,1.0,4.02,,red,1,16.35,0,-4.02,0,-14.93
4932,164.564,red,observed,1.0,3.06,,red,1,15.07,0,-3.06,0,-14.83
4935,164.664,red,observed,1.0,3.06,,red,1,15.58,0,-3.06,0,-13.74
4938,164.765,red,observed,1.0,3.38,,red,1,15.07,0,-3.38,0,-14.38
4941,164.865,red,observed,1.0,3.22,,red,1,14.94,0,-3.22,0,-15.02
4944,164.965,red,observed,1.0,3.86,,red,1,15.32,0,-3.86,0,-14.56
4947,165.065,red,observed,1.0,3.22,,red,1,13.91,0,-3.22,0,-14.56
4950,165.165,red,observed,1.0,4.83,,red,1,15.19,0,-4.83,0,-15.02
4953,165.265,red,observed,1.0,2.41,,red,1,14.68,0,-2.41,0,-15.2
4956,165.365,red,observed,1.0,3.54,,red,1,16.87,0,-3.54,0,-14.56
4959,165.465,red,observed,1.0,3.22,,red,1,15.07,0,-3.22,0,-14.83
4962,165.565,red,observed,1.0,3.22,,red,1,15.97,0,-3.22,0,-14.1
4965,165.666,red,observed,1.0,2.9,,red,1,16.1,0,-2.9,0,-14.47
4968,165.766,red,observed,1.0,2.25,,red,1,15.58,0,-2.25,0,-14.47
4971,165.866,red,observed,1.0,2.25,,red,1,14.81,0,-2.25,0,-14.38
4974,165.966,red,observed,1.0,2.9,,red,1,15.97,0,-2.9,0,-14.74
4977,166.066,red,observed,1.0,2.25,,red,1,15.45,0,-2.25,0,-14.65
4980,166.166,red,observed,1.0,2.41,,red,1,14.55,0,-2.41,0,-14.38
4983,166.266,red,observed,1.0,3.06,,red,1,15.07,0,-3.06,0,-14.01
4986,166.366,red,observed,1.0,3.22,,red,1,16.48,0,-3.22,0,-14.56
4989,166.466,red,observed,1.0,4.35,,red,1,15.07,0,-4.35,0,-15.2
4992,166.566,red,observed,1.0,2.74,,red,1,15.97,0,-2.74,0,-15.02
4995,166.666,red,observed,1.0,2.58,,red,1,15.32,0,-2.58,0,-14.74
4998,166.767,red_amber,observed,1.0,4.83,,red_amber,1,15.97,1,4.83,0,-14.65
5001,166.867,red_amber,observed,1.0,3.38,,red_amber,1,16.61,1,3.38,0,-14.1
5004,166.967,red_amber,observed,1.0,4.19,,red_amber,1,15.45,1,4.19,0,-14.65
5007,167.067,red_amber,observed,0.885,1.77,,red_amber,1,15.19,1,1.77,0,-14.56
5010,167.167,red_amber,observed,1.0,3.22,,red_amber,1,15.84,1,3.22,0,-14.19
5013,167.267,red_amber,observed,1.0,3.38,,red_amber,1,16.87,1,3.38,0,-14.29
5016,167.367,red_amber,observed,1.0,4.19,,red_amber,1,15.84,1,4.19,0,-14.56
5019,167.467,red_amber,observed,1.0,2.58,,red_amber,1,15.71,1,2.58,0,-15.29
5022,167.567,red_amber,observed,1.0,3.06,,red_amber,1,15.32,1,3.06,0,-15.02
5025,167.668,red_amber,observed,1.0,3.38,,red_amber,1,14.42,1,3.38,0,-15.2
5028,167.768,red_amber,observed,1.0,4.02,,red_amber,1,15.19,1,4.02,0,-14.74
5031,167.868,red_amber,observed,1.0,3.86,,red_amber,1,16.1,1,3.86,0,-14.47
5034,167.968,red_amber,observed,1.0,3.7,,red_amber,1,14.42,1,3.7,0,-14.56
5037,168.068,red_amber,observed,1.0,5.47,,red_amber,1,14.68,1,5.47,0,-14.47
5040,168.168,red_amber,observed,1.0,4.83,,red_amber,1,14.94,1,4.83,0,-15.02
5043,168.268,red_amber,observed,1.0,4.51,,red_amber,1,14.94,1,4.51,0,-15.11
5046,168.368,red_amber,observed,1.0,3.38,,red_amber,1,15.19,1,3.38,0,-14.56
5049,168.468,red_amber,observed,1.0,4.67,,red_amber,1,13.65,1,4.67,0,-14.83
5052,168.568,red_amber,observed,1.0,2.9,,red_amber,1,15.07,1,2.9,0,-14.74
5055,168.668,red_amber,observed,1.0,3.22,,red_amber,1,14.81,1,3.22,0,-14.47
5058,168.769,red_amber,observed,1.0,2.58,,red_amber,1,15.84,1,2.58,0,-14.83
5061,168.869,red_amber,observed,0.885,1.77,,red_amber,1,15.07,1,1.77,0,-14.65
5064,168.969,red_amber,observed,1.0,2.41,,red_amber,1,16.1,1,2.41,0,-15.2
5067,169.069,red_amber,observed,0.644,1.29,,red_amber,1,15.84,1,1.29,0,-14.83
5070,169.169,red_amber,observed,1.0,2.58,,red_amber,1,12.23,1,2.58,0,-14.56
5073,169.269,unknown,occluded,0.0,2.09,occluded,occluded,1,14.94,1,2.09,0,-14.83
5076,169.369,unknown,occluded,0.0,2.09,occluded,occluded,1,14.42,1,2.09,0,-14.93
5079,169.469,unknown,occluded,0.0,3.54,occluded,occluded,1,16.35,1,3.54,0,-14.74
5082,169.569,unknown,occluded,0.0,2.09,occluded,occluded,1,16.35,1,2.09,0,-15.02
5085,169.67,unknown,occluded,0.0,4.02,occluded,occluded,1,13.26,1,4.02,0,-14.47
5088,169.77,green,observed,1.0,3.54,,green,0,-15.84,0,-3.54,1,14.01
5091,169.87,green,observed,1.0,2.58,,green,0,-16.48,0,-2.58,1,14.65
5094,169.97,green,observed,1.0,2.58,,green,0,-15.84,0,-2.58,1,13.37
5097,170.07,green,observed,1.0,2.58,,green,0,-15.07,0,-2.58,1,14.93
5100,170.17,green,observed,1.0,3.54,,green,0,-15.84,0,-3.54,1,14.38
5103,170.27,green,observed,1.0,3.7,,green,0,-17.25,0,-3.7,1,14.29
5106,170.37,green,observed,1.0,3.06,,green,0,-16.35,0,-3.06,1,14.38
5109,170.47,green,observed,1.0,2.41,,green,0,-16.48,0,-2.41,1,14.56
5112,170.57,green,observed,0.966,1.93,,green,0,-15.71,0,-1.93,1,14.83
5115,170.67,green,observed,0.724,1.45,,green,0,-16.22,0,-1.45,1,14.01
5118,170.771,green,observed,1.0,2.09,,green,0,-15.84,0,-2.09,1,14.29
5121,170.871,green,observed,0.966,1.93,,green,0,-15.84,0,-1.93,1,15.38
5124,170.971,green,observed,0.644,1.29,,green,0,-15.71,0,-1.29,1,14.38
5127,171.071,green,observed,0.805,1.61,,green,0,-15.45,0,-1.61,1,15.02
5130,171.171,green,observed,1.0,2.09,,green,0,-16.22,0,-2.09,1,15.02
5133,171.271,green,observed,0.644,1.29,,green,0,-15.71,0,-1.29,1,14.47
5136,171.371,green,observed,1.0,2.41,,green,0,-15.45,0,-2.41,1,15.2
5139,171.471,green,observed,1.0,2.58,,green,0,-15.84,0,-2.58,1,14.83
5142,171.571,green,observed,0.885,1.77,,green,0,-16.48,0,-1.77,1,15.38
5145,171.672,green,observed,1.0,2.09,,green,0,-15.84,0,-2.09,1,15.11
5148,171.772,green,observed,0.885,1.77,,green,0,-16.1,0,-1.77,1,15.11
5151,171.872,green,observed,1.0,2.09,,green,0,-15.58,0,-2.09,1,14.83
5154,171.972,green,observed,1.0,2.09,,green,0,-15.19,0,-2.09,1,14.38
5157,172.072,green,observed,1.0,2.09,,green,0,-16.48,0,-2.09,1,14.1
5160,172.172,green,observed,1.0,2.25,,green,0,-14.81,0,-2.25,1,15.02
5163,172.272,green,low_confidence,0.322,0.64,lamp_near_threshold,green,0,-15.19,0,-0.64,1,14.83
5166,172.372,green,observed,0.805,1.61,,green,0,-15.97,0,-1.61,1,15.2
5169,172.472,green,observed,0.885,1.77,,green,0,-15.84,0,-1.77,1,13.92
5172,172.572,green,observed,0.966,1.93,,green,0,-15.58,0,-1.93,1,14.29
5175,172.672,green,observed,0.805,1.61,,green,0,-15.97,0,-1.61,1,14.65
5178,172.773,green,observed,1.0,2.25,,green,0,-15.71,0,-2.25,1,15.93
5181,172.873,green,observed,1.0,3.06,,green,0,-16.1,0,-3.06,1,15.84
5184,172.973,green,observed,1.0,2.9,,green,0,-15.97,0,-2.9,1,15.57
5187,173.073,green,observed,1.0,4.51,,green,0,-16.1,0,-4.51,1,13.37
5190,173.173,green,observed,1.0,2.9,,green,0,-16.1,0,-2.9,1,13.46
5193,173.273,green,observed,1.0,2.9,,green,0,-16.1,0,-2.9,1,14.56
5196,173.373,green,observed,1.0,2.41,,green,0,-16.1,0,-2.41,1,15.75
5199,173.473,green,observed,1.0,2.25,,green,0,-15.32,0,-2.25,1,14.74
5202,173.573,green,observed,1.0,2.9,,green,0,-14.94,0,-2.9,1,15.11
5205,173.674,green,observed,1.0,2.74,,green,0,-16.61,0,-2.74,1,14.56
5208,173.774,green,observed,1.0,3.7,,green,0,-15.84,0,-3.7,1,15.38
5211,173.874,green,observed,1.0,3.54,,green,0,-15.71,0,-3.54,1,14.74
5214,173.974,green,observed,1.0,3.22,,green,0,-16.22,0,-3.22,1,15.38
5217,174.074,green,observed,1.0,2.25,,green,0,-15.45,0,-2.25,1,14.83
5220,174.174,green,observed,1.0,2.25,,green,0,-15.19,0,-2.25,1,14.47
5223,174.274,green,observed,1.0,2.25,,green,0,-15.07,0,-2.25,1,14.93
5226,174.374,green,observed,1.0,2.25,,green,0,-15.45,0,-2.25,1,15.2
5229,174.474,green,observed,1.0,2.41,,green,0,-15.45,0,-2.41,1,15.84
5232,174.574,green,observed,1.0,2.41,,green,0,-15.97,0,-2.41,1,14.65
5235,174.674,green,observed,1.0,2.74,,green,0,-15.84,0,-2.74,1,14.93
5238,174.775,green,observed,1.0,2.25,,green,0,-15.71,0,-2.25,1,15.66
5241,174.875,green,observed,1.0,2.25,,green,0,-15.58,0,-2.25,1,14.19
5244,174.975,green,observed,1.0,2.41,,green,0,-15.84,0,-2.41,1,15.29
5247,175.075,green,observed,1.0,2.9,,green,0,-16.48,0,-2.9,1,13.92
5250,175.175,green,observed,1.0,3.22,,green,0,-15.71,0,-3.22,1,14.93
5253,175.275,green,observed,1.0,3.22,,green,0,-16.22,0,-3.22,1,15.02
5256,175.375,green,observed,1.0,3.06,,green,0,-15.71,0,-3.06,1,15.38
5259,175.475,green,observed,1.0,2.9,,green,0,-15.84,0,-2.9,1,14.83
5262,175.575,green,observed,1.0,3.06,,green,0,-16.22,0,-3.06,1,14.38
5265,175.676,green,observed,0.724,1.45,,green,0,-16.1,0,-1.45,1,14.65
5268,175.776,green,observed,1.0,3.7,,green,0,-14.81,0,-3.7,1,14.01
5271,175.876,green,observed,1.0,2.09,,green,0,-15.07,0,-2.09,1,14.65
5274,175.976,green,observed,1.0,2.25,,green,0,-16.1,0,-2.25,1,14.56
5277,176.076,green,observed,1.0,2.25,,green,0,-16.1,0,-2.25,1,14.65
5280,176.176,green,observed,1.0,2.25,,green,0,-15.58,0,-2.25,1,15.02
5283,176.276,green,observed,1.0,2.25,,green,0,-16.1,0,-2.25,1,14.93
5286,176.376,green,observed,1.0,4.83,,green,0,-16.74,0,-4.83,1,13.46
5289,176.476,green,observed,1.0,2.41,,green,0,-15.58,0,-2.41,1,14.47
5292,176.576,green,observed,1.0,2.25,,green,0,-15.71,0,-2.25,1,14.38
5295,176.676,green,observed,1.0,4.02,,green,0,-15.32,0,-4.02,1,14.38
5298,176.777,green,observed,1.0,4.51,,green,0,-15.32,0,-4.51,1,13.19
5301,176.877,green,observed,1.0,2.25,,green,0,-15.84,0,-2.25,1,14.01
5304,176.977,green,observed,1.0,2.74,,green,0,-14.81,0,-2.74,1,13.0
5307,177.077,green,observed,1.0,2.9,,green,0,-15.32,0,-2.9,1,13.37
5310,177.177,green,observed,1.0,2.74,,green,0,-15.84,0,-2.74,1,13.1
5313,177.277,green,observed,1.0,2.74,,green,0,-15.97,0,-2.74,1,13.28
5316,177.377,green,observed,1.0,3.06,,green,0,-15.97,0,-3.06,1,13.37
5319,177.477,green,observed,1.0,2.9,,green,0,-16.48,0,-2.9,1,13.1
5322,177.577,green,observed,1.0,2.58,,green,0,-16.48,0,-2.58,1,14.01
5325,177.678,green,observed,1.0,2.58,,green,0,-16.1,0,-2.58,1,14.01
5328,177.778,green,observed,1.0,2.9,,green,0,-15.97,0,-2.9,1,12.82
5331,177.878,green,observed,1.0,3.38,,green,0,-16.48,0,-3.38,1,13.28
5334,177.978,green,observed,1.0,3.38,,green,0,-16.22,0,-3.38,1,12.55
5337,178.078,green,observed,1.0,2.41,,green,0,-16.22,0,-2.41,1,11.45
5340,178.178,green,observed,1.0,2.41,,green,0,-16.22,0,-2.41,1,13.28
5343,178.278,green,observed,1.0,2.25,,green,0,-16.1,0,-2.25,1,12.45
5346,178.378,green,observed,1.0,2.41,,green,0,-15.97,0,-2.41,1,13.19
5349,178.478,green,observed,1.0,2.41,,green,0,-15.97,0,-2.41,1,12.73
5352,178.578,green,observed,1.0,3.22,,green,0,-17.0,0,-3.22,1,12.55
5355,178.678,green,observed,1.0,3.7,,green,0,-16.22,0,-3.7,1,14.38
5358,178.779,green,observed,1.0,3.38,,green,0,-15.71,0,-3.38,1,12.45
5361,178.879,green,observed,1.0,2.9,,green,0,-16.1,0,-2.9,1,13.1
5364,178.979,green,observed,1.0,3.54,,green,0,-15.45,0,-3.54,1,13.46
5367,179.079,green,observed,1.0,2.9,,green,0,-15.84,0,-2.9,1,14.01
5370,179.179,green,observed,1.0,3.54,,green,0,-16.1,0,-3.54,1,13.1
5373,179.279,green,observed,1.0,3.38,,green,0,-16.22,0,-3.38,1,11.81
5376,179.379,green,observed,1.0,3.54,,green,0,-16.48,0,-3.54,1,13.1
5379,179.479,green,observed,1.0,2.9,,green,0,-15.45,0,-2.9,1,13.83
5382,179.579,green,observed,1.0,4.35,,green,0,-15.71,0,-4.35,1,13.46
5385,179.68,green,observed,1.0,3.54,,green,0,-14.94,0,-3.54,1,13.0
5388,179.78,green,low_confidence,0.322,0.64,lamp_near_threshold,green,0,-15.97,0,-0.64,1,13.64
5391,179.88,green,observed,1.0,2.41,,green,0,-15.71,0,-2.41,1,12.0
5394,179.98,green,observed,1.0,3.06,,green,0,-15.19,0,-3.06,1,13.28
5397,180.08,green,low_confidence,0.402,0.8,lamp_near_threshold,green,0,-15.58,0,-0.8,1,13.37
5400,180.18,green,low_confidence,0.402,0.8,lamp_near_threshold,green,0,-16.1,0,-0.8,1,13.55
5403,180.28,green,low_confidence,0.402,0.8,lamp_near_threshold,green,0,-15.71,0,-0.8,1,14.83
5406,180.38,green,observed,1.0,2.74,,green,0,-14.81,0,-2.74,1,14.47
5409,180.48,green,observed,1.0,2.41,,green,0,-15.19,0,-2.41,1,13.55
5412,180.58,green,observed,1.0,2.74,,green,0,-15.71,0,-2.74,1,13.83
5415,180.68,green,observed,1.0,2.58,,green,0,-15.97,0,-2.58,1,12.55
5418,180.781,green,observed,0.885,1.77,,green,0,-16.22,0,-1.77,1,14.01
5421,180.881,green,observed,1.0,4.83,,green,0,-15.45,0,-4.83,1,13.83
5424,180.981,green,observed,1.0,2.41,,green,0,-15.45,0,-2.41,1,14.19
5427,181.081,green,observed,1.0,2.09,,green,0,-15.71,0,-2.09,1,13.64
5430,181.181,green,observed,1.0,3.06,,green,0,-15.45,0,-3.06,1,13.83
5433,181.281,green,observed,1.0,3.06,,green,0,-15.84,0,-3.06,1,13.64
5436,181.381,green,observed,1.0,3.54,,green,0,-15.84,0,-3.54,1,12.91
5439,181.481,green,observed,1.0,2.74,,green,0,-15.45,0,-2.74,1,12.36
5442,181.581,green,observed,1.0,3.22,,green,0,-15.84,0,-3.22,1,13.83
5445,181.682,green,observed,1.0,3.7,,green,0,-15.97,0,-3.7,1,12.82
5448,181.782,green,observed,1.0,3.38,,green,0,-15.58,0,-3.38,1,13.74
5451,181.882,green,observed,1.0,3.38,,green,0,-15.71,0,-3.38,1,13.83
5454,181.982,green,observed,1.0,3.06,,green,0,-15.84,0,-3.06,1,14.74
5457,182.082,green,observed,1.0,2.58,,green,0,-16.1,0,-2.58,1,15.66
5460,182.182,green,observed,1.0,5.15,,green,0,-15.71,0,-5.15,1,14.47
5463,182.282,green,observed,1.0,3.54,,green,0,-14.81,0,-3.54,1,12.82
5466,182.382,green,observed,1.0,3.22,,green,0,-15.58,0,-3.22,1,11.9
5469,182.482,green,observed,1.0,3.7,,green,0,-15.07,0,-3.7,1,13.46
5472,182.582,green,observed,1.0,3.7,,green,0,-16.48,0,-3.7,1,13.37
5475,182.682,green,observed,1.0,3.06,,green,0,-17.0,0,-3.06,1,13.28
5478,182.783,green,observed,1.0,2.58,,green,0,-16.87,0,-2.58,1,14.83
5481,182.883,green,observed,1.0,3.22,,green,0,-15.97,0,-3.22,1,14.56
5484,182.983,green,observed,1.0,3.7,,green,0,-15.84,0,-3.7,1,14.19
5487,183.083,green,observed,1.0,3.7,,green,0,-15.97,0,-3.7,1,14.47
5490,183.183,green,observed,1.0,3.06,,green,0,-15.71,0,-3.06,1,13.92
5493,183.283,green,observed,1.0,3.22,,green,0,-16.1,0,-3.22,1,14.1
5496,183.383,green,observed,1.0,4.19,,green,0,-15.58,0,-4.19,1,13.92
5499,183.483,green,observed,1.0,4.19,,green,0,-16.87,0,-4.19,1,12.82
5502,183.583,green,observed,1.0,4.19,,green,0,-16.1,0,-4.19,1,13.19
5505,183.684,green,observed,1.0,4.19,,green,0,-15.97,0,-4.19,1,12.91
5508,183.784,green,observed,1.0,3.06,,green,0,-16.61,0,-3.06,1,13.0
5511,183.884,green,observed,1.0,3.86,,green,0,-16.61,0,-3.86,1,13.55
5514,183.984,green,observed,1.0,3.22,,green,0,-16.22,0,-3.22,1,13.37
5517,184.084,green,observed,1.0,3.86,,green,0,-15.45,0,-3.86,1,13.92
5520,184.184,green,observed,1.0,2.9,,green,0,-16.1,0,-2.9,1,14.01
5523,184.284,green,observed,1.0,2.74,,green,0,-15.19,0,-2.74,1,14.65
5526,184.384,green,observed,0.724,1.45,,green,0,-15.45,0,-1.45,1,13.19
5529,184.484,green,observed,1.0,2.25,,green,0,-15.58,0,-2.25,1,14.19
5532,184.584,green,observed,1.0,2.41,,green,0,-14.55,0,-2.41,1,14.38
5535,184.684,green,observed,1.0,2.09,,green,0,-15.84,0,-2.09,1,13.46
5538,184.785,green,observed,1.0,3.22,,green,0,-15.58,0,-3.22,1,13.28
5541,184.885,green,observed,1.0,3.54,,green,0,-15.97,0,-3.54,1,13.19
5544,184.985,green,observed,1.0,3.22,,green,0,-15.97,0,-3.22,1,13.0
5547,185.085,green,observed,1.0,3.7,,green,0,-15.97,0,-3.7,1,14.19
5550,185.185,green,observed,1.0,3.38,,green,0,-15.84,0,-3.38,1,14.65
5553,185.285,green,observed,0.644,1.29,,green,0,-14.94,0,-1.29,1,15.48
5556,185.385,green,observed,1.0,3.22,,green,0,-15.07,0,-3.22,1,13.64
5559,185.485,green,observed,1.0,3.22,,green,0,-15.58,0,-3.22,1,13.28
5562,185.585,green,observed,1.0,3.38,,green,0,-15.19,0,-3.38,1,15.11
5565,185.686,green,observed,1.0,2.25,,green,0,-15.97,0,-2.25,1,14.93
5568,185.786,green,observed,0.885,1.77,,green,0,-15.97,0,-1.77,1,13.83
5571,185.886,green,observed,0.885,1.77,,green,0,-15.58,0,-1.77,1,14.65
5574,185.986,green,observed,0.885,1.77,,green,0,-15.84,0,-1.77,1,14.47
5577,186.086,green,observed,0.885,1.77,,green,0,-16.1,0,-1.77,1,13.74
5580,186.186,green,observed,1.0,2.09,,green,0,-15.07,0,-2.09,1,14.38
5583,186.286,green,observed,1.0,2.09,,green,0,-15.71,0,-2.09,1,15.48
5586,186.386,green,observed,1.0,2.09,,green,0,-16.22,0,-2.09,1,13.92
5589,186.486,green,observed,1.0,4.35,,green,0,-15.32,0,-4.35,1,13.74
5592,186.586,green,observed,1.0,2.41,,green,0,-16.61,0,-2.41,1,14.47
5595,186.686,green,observed,1.0,3.54,,green,0,-16.1,0,-3.54,1,15.29
5598,186.787,green,observed,1.0,3.86,,green,0,-16.48,0,-3.86,1,14.01
5601,186.887,green,observed,1.0,3.7,,green,0,-14.81,0,-3.7,1,14.93
5604,186.987,green,observed,0.805,1.61,,green,0,-16.35,0,-1.61,1,13.64
5607,187.087,green,observed,0.966,1.93,,green,0,-15.71,0,-1.93,1,15.02
5610,187.187,green,observed,1.0,2.25,,green,0,-15.84,0,-2.25,1,15.11
5613,187.287,green,observed,1.0,2.25,,green,0,-15.19,0,-2.25,1,14.93
5616,187.387,green,observed,0.724,1.45,,green,0,-15.58,0,-1.45,1,14.83
5619,187.487,green,observed,1.0,3.7,,green,0,-14.81,0,-3.7,1,15.2
5622,187.587,green,observed,1.0,2.9,,green,0,-15.45,0,-2.9,1,14.1
5625,187.688,green,observed,1.0,4.02,,green,0,-15.32,0,-4.02,1,14.83
5628,187.788,green,observed,1.0,3.54,,green,0,-15.45,0,-3.54,1,14.38
5631,187.888,green,observed,1.0,3.54,,green,0,-15.45,0,-3.54,1,14.47
5634,187.988,green,observed,1.0,3.22,,green,0,-14.81,0,-3.22,1,14.74
5637,188.088,green,observed,0.563,1.13,,green,0,-15.58,0,-1.13,1,14.83
5640,188.188,green,observed,1.0,3.54,,green,0,-15.71,0,-3.54,1,15.57
5643,188.288,green,observed,1.0,3.38,,green,0,-15.32,0,-3.38,1,15.02
5646,188.388,green,observed,1.0,3.22,,green,0,-15.19,0,-3.22,1,15.2
5649,188.488,green,observed,1.0,3.38,,green,0,-15.19,0,-3.38,1,14.65
5652,188.588,green,observed,1.0,3.86,,green,0,-15.71,0,-3.86,1,16.21
5655,188.688,green,observed,1.0,2.74,,green,0,-14.81,0,-2.74,1,15.29
5658,188.789,green,observed,0.966,1.93,,green,0,-14.29,0,-1.93,1,14.83
5661,188.889,green,observed,1.0,3.06,,green,0,-14.55,0,-3.06,1,15.38
5664,188.989,green,observed,1.0,2.25,,green,0,-14.68,0,-2.25,1,14.93
5667,189.089,green,observed,1.0,2.25,,green,0,-14.29,0,-2.25,1,15.29
5670,189.189,green,observed,1.0,2.41,,green,0,-15.58,0,-2.41,1,14.83
5673,189.289,green,observed,1.0,2.9,,green,0,-16.48,0,-2.9,1,14.1
5676,189.389,green,observed,1.0,4.02,,green,0,-16.61,0,-4.02,1,15.57
5679,189.489,green,observed,1.0,3.22,,green,0,-16.35,0,-3.22,1,15.84
5682,189.589,green,observed,1.0,2.09,,green,0,-14.68,0,-2.09,1,15.02
5685,189.69,green,observed,1.0,2.41,,green,0,-15.58,0,-2.41,1,14.74
5688,189.79,green,observed,1.0,3.86,,green,0,-16.22,0,-3.86,1,14.74
5691,189.89,green,observed,1.0,2.09,,green,0,-15.32,0,-2.09,1,14.56
5694,189.99,green,observed,1.0,3.54,,green,0,-15.71,0,-3.54,1,14.29
5697,190.09,green,observed,1.0,3.54,,green,0,-16.22,0,-3.54,1,14.1
5700,190.19,green,observed,1.0,4.67,,green,0,-16.61,0,-4.67,1,14.56
5703,190.29,green,observed,1.0,3.38,,green,0,-16.61,0,-3.38,1,14.01
5706,190.39,green,observed,1.0,3.7,,green,0,-17.0,0,-3.7,1,14.65
5709,190.49,green,observed,1.0,3.54,,green,0,-15.32,0,-3.54,1,14.56
5712,190.59,green,observed,1.0,3.86,,green,0,-14.81,0,-3.86,1,15.02
5715,190.69,green,observed,0.805,1.61,,green,0,-15.32,0,-1.61,1,13.92
5718,190.791,green,observed,1.0,4.02,,green,0,-16.1,0,-4.02,1,14.1
5721,190.891,green,observed,1.0,3.86,,green,0,-15.84,0,-3.86,1,14.65
5724,190.991,green,observed,1.0,4.35,,green,0,-15.45,0,-4.35,1,15.57
5727,191.091,green,observed,1.0,4.35,,green,0,-15.97,0,-4.35,1,14.19
5730,191.191,green,observed,1.0,3.38,,green,0,-16.1,0,-3.38,1,15.02
5733,191.291,green,observed,1.0,3.22,,green,0,-16.74,0,-3.22,1,14.38
5736,191.391,green,observed,1.0,2.58,,green,0,-16.1,0,-2.58,1,14.19
5739,191.491,green,observed,1.0,2.9,,green,0,-16.1,0,-2.9,1,14.47
5742,191.591,green,observed,1.0,3.7,,green,0,-17.0,0,-3.7,1,13.64
5745,191.692,green,observed,1.0,2.41,,green,0,-16.22,0,-2.41,1,15.66
5748,191.792,green,observed,1.0,3.54,,green,0,-16.1,0,-3.54,1,14.19
5751,191.892,green,observed,1.0,3.06,,green,0,-15.19,0,-3.06,1,14.19
5754,191.992,green,observed,1.0,4.19,,green,0,-15.45,0,-4.19,1,14.19
5757,192.092,green,observed,0.966,1.93,,green,0,-15.71,0,-1.93,1,14.83
5760,192.192,green,low_confidence,0.161,0.32,lamp_near_threshold,green,0,-15.71,0,-0.32,1,12.36
5763,192.292,green,observed,1.0,2.58,,green,0,-15.97,0,-2.58,1,12.64
5766,192.392,green,observed,1.0,2.74,,green,0,-16.1,0,-2.74,1,13.37
5769,192.492,green,observed,1.0,2.74,,green,0,-16.61,0,-2.74,1,13.83
5772,192.592,green,observed,1.0,2.41,,green,0,-16.48,0,-2.41,1,14.01
5775,192.692,green,observed,1.0,3.22,,green,0,-15.97,0,-3.22,1,13.92
5778,192.793,green,observed,1.0,3.7,,green,0,-17.13,0,-3.7,1,14.38
5781,192.893,green,observed,0.966,1.93,,green,0,-16.74,0,-1.93,1,15.11
5784,192.993,green,observed,1.0,3.86,,green,0,-16.48,0,-3.86,1,15.29
5787,193.093,green,observed,1.0,3.54,,green,0,-16.48,0,-3.54,1,14.01
5790,193.193,green,observed,1.0,3.06,,green,0,-15.32,0,-3.06,1,14.38
5793,193.293,green,observed,1.0,2.9,,green,0,-15.32,0,-2.9,1,13.74
5796,193.393,green,observed,1.0,2.9,,green,0,-16.22,0,-2.9,1,13.37
5799,193.493,green,observed,1.0,3.7,,green,0,-15.84,0,-3.7,1,13.74
5802,193.593,green,observed,1.0,2.74,,green,0,-15.97,0,-2.74,1,14.1
5805,193.694,green,observed,1.0,2.41,,green,0,-15.07,0,-2.41,1,14.01
5808,193.794,green,observed,1.0,2.41,,green,0,-16.74,0,-2.41,1,13.83
5811,193.894,green,observed,1.0,2.74,,green,0,-15.71,0,-2.74,1,12.82
5814,193.994,green,observed,1.0,3.06,,green,0,-16.1,0,-3.06,1,14.56
5817,194.094,green,observed,1.0,2.9,,green,0,-14.68,0,-2.9,1,14.1
5820,194.194,green,observed,1.0,4.35,,green,0,-16.48,0,-4.35,1,14.65
5823,194.294,green,observed,1.0,4.35,,green,0,-16.35,0,-4.35,1,14.38
5826,194.394,green,observed,1.0,3.7,,green,0,-16.48,0,-3.7,1,15.02
5829,194.494,green,observed,0.966,1.93,,green,0,-16.87,0,-1.93,1,14.29
5832,194.594,green,observed,1.0,3.54,,green,0,-16.74,0,-3.54,1,14.65
5835,194.694,green,observed,1.0,2.74,,green,0,-16.61,0,-2.74,1,14.65
5838,194.795,green,observed,1.0,3.22,,green,0,-15.97,0,-3.22,1,13.74
5841,194.895,green,observed,0.805,1.61,,green,0,-15.97,0,-1.61,1,13.46
5844,194.995,green,observed,1.0,3.54,,green,0,-15.45,0,-3.54,1,14.47
5847,195.095,green,observed,1.0,2.9,,green,0,-16.61,0,-2.9,1,13.37
5850,195.195,green,observed,1.0,3.22,,green,0,-15.32,0,-3.22,1,14.19
5853,195.295,green,observed,1.0,3.7,,green,0,-15.84,0,-3.7,1,13.19
5856,195.395,green,observed,1.0,3.7,,green,0,-16.1,0,-3.7,1,14.1
5859,195.495,green,observed,1.0,3.7,,green,0,-15.19,0,-3.7,1,13.19
5862,195.595,green,observed,1.0,3.22,,green,0,-16.22,0,-3.22,1,13.55
5865,195.696,green,observed,1.0,3.54,,green,0,-16.74,0,-3.54,1,13.92
5868,195.796,green,observed,1.0,2.25,,green,0,-16.48,0,-2.25,1,13.19
5871,195.896,green,observed,1.0,2.58,,green,0,-16.61,0,-2.58,1,13.0
5874,195.996,green,observed,1.0,2.74,,green,0,-15.97,0,-2.74,1,14.1
5877,196.096,green,observed,1.0,4.19,,green,0,-16.1,0,-4.19,1,13.92
5880,196.196,green,observed,1.0,3.7,,green,0,-15.58,0,-3.7,1,12.91
5883,196.296,green,observed,1.0,3.38,,green,0,-15.84,0,-3.38,1,14.01
5886,196.396,green,observed,1.0,3.7,,green,0,-15.07,0,-3.7,1,13.1
5889,196.496,green,observed,1.0,3.38,,green,0,-16.22,0,-3.38,1,12.82
5892,196.596,green,observed,1.0,4.19,,green,0,-15.45,0,-4.19,1,13.28
5895,196.696,green,observed,1.0,3.86,,green,0,-15.58,0,-3.86,1,13.19
5898,196.797,green,observed,1.0,2.74,,green,0,-16.61,0,-2.74,1,13.28
5901,196.897,green,observed,1.0,3.86,,green,0,-15.84,0,-3.86,1,12.91
5904,196.997,green,observed,1.0,3.38,,green,0,-15.71,0,-3.38,1,13.55
5907,197.097,green,observed,1.0,3.86,,green,0,-16.1,0,-3.86,1,12.18
5910,197.197,green,observed,1.0,3.22,,green,0,-16.1,0,-3.22,1,13.0
5913,197.297,green,observed,1.0,2.9,,green,0,-15.84,0,-2.9,1,12.82
5916,197.397,green,observed,1.0,2.58,,green,0,-16.1,0,-2.58,1,13.0
5919,197.497,green,observed,1.0,2.58,,green,0,-15.97,0,-2.58,1,12.64
5922,197.597,green,observed,1.0,3.38,,green,0,-15.97,0,-3.38,1,12.27
5925,197.698,green,observed,1.0,4.35,,green,0,-15.84,0,-4.35,1,12.27
5928,197.798,green,observed,1.0,2.74,,green,0,-16.35,0,-2.74,1,11.81
5931,197.898,green,observed,1.0,3.86,,green,0,-15.97,0,-3.86,1,14.38
5934,197.998,green,observed,1.0,4.02,,green,0,-15.58,0,-4.02,1,12.91
5937,198.098,green,observed,1.0,4.19,,green,0,-14.55,0,-4.19,1,13.1
5940,198.198,green,observed,1.0,3.22,,green,0,-14.55,0,-3.22,1,12.82
5943,198.298,green,observed,1.0,3.7,,green,0,-14.55,0,-3.7,1,10.71
5946,198.398,green,observed,1.0,4.51,,green,0,-16.1,0,-4.51,1,11.08
5949,198.498,green,observed,1.0,4.02,,green,0,-16.61,0,-4.02,1,11.81
5952,198.598,green,observed,1.0,4.83,,green,0,-16.1,0,-4.83,1,12.55
5955,198.698,green,observed,1.0,3.7,,green,0,-15.58,0,-3.7,1,12.45
5958,198.799,green,observed,1.0,2.25,,green,0,-15.45,0,-2.25,1,13.19
5961,198.899,green,observed,1.0,3.06,,green,0,-15.71,0,-3.06,1,11.9
5964,198.999,green,observed,1.0,2.9,,green,0,-16.35,0,-2.9,1,13.1
5967,199.099,green,observed,1.0,2.58,,green,0,-15.84,0,-2.58,1,11.63
5970,199.199,green,observed,0.724,1.45,,green,0,-16.48,0,-1.45,1,11.81
5973,199.299,green,observed,0.885,1.77,,green,0,-15.32,0,-1.77,1,11.9
5976,199.399,green,observed,0.885,1.77,,green,0,-16.48,0,-1.77,1,13.1
5979,199.499,green,observed,1.0,2.41,,green,0,-16.22,0,-2.41,1,11.45
5982,199.599,green,observed,1.0,2.41,,green,0,-16.1,0,-2.41,1,13.1
5985,199.7,green,observed,1.0,2.41,,green,0,-16.35,0,-2.41,1,12.45
5988,199.8,green,observed,1.0,3.22,,green,0,-16.61,0,-3.22,1,11.63
5991,199.9,green,observed,1.0,2.41,,green,0,-16.48,0,-2.41,1,11.63
5994,200.0,green,observed,1.0,2.41,,green,0,-15.58,0,-2.41,1,13.0
5997,200.1,green,observed,1.0,3.22,,green,0,-15.07,0,-3.22,1,12.82
6000,200.2,green,observed,1.0,2.74,,green,0,-14.81,0,-2.74,1,11.81
6003,200.3,green,observed,1.0,2.25,,green,0,-15.32,0,-2.25,1,12.45
6006,200.4,green,observed,1.0,2.25,,green,0,-15.71,0,-2.25,1,12.36
6009,200.5,green,observed,1.0,2.9,,green,0,-15.97,0,-2.9,1,12.27
6012,200.6,green,observed,1.0,2.9,,green,0,-15.58,0,-2.9,1,11.36
6015,200.7,green,observed,1.0,3.38,,green,0,-15.97,0,-3.38,1,12.55
6018,200.801,green,observed,1.0,3.86,,green,0,-16.74,0,-3.86,1,12.91
6021,200.901,green,observed,1.0,3.54,,green,0,-15.84,0,-3.54,1,13.1
6024,201.001,green,observed,1.0,4.35,,green,0,-16.1,0,-4.35,1,13.19
6027,201.101,green,observed,1.0,3.22,,green,0,-15.45,0,-3.22,1,13.37
6030,201.201,green,observed,1.0,2.74,,green,0,-16.22,0,-2.74,1,12.36
6033,201.301,green,observed,1.0,2.41,,green,0,-15.84,0,-2.41,1,12.55
6036,201.401,green,observed,1.0,2.9,,green,0,-15.97,0,-2.9,1,12.82
6039,201.501,green,observed,1.0,2.9,,green,0,-16.1,0,-2.9,1,12.73
6042,201.601,green,observed,1.0,3.7,,green,0,-16.22,0,-3.7,1,12.55
6045,201.702,green,observed,1.0,3.54,,green,0,-15.97,0,-3.54,1,12.64
6048,201.802,green,observed,1.0,2.25,,green,0,-14.94,0,-2.25,1,12.73
6051,201.902,green,observed,1.0,2.9,,green,0,-15.19,0,-2.9,1,12.64
6054,202.002,green,observed,0.805,1.61,,green,0,-16.35,0,-1.61,1,12.55
6057,202.102,green,observed,1.0,2.9,,green,0,-15.71,0,-2.9,1,12.64
6060,202.202,green,observed,1.0,2.9,,green,0,-15.84,0,-2.9,1,13.0
6063,202.302,green,observed,1.0,2.41,,green,0,-14.81,0,-2.41,1,12.73
6066,202.402,green,observed,1.0,2.58,,green,0,-15.71,0,-2.58,1,13.37
6069,202.502,green,observed,0.966,1.93,,green,0,-15.58,0,-1.93,1,11.63
6072,202.602,green,observed,0.563,1.13,,green,0,-16.22,0,-1.13,1,12.27
6075,202.703,green,observed,1.0,2.58,,green,0,-16.1,0,-2.58,1,13.37
6078,202.803,green,observed,1.0,4.02,,green,0,-15.07,0,-4.02,1,13.83
6081,202.903,green_blink,observed,1.0,3.38,,green_flash,0,-14.81,0,-3.38,0,-13.28
6084,203.003,green_blink,observed,1.0,3.54,,green_flash,0,-15.45,0,-3.54,0,-13.83
6087,203.103,green_blink,observed,0.563,1.13,,green_flash,0,-15.19,0,-1.13,0,-14.74
6090,203.203,green_blink,observed,0.724,1.45,,green_flash,0,-15.45,0,-1.45,0,-14.65
6093,203.303,green_blink,observed,0.885,1.77,,green_flash,0,-14.94,0,-1.77,0,-14.47
6096,203.403,green_blink,observed,1.0,4.02,,green,0,-15.71,0,-4.02,1,15.02
6099,203.503,green_blink,observed,1.0,2.09,,green,0,-16.61,0,-2.09,1,13.55
6102,203.603,green_blink,observed,1.0,4.19,,green,0,-15.32,0,-4.19,1,13.37
6105,203.704,green_blink,observed,1.0,2.09,,green,0,-15.32,0,-2.09,1,15.38
6108,203.804,green_blink,observed,1.0,3.06,,green,0,-15.58,0,-3.06,1,14.65
6111,203.904,green_blink,observed,1.0,3.54,,green_flash,0,-15.45,0,-3.54,0,-14.65
6114,204.004,green_blink,observed,1.0,2.9,,green_flash,0,-15.84,0,-2.9,0,-14.01
6117,204.104,green_blink,observed,1.0,2.41,,green_flash,0,-15.45,0,-2.41,0,-14.01
6120,204.204,green_blink,observed,1.0,2.25,,green_flash,0,-15.07,0,-2.25,0,-14.65
6123,204.304,amber,low_confidence,0.402,0.8,lamp_near_threshold,amber,0,-15.07,1,0.8,0,-14.56
6126,204.404,green_blink,observed,0.966,1.93,,green,0,-16.1,0,-1.93,1,15.29
6129,204.504,green_blink,observed,0.966,1.93,,green,0,-15.45,0,-1.93,1,14.74
6132,204.604,green_blink,observed,0.563,1.13,,green,0,-15.32,0,-1.13,1,13.92
6135,204.704,green_blink,observed,0.805,1.61,,green,0,-15.32,0,-1.61,1,15.02
6138,204.805,green_blink,observed,1.0,3.06,,green,0,-15.58,0,-3.06,1,15.02
6141,204.905,green_blink,observed,1.0,3.22,,green_flash,0,-16.35,0,-3.22,0,-14.01
6144,205.005,green_blink,observed,1.0,3.06,,green_flash,0,-16.1,0,-3.06,0,-14.19
6147,205.105,green_blink,observed,1.0,4.02,,green_flash,0,-16.22,0,-4.02,0,-13.83
6150,205.205,green_blink,observed,1.0,3.22,,green_flash,0,-16.1,0,-3.22,0,-14.74
6153,205.305,unknown,occluded,0.0,2.74,occluded,occluded,0,-14.55,0,-2.74,0,-14.56
6156,205.405,green_blink,observed,1.0,3.38,,green,0,-14.68,0,-3.38,1,14.83
6159,205.505,green_blink,observed,1.0,4.19,,green,0,-15.19,0,-4.19,1,14.93
6162,205.605,green_blink,observed,1.0,4.35,,green,0,-15.32,0,-4.35,1,16.03
6165,205.706,green_blink,observed,1.0,3.54,,green,0,-16.48,0,-3.54,1,15.84
6168,205.806,green_blink,observed,1.0,3.54,,green,0,-16.61,0,-3.54,1,16.21
6171,205.906,amber,observed,0.966,1.93,,amber,0,-15.84,1,1.93,0,-13.55
6174,206.006,amber,observed,1.0,3.7,,amber,0,-15.58,1,3.7,0,-13.74
6177,206.106,amber,observed,0.724,1.45,,amber,0,-15.32,1,1.45,0,-14.74
6180,206.206,amber,observed,1.0,4.83,,amber,0,-15.32,1,4.83,0,-14.1
6183,206.306,amber,observed,1.0,4.83,,amber,0,-15.32,1,4.83,0,-14.56
6186,206.406,amber,observed,1.0,2.58,,amber,0,-14.68,1,2.58,0,-14.47
6189,206.506,amber,observed,1.0,3.7,,amber,0,-14.94,1,3.7,0,-14.56
6192,206.606,amber,observed,1.0,4.19,,amber,0,-15.45,1,4.19,0,-14.56
6195,206.706,amber,observed,1.0,4.35,,amber,0,-15.58,1,4.35,0,-14.74
6198,206.807,amber,observed,1.0,3.86,,amber,0,-14.94,1,3.86,0,-14.83
6201,206.907,amber,observed,1.0,3.86,,amber,0,-15.07,1,3.86,0,-14.83
6204,207.007,amber,observed,1.0,3.06,,amber,0,-14.94,1,3.06,0,-15.2
6207,207.107,amber,observed,1.0,4.83,,amber,0,-15.07,1,4.83,0,-15.38
6210,207.207,amber,observed,1.0,3.06,,amber,0,-15.58,1,3.06,0,-14.65
6213,207.307,amber,observed,1.0,2.74,,amber,0,-15.58,1,2.74,0,-15.48
6216,207.407,amber,observed,1.0,3.06,,amber,0,-16.48,1,3.06,0,-14.29
6219,207.507,amber,observed,1.0,3.06,,amber,0,-16.1,1,3.06,0,-15.02
6222,207.607,amber,observed,1.0,2.9,,amber,0,-15.07,1,2.9,0,-15.02
6225,207.708,amber,observed,1.0,4.67,,amber,0,-16.1,1,4.67,0,-14.93
6228,207.808,amber,observed,1.0,4.19,,amber,0,-16.61,1,4.19,0,-14.56
6231,207.908,amber,observed,1.0,4.51,,amber,0,-15.71,1,4.51,0,-14.56
6234,208.008,amber,observed,1.0,4.35,,amber,0,-15.71,1,4.35,0,-14.65
6237,208.108,amber,observed,1.0,4.51,,amber,0,-16.1,1,4.51,0,-15.11
6240,208.208,amber,observed,1.0,3.86,,amber,0,-14.29,1,3.86,0,-14.47
6243,208.308,amber,observed,1.0,3.7,,amber,0,-15.97,1,3.7,0,-14.47
6246,208.408,amber,observed,1.0,4.02,,amber,0,-15.97,1,4.02,0,-14.29
6249,208.508,amber,observed,1.0,4.19,,amber,0,-14.94,1,4.19,0,-14.74
6252,208.608,amber,observed,1.0,3.86,,amber,0,-14.42,1,3.86,0,-14.19
6255,208.709,amber,observed,1.0,4.19,,amber,0,-15.58,1,4.19,0,-15.29
6258,208.809,amber,observed,1.0,3.7,,amber,0,-16.22,1,3.7,0,-13.74
6261,208.909,red,low_confidence,0.322,0.64,lamp_near_threshold,red,1,16.74,0,-0.64,0,-14.01
6264,209.009,red,observed,0.644,1.29,,red,1,17.64,0,-1.29,0,-14.93
6267,209.109,red,observed,1.0,2.41,,red,1,18.41,0,-2.41,0,-14.83
6270,209.209,red,observed,1.0,2.09,,red,1,18.28,0,-2.09,0,-14.47
6273,209.309,red,observed,0.966,1.93,,red,1,18.03,0,-1.93,0,-14.38
6276,209.409,red,observed,0.885,1.77,,red,1,18.54,0,-1.77,0,-14.56
6279,209.509,red,observed,0.805,1.61,,red,1,16.61,0,-1.61,0,-14.56
6282,209.609,red,observed,0.644,1.29,,red,1,18.67,0,-1.29,0,-14.19
6285,209.71,red,observed,1.0,3.22,,red,1,17.51,0,-3.22,0,-14.47
6288,209.81,red,observed,1.0,3.06,,red,1,19.57,0,-3.06,0,-14.56
6291,209.91,red,observed,1.0,2.74,,red,1,18.16,0,-2.74,0,-14.38
6294,210.01,red,observed,1.0,3.22,,red,1,17.25,0,-3.22,0,-14.74
6297,210.11,red,observed,1.0,3.22,,red,1,18.16,0,-3.22,0,-14.38
6300,210.21,red,observed,1.0,3.06,,red,1,17.25,0,-3.06,0,-14.93
6303,210.31,red,observed,1.0,2.58,,red,1,18.41,0,-2.58,0,-14.93
6306,210.41,red,observed,1.0,2.9,,red,1,16.87,0,-2.9,0,-14.38
6309,210.51,red,observed,1.0,2.41,,red,1,16.74,0,-2.41,0,-14.74
6312,210.61,red,observed,1.0,2.9,,red,1,16.1,0,-2.9,0,-14.83
6315,210.71,red,observed,1.0,2.25,,red,1,17.64,0,-2.25,0,-14.83
6318,210.811,red,observed,1.0,2.58,,red,1,17.64,0,-2.58,0,-14.47
6321,210.911,red,observed,1.0,3.06,,red,1,17.77,0,-3.06,0,-14.56
6324,211.011,red,observed,1.0,3.06,,red,1,16.74,0,-3.06,0,-14.38
6327,211.111,red,observed,1.0,2.9,,red,1,17.64,0,-2.9,0,-14.56
6330,211.211,red,observed,1.0,2.25,,red,1,16.1,0,-2.25,0,-15.29
6333,211.311,red,observed,1.0,2.41,,red,1,17.77,0,-2.41,0,-14.56
6336,211.411,red,observed,1.0,3.54,,red,1,17.77,0,-3.54,0,-15.11
6339,211.511,red,observed,1.0,3.22,,red,1,18.54,0,-3.22,0,-14.65
6342,211.611,red,observed,1.0,4.67,,red,1,18.03,0,-4.67,0,-14.65
6345,211.712,red,observed,1.0,4.51,,red,1,18.54,0,-4.51,0,-13.92
6348,211.812,red,observed,1.0,2.9,,red,1,17.25,0,-2.9,0,-14.93
6351,211.912,red,observed,1.0,3.38,,red,1,17.38,0,-3.38,0,-15.2
6354,212.012,red,observed,1.0,3.86,,red,1,17.0,0,-3.86,0,-14.83
6357,212.112,red,observed,1.0,3.38,,red,1,16.48,0,-3.38,0,-14.19
6360,212.212,red,observed,1.0,3.06,,red,1,18.67,0,-3.06,0,-14.29
6363,212.312,red,observed,1.0,3.06,,red,1,17.51,0,-3.06,0,-14.29
6366,212.412,red,observed,1.0,2.74,,red,1,17.64,0,-2.74,0,-14.74
6369,212.512,red,observed,1.0,3.06,,red,1,16.87,0,-3.06,0,-14.65
6372,212.612,red,observed,1.0,3.06,,red,1,16.22,0,-3.06,0,-14.93
6375,212.712,red,observed,1.0,2.9,,red,1,16.1,0,-2.9,0,-14.74
6378,212.813,red,observed,1.0,3.06,,red,1,18.54,0,-3.06,0,-16.12
6381,212.913,red,observed,1.0,2.74,,red,1,17.25,0,-2.74,0,-14.65
6384,213.013,red,observed,1.0,3.06,,red,1,17.13,0,-3.06,0,-14.65
6387,213.113,red,observed,1.0,2.74,,red,1,17.9,0,-2.74,0,-15.38
6390,213.213,red,observed,1.0,2.9,,red,1,17.51,0,-2.9,0,-14.65
6393,213.313,red,observed,1.0,3.22,,red,1,15.58,0,-3.22,0,-13.64
6396,213.413,red,observed,1.0,2.9,,red,1,16.48,0,-2.9,0,-14.74
6399,213.513,red,observed,1.0,3.22,,red,1,16.74,0,-3.22,0,-14.74
6402,213.613,red,observed,1.0,2.58,,red,1,15.97,0,-2.58,0,-14.19
6405,213.714,red,observed,1.0,3.06,,red,1,16.61,0,-3.06,0,-14.65
6408,213.814,red,observed,1.0,3.86,,red,1,16.1,0,-3.86,0,-14.29
6411,213.914,red,observed,1.0,3.54,,red,1,15.97,0,-3.54,0,-14.74
6414,214.014,red,observed,1.0,3.54,,red,1,16.74,0,-3.54,0,-14.29
6417,214.114,red,observed,1.0,3.54,,red,1,15.58,0,-3.54,0,-14.74
6420,214.214,red,observed,0.885,1.77,,red,1,15.58,0,-1.77,0,-14.93
6423,214.314,red,observed,1.0,2.25,,red,1,15.19,0,-2.25,0,-13.83
6426,214.414,red,observed,1.0,2.74,,red,1,14.81,0,-2.74,0,-14.65
6429,214.514,red,observed,1.0,2.09,,red,1,15.19,0,-2.09,0,-14.65
6432,214.614,red,observed,1.0,4.02,,red,1,14.94,0,-4.02,0,-14.38
6435,214.715,red,observed,1.0,4.35,,red,1,14.68,0,-4.35,0,-15.2
6438,214.815,red,observed,1.0,3.54,,red,1,14.04,0,-3.54,0,-14.93
6441,214.915,red,observed,1.0,3.86,,red,1,15.32,0,-3.86,0,-14.93
6444,215.015,red,observed,0.966,1.93,,red,1,15.32,0,-1.93,0,-14.83
6447,215.115,red,observed,1.0,3.54,,red,1,16.87,0,-3.54,0,-15.11
6450,215.215,red,observed,1.0,2.9,,red,1,14.68,0,-2.9,0,-14.74
6453,215.315,red,observed,1.0,3.06,,red,1,15.71,0,-3.06,0,-14.1
6456,215.415,red,observed,1.0,2.74,,red,1,15.45,0,-2.74,0,-14.47
6459,215.515,red,observed,1.0,3.06,,red,1,15.58,0,-3.06,0,-14.83
6462,215.615,red,observed,1.0,3.22,,red,1,14.55,0,-3.22,0,-14.65
6465,215.716,red,observed,0.805,1.61,,red,1,15.58,0,-1.61,0,-14.19
6468,215.816,red,observed,1.0,3.86,,red,1,15.45,0,-3.86,0,-14.47
6471,215.916,red,observed,1.0,4.02,,red,1,14.81,0,-4.02,0,-14.56
6474,216.016,red,observed,1.0,3.38,,red,1,16.74,0,-3.38,0,-15.2
6477,216.116,red,observed,0.966,1.93,,red,1,15.97,0,-1.93,0,-14.1
6480,216.216,red,observed,1.0,3.7,,red,1,14.29,0,-3.7,0,-14.65
6483,216.316,red,observed,1.0,3.86,,red,1,15.97,0,-3.86,0,-14.47
6486,216.416,red,observed,1.0,3.54,,red,1,14.29,0,-3.54,0,-14.29
6489,216.516,red,observed,0.966,1.93,,red,1,15.19,0,-1.93,0,-15.02
6492,216.616,red,observed,1.0,3.22,,red,1,14.94,0,-3.22,0,-14.47
6495,216.716,red,observed,1.0,3.54,,red,1,15.45,0,-3.54,0,-14.56
6498,216.817,red,observed,1.0,2.74,,red,1,15.07,0,-2.74,0,-14.65
6501,216.917,red,observed,1.0,2.9,,red,1,15.97,0,-2.9,0,-14.56
6504,217.017,red,observed,1.0,2.74,,red,1,15.71,0,-2.74,0,-14.19
6507,217.117,red,observed,1.0,2.9,,red,1,14.94,0,-2.9,0,-14.19
6510,217.217,red,observed,1.0,3.38,,red,1,17.13,0,-3.38,0,-13.92
6513,217.317,red,observed,1.0,3.22,,red,1,16.48,0,-3.22,0,-15.11
6516,217.417,red,observed,1.0,2.74,,red,1,17.64,0,-2.74,0,-14.47
6519,217.517,red,observed,1.0,2.58,,red,1,15.97,0,-2.58,0,-14.56
6522,217.617,red,observed,0.644,1.29,,red,1,16.61,0,-1.29,0,-14.38
6525,217.718,red,observed,1.0,3.06,,red,1,15.32,0,-3.06,0,-14.56
6528,217.818,red,observed,1.0,3.38,,red,1,17.13,0,-3.38,0,-15.2
6531,217.918,red,observed,1.0,3.38,,red,1,16.74,0,-3.38,0,-15.02
6534,218.018,red,observed,0.563,1.13,,red,1,16.74,0,-1.13,0,-14.74
6537,218.118,red,observed,1.0,3.54,,red,1,16.35,0,-3.54,0,-14.56
6540,218.218,red,observed,1.0,2.9,,red,1,14.55,0,-2.9,0,-14.74
6543,218.318,red,observed,1.0,2.9,,red,1,15.71,0,-2.9,0,-14.29
6546,218.418,red,observed,1.0,3.7,,red,1,16.74,0,-3.7,0,-15.11
6549,218.518,red,observed,1.0,3.22,,red,1,17.25,0,-3.22,0,-13.64
6552,218.618,red,observed,1.0,3.22,,red,1,16.22,0,-3.22,0,-14.01
6555,218.718,red,observed,1.0,2.58,,red,1,17.38,0,-2.58,0,-14.93
6558,218.819,red,observed,1.0,3.22,,red,1,14.68,0,-3.22,0,-14.1
6561,218.919,red,observed,0.805,1.61,,red,1,16.1,0,-1.61,0,-13.92
6564,219.019,red,observed,1.0,3.7,,red,1,16.35,0,-3.7,0,-14.38
6567,219.119,red,observed,1.0,3.86,,red,1,17.25,0,-3.86,0,-14.65
6570,219.219,red,observed,1.0,3.7,,red,1,17.38,0,-3.7,0,-14.56
6573,219.319,red,observed,1.0,3.7,,red,1,17.0,0,-3.7,0,-15.2
6576,219.419,red,observed,1.0,3.7,,red,1,16.87,0,-3.7,0,-14.56
6579,219.519,red,observed,1.0,3.38,,red,1,16.1,0,-3.38,0,-14.65
6582,219.619,red,observed,1.0,3.38,,red,1,16.48,0,-3.38,0,-14.56
6585,219.72,red,observed,1.0,2.41,,red,1,14.42,0,-2.41,0,-14.56
6588,219.82,red,observed,1.0,2.9,,red,1,14.68,0,-2.9,0,-14.74
6591,219.92,red,observed,1.0,2.41,,red,1,15.19,0,-2.41,0,-14.83
6594,220.02,red,observed,1.0,2.41,,red,1,17.25,0,-2.41,0,-15.38
6597,220.12,red,observed,1.0,2.09,,red,1,16.61,0,-2.09,0,-14.47
6600,220.22,red,observed,1.0,2.58,,red,1,17.0,0,-2.58,0,-14.74
6603,220.32,red,observed,1.0,2.74,,red,1,16.48,0,-2.74,0,-14.83
6606,220.42,red,observed,1.0,2.9,,red,1,16.87,0,-2.9,0,-14.83
6609,220.52,red,observed,1.0,2.09,,red,1,16.22,0,-2.09,0,-14.19
6612,220.62,red,observed,1.0,2.58,,red,1,15.84,0,-2.58,0,-14.01
6615,220.721,red,observed,1.0,2.9,,red,1,16.74,0,-2.9,0,-15.2
6618,220.821,red,observed,1.0,3.06,,red,1,17.38,0,-3.06,0,-14.19
6621,220.921,red,observed,1.0,2.74,,red,1,17.0,0,-2.74,0,-14.74
6624,221.021,red,observed,1.0,3.06,,red,1,17.77,0,-3.06,0,-14.19
6627,221.121,red,observed,1.0,2.9,,red,1,17.13,0,-2.9,0,-15.2
6630,221.221,red,observed,1.0,3.7,,red,1,16.74,0,-3.7,0,-14.65
6633,221.321,red,observed,1.0,3.7,,red,1,16.87,0,-3.7,0,-14.83
6636,221.421,red,observed,1.0,3.7,,red,1,17.0,0,-3.7,0,-14.29
6639,221.521,red,observed,1.0,3.06,,red,1,15.84,0,-3.06,0,-15.38
6642,221.621,red,observed,1.0,3.54,,red,1,16.87,0,-3.54,0,-14.56
6645,221.722,red,observed,1.0,4.02,,red,1,16.74,0,-4.02,0,-14.56
6648,221.822,red,observed,1.0,3.7,,red,1,15.97,0,-3.7,0,-14.65
6651,221.922,red,observed,1.0,3.22,,red,1,16.1,0,-3.22,0,-14.1
6654,222.022,red,observed,1.0,3.22,,red,1,15.84,0,-3.22,0,-14.74
6657,222.122,red,observed,1.0,3.22,,red,1,17.9,0,-3.22,0,-14.83
6660,222.222,red,observed,1.0,4.99,,red,1,15.32,0,-4.99,0,-14.19
6663,222.322,red,observed,1.0,2.74,,red,1,15.71,0,-2.74,0,-14.19
6666,222.422,red,observed,1.0,3.06,,red,1,15.97,0,-3.06,0,-14.01
6669,222.522,red,observed,1.0,3.06,,red,1,16.87,0,-3.06,0,-14.38
6672,222.622,red,observed,1.0,2.58,,red,1,16.87,0,-2.58,0,-14.56
6675,222.722,red,observed,1.0,3.38,,red,1,16.35,0,-3.38,0,-14.65
6678,222.823,red,observed,1.0,4.02,,red,1,17.64,0,-4.02,0,-14.56
6681,222.923,red,observed,1.0,3.7,,red,1,17.0,0,-3.7,0,-14.83
6684,223.023,red,observed,1.0,3.7,,red,1,15.45,0,-3.7,0,-14.1
6687,223.123,red,observed,1.0,3.54,,red,1,16.1,0,-3.54,0,-14.1
6690,223.223,red,observed,1.0,2.74,,red,1,17.38,0,-2.74,0,-14.56
6693,223.323,red,observed,1.0,3.06,,red,1,16.22,0,-3.06,0,-14.47
6696,223.423,red,observed,1.0,3.22,,red,1,16.74,0,-3.22,0,-14.56
6699,223.523,red,observed,1.0,3.54,,red,1,16.74,0,-3.54,0,-14.74
6702,223.623,red,observed,1.0,2.74,,red,1,16.74,0,-2.74,0,-14.65
6705,223.724,red,observed,1.0,2.25,,red,1,16.61,0,-2.25,0,-14.56
6708,223.824,red,observed,1.0,2.9,,red,1,17.38,0,-2.9,0,-14.56
6711,223.924,red,observed,1.0,2.58,,red,1,16.35,0,-2.58,0,-14.47
6714,224.024,red,observed,1.0,2.9,,red,1,16.35,0,-2.9,0,-14.83
6717,224.124,red,observed,0.885,1.77,,red,1,15.97,0,-1.77,0,-14.47
6720,224.224,red,observed,1.0,2.41,,red,1,16.35,0,-2.41,0,-14.01
6723,224.324,red,observed,1.0,2.58,,red,1,17.13,0,-2.58,0,-14.56
6726,224.424,red,observed,1.0,3.06,,red,1,17.13,0,-3.06,0,-14.74
6729,224.524,red,observed,1.0,4.83,,red,1,18.41,0,-4.83,0,-14.47
6732,224.624,red,observed,1.0,4.51,,red,1,16.1,0,-4.51,0,-14.65
6735,224.724,red,observed,1.0,3.06,,red,1,16.1,0,-3.06,0,-14.56
6738,224.825,red,observed,1.0,3.54,,red,1,15.97,0,-3.54,0,-14.1
6741,224.925,red,observed,1.0,3.86,,red,1,15.84,0,-3.86,0,-14.38
6744,225.025,red,observed,1.0,3.54,,red,1,16.48,0,-3.54,0,-14.93
6747,225.125,red,observed,1.0,2.41,,red,1,16.35,0,-2.41,0,-14.38
6750,225.225,red,observed,1.0,3.38,,red,1,16.87,0,-3.38,0,-14.38
6753,225.325,red,observed,1.0,3.54,,red,1,17.0,0,-3.54,0,-14.93
6756,225.425,red,observed,1.0,3.54,,red,1,17.25,0,-3.54,0,-14.38
6759,225.525,red,observed,1.0,3.06,,red,1,15.07,0,-3.06,0,-15.2
6762,225.625,red,observed,1.0,3.38,,red,1,16.35,0,-3.38,0,-14.74
6765,225.726,red,observed,1.0,3.06,,red,1,15.58,0,-3.06,0,-15.11
6768,225.826,red,observed,1.0,3.22,,red,1,15.97,0,-3.22,0,-14.93
6771,225.926,red,observed,1.0,3.06,,red,1,16.48,0,-3.06,0,-14.74
6774,226.026,red,observed,1.0,3.22,,red,1,16.1,0,-3.22,0,-15.57
6777,226.126,red,observed,1.0,3.22,,red,1,16.74,0,-3.22,0,-14.47
6780,226.226,red,observed,1.0,3.86,,red,1,16.22,0,-3.86,0,-14.65
6783,226.326,red,observed,1.0,3.86,,red,1,16.61,0,-3.86,0,-14.74
6786,226.426,red,observed,1.0,4.19,,red,1,15.45,0,-4.19,0,-14.47
6789,226.526,red,observed,1.0,2.58,,red,1,15.32,0,-2.58,0,-14.83
6792,226.626,red,observed,1.0,2.9,,red,1,17.25,0,-2.9,0,-14.65
6795,226.727,red,observed,1.0,2.9,,red,1,16.61,0,-2.9,0,-14.19
6798,226.827,red,observed,0.805,1.61,,red,1,17.25,0,-1.61,0,-15.02
6801,226.927,red,observed,1.0,3.38,,red,1,16.1,0,-3.38,0,-14.65
6804,227.027,red,observed,1.0,3.22,,red,1,15.45,0,-3.22,0,-15.2
6807,227.127,red,observed,1.0,2.9,,red,1,15.71,0,-2.9,0,-14.01
6810,227.227,red,observed,1.0,3.22,,red,1,15.32,0,-3.22,0,-14.38
6813,227.327,red,observed,1.0,3.22,,red,1,16.61,0,-3.22,0,-14.38
6816,227.427,red,observed,1.0,2.25,,red,1,16.35,0,-2.25,0,-14.47
6819,227.527,red,observed,1.0,3.06,,red,1,16.1,0,-3.06,0,-14.01
6822,227.627,red,observed,1.0,2.41,,red,1,16.22,0,-2.41,0,-14.83
6825,227.728,red,observed,1.0,4.67,,red,1,15.58,0,-4.67,0,-14.47
6828,227.828,red,observed,1.0,3.7,,red,1,15.45,0,-3.7,0,-14.1
6831,227.928,red,observed,1.0,3.06,,red,1,14.29,0,-3.06,0,-14.65
6834,228.028,red,observed,1.0,3.7,,red,1,15.58,0,-3.7,0,-14.1
6837,228.128,red,observed,1.0,3.22,,red,1,16.48,0,-3.22,0,-14.83
6840,228.228,red,observed,1.0,2.9,,red,1,15.32,0,-2.9,0,-14.93
6843,228.328,red,observed,1.0,4.02,,red,1,14.29,0,-4.02,0,-15.2
6846,228.428,red,observed,1.0,2.74,,red,1,14.81,0,-2.74,0,-14.93
6849,228.528,red,observed,1.0,2.41,,red,1,15.84,0,-2.41,0,-14.38
6852,228.628,red,observed,1.0,2.58,,red,1,16.48,0,-2.58,0,-14.65
6855,228.728,red,observed,1.0,3.86,,red,1,16.61,0,-3.86,0,-14.74
6858,228.829,red,observed,1.0,3.22,,red,1,17.9,0,-3.22,0,-15.38
6861,228.929,red,observed,1.0,4.51,,red,1,16.1,0,-4.51,0,-14.65
6864,229.029,red,observed,1.0,3.06,,red,1,15.84,0,-3.06,0,-14.56
6867,229.129,red,observed,1.0,2.41,,red,1,16.22,0,-2.41,0,-14.38
6870,229.229,red,observed,1.0,2.41,,red,1,16.1,0,-2.41,0,-15.02
6873,229.329,red,observed,1.0,2.74,,red,1,15.97,0,-2.74,0,-14.19
6876,229.429,red,observed,1.0,3.7,,red,1,16.74,0,-3.7,0,-15.02
6879,229.529,red,observed,1.0,3.06,,red,1,15.97,0,-3.06,0,-14.74
6882,229.629,red,observed,1.0,2.58,,red,1,15.97,0,-2.58,0,-14.93
6885,229.73,red,observed,1.0,3.38,,red,1,16.22,0,-3.38,0,-14.38
6888,229.83,red,observed,1.0,2.9,,red,1,14.81,0,-2.9,0,-14.38
6891,229.93,red,observed,1.0,3.54,,red,1,16.61,0,-3.54,0,-14.38
6894,230.03,red,observed,1.0,3.06,,red,1,17.0,0,-3.06,0,-14.65
6897,230.13,red,observed,1.0,2.9,,red,1,16.74,0,-2.9,0,-14.93
6900,230.23,red,observed,1.0,3.7,,red,1,17.38,0,-3.7,0,-15.02
6903,230.33,red,observed,1.0,3.7,,red,1,17.25,0,-3.7,0,-14.47
6906,230.43,red,observed,1.0,4.19,,red,1,16.74,0,-4.19,0,-14.47
6909,230.53,red,observed,1.0,3.54,,red,1,17.13,0,-3.54,0,-15.57
6912,230.63,red,observed,1.0,3.86,,red,1,17.64,0,-3.86,0,-14.74
6915,230.73,red,observed,1.0,4.19,,red,1,17.51,0,-4.19,0,-14.83
6918,230.831,red,observed,1.0,2.41,,red,1,17.0,0,-2.41,0,-15.02
6921,230.931,red,observed,1.0,4.02,,red,1,18.41,0,-4.02,0,-14.56
6924,231.031,red,observed,1.0,2.74,,red,1,16.87,0,-2.74,0,-14.65
6927,231.131,red,observed,1.0,2.74,,red,1,16.87,0,-2.74,0,-13.83
6930,231.231,red,observed,1.0,2.58,,red,1,16.22,0,-2.58,0,-13.92
6933,231.331,red,observed,1.0,2.58,,red,1,17.13,0,-2.58,0,-14.47
6936,231.431,red,observed,1.0,2.58,,red,1,17.64,0,-2.58,0,-14.93
6939,231.531,red,observed,1.0,2.74,,red,1,16.1,0,-2.74,0,-14.29
6942,231.631,red,observed,1.0,2.58,,red,1,17.38,0,-2.58,0,-14.56
6945,231.732,red,observed,1.0,2.58,,red,1,17.0,0,-2.58,0,-14.56
6948,231.832,red,observed,1.0,3.7,,red,1,18.28,0,-3.7,0,-14.83
6951,231.932,red,observed,0.966,1.93,,red,1,16.61,0,-1.93,0,-14.83
6954,232.032,red,observed,1.0,2.09,,red,1,16.61,0,-2.09,0,-14.65
6957,232.132,red,observed,1.0,2.74,,red,1,16.35,0,-2.74,0,-14.74
6960,232.232,red,observed,1.0,3.22,,red,1,17.38,0,-3.22,0,-14.29
6963,232.332,red,observed,1.0,2.58,,red,1,16.48,0,-2.58,0,-15.75
6966,232.432,red,observed,1.0,4.51,,red,1,17.25,0,-4.51,0,-14.65
6969,232.532,red,observed,1.0,3.86,,red,1,16.74,0,-3.86,0,-15.11
6972,232.632,red,observed,1.0,3.06,,red,1,16.87,0,-3.06,0,-14.74
6975,232.733,red,observed,1.0,3.38,,red,1,18.16,0,-3.38,0,-14.19
6978,232.833,red,observed,1.0,4.02,,red,1,18.03,0,-4.02,0,-14.74
6981,232.933,red,observed,1.0,3.86,,red,1,18.28,0,-3.86,0,-14.83
6984,233.033,red,observed,1.0,3.54,,red,1,16.61,0,-3.54,0,-14.56
6987,233.133,red,observed,1.0,3.7,,red,1,16.74,0,-3.7,0,-15.02
6990,233.233,red,observed,1.0,2.41,,red,1,17.9,0,-2.41,0,-14.56
6993,233.333,red,observed,1.0,2.25,,red,1,16.48,0,-2.25,0,-14.56
6996,233.433,red,observed,1.0,2.74,,red,1,17.25,0,-2.74,0,-14.83
6999,233.533,red,observed,0.885,1.77,,red,1,15.84,0,-1.77,0,-15.2
7002,233.633,red,observed,0.885,1.77,,red,1,17.9,0,-1.77,0,-14.74
7005,233.734,red,observed,1.0,2.9,,red,1,16.87,0,-2.9,0,-14.56
7008,233.834,red,observed,0.885,1.77,,red,1,16.61,0,-1.77,0,-14.65
7011,233.934,red,observed,1.0,4.99,,red,1,16.22,0,-4.99,0,-14.19
7014,234.034,red,observed,1.0,2.58,,red,1,16.87,0,-2.58,0,-14.1
7017,234.134,red,observed,1.0,3.38,,red,1,17.25,0,-3.38,0,-14.83
7020,234.234,red,observed,1.0,3.86,,red,1,18.03,0,-3.86,0,-15.57
7023,234.334,red,observed,1.0,3.38,,red,1,16.74,0,-3.38,0,-15.48
7026,234.434,red,observed,1.0,3.22,,red,1,16.74,0,-3.22,0,-15.66
7029,234.534,red,observed,0.885,1.77,,red,1,15.45,0,-1.77,0,-14.83
7032,234.634,red,observed,1.0,3.22,,red,1,16.87,0,-3.22,0,-15.02
7035,234.734,red,observed,1.0,3.06,,red,1,15.58,0,-3.06,0,-14.56
7038,234.835,red,observed,1.0,3.86,,red,1,15.58,0,-3.86,0,-13.83
7041,234.935,red,observed,1.0,4.02,,red,1,16.87,0,-4.02,0,-15.02
7044,235.035,red,observed,1.0,3.38,,red,1,16.48,0,-3.38,0,-14.19
7047,235.135,red,observed,1.0,4.19,,red,1,16.48,0,-4.19,0,-15.02
7050,235.235,red,observed,1.0,4.02,,red,1,15.71,0,-4.02,0,-14.56
7053,235.335,red,observed,1.0,4.35,,red,1,16.35,0,-4.35,0,-14.65
7056,235.435,red,observed,1.0,2.58,,red,1,17.25,0,-2.58,0,-14.29
7059,235.535,red,observed,1.0,2.41,,red,1,16.1,0,-2.41,0,-13.92
7062,235.635,red,observed,1.0,3.38,,red,1,15.84,0,-3.38,0,-14.47
7065,235.736,red,observed,1.0,3.22,,red,1,16.35,0,-3.22,0,-14.74
7068,235.836,red,observed,1.0,4.02,,red,1,17.13,0,-4.02,0,-14.65
7071,235.936,red,observed,1.0,2.74,,red,1,15.07,0,-2.74,0,-15.29
7074,236.036,red,observed,1.0,3.22,,red,1,16.22,0,-3.22,0,-14.29
7077,236.136,red,observed,1.0,2.9,,red,1,15.84,0,-2.9,0,-15.84
7080,236.236,red,observed,1.0,4.35,,red,1,15.71,0,-4.35,0,-14.83
7083,236.336,red,observed,1.0,3.22,,red,1,16.1,0,-3.22,0,-15.66
7086,236.436,red,observed,1.0,2.9,,red,1,17.0,0,-2.9,0,-14.83
7089,236.536,red,observed,1.0,3.06,,red,1,15.84,0,-3.06,0,-15.38
7092,236.636,red,observed,1.0,3.54,,red,1,16.61,0,-3.54,0,-14.47
7095,236.736,red,observed,1.0,3.06,,red,1,16.48,0,-3.06,0,-14.65
7098,236.837,red,observed,1.0,3.54,,red,1,16.61,0,-3.54,0,-14.38
7101,236.937,red,observed,1.0,3.7,,red,1,17.0,0,-3.7,0,-14.38
7104,237.037,red,observed,1.0,3.54,,red,1,16.35,0,-3.54,0,-15.11
7107,237.137,red,observed,1.0,4.02,,red,1,17.0,0,-4.02,0,-13.83
7110,237.237,red,observed,1.0,2.9,,red,1,17.51,0,-2.9,0,-14.38
7113,237.337,red,observed,1.0,3.06,,red,1,16.74,0,-3.06,0,-14.47
7116,237.437,red,observed,1.0,3.22,,red,1,16.35,0,-3.22,0,-14.83
7119,237.537,red,observed,1.0,3.22,,red,1,16.61,0,-3.22,0,-14.47
7122,237.637,red,observed,1.0,3.06,,red,1,16.74,0,-3.06,0,-15.29
7125,237.738,red,observed,1.0,2.9,,red,1,17.13,0,-2.9,0,-15.02
7128,237.838,red,observed,1.0,4.02,,red,1,18.16,0,-4.02,0,-14.38
7131,237.938,red,observed,1.0,3.86,,red,1,17.51,0,-3.86,0,-14.29
7134,238.038,red,observed,1.0,3.54,,red,1,17.38,0,-3.54,0,-14.56
7137,238.138,red,observed,1.0,3.38,,red,1,17.0,0,-3.38,0,-14.74
7140,238.238,red,observed,1.0,2.58,,red,1,16.87,0,-2.58,0,-14.65
7143,238.338,red,observed,1.0,2.74,,red,1,16.74,0,-2.74,0,-14.83
7146,238.438,red,observed,1.0,4.35,,red,1,15.84,0,-4.35,0,-15.2
7149,238.538,red,observed,1.0,4.19,,red,1,17.64,0,-4.19,0,-13.74
7152,238.638,red,observed,1.0,5.47,,red,1,17.77,0,-5.47,0,-15.02
7155,238.739,red,observed,1.0,5.79,,red,1,15.19,0,-5.79,0,-14.56
7158,238.839,red,observed,1.0,4.83,,red,1,16.74,0,-4.83,0,-14.29
7161,238.939,red,observed,1.0,2.74,,red,1,17.9,0,-2.74,0,-14.83
7164,239.039,red,observed,1.0,2.9,,red,1,16.35,0,-2.9,0,-15.38
7167,239.139,red,observed,1.0,2.9,,red,1,17.64,0,-2.9,0,-14.65
7170,239.239,red,observed,1.0,4.83,,red,1,17.64,0,-4.83,0,-14.47
7173,239.339,red,observed,1.0,4.67,,red,1,16.61,0,-4.67,0,-15.29
7176,239.439,red,observed,1.0,6.44,,red,1,16.87,0,-6.44,0,-15.02
7179,239.539,red,observed,1.0,4.83,,red,1,19.31,0,-4.83,0,-14.01
7182,239.639,red,observed,1.0,3.86,,red,1,15.97,0,-3.86,0,-14.65
7185,239.74,red,observed,1.0,3.7,,red,1,17.64,0,-3.7,0,-14.56
7188,239.84,red,observed,1.0,3.06,,red,1,17.9,0,-3.06,0,-15.2
7191,239.94,red,observed,1.0,3.38,,red,1,17.13,0,-3.38,0,-14.47
7194,240.04,red,observed,1.0,3.06,,red,1,16.61,0,-3.06,0,-14.47
7197,240.14,red,observed,1.0,3.22,,red,1,18.8,0,-3.22,0,-14.38
7200,240.24,red,observed,1.0,2.58,,red,1,17.77,0,-2.58,0,-14.38
7203,240.34,red,observed,1.0,3.06,,red,1,17.64,0,-3.06,0,-14.38
7206,240.44,red,observed,1.0,3.06,,red,1,16.87,0,-3.06,0,-14.47
7209,240.54,red,observed,1.0,3.22,,red,1,16.74,0,-3.22,0,-14.19
7212,240.64,red,observed,1.0,3.06,,red,1,18.03,0,-3.06,0,-14.56
7215,240.74,red,observed,1.0,3.7,,red,1,17.51,0,-3.7,0,-14.93
7218,240.841,red,observed,1.0,3.86,,red,1,17.77,0,-3.86,0,-14.65
7221,240.941,red,observed,1.0,3.86,,red,1,16.87,0,-3.86,0,-14.47
7224,241.041,red,observed,1.0,3.22,,red,1,16.22,0,-3.22,0,-14.74
7227,241.141,red,observed,1.0,2.9,,red,1,17.13,0,-2.9,0,-14.74
7230,241.241,red,observed,1.0,4.35,,red,1,16.74,0,-4.35,0,-14.93
7233,241.341,red,observed,1.0,3.86,,red,1,16.48,0,-3.86,0,-14.93
7236,241.441,red,observed,1.0,4.67,,red,1,16.74,0,-4.67,0,-14.65
7239,241.541,red,observed,1.0,4.67,,red,1,18.03,0,-4.67,0,-14.83
7242,241.641,red,observed,1.0,4.67,,red,1,18.28,0,-4.67,0,-14.1
7245,241.742,red,observed,1.0,6.28,,red,1,18.03,0,-6.28,0,-14.93
7248,241.842,red,observed,1.0,4.35,,red,1,15.84,0,-4.35,0,-13.64
7251,241.942,red_amber,observed,0.966,1.93,,red_amber,1,16.35,1,1.93,0,-14.1
7254,242.042,red_amber,observed,1.0,2.74,,red_amber,1,16.22,1,2.74,0,-14.74
7257,242.142,red_amber,observed,0.644,1.29,,red_amber,1,15.71,1,1.29,0,-15.02
7260,242.242,red_amber,observed,1.0,2.09,,red_amber,1,15.58,1,2.09,0,-15.02
7263,242.342,red_amber,observed,0.644,1.29,,red_amber,1,16.22,1,1.29,0,-15.66
7266,242.442,red_amber,observed,1.0,2.09,,red_amber,1,15.19,1,2.09,0,-14.83
7269,242.542,red_amber,observed,1.0,3.7,,red_amber,1,15.45,1,3.7,0,-14.56
7272,242.642,red_amber,observed,1.0,2.25,,red_amber,1,14.68,1,2.25,0,-14.01
7275,242.742,red_amber,observed,1.0,2.41,,red_amber,1,14.42,1,2.41,0,-14.47
7278,242.843,unknown,occluded,0.0,0.64,occluded,occluded,1,15.07,1,0.64,0,-14.29
7281,242.943,red_amber,observed,1.0,3.06,,red_amber,1,13.39,1,3.06,0,-14.47
7284,243.043,red_amber,observed,1.0,2.09,,red_amber,1,14.81,1,2.09,0,-14.74
7287,243.143,red_amber,observed,1.0,2.74,,red_amber,1,15.58,1,2.74,0,-15.02
7290,243.243,red_amber,observed,1.0,3.38,,red_amber,1,16.48,1,3.38,0,-15.02
7293,243.343,red_amber,observed,1.0,3.22,,red_amber,1,15.19,1,3.22,0,-14.47
7296,243.443,red_amber,observed,1.0,3.06,,red_amber,1,16.35,1,3.06,0,-14.19
7299,243.543,red_amber,observed,1.0,4.02,,red_amber,1,15.45,1,4.02,0,-14.47
7302,243.643,red_amber,observed,1.0,3.06,,red_amber,1,15.97,1,3.06,0,-14.38
7305,243.744,red_amber,observed,1.0,3.54,,red_amber,1,15.45,1,3.54,0,-14.83
7308,243.844,red_amber,observed,1.0,2.9,,red_amber,1,17.13,1,2.9,0,-14.47
7311,243.944,red_amber,observed,1.0,2.9,,red_amber,1,15.07,1,2.9,0,-14.47
7314,244.044,red_amber,observed,1.0,3.38,,red_amber,1,16.87,1,3.38,0,-14.38
7317,244.144,red_amber,observed,1.0,2.74,,red_amber,1,17.38,1,2.74,0,-15.02
7320,244.244,red_amber,observed,0.966,1.93,,red_amber,1,15.45,1,1.93,0,-15.29
7323,244.344,red_amber,observed,1.0,3.06,,red_amber,1,16.61,1,3.06,0,-14.65
7326,244.444,red_amber,observed,1.0,3.06,,red_amber,1,16.48,1,3.06,0,-14.56
7329,244.544,red_amber,observed,1.0,3.86,,red_amber,1,15.32,1,3.86,0,-15.2
7332,244.644,red_amber,observed,1.0,3.7,,red_amber,1,13.91,1,3.7,0,-14.1
7335,244.745,red_amber,observed,1.0,4.02,,red_amber,1,15.19,1,4.02,0,-13.83
7338,244.845,red_amber,low_confidence,0.483,0.97,lamp_near_threshold,red_amber,1,15.45,1,0.97,0,-14.01
7341,244.945,green,observed,0.724,1.45,,green,0,-15.07,0,-1.45,1,16.39
7344,245.045,green,observed,1.0,3.38,,green,0,-15.07,0,-3.38,1,16.12
7347,245.145,green,observed,1.0,5.15,,green,0,-15.97,0,-5.15,1,14.93
7350,245.245,green,observed,1.0,5.63,,green,0,-16.35,0,-5.63,1,14.65
7353,245.345,green,observed,1.0,5.31,,green,0,-16.22,0,-5.31,1,15.11
7356,245.445,green,observed,1.0,3.38,,green,0,-14.81,0,-3.38,1,14.56
7359,245.545,green,observed,1.0,3.86,,green,0,-15.97,0,-3.86,1,15.02
7362,245.645,green,observed,1.0,5.96,,green,0,-16.1,0,-5.96,1,14.38
7365,245.746,green,observed,1.0,3.86,,green,0,-16.87,0,-3.86,1,14.93
7368,245.846,green,observed,1.0,5.96,,green,0,-16.74,0,-5.96,1,13.74
7371,245.946,green,observed,1.0,4.99,,green,0,-16.61,0,-4.99,1,13.92
7374,246.046,green,observed,1.0,4.35,,green,0,-16.1,0,-4.35,1,15.57
7377,246.146,green,observed,1.0,4.35,,green,0,-17.0,0,-4.35,1,16.48
7380,246.246,green,observed,1.0,4.35,,green,0,-16.35,0,-4.35,1,16.03
7383,246.346,green,observed,1.0,4.02,,green,0,-17.51,0,-4.02,1,16.3
7386,246.446,green,observed,1.0,4.35,,green,0,-16.87,0,-4.35,1,16.03
7389,246.546,green,observed,1.0,4.02,,green,0,-16.61,0,-4.02,1,15.57
7392,246.646,green,observed,1.0,4.51,,green,0,-15.97,0,-4.51,1,15.93
7395,246.746,green,observed,1.0,4.02,,green,0,-15.58,0,-4.02,1,15.66
7398,246.847,green,observed,1.0,2.58,,green,0,-15.32,0,-2.58,1,16.57
7401,246.947,green,observed,1.0,2.58,,green,0,-15.45,0,-2.58,1,16.39
7404,247.047,green,observed,0.805,1.61,,green,0,-15.45,0,-1.61,1,16.76
7407,247.147,green,observed,1.0,3.86,,green,0,-15.32,0,-3.86,1,16.48
7410,247.247,green,observed,1.0,4.99,,green,0,-16.1,0,-4.99,1,15.29
7413,247.347,green,observed,1.0,4.99,,green,0,-16.1,0,-4.99,1,15.38
7416,247.447,green,observed,1.0,4.83,,green,0,-15.97,0,-4.83,1,15.48
7419,247.547,green,observed,1.0,5.15,,green,0,-16.61,0,-5.15,1,15.75
7422,247.647,green,observed,1.0,5.31,,green,0,-16.87,0,-5.31,1,16.12
7425,247.748,green,observed,1.0,4.99,,green,0,-16.74,0,-4.99,1,13.92
7428,247.848,green,observed,1.0,3.38,,green,0,-16.87,0,-3.38,1,13.0
7431,247.948,green,observed,1.0,3.86,,green,0,-17.25,0,-3.86,1,15.93
7434,248.048,green,observed,1.0,3.54,,green,0,-17.64,0,-3.54,1,14.65
7437,248.148,green,observed,1.0,3.7,,green,0,-16.87,0,-3.7,1,16.03
7440,248.248,green,observed,1.0,3.86,,green,0,-17.38,0,-3.86,1,15.75
7443,248.348,green,observed,0.966,1.93,,green,0,-17.13,0,-1.93,1,14.65
7446,248.448,green,observed,1.0,3.86,,green,0,-17.38,0,-3.86,1,14.65
7449,248.548,green,low_confidence,0.483,0.97,lamp_near_threshold,green,0,-16.35,0,-0.97,1,14.47
7452,248.648,green,observed,0.563,1.13,,green,0,-15.71,0,-1.13,1,14.1
7455,248.748,green,low_confidence,0.483,0.97,lamp_near_threshold,green,0,-15.84,0,-0.97,1,13.83
7458,248.849,green,observed,1.0,2.25,,green,0,-16.35,0,-2.25,1,13.92
7461,248.949,green,observed,1.0,2.25,,green,0,-15.97,0,-2.25,1,14.01
7464,249.049,green,observed,1.0,2.09,,green,0,-16.1,0,-2.09,1,13.92
7467,249.149,green,observed,1.0,2.41,,green,0,-15.84,0,-2.41,1,14.65
7470,249.249,green,observed,1.0,3.22,,green,0,-16.87,0,-3.22,1,14.01
7473,249.349,green,observed,1.0,2.74,,green,0,-15.32,0,-2.74,1,14.29
7476,249.449,green,observed,1.0,2.58,,green,0,-15.58,0,-2.58,1,14.56
7479,249.549,green,observed,1.0,3.22,,green,0,-15.19,0,-3.22,1,13.92
7482,249.649,green,low_confidence,0.483,0.97,lamp_near_threshold,green,0,-16.35,0,-0.97,1,15.29
7485,249.75,green,observed,1.0,2.9,,green,0,-16.1,0,-2.9,1,15.11
7488,249.85,green,observed,1.0,2.9,,green,0,-14.55,0,-2.9,1,14.83
7491,249.95,green,observed,1.0,3.86,,green,0,-15.97,0,-3.86,1,14.1
7494,250.05,green,observed,1.0,3.06,,green,0,-16.1,0,-3.06,1,15.48
7497,250.15,green,observed,1.0,3.86,,green,0,-15.45,0,-3.86,1,15.29
7500,250.25,green,observed,1.0,3.86,,green,0,-15.19,0,-3.86,1,12.91
7503,250.35,green,observed,1.0,3.54,,green,0,-14.68,0,-3.54,1,11.26
7506,250.45,green,observed,1.0,3.7,,green,0,-15.32,0,-3.7,1,12.27
7509,250.55,green,observed,1.0,3.22,,green,0,-15.45,0,-3.22,1,11.81
7512,250.65,green,observed,1.0,3.38,,green,0,-15.07,0,-3.38,1,12.27
7515,250.751,green,observed,1.0,3.06,,green,0,-16.35,0,-3.06,1,13.46
7518,250.851,green,observed,1.0,4.19,,green,0,-16.22,0,-4.19,1,13.1
7521,250.951,green,observed,1.0,4.02,,green,0,-16.22,0,-4.02,1,12.55
7524,251.051,green,observed,1.0,4.02,,green,0,-16.22,0,-4.02,1,11.72
7527,251.151,green,observed,1.0,3.7,,green,0,-17.0,0,-3.7,1,12.45
7530,251.251,green,observed,1.0,2.74,,green,0,-15.58,0,-2.74,1,13.19
7533,251.351,green,observed,1.0,2.58,,green,0,-16.1,0,-2.58,1,13.64
7536,251.451,green,observed,1.0,2.58,,green,0,-16.48,0,-2.58,1,14.01
7539,251.551,green,observed,1.0,3.86,,green,0,-15.45,0,-3.86,1,13.46
7542,251.651,green,observed,0.805,1.61,,green,0,-16.61,0,-1.61,1,13.55
7545,251.752,green,observed,0.885,1.77,,green,0,-15.58,0,-1.77,1,13.46
7548,251.852,green,observed,1.0,4.51,,green,0,-16.35,0,-4.51,1,13.37
7551,251.952,green,observed,1.0,4.51,,green,0,-17.13,0,-4.51,1,13.74
7554,252.052,green,observed,1.0,3.7,,green,0,-16.22,0,-3.7,1,13.46
7557,252.152,green,observed,0.805,1.61,,green,0,-16.1,0,-1.61,1,13.46
7560,252.252,green,observed,1.0,3.7,,green,0,-15.32,0,-3.7,1,13.28
7563,252.352,green,observed,1.0,3.7,,green,0,-14.68,0,-3.7,1,13.37
7566,252.452,green,observed,1.0,4.02,,green,0,-15.19,0,-4.02,1,14.65
7569,252.552,green,observed,1.0,4.19,,green,0,-15.45,0,-4.19,1,14.29
7572,252.652,green,observed,1.0,4.19,,green,0,-15.19,0,-4.19,1,13.92
7575,252.752,green,observed,1.0,3.7,,green,0,-15.45,0,-3.7,1,13.92
7578,252.853,green,observed,1.0,3.54,,green,0,-16.1,0,-3.54,1,13.1
7581,252.953,green,observed,1.0,3.38,,green,0,-16.1,0,-3.38,1,13.0
7584,253.053,green,observed,1.0,3.54,,green,0,-16.22,0,-3.54,1,13.28
7587,253.153,green,observed,1.0,5.96,,green,0,-16.1,0,-5.96,1,13.19
7590,253.253,green,observed,1.0,3.38,,green,0,-16.87,0,-3.38,1,14.01
7593,253.353,green,observed,1.0,4.99,,green,0,-17.0,0,-4.99,1,13.92
7596,253.453,green,observed,1.0,3.22,,green,0,-15.97,0,-3.22,1,13.64
7599,253.553,green,observed,1.0,2.9,,green,0,-15.71,0,-2.9,1,13.55
7602,253.653,green,observed,1.0,3.06,,green,0,-16.48,0,-3.06,1,13.55
7605,253.754,green,observed,1.0,3.06,,green,0,-16.35,0,-3.06,1,14.65
7608,253.854,green,observed,0.966,1.93,,green,0,-15.45,0,-1.93,1,14.01
7611,253.954,green,observed,1.0,4.35,,green,0,-14.55,0,-4.35,1,14.56
7614,254.054,green,observed,1.0,4.35,,green,0,-15.58,0,-4.35,1,13.64
7617,254.154,green,observed,1.0,4.02,,green,0,-16.35,0,-4.02,1,14.47
7620,254.254,green,observed,1.0,3.54,,green,0,-17.13,0,-3.54,1,14.38
7623,254.354,green,observed,1.0,3.06,,green,0,-16.1,0,-3.06,1,14.38
7626,254.454,green,observed,1.0,3.38,,green,0,-16.61,0,-3.38,1,13.92
7629,254.554,green,observed,1.0,3.22,,green,0,-16.61,0,-3.22,1,14.83
7632,254.654,green,observed,1.0,2.09,,green,0,-16.35,0,-2.09,1,15.48
7635,254.754,green,observed,1.0,2.25,,green,0,-15.58,0,-2.25,1,17.12
7638,254.855,green,observed,0.724,1.45,,green,0,-15.45,0,-1.45,1,14.83
7641,254.955,green,observed,1.0,3.06,,green,0,-15.97,0,-3.06,1,15.66
7644,255.055,green,observed,1.0,3.06,,green,0,-16.22,0,-3.06,1,14.65
7647,255.155,green,observed,1.0,3.86,,green,0,-15.84,0,-3.86,1,15.93
7650,255.255,green,observed,1.0,4.83,,green,0,-15.07,0,-4.83,1,15.11
7653,255.355,green,observed,1.0,4.67,,green,0,-15.45,0,-4.67,1,17.58
7656,255.455,green,observed,1.0,2.25,,green,0,-15.45,0,-2.25,1,16.3
7659,255.555,green,observed,1.0,3.06,,green,0,-15.84,0,-3.06,1,16.67
7662,255.655,green,observed,1.0,3.06,,green,0,-15.58,0,-3.06,1,15.66
7665,255.756,green,observed,1.0,3.06,,green,0,-15.97,0,-3.06,1,16.03
7668,255.856,green,observed,1.0,3.38,,green,0,-16.22,0,-3.38,1,16.21
7671,255.956,green,observed,1.0,4.67,,green,0,-16.74,0,-4.67,1,16.94
7674,256.056,green,observed,1.0,3.86,,green,0,-16.22,0,-3.86,1,16.21
7677,256.156,green,observed,0.724,1.45,,green,0,-16.35,0,-1.45,1,16.85
7680,256.256,green,observed,1.0,2.58,,green,0,-15.97,0,-2.58,1,17.67
7683,256.356,green,observed,1.0,2.74,,green,0,-16.74,0,-2.74,1,17.12
7686,256.456,green,observed,1.0,2.58,,green,0,-15.19,0,-2.58,1,17.12
7689,256.556,green,observed,1.0,3.06,,green,0,-16.1,0,-3.06,1,15.38
7692,256.656,green,observed,1.0,2.41,,green,0,-16.48,0,-2.41,1,16.76
7695,256.757,green,observed,1.0,2.74,,green,0,-15.97,0,-2.74,1,17.03
7698,256.857,green,observed,1.0,3.06,,green,0,-16.87,0,-3.06,1,16.12
7701,256.957,green,observed,1.0,4.99,,green,0,-16.1,0,-4.99,1,15.66
7704,257.057,green,observed,1.0,4.35,,green,0,-15.97,0,-4.35,1,17.67
7707,257.157,green,observed,1.0,2.25,,green,0,-16.74,0,-2.25,1,18.22
7710,257.257,green,observed,1.0,3.22,,green,0,-15.71,0,-3.22,1,17.31
7713,257.357,green,observed,1.0,3.22,,green,0,-16.22,0,-3.22,1,16.76
7716,257.457,green,observed,1.0,3.22,,green,0,-15.97,0,-3.22,1,16.76
7719,257.557,green,observed,1.0,3.06,,green,0,-16.74,0,-3.06,1,16.03
7722,257.657,green,observed,1.0,4.35,,green,0,-15.97,0,-4.35,1,15.48
7725,257.758,green,observed,1.0,3.22,,green,0,-16.61,0,-3.22,1,16.94
7728,257.858,green,observed,1.0,2.9,,green,0,-16.35,0,-2.9,1,15.57
7731,257.958,green,observed,1.0,2.74,,green,0,-16.35,0,-2.74,1,15.93
7734,258.058,green,observed,1.0,2.74,,green,0,-15.84,0,-2.74,1,16.12
7737,258.158,green,observed,1.0,3.22,,green,0,-16.61,0,-3.22,1,15.66
7740,258.258,green,observed,0.563,1.13,,green,0,-15.84,0,-1.13,1,15.57
7743,258.358,green,observed,1.0,3.7,,green,0,-15.32,0,-3.7,1,14.83
7746,258.458,green,observed,1.0,2.41,,green,0,-15.84,0,-2.41,1,16.48
7749,258.558,green,observed,1.0,2.25,,green,0,-15.97,0,-2.25,1,15.75
7752,258.658,green,observed,0.644,1.29,,green,0,-15.71,0,-1.29,1,16.21
7755,258.759,green,observed,0.885,1.77,,green,0,-15.58,0,-1.77,1,12.82
7758,258.859,green,observed,1.0,3.7,,green,0,-15.32,0,-3.7,1,13.0
7761,258.959,green,observed,1.0,2.41,,green,0,-16.87,0,-2.41,1,14.83
7764,259.059,green,observed,0.966,1.93,,green,0,-16.61,0,-1.93,1,13.92
7767,259.159,green,observed,1.0,2.25,,green,0,-17.64,0,-2.25,1,15.38
7770,259.259,green,observed,1.0,2.25,,green,0,-15.71,0,-2.25,1,14.56
7773,259.359,green,observed,1.0,2.41,,green,0,-15.71,0,-2.41,1,14.1
7776,259.459,unknown,occluded,0.0,0.8,occluded,occluded,0,-14.81,1,0.8,1,14.74
7779,259.559,green,observed,0.563,1.13,,green,0,-15.71,0,-1.13,1,14.19
7782,259.659,green,observed,0.966,1.93,,green,0,-16.1,0,-1.93,1,14.1
7785,259.76,green,observed,1.0,2.09,,green,0,-15.84,0,-2.09,1,14.56
7788,259.86,green,observed,1.0,2.09,,green,0,-15.58,0,-2.09,1,15.11
7791,259.96,green,observed,1.0,2.41,,green,0,-16.22,0,-2.41,1,13.37
7794,260.06,green,low_confidence,0.402,0.8,lamp_near_threshold,green,0,-15.58,0,-0.8,1,13.28
7797,260.16,green,low_confidence,1.0,2.58,short_unsupported_run,green,0,-15.84,0,-2.58,1,13.28
7800,260.26,green,low_confidence,0.483,0.97,lamp_near_threshold,green,0,-16.35,0,-0.97,1,12.91
7803,260.36,green,low_confidence,0.322,0.64,lamp_near_threshold,green,0,-14.94,0,-0.64,1,12.18
7806,260.46,green,observed,0.724,1.45,,green,0,-15.71,0,-1.45,1,12.91
7809,260.56,green,observed,0.966,1.93,,green,0,-16.22,0,-1.93,1,13.28
7812,260.66,green,low_confidence,0.322,0.64,lamp_near_threshold,green,0,-15.45,0,-0.64,1,11.63
7815,260.76,green,observed,1.0,3.54,,green,0,-16.61,0,-3.54,1,13.64
7818,260.861,green,observed,0.805,1.61,,green,0,-16.22,0,-1.61,1,13.28
7821,260.961,green,observed,0.805,1.61,,green,0,-15.84,0,-1.61,1,13.83
7824,261.061,green,observed,0.885,1.77,,green,0,-15.97,0,-1.77,1,14.01
7827,261.161,green,observed,0.885,1.77,,green,0,-15.45,0,-1.77,1,14.74
7830,261.261,green,observed,1.0,3.22,,green,0,-15.97,0,-3.22,1,15.38
7833,261.361,green,observed,1.0,3.38,,green,0,-15.97,0,-3.38,1,14.65
7836,261.461,green,observed,0.724,1.45,,green,0,-15.71,0,-1.45,1,13.55
7839,261.561,green,observed,1.0,2.09,,green,0,-15.58,0,-2.09,1,15.48
7842,261.661,green,observed,1.0,3.38,,green,0,-16.1,0,-3.38,1,15.38
7845,261.762,green,observed,1.0,2.74,,green,0,-15.32,0,-2.74,1,15.57
7848,261.862,green,observed,1.0,2.25,,green,0,-15.32,0,-2.25,1,15.2
7851,261.962,green,observed,1.0,2.41,,green,0,-15.84,0,-2.41,1,13.92
7854,262.062,green,observed,1.0,2.58,,green,0,-15.45,0,-2.58,1,14.29
7857,262.162,green,observed,1.0,2.58,,green,0,-15.19,0,-2.58,1,13.92
7860,262.262,green,observed,0.805,1.61,,green,0,-15.45,0,-1.61,1,14.29
7863,262.362,green,observed,0.805,1.61,,green,0,-15.97,0,-1.61,1,14.65
7866,262.462,green,observed,0.966,1.93,,green,0,-15.84,0,-1.93,1,14.56
7869,262.562,green,observed,1.0,3.7,,green,0,-14.94,0,-3.7,1,13.92
7872,262.662,green,observed,1.0,3.22,,green,0,-16.22,0,-3.22,1,14.65
7875,262.762,green,observed,1.0,2.9,,green,0,-15.58,0,-2.9,1,15.2
7878,262.863,green,observed,0.966,1.93,,green,0,-15.32,0,-1.93,1,14.38
7881,262.963,green,observed,1.0,4.19,,green,0,-16.1,0,-4.19,1,14.29
7884,263.063,green,observed,1.0,4.19,,green,0,-15.71,0,-4.19,1,14.01
7887,263.163,green,observed,1.0,3.06,,green,0,-15.58,0,-3.06,1,14.56
7890,263.263,green,observed,1.0,2.58,,green,0,-16.35,0,-2.58,1,14.65
7893,263.363,green,observed,1.0,2.41,,green,0,-16.35,0,-2.41,1,15.38
7896,263.463,green,observed,1.0,2.09,,green,0,-15.32,0,-2.09,1,14.01
7899,263.563,green,observed,0.644,1.29,,green,0,-15.97,0,-1.29,1,14.38
7902,263.663,green,observed,1.0,2.25,,green,0,-15.97,0,-2.25,1,15.2
7905,263.764,green,observed,1.0,3.86,,green,0,-15.45,0,-3.86,1,15.29
7908,263.864,green,observed,1.0,2.25,,green,0,-15.97,0,-2.25,1,16.21
7911,263.964,green,observed,1.0,4.51,,green,0,-15.58,0,-4.51,1,15.02
7914,264.064,green,observed,1.0,2.41,,green,0,-15.71,0,-2.41,1,15.38
7917,264.164,green,observed,1.0,2.09,,green,0,-15.58,0,-2.09,1,15.48
7920,264.264,green,observed,1.0,3.22,,green,0,-15.71,0,-3.22,1,16.12
7923,264.364,green,observed,1.0,3.38,,green,0,-16.22,0,-3.38,1,16.12
7926,264.464,green,observed,1.0,3.22,,green,0,-16.48,0,-3.22,1,15.93
7929,264.564,green,observed,1.0,2.74,,green,0,-16.35,0,-2.74,1,16.94
7932,264.664,green,observed,1.0,2.74,,green,0,-15.32,0,-2.74,1,16.03
7935,264.764,green,observed,1.0,2.58,,green,0,-15.71,0,-2.58,1,16.48
7938,264.865,green,observed,1.0,4.67,,green,0,-15.45,0,-4.67,1,16.76
7941,264.965,green,observed,1.0,3.06,,green,0,-15.58,0,-3.06,1,15.38
7944,265.065,green,observed,1.0,4.02,,green,0,-15.45,0,-4.02,1,16.48
7947,265.165,green,observed,1.0,2.74,,green,0,-15.97,0,-2.74,1,15.84
7950,265.265,green,observed,0.724,1.45,,green,0,-16.48,0,-1.45,1,16.48
7953,265.365,green,observed,0.724,1.45,,green,0,-16.48,0,-1.45,1,15.75
7956,265.465,green,observed,1.0,2.25,,green,0,-16.35,0,-2.25,1,15.75
7959,265.565,green,observed,1.0,4.51,,green,0,-16.61,0,-4.51,1,15.93
7962,265.665,green,observed,1.0,2.09,,green,0,-16.1,0,-2.09,1,16.03
7965,265.766,green,observed,1.0,3.54,,green,0,-15.71,0,-3.54,1,15.38
7968,265.866,green,observed,1.0,2.74,,green,0,-16.1,0,-2.74,1,15.93
7971,265.966,green,observed,1.0,3.38,,green,0,-15.32,0,-3.38,1,14.83
7974,266.066,green,observed,1.0,3.7,,green,0,-15.84,0,-3.7,1,15.11
7977,266.166,green,observed,1.0,3.7,,green,0,-15.71,0,-3.7,1,14.83
7980,266.266,green,observed,1.0,4.67,,green,0,-15.71,0,-4.67,1,15.48
7983,266.366,green,observed,1.0,2.09,,green,0,-15.58,0,-2.09,1,14.83
7986,266.466,green,observed,1.0,2.41,,green,0,-15.84,0,-2.41,1,15.29
7989,266.566,green,observed,1.0,4.02,,green,0,-15.07,0,-4.02,1,16.67
7992,266.666,green,observed,1.0,4.51,,green,0,-15.97,0,-4.51,1,15.29
7995,266.766,green,observed,1.0,3.38,,green,0,-14.94,0,-3.38,1,15.11
7998,266.867,green,observed,0.805,1.61,,green,0,-15.45,0,-1.61,1,13.19
8001,266.967,green,observed,1.0,4.02,,green,0,-15.97,0,-4.02,1,14.65
8004,267.067,green,observed,1.0,4.02,,green,0,-14.55,0,-4.02,1,13.55
8007,267.167,green,observed,1.0,4.51,,green,0,-16.35,0,-4.51,1,14.47
8010,267.267,green,observed,0.805,1.61,,green,0,-15.84,0,-1.61,1,14.01
8013,267.367,green,observed,0.644,1.29,,green,0,-16.22,0,-1.29,1,14.29
8016,267.467,green,observed,1.0,3.38,,green,0,-16.1,0,-3.38,1,14.19
8019,267.567,green,observed,1.0,3.54,,green,0,-16.22,0,-3.54,1,13.37
8022,267.667,green,observed,0.805,1.61,,green,0,-16.35,0,-1.61,1,14.38
8025,267.768,green,observed,0.885,1.77,,green,0,-14.81,0,-1.77,1,13.64
8028,267.868,green,observed,1.0,3.54,,green,0,-15.71,0,-3.54,1,14.19
8031,267.968,green,observed,1.0,3.06,,green,0,-14.68,0,-3.06,1,14.1
8034,268.068,green,observed,0.644,1.29,,green,0,-15.84,0,-1.29,1,14.29
8037,268.168,green,observed,1.0,4.19,,green,0,-15.71,0,-4.19,1,12.64
8040,268.268,green,observed,1.0,2.9,,green,0,-15.97,0,-2.9,1,12.73
8043,268.368,green,observed,1.0,4.83,,green,0,-15.58,0,-4.83,1,12.73
8046,268.468,green,observed,1.0,3.22,,green,0,-16.22,0,-3.22,1,12.82
8049,268.568,green,observed,1.0,2.09,,green,0,-15.07,0,-2.09,1,13.19
8052,268.668,green,observed,1.0,2.41,,green,0,-15.71,0,-2.41,1,12.09
8055,268.768,green,observed,1.0,2.41,,green,0,-15.97,0,-2.41,1,13.0
8058,268.869,green,observed,1.0,3.22,,green,0,-15.97,0,-3.22,1,13.19
8061,268.969,green,low_confidence,0.402,0.8,lamp_near_threshold,green,0,-16.1,0,-0.8,1,13.37
8064,269.069,green,observed,1.0,3.54,,green,0,-14.94,0,-3.54,1,11.9
8067,269.169,green,observed,1.0,2.58,,green,0,-15.58,0,-2.58,1,12.64
8070,269.269,green,observed,1.0,2.74,,green,0,-16.1,0,-2.74,1,13.37
8073,269.369,green,observed,1.0,2.25,,green,0,-15.32,0,-2.25,1,12.27
8076,269.469,green,low_confidence,0.483,0.97,lamp_near_threshold,green,0,-16.35,0,-0.97,1,12.45
8079,269.569,green,observed,0.805,1.61,,green,0,-16.1,0,-1.61,1,13.37
8082,269.669,green,observed,0.805,1.61,,green,0,-14.94,0,-1.61,1,11.9
8085,269.77,green,observed,1.0,2.41,,green,0,-15.07,0,-2.41,1,11.63
8088,269.87,green,observed,1.0,3.06,,green,0,-15.97,0,-3.06,1,13.1
8091,269.97,green,observed,0.885,1.77,,green,0,-15.84,0,-1.77,1,11.9
8094,270.07,green,observed,1.0,3.54,,green,0,-16.22,0,-3.54,1,11.54
8097,270.17,green,observed,1.0,2.74,,green,0,-15.07,0,-2.74,1,12.55
8100,270.27,green,observed,1.0,3.22,,green,0,-15.32,0,-3.22,1,12.27
8103,270.37,green,observed,1.0,2.25,,green,0,-15.45,0,-2.25,1,12.55
8106,270.47,green,observed,1.0,3.38,,green,0,-15.71,0,-3.38,1,12.09
8109,270.57,green,observed,1.0,3.22,,green,0,-15.19,0,-3.22,1,12.55
8112,270.67,green,observed,0.724,1.45,,green,0,-15.07,0,-1.45,1,12.73
8115,270.77,green,observed,1.0,2.74,,green,0,-15.32,0,-2.74,1,12.82
8118,270.871,green,observed,1.0,2.09,,green,0,-16.22,0,-2.09,1,12.27
8121,270.971,green,observed,1.0,2.58,,green,0,-15.84,0,-2.58,1,12.36
8124,271.071,green,observed,1.0,2.9,,green,0,-14.94,0,-2.9,1,12.45
8127,271.171,green,observed,1.0,2.9,,green,0,-15.45,0,-2.9,1,12.64
8130,271.271,green,observed,1.0,2.9,,green,0,-15.97,0,-2.9,1,11.81
8133,271.371,green,observed,1.0,2.41,,green,0,-15.45,0,-2.41,1,12.27
8136,271.471,green,observed,0.805,1.61,,green,0,-15.19,0,-1.61,1,12.18
8139,271.571,green,observed,1.0,3.06,,green,0,-14.55,0,-3.06,1,12.27
8142,271.671,green,observed,1.0,2.9,,green,0,-15.32,0,-2.9,1,12.36
8145,271.772,green,observed,1.0,3.22,,green,0,-15.97,0,-3.22,1,12.73
8148,271.872,green,observed,1.0,2.09,,green,0,-15.58,0,-2.09,1,11.81
8151,271.972,green,observed,1.0,2.9,,green,0,-16.48,0,-2.9,1,12.55
8154,272.072,green,observed,1.0,2.41,,green,0,-14.94,0,-2.41,1,13.19
8157,272.172,green,observed,1.0,2.41,,green,0,-15.19,0,-2.41,1,12.73
8160,272.272,green,observed,1.0,3.54,,green,0,-15.97,0,-3.54,1,11.72
8163,272.372,green,observed,1.0,3.06,,green,0,-15.32,0,-3.06,1,12.55
8166,272.472,green,observed,1.0,2.9,,green,0,-15.19,0,-2.9,1,13.37
8169,272.572,green,observed,1.0,3.06,,green,0,-15.97,0,-3.06,1,13.28
8172,272.672,green,observed,1.0,2.58,,green,0,-14.68,0,-2.58,1,13.1
8175,272.772,green,observed,1.0,3.86,,green,0,-14.94,0,-3.86,1,13.37
8178,272.873,green,observed,1.0,3.7,,green,0,-15.07,0,-3.7,1,13.74
8181,272.973,green,observed,1.0,2.09,,green,0,-15.71,0,-2.09,1,13.0
8184,273.073,green,observed,1.0,3.7,,green,0,-14.81,0,-3.7,1,14.29
8187,273.173,green,observed,0.885,1.77,,green,0,-15.58,0,-1.77,1,13.92
8190,273.273,green,observed,1.0,4.83,,green,0,-15.58,0,-4.83,1,13.64
8193,273.373,green,observed,1.0,2.74,,green,0,-14.68,0,-2.74,1,14.83
8196,273.473,green,observed,1.0,2.9,,green,0,-15.32,0,-2.9,1,14.83
8199,273.573,green,observed,1.0,2.9,,green,0,-15.58,0,-2.9,1,13.64
8202,273.673,green,observed,1.0,4.02,,green,0,-15.32,0,-4.02,1,14.74
8205,273.774,green,observed,1.0,4.02,,green,0,-15.58,0,-4.02,1,14.1
8208,273.874,green,observed,1.0,3.54,,green,0,-15.32,0,-3.54,1,16.3
8211,273.974,green,observed,1.0,3.22,,green,0,-15.71,0,-3.22,1,15.2
8214,274.074,green,observed,1.0,3.86,,green,0,-15.58,0,-3.86,1,15.11
8217,274.174,green,observed,1.0,2.25,,green,0,-15.58,0,-2.25,1,15.38
8220,274.274,green,observed,1.0,2.58,,green,0,-15.32,0,-2.58,1,14.74
8223,274.374,green,observed,1.0,2.9,,green,0,-15.32,0,-2.9,1,16.21
8226,274.474,green,observed,1.0,2.41,,green,0,-15.32,0,-2.41,1,14.38
8229,274.574,green,observed,1.0,3.86,,green,0,-15.58,0,-3.86,1,15.29
8232,274.674,green,observed,1.0,4.19,,green,0,-15.45,0,-4.19,1,14.1
8235,274.774,green,observed,0.885,1.77,,green,0,-15.58,0,-1.77,1,14.74
8238,274.875,green,observed,1.0,2.41,,green,0,-15.71,0,-2.41,1,14.83
8241,274.975,green,observed,1.0,2.9,,green,0,-15.58,0,-2.9,1,13.83
8244,275.075,green,observed,1.0,2.41,,green,0,-15.97,0,-2.41,1,14.83
8247,275.175,green,observed,1.0,2.9,,green,0,-16.22,0,-2.9,1,14.29
8250,275.275,green,observed,1.0,3.38,,green,0,-16.35,0,-3.38,1,15.11
8253,275.375,green,observed,1.0,3.22,,green,0,-16.61,0,-3.22,1,13.74
8256,275.475,green,observed,1.0,4.19,,green,0,-16.74,0,-4.19,1,13.74
8259,275.575,green,observed,1.0,3.38,,green,0,-15.07,0,-3.38,1,13.74
8262,275.675,green,observed,1.0,2.41,,green,0,-15.45,0,-2.41,1,14.29
8265,275.776,green,observed,0.966,1.93,,green,0,-15.32,0,-1.93,1,14.56
8268,275.876,green,observed,0.966,1.93,,green,0,-15.19,0,-1.93,1,13.55
8271,275.976,green,observed,1.0,2.25,,green,0,-14.55,0,-2.25,1,14.47
8274,276.076,green,observed,1.0,2.58,,green,0,-14.42,0,-2.58,1,15.02
8277,276.176,green,observed,0.724,1.45,,green,0,-15.45,0,-1.45,1,13.46
8280,276.276,green,observed,1.0,3.7,,green,0,-15.58,0,-3.7,1,13.55
8283,276.376,green,observed,1.0,3.7,,green,0,-15.71,0,-3.7,1,13.74
8286,276.476,green,observed,1.0,3.7,,green,0,-15.58,0,-3.7,1,13.83
8289,276.576,green,observed,1.0,3.22,,green,0,-15.45,0,-3.22,1,13.55
8292,276.676,green,observed,1.0,3.7,,green,0,-16.22,0,-3.7,1,12.64
8295,276.776,green,observed,1.0,3.7,,green,0,-15.97,0,-3.7,1,13.64
8298,276.877,green,observed,1.0,3.7,,green,0,-15.84,0,-3.7,1,13.92
8301,276.977,green,observed,1.0,3.06,,green,0,-15.71,0,-3.06,1,13.37
8304,277.077,green,observed,1.0,3.06,,green,0,-15.71,0,-3.06,1,13.0
8307,277.177,green,observed,1.0,3.06,,green,0,-16.1,0,-3.06,1,12.91
8310,277.277,green,observed,1.0,2.74,,green,0,-14.81,0,-2.74,1,12.91
8313,277.377,green,observed,1.0,2.41,,green,0,-15.71,0,-2.41,1,12.45
8316,277.477,green,observed,1.0,3.22,,green,0,-15.45,0,-3.22,1,13.46
8319,277.577,green,observed,1.0,3.86,,green,0,-15.71,0,-3.86,1,13.83
8322,277.677,green,observed,1.0,3.54,,green,0,-15.71,0,-3.54,1,12.09
8325,277.778,green,observed,1.0,3.54,,green,0,-14.94,0,-3.54,1,12.64
8328,277.878,green,observed,1.0,3.38,,green,0,-15.84,0,-3.38,1,11.26
8331,277.978,green_blink,observed,1.0,3.06,,green_flash,0,-15.84,0,-3.06,0,-14.29
8334,278.078,green_blink,observed,1.0,4.19,,green_flash,0,-15.45,0,-4.19,0,-14.93
8337,278.178,green_blink,observed,1.0,2.41,,green_flash,0,-15.19,0,-2.41,0,-14.65
8340,278.278,green_blink,observed,1.0,2.74,,green_flash,0,-15.07,0,-2.74,0,-13.64
8343,278.378,green_blink,observed,1.0,2.74,,green,0,-15.07,0,-2.74,1,10.26
8346,278.478,green_blink,observed,1.0,2.9,,green,0,-15.07,0,-2.9,1,13.28
8349,278.578,green_blink,observed,1.0,2.25,,green,0,-15.32,0,-2.25,1,11.63
8352,278.678,green_blink,observed,1.0,4.67,,green,0,-14.68,0,-4.67,1,12.27
8355,278.778,green_blink,observed,1.0,2.25,,green,0,-15.84,0,-2.25,1,12.73
8358,278.879,green_blink,observed,1.0,3.54,,green_flash,0,-15.58,0,-3.54,0,-13.46
8361,278.979,green_blink,observed,1.0,2.9,,green_flash,0,-15.45,0,-2.9,0,-14.47
8364,279.079,green_blink,observed,1.0,3.22,,green_flash,0,-16.1,0,-3.22,0,-14.01
8367,279.179,green_blink,observed,1.0,2.58,,green_flash,0,-16.48,0,-2.58,0,-14.56
8370,279.279,green_blink,observed,1.0,3.22,,green_flash,0,-15.07,0,-3.22,0,-13.46
8373,279.379,green_blink,observed,1.0,3.06,,green,0,-15.84,0,-3.06,1,10.44
8376,279.479,green_blink,observed,1.0,2.9,,green,0,-15.07,0,-2.9,1,12.91
8379,279.579,green_blink,observed,1.0,3.54,,green,0,-15.58,0,-3.54,1,12.82
8382,279.679,green_blink,observed,1.0,2.41,,green,0,-15.58,0,-2.41,1,12.73
8385,279.78,green_blink,observed,1.0,3.06,,green,0,-16.1,0,-3.06,1,11.54
8388,279.88,green_blink,observed,1.0,3.38,,green_flash,0,-15.19,0,-3.38,0,-13.46
8391,279.98,green_blink,observed,1.0,2.74,,green_flash,0,-15.97,0,-2.74,0,-14.47
8394,280.08,green_blink,observed,1.0,2.09,,green_flash,0,-15.45,0,-2.09,0,-14.74
8397,280.18,green_blink,observed,1.0,3.7,,green_flash,0,-15.45,0,-3.7,0,-14.38
8400,280.28,green_blink,observed,1.0,2.58,,green_flash,0,-15.32,0,-2.58,0,-13.92
8403,280.38,green_blink,observed,1.0,2.58,,green,0,-15.32,0,-2.58,1,10.44
8406,280.48,green_blink,observed,0.966,1.93,,green,0,-14.68,0,-1.93,1,13.1
8409,280.58,green_blink,observed,1.0,2.09,,green,0,-16.22,0,-2.09,1,11.81
8412,280.68,green_blink,observed,1.0,2.58,,green,0,-15.32,0,-2.58,1,12.0
8415,280.78,green_blink,observed,1.0,2.09,,green,0,-15.07,0,-2.09,1,13.37
8418,280.881,green_blink,observed,1.0,3.06,,green_flash,0,-15.71,0,-3.06,0,-12.91
8421,280.981,amber,observed,1.0,3.54,,amber,0,-15.84,1,3.54,0,-14.38
8424,281.081,amber,observed,0.966,1.93,,amber,0,-15.71,1,1.93,0,-14.19
8427,281.181,amber,observed,0.805,1.61,,amber,0,-15.84,1,1.61,0,-14.19
8430,281.281,amber,observed,1.0,3.7,,amber,0,-15.19,1,3.7,0,-14.74
8433,281.381,amber,observed,1.0,3.86,,amber,0,-14.55,1,3.86,0,-14.74
8436,281.481,amber,observed,1.0,3.38,,amber,0,-15.32,1,3.38,0,-15.02
8439,281.581,amber,observed,1.0,5.31,,amber,0,-15.19,1,5.31,0,-15.2
8442,281.681,amber,observed,1.0,3.22,,amber,0,-15.32,1,3.22,0,-15.02
8445,281.782,amber,observed,1.0,3.06,,amber,0,-16.35,1,3.06,0,-14.65
8448,281.882,amber,observed,0.885,1.77,,amber,0,-15.84,1,1.77,0,-14.93
8451,281.982,amber,observed,1.0,2.41,,amber,0,-15.58,1,2.41,0,-14.29
8454,282.082,amber,observed,0.805,1.61,,amber,0,-15.58,1,1.61,0,-14.38
8457,282.182,amber,observed,0.885,1.77,,amber,0,-16.1,1,1.77,0,-14.47
8460,282.282,amber,observed,1.0,4.19,,amber,0,-15.32,1,4.19,0,-14.29
8463,282.382,amber,observed,1.0,2.58,,amber,0,-15.71,1,2.58,0,-14.29
8466,282.482,amber,observed,1.0,3.06,,amber,0,-14.81,1,3.06,0,-15.11
8469,282.582,amber,observed,1.0,4.02,,amber,0,-15.32,1,4.02,0,-14.19
8472,282.682,amber,observed,1.0,3.38,,amber,0,-16.22,1,3.38,0,-14.83
8475,282.782,amber,observed,1.0,4.99,,amber,0,-15.71,1,4.99,0,-14.65
8478,282.883,amber,observed,1.0,3.7,,amber,0,-14.81,1,3.7,0,-14.56
8481,282.983,amber,observed,1.0,4.51,,amber,0,-15.84,1,4.51,0,-14.47
8484,283.083,amber,observed,1.0,4.83,,amber,0,-15.71,1,4.83,0,-14.56
8487,283.183,amber,observed,1.0,2.58,,amber,0,-14.94,1,2.58,0,-14.74
8490,283.283,amber,observed,1.0,3.86,,amber,0,-14.68,1,3.86,0,-14.29
8493,283.383,amber,observed,1.0,3.7,,amber,0,-14.55,1,3.7,0,-14.01
8496,283.483,amber,observed,1.0,3.06,,amber,0,-15.84,1,3.06,0,-14.93
8499,283.583,amber,observed,1.0,5.31,,amber,0,-15.58,1,5.31,0,-14.74
8502,283.683,amber,observed,1.0,4.67,,amber,0,-15.45,1,4.67,0,-14.56
8505,283.784,amber,observed,1.0,2.9,,amber,0,-14.29,1,2.9,0,-14.19
8508,283.884,amber,observed,0.644,1.29,,amber,0,-15.32,1,1.29,0,-14.47
8511,283.984,red,observed,1.0,2.25,,red,1,17.9,0,-2.25,0,-15.2
8514,284.084,red,observed,1.0,3.22,,red,1,17.13,0,-3.22,0,-14.56
8517,284.184,red,observed,1.0,3.22,,red,1,17.77,0,-3.22,0,-15.2
8520,284.284,red,observed,0.805,1.61,,red,1,15.58,0,-1.61,0,-14.1
8523,284.384,red,observed,1.0,4.19,,red,1,17.9,0,-4.19,0,-14.83
8526,284.484,red,observed,1.0,2.74,,red,1,16.1,0,-2.74,0,-14.01
8529,284.584,red,observed,1.0,5.63,,red,1,17.0,0,-5.63,0,-14.56
8532,284.684,red,observed,1.0,3.54,,red,1,15.71,0,-3.54,0,-15.2
8535,284.784,red,observed,1.0,2.74,,red,1,16.35,0,-2.74,0,-15.11
8538,284.885,red,observed,1.0,3.06,,red,1,17.0,0,-3.06,0,-14.56
8541,284.985,red,observed,1.0,3.86,,red,1,17.13,0,-3.86,0,-14.29
8544,285.085,red,observed,1.0,3.22,,red,1,16.87,0,-3.22,0,-14.47
8547,285.185,red,observed,1.0,3.54,,red,1,17.9,0,-3.54,0,-14.65
8550,285.285,red,observed,1.0,2.9,,red,1,17.9,0,-2.9,0,-14.93
8553,285.385,red,observed,1.0,2.58,,red,1,17.9,0,-2.58,0,-14.65
8556,285.485,red,observed,1.0,2.74,,red,1,17.51,0,-2.74,0,-14.65
8559,285.585,red,observed,1.0,3.06,,red,1,18.93,0,-3.06,0,-15.2
8562,285.685,red,observed,1.0,2.74,,red,1,18.16,0,-2.74,0,-14.83
8565,285.786,red,observed,1.0,4.67,,red,1,16.22,0,-4.67,0,-14.93
8568,285.886,red,observed,1.0,3.22,,red,1,17.0,0,-3.22,0,-14.1
8571,285.986,red,observed,1.0,2.58,,red,1,15.71,0,-2.58,0,-14.1
8574,286.086,red,observed,1.0,2.9,,red,1,16.74,0,-2.9,0,-14.38
8577,286.186,red,observed,1.0,2.9,,red,1,16.35,0,-2.9,0,-14.65
8580,286.286,red,observed,1.0,2.41,,red,1,16.87,0,-2.41,0,-14.38
8583,286.386,red,observed,1.0,2.25,,red,1,16.1,0,-2.25,0,-14.38
8586,286.486,red,observed,1.0,3.22,,red,1,16.22,0,-3.22,0,-14.19
8589,286.586,red,observed,1.0,3.7,,red,1,15.97,0,-3.7,0,-14.01
8592,286.686,red,observed,0.805,1.61,,red,1,16.22,0,-1.61,0,-14.65
8595,286.786,red,observed,0.724,1.45,,red,1,15.84,0,-1.45,0,-14.65
8598,286.887,red,observed,1.0,2.25,,red,1,16.74,0,-2.25,0,-13.92
8601,286.987,red,observed,1.0,2.41,,red,1,15.71,0,-2.41,0,-13.83
8604,287.087,red,observed,1.0,2.09,,red,1,14.94,0,-2.09,0,-14.01
8607,287.187,red,observed,1.0,2.09,,red,1,15.19,0,-2.09,0,-14.01
8610,287.287,red,observed,1.0,3.06,,red,1,15.45,0,-3.06,0,-14.74
8613,287.387,red,observed,1.0,3.38,,red,1,14.04,0,-3.38,0,-14.74
8616,287.487,red,observed,1.0,3.7,,red,1,15.32,0,-3.7,0,-14.56
8619,287.587,red,observed,0.966,1.93,,red,1,14.55,0,-1.93,0,-14.1
8622,287.687,red,observed,1.0,2.25,,red,1,14.16,0,-2.25,0,-14.74
8625,287.788,red,observed,1.0,2.25,,red,1,13.65,0,-2.25,0,-14.93
8628,287.888,red,observed,1.0,4.51,,red,1,14.94,0,-4.51,0,-14.65
8631,287.988,red,observed,1.0,4.35,,red,1,15.58,0,-4.35,0,-14.65
8634,288.088,red,observed,1.0,3.06,,red,1,14.16,0,-3.06,0,-14.56
8637,288.188,red,observed,1.0,2.74,,red,1,14.94,0,-2.74,0,-14.56
8640,288.288,red,observed,1.0,2.9,,red,1,14.04,0,-2.9,0,-14.19
8643,288.388,red,observed,1.0,3.06,,red,1,13.65,0,-3.06,0,-14.29
8646,288.488,red,observed,1.0,3.7,,red,1,14.29,0,-3.7,0,-15.11
8649,288.588,red,observed,1.0,3.38,,red,1,13.65,0,-3.38,0,-14.1
8652,288.688,red,observed,1.0,2.41,,red,1,15.07,0,-2.41,0,-14.01
8655,288.788,red,observed,1.0,2.9,,red,1,15.71,0,-2.9,0,-13.92
8658,288.889,red,observed,1.0,2.9,,red,1,14.42,0,-2.9,0,-14.29
8661,288.989,red,observed,1.0,3.54,,red,1,14.16,0,-3.54,0,-13.92
8664,289.089,red,observed,1.0,3.06,,red,1,14.04,0,-3.06,0,-14.38
8667,289.189,red,observed,1.0,2.9,,red,1,14.68,0,-2.9,0,-14.65
8670,289.289,red,observed,1.0,2.74,,red,1,14.55,0,-2.74,0,-13.92
8673,289.389,red,observed,1.0,3.06,,red,1,14.94,0,-3.06,0,-14.65
8676,289.489,red,observed,1.0,3.38,,red,1,15.07,0,-3.38,0,-14.65
8679,289.589,red,observed,1.0,3.7,,red,1,15.32,0,-3.7,0,-14.1
8682,289.689,red,observed,1.0,3.38,,red,1,14.81,0,-3.38,0,-14.29
8685,289.79,red,observed,1.0,3.06,,red,1,14.68,0,-3.06,0,-13.74
8688,289.89,red,observed,1.0,3.86,,red,1,15.71,0,-3.86,0,-14.93
8691,289.99,red,observed,1.0,3.38,,red,1,15.45,0,-3.38,0,-15.11
8694,290.09,red,observed,1.0,3.7,,red,1,15.32,0,-3.7,0,-14.29
8697,290.19,red,observed,1.0,3.54,,red,1,15.45,0,-3.54,0,-14.93
8700,290.29,red,observed,1.0,3.22,,red,1,15.58,0,-3.22,0,-14.47
8703,290.39,red,observed,0.966,1.93,,red,1,15.45,0,-1.93,0,-14.56
8706,290.49,red,observed,1.0,3.7,,red,1,15.19,0,-3.7,0,-14.56
8709,290.59,red,observed,1.0,3.86,,red,1,15.71,0,-3.86,0,-14.93
8712,290.69,red,observed,1.0,2.9,,red,1,15.97,0,-2.9,0,-14.65
8715,290.79,red,observed,1.0,3.86,,red,1,17.25,0,-3.86,0,-13.74
8718,290.891,red,observed,1.0,2.74,,red,1,16.35,0,-2.74,0,-14.93
8721,290.991,red,observed,1.0,2.41,,red,1,16.74,0,-2.41,0,-14.47
8724,291.091,red,observed,1.0,2.25,,red,1,16.22,0,-2.25,0,-14.74
8727,291.191,red,observed,1.0,2.58,,red,1,16.87,0,-2.58,0,-14.74
8730,291.291,red,observed,1.0,3.22,,red,1,15.71,0,-3.22,0,-13.92
8733,291.391,red,observed,1.0,2.9,,red,1,16.48,0,-2.9,0,-14.65
8736,291.491,red,observed,1.0,3.06,,red,1,18.03,0,-3.06,0,-14.29
8739,291.591,red,observed,1.0,3.7,,red,1,17.0,0,-3.7,0,-14.56
8742,291.691,red,observed,1.0,2.9,,red,1,17.25,0,-2.9,0,-14.29
8745,291.792,red,observed,1.0,2.9,,red,1,16.74,0,-2.9,0,-14.65
8748,291.892,red,observed,1.0,2.09,,red,1,16.74,0,-2.09,0,-14.56
8751,291.992,red,observed,1.0,2.74,,red,1,16.61,0,-2.74,0,-14.74
8754,292.092,red,observed,1.0,2.09,,red,1,16.74,0,-2.09,0,-14.47
8757,292.192,red,observed,1.0,2.58,,red,1,17.64,0,-2.58,0,-14.65
8760,292.292,red,observed,1.0,2.9,,red,1,16.74,0,-2.9,0,-14.93
8763,292.392,red,observed,1.0,2.9,,red,1,17.0,0,-2.9,0,-14.47
8766,292.492,red,observed,1.0,3.06,,red,1,16.48,0,-3.06,0,-14.83
8769,292.592,red,observed,1.0,2.74,,red,1,17.64,0,-2.74,0,-14.74
8772,292.692,red,observed,1.0,2.41,,red,1,18.28,0,-2.41,0,-13.92
8775,292.792,red,observed,1.0,3.22,,red,1,17.38,0,-3.22,0,-14.01
8778,292.893,red,observed,0.966,1.93,,red,1,15.71,0,-1.93,0,-14.83
8781,292.993,red,observed,1.0,2.25,,red,1,17.25,0,-2.25,0,-15.11
8784,293.093,red,observed,1.0,2.41,,red,1,15.45,0,-2.41,0,-15.2
8787,293.193,red,observed,1.0,2.58,,red,1,17.25,0,-2.58,0,-14.93
8790,293.293,red,observed,1.0,2.74,,red,1,16.61,0,-2.74,0,-14.74
8793,293.393,red,observed,1.0,2.74,,red,1,16.22,0,-2.74,0,-14.47
8796,293.493,red,observed,1.0,2.58,,red,1,15.97,0,-2.58,0,-14.93
8799,293.593,red,observed,1.0,2.58,,red,1,16.74,0,-2.58,0,-14.83
8802,293.693,red,observed,1.0,2.58,,red,1,15.97,0,-2.58,0,-14.47
8805,293.794,red,observed,1.0,2.58,,red,1,15.84,0,-2.58,0,-14.47
8808,293.894,red,observed,1.0,3.22,,red,1,16.35,0,-3.22,0,-14.65
8811,293.994,red,observed,1.0,3.7,,red,1,14.42,0,-3.7,0,-13.92
8814,294.094,red,observed,1.0,3.7,,red,1,15.97,0,-3.7,0,-14.1
8817,294.194,red,observed,1.0,2.9,,red,1,16.48,0,-2.9,0,-14.74
8820,294.294,red,observed,1.0,3.06,,red,1,15.19,0,-3.06,0,-14.65
8823,294.394,red,observed,1.0,3.06,,red,1,15.84,0,-3.06,0,-14.29
8826,294.494,red,observed,1.0,3.54,,red,1,14.81,0,-3.54,0,-14.65
8829,294.594,red,observed,1.0,3.38,,red,1,16.87,0,-3.38,0,-14.1
8832,294.694,red,observed,1.0,3.38,,red,1,16.61,0,-3.38,0,-14.65
8835,294.794,red,observed,1.0,3.06,,red,1,17.13,0,-3.06,0,-14.01
8838,294.895,red,observed,1.0,3.7,,red,1,16.61,0,-3.7,0,-14.74
8841,294.995,red,observed,1.0,3.54,,red,1,15.97,0,-3.54,0,-14.38
8844,295.095,red,observed,1.0,2.74,,red,1,15.97,0,-2.74,0,-14.47
8847,295.195,red,observed,1.0,2.58,,red,1,16.61,0,-2.58,0,-14.38
8850,295.295,red,observed,1.0,3.22,,red,1,15.84,0,-3.22,0,-14.56
8853,295.395,red,observed,1.0,3.06,,red,1,14.94,0,-3.06,0,-14.93
8856,295.495,red,observed,1.0,3.22,,red,1,16.61,0,-3.22,0,-14.01
8859,295.595,red,observed,1.0,3.22,,red,1,15.97,0,-3.22,0,-13.92
8862,295.695,red,observed,1.0,3.06,,red,1,16.48,0,-3.06,0,-14.56
8865,295.796,red,observed,1.0,3.54,,red,1,15.97,0,-3.54,0,-14.47
8868,295.896,red,observed,1.0,2.58,,red,1,15.97,0,-2.58,0,-14.56
8871,295.996,red,observed,1.0,2.41,,red,1,15.97,0,-2.41,0,-14.47
8874,296.096,red,observed,1.0,3.38,,red,1,16.48,0,-3.38,0,-13.92
8877,296.196,red,observed,1.0,3.06,,red,1,15.07,0,-3.06,0,-14.01
8880,296.296,red,observed,1.0,4.02,,red,1,16.22,0,-4.02,0,-14.1
8883,296.396,red,observed,1.0,3.86,,red,1,15.84,0,-3.86,0,-14.29
8886,296.496,red,observed,1.0,3.38,,red,1,15.84,0,-3.38,0,-15.02
8889,296.596,red,observed,1.0,3.54,,red,1,15.32,0,-3.54,0,-14.29
8892,296.696,red,observed,1.0,4.02,,red,1,15.19,0,-4.02,0,-14.47
8895,296.796,red,observed,1.0,3.7,,red,1,16.61,0,-3.7,0,-14.74
8898,296.897,red,observed,1.0,2.09,,red,1,16.1,0,-2.09,0,-14.47
8901,296.997,red,observed,1.0,3.86,,red,1,13.91,0,-3.86,0,-14.56
8904,297.097,red,observed,1.0,4.19,,red,1,15.71,0,-4.19,0,-13.92
8907,297.197,red,observed,1.0,3.06,,red,1,15.45,0,-3.06,0,-14.19
8910,297.297,red,observed,1.0,3.06,,red,1,15.71,0,-3.06,0,-13.83
8913,297.397,red,observed,1.0,3.22,,red,1,15.97,0,-3.22,0,-14.47
8916,297.497,red,observed,1.0,2.74,,red,1,16.61,0,-2.74,0,-14.65
8919,297.597,red,observed,1.0,2.25,,red,1,16.22,0,-2.25,0,-14.47
8922,297.697,red,observed,1.0,2.9,,red,1,15.84,0,-2.9,0,-14.19
8925,297.798,red,observed,1.0,3.54,,red,1,15.19,0,-3.54,0,-13.55
8928,297.898,red,observed,1.0,2.41,,red,1,16.1,0,-2.41,0,-14.29
8931,297.998,red,observed,1.0,3.22,,red,1,17.64,0,-3.22,0,-14.56
8934,298.098,red,observed,1.0,2.58,,red,1,15.97,0,-2.58,0,-15.02
8937,298.198,red,observed,1.0,2.9,,red,1,15.58,0,-2.9,0,-14.56
8940,298.298,red,observed,1.0,3.38,,red,1,16.61,0,-3.38,0,-14.74
8943,298.398,red,observed,1.0,3.22,,red,1,17.13,0,-3.22,0,-15.29
8946,298.498,red,observed,1.0,3.54,,red,1,18.03,0,-3.54,0,-14.29
8949,298.598,red,observed,1.0,3.06,,red,1,16.48,0,-3.06,0,-14.19
8952,298.698,red,observed,1.0,3.22,,red,1,17.0,0,-3.22,0,-14.47
8955,298.798,red,observed,1.0,3.38,,red,1,17.13,0,-3.38,0,-14.19
8958,298.899,red,observed,1.0,2.74,,red,1,16.87,0,-2.74,0,-14.19
8961,298.999,red,observed,1.0,4.35,,red,1,18.03,0,-4.35,0,-14.1
8964,299.099,red,observed,1.0,3.38,,red,1,17.77,0,-3.38,0,-14.01
8967,299.199,red,observed,1.0,3.54,,red,1,16.74,0,-3.54,0,-14.01
8970,299.299,red,observed,1.0,2.9,,red,1,16.35,0,-2.9,0,-14.56
8973,299.399,red,observed,1.0,2.58,,red,1,16.74,0,-2.58,0,-14.56
8976,299.499,red,observed,1.0,2.74,,red,1,16.35,0,-2.74,0,-14.65
8979,299.599,red,observed,0.885,1.77,,red,1,18.28,0,-1.77,0,-14.56
8982,299.699,red,observed,1.0,2.9,,red,1,16.35,0,-2.9,0,-14.47
8985,299.8,red,observed,1.0,3.7,,red,1,16.61,0,-3.7,0,-14.56
8988,299.9,red,observed,1.0,3.54,,red,1,16.22,0,-3.54,0,-14.65
8991,300.0,red,observed,1.0,3.38,,red,1,17.77,0,-3.38,0,-14.29
8994,300.1,red,observed,1.0,3.54,,red,1,16.22,0,-3.54,0,-14.29
8997,300.2,red,observed,1.0,3.22,,red,1,15.58,0,-3.22,0,-15.02
9000,300.3,red,observed,1.0,3.06,,red,1,17.51,0,-3.06,0,-14.74
9003,300.4,red,observed,1.0,3.38,,red,1,17.0,0,-3.38,0,-14.65
9006,300.5,red,observed,1.0,4.99,,red,1,16.48,0,-4.99,0,-14.65
9009,300.6,red,observed,1.0,3.38,,red,1,18.8,0,-3.38,0,-14.29
9012,300.7,red,observed,1.0,3.86,,red,1,15.71,0,-3.86,0,-14.01
9015,300.8,red,observed,1.0,3.86,,red,1,16.48,0,-3.86,0,-14.74
9018,300.901,red,observed,1.0,4.19,,red,1,15.97,0,-4.19,0,-14.74
9021,301.001,red,observed,1.0,4.51,,red,1,15.32,0,-4.51,0,-14.38
9024,301.101,red,observed,1.0,4.35,,red,1,15.84,0,-4.35,0,-14.93
9027,301.201,red,observed,1.0,2.9,,red,1,15.97,0,-2.9,0,-14.47
9030,301.301,red,observed,1.0,3.22,,red,1,15.97,0,-3.22,0,-14.38
9033,301.401,red,observed,1.0,2.74,,red,1,16.48,0,-2.74,0,-13.92
9036,301.501,red,observed,1.0,3.86,,red,1,16.22,0,-3.86,0,-14.38
9039,301.601,red,observed,1.0,3.7,,red,1,15.97,0,-3.7,0,-14.29
9042,301.701,red,observed,1.0,3.86,,red,1,17.0,0,-3.86,0,-14.38
9045,301.802,red,observed,1.0,2.58,,red,1,16.1,0,-2.58,0,-14.38
9048,301.902,red,observed,1.0,4.02,,red,1,16.22,0,-4.02,0,-14.56
9051,302.002,red,observed,1.0,4.19,,red,1,16.1,0,-4.19,0,-14.38
9054,302.102,red,observed,1.0,3.54,,red,1,14.42,0,-3.54,0,-14.65
9057,302.202,red,observed,1.0,3.7,,red,1,15.71,0,-3.7,0,-14.65
9060,302.302,red,observed,1.0,3.54,,red,1,15.19,0,-3.54,0,-14.47
9063,302.402,red,observed,1.0,3.22,,red,1,15.71,0,-3.22,0,-14.38
9066,302.502,red,observed,1.0,3.54,,red,1,14.68,0,-3.54,0,-14.47
9069,302.602,red,observed,1.0,3.22,,red,1,15.45,0,-3.22,0,-14.47
9072,302.702,red,observed,1.0,3.54,,red,1,14.94,0,-3.54,0,-15.38
9075,302.802,red,observed,1.0,3.22,,red,1,16.1,0,-3.22,0,-14.56
9078,302.903,red,observed,1.0,3.54,,red,1,14.81,0,-3.54,0,-14.74
9081,303.003,red,observed,1.0,3.54,,red,1,15.32,0,-3.54,0,-14.29
9084,303.103,red,observed,1.0,3.38,,red,1,15.84,0,-3.38,0,-14.19
9087,303.203,red,observed,1.0,3.38,,red,1,15.97,0,-3.38,0,-14.56
9090,303.303,red,observed,1.0,2.25,,red,1,16.35,0,-2.25,0,-14.65
9093,303.403,red,observed,1.0,2.25,,red,1,16.48,0,-2.25,0,-14.38
9096,303.503,red,observed,1.0,2.25,,red,1,14.29,0,-2.25,0,-14.19
9099,303.603,red,observed,1.0,3.06,,red,1,15.07,0,-3.06,0,-14.19
9102,303.703,red,observed,1.0,2.25,,red,1,15.32,0,-2.25,0,-13.55
9105,303.804,red,observed,0.966,1.93,,red,1,15.07,0,-1.93,0,-14.19
9108,303.904,red,observed,1.0,3.7,,red,1,15.19,0,-3.7,0,-14.38
9111,304.004,red,observed,1.0,3.38,,red,1,15.32,0,-3.38,0,-14.29
9114,304.104,red,observed,1.0,2.25,,red,1,14.29,0,-2.25,0,-15.2
9117,304.204,red,observed,0.966,1.93,,red,1,16.22,0,-1.93,0,-14.65
9120,304.304,red,observed,1.0,4.02,,red,1,15.97,0,-4.02,0,-14.1
9123,304.404,red,observed,1.0,4.02,,red,1,15.32,0,-4.02,0,-14.74
9126,304.504,red,observed,1.0,2.41,,red,1,16.22,0,-2.41,0,-14.19
9129,304.604,red,observed,1.0,2.25,,red,1,15.71,0,-2.25,0,-14.47
9132,304.704,red,observed,1.0,4.02,,red,1,15.84,0,-4.02,0,-15.29
9135,304.804,red,observed,1.0,4.02,,red,1,15.19,0,-4.02,0,-14.93
9138,304.905,red,observed,1.0,2.9,,red,1,16.22,0,-2.9,0,-15.02
9141,305.005,red,observed,1.0,2.74,,red,1,15.97,0,-2.74,0,-14.83
9144,305.105,red,observed,1.0,2.9,,red,1,16.1,0,-2.9,0,-14.38
9147,305.205,red,observed,1.0,2.58,,red,1,15.19,0,-2.58,0,-14.93
9150,305.305,red,observed,1.0,2.9,,red,1,16.74,0,-2.9,0,-13.92
9153,305.405,red,observed,1.0,4.51,,red,1,16.74,0,-4.51,0,-14.65
9156,305.505,red,observed,1.0,3.06,,red,1,16.87,0,-3.06,0,-14.56
9159,305.605,red,observed,1.0,3.06,,red,1,16.1,0,-3.06,0,-14.29
9162,305.705,red,observed,1.0,3.38,,red,1,16.1,0,-3.38,0,-14.56
9165,305.806,red,observed,1.0,2.9,,red,1,15.58,0,-2.9,0,-14.38
9168,305.906,red,observed,1.0,3.38,,red,1,16.74,0,-3.38,0,-14.19
9171,306.006,red,observed,1.0,3.54,,red,1,16.22,0,-3.54,0,-14.38
9174,306.106,red,observed,1.0,3.86,,red,1,17.0,0,-3.86,0,-14.93
9177,306.206,red,observed,1.0,3.54,,red,1,15.97,0,-3.54,0,-14.47
9180,306.306,red,observed,1.0,3.06,,red,1,15.84,0,-3.06,0,-14.1
9183,306.406,red,observed,1.0,3.06,,red,1,17.0,0,-3.06,0,-14.19
9186,306.506,red,observed,1.0,2.9,,red,1,16.48,0,-2.9,0,-15.02
9189,306.606,red,observed,1.0,3.22,,red,1,17.64,0,-3.22,0,-14.38
9192,306.706,red,observed,1.0,2.25,,red,1,17.13,0,-2.25,0,-14.93
9195,306.806,red,observed,1.0,3.22,,red,1,16.74,0,-3.22,0,-14.29
9198,306.907,red,observed,1.0,4.02,,red,1,16.35,0,-4.02,0,-13.64
9201,307.007,red,observed,1.0,3.54,,red,1,17.38,0,-3.54,0,-14.65
9204,307.107,red,observed,1.0,2.74,,red,1,17.51,0,-2.74,0,-14.56
9207,307.207,red,observed,1.0,2.41,,red,1,15.84,0,-2.41,0,-14.56
9210,307.307,red,observed,1.0,3.7,,red,1,16.87,0,-3.7,0,-14.29
9213,307.407,red,observed,1.0,3.54,,red,1,17.51,0,-3.54,0,-14.47
9216,307.507,red,observed,1.0,3.54,,red,1,15.71,0,-3.54,0,-13.83
9219,307.607,red,observed,1.0,3.22,,red,1,15.45,0,-3.22,0,-14.38
9222,307.707,red,observed,1.0,3.54,,red,1,18.03,0,-3.54,0,-14.1
9225,307.808,red,observed,1.0,3.38,,red,1,17.51,0,-3.38,0,-14.1
9228,307.908,red,observed,1.0,4.35,,red,1,15.32,0,-4.35,0,-13.92
9231,308.008,red,observed,1.0,3.54,,red,1,16.74,0,-3.54,0,-14.74
9234,308.108,red,observed,1.0,3.22,,red,1,15.71,0,-3.22,0,-14.93
9237,308.208,red,observed,1.0,3.22,,red,1,16.61,0,-3.22,0,-14.93
9240,308.308,red,observed,1.0,3.54,,red,1,16.61,0,-3.54,0,-14.74
9243,308.408,red,observed,1.0,3.54,,red,1,16.87,0,-3.54,0,-15.02
9246,308.508,red,observed,1.0,4.02,,red,1,15.84,0,-4.02,0,-15.11
9249,308.608,red,observed,1.0,3.7,,red,1,16.35,0,-3.7,0,-15.02
9252,308.708,red,observed,1.0,4.19,,red,1,16.22,0,-4.19,0,-14.65
9255,308.808,red,observed,1.0,3.22,,red,1,17.0,0,-3.22,0,-14.56
9258,308.909,red,observed,1.0,4.19,,red,1,14.29,0,-4.19,0,-15.2
9261,309.009,red,observed,1.0,4.83,,red,1,15.58,0,-4.83,0,-14.56
9264,309.109,red,observed,1.0,4.02,,red,1,14.81,0,-4.02,0,-14.1
9267,309.209,red,observed,1.0,3.06,,red,1,15.97,0,-3.06,0,-14.56
9270,309.309,red,observed,1.0,3.22,,red,1,14.68,0,-3.22,0,-13.83
9273,309.409,red,observed,1.0,3.22,,red,1,16.35,0,-3.22,0,-14.74
9276,309.509,red,observed,1.0,3.06,,red,1,14.94,0,-3.06,0,-14.74
9279,309.609,red,observed,1.0,3.38,,red,1,16.22,0,-3.38,0,-14.29
9282,309.709,red,observed,1.0,2.9,,red,1,14.29,0,-2.9,0,-14.47
9285,309.81,red,observed,1.0,3.06,,red,1,14.42,0,-3.06,0,-14.29
9288,309.91,red,observed,1.0,2.74,,red,1,15.71,0,-2.74,0,-14.01
9291,310.01,red,observed,1.0,2.74,,red,1,14.94,0,-2.74,0,-15.02
9294,310.11,red,observed,1.0,3.22,,red,1,14.68,0,-3.22,0,-13.92
9297,310.21,red,observed,1.0,2.9,,red,1,15.45,0,-2.9,0,-14.83
9300,310.31,red,observed,0.563,1.13,,red,1,15.07,0,-1.13,0,-14.74
9303,310.41,red,observed,1.0,3.7,,red,1,16.48,0,-3.7,0,-14.74
9306,310.51,red,observed,1.0,4.19,,red,1,15.97,0,-4.19,0,-14.19
9309,310.61,red,observed,1.0,2.09,,red,1,15.97,0,-2.09,0,-14.19
9312,310.71,red,observed,1.0,2.58,,red,1,14.81,0,-2.58,0,-14.38
9315,310.81,red,observed,1.0,2.58,,red,1,16.87,0,-2.58,0,-14.47
9318,310.911,red,observed,1.0,3.7,,red,1,13.91,0,-3.7,0,-14.65
9321,311.011,red,observed,0.644,1.29,,red,1,14.94,0,-1.29,0,-14.56
9324,311.111,red,observed,1.0,3.54,,red,1,14.81,0,-3.54,0,-14.65
9327,311.211,red,observed,1.0,3.54,,red,1,14.94,0,-3.54,0,-14.1
9330,311.311,red,observed,1.0,3.7,,red,1,14.42,0,-3.7,0,-14.56
9333,311.411,red,observed,1.0,3.7,,red,1,15.19,0,-3.7,0,-14.93
9336,311.511,red,observed,1.0,3.86,,red,1,14.81,0,-3.86,0,-14.47
9339,311.611,red,observed,1.0,2.09,,red,1,16.1,0,-2.09,0,-14.19
9342,311.711,red,observed,1.0,2.09,,red,1,14.94,0,-2.09,0,-14.47
9345,311.812,red,observed,1.0,2.09,,red,1,14.94,0,-2.09,0,-14.65
9348,311.912,red,observed,1.0,2.74,,red,1,13.52,0,-2.74,0,-14.01
9351,312.012,red,observed,1.0,2.58,,red,1,15.84,0,-2.58,0,-13.83
9354,312.112,red,observed,1.0,2.9,,red,1,16.1,0,-2.9,0,-14.29
9357,312.212,red,observed,1.0,2.25,,red,1,16.1,0,-2.25,0,-14.38
9360,312.312,red,observed,1.0,2.9,,red,1,14.29,0,-2.9,0,-14.38
9363,312.412,red,observed,1.0,2.9,,red,1,15.97,0,-2.9,0,-14.38
9366,312.512,red,observed,1.0,2.9,,red,1,17.13,0,-2.9,0,-14.29
9369,312.612,red,observed,1.0,2.74,,red,1,17.25,0,-2.74,0,-14.01
9372,312.712,red,observed,1.0,2.41,,red,1,17.25,0,-2.41,0,-15.02
9375,312.812,red,observed,1.0,3.54,,red,1,15.84,0,-3.54,0,-14.29
9378,312.913,red,observed,1.0,3.06,,red,1,16.1,0,-3.06,0,-14.29
9381,313.013,red,observed,1.0,3.06,,red,1,17.9,0,-3.06,0,-14.38
9384,313.113,red,observed,1.0,2.58,,red,1,16.35,0,-2.58,0,-14.01
9387,313.213,red,observed,1.0,2.74,,red,1,16.87,0,-2.74,0,-14.19
9390,313.313,red,observed,1.0,2.9,,red,1,17.13,0,-2.9,0,-14.56
9393,313.413,red,observed,1.0,3.06,,red,1,17.38,0,-3.06,0,-14.83
9396,313.513,red,observed,1.0,3.22,,red,1,18.03,0,-3.22,0,-14.38
9399,313.613,red,observed,0.966,1.93,,red,1,16.61,0,-1.93,0,-14.74
9402,313.713,red,observed,1.0,4.02,,red,1,16.48,0,-4.02,0,-14.83
9405,313.814,red,observed,1.0,3.7,,red,1,15.58,0,-3.7,0,-13.92
9408,313.914,red,observed,1.0,3.06,,red,1,17.51,0,-3.06,0,-14.65
9411,314.014,red,observed,1.0,2.09,,red,1,16.74,0,-2.09,0,-14.74
9414,314.114,red,observed,1.0,2.58,,red,1,17.13,0,-2.58,0,-14.38
9417,314.214,red,observed,1.0,3.86,,red,1,17.25,0,-3.86,0,-14.47
9420,314.314,red,observed,1.0,2.41,,red,1,17.25,0,-2.41,0,-14.47
9423,314.414,red,observed,1.0,2.41,,red,1,17.64,0,-2.41,0,-14.29
9426,314.514,red,observed,1.0,3.38,,red,1,16.48,0,-3.38,0,-14.47
9429,314.614,red,observed,0.644,1.29,,red,1,16.35,0,-1.29,0,-14.1
9432,314.714,red,observed,1.0,3.38,,red,1,17.0,0,-3.38,0,-14.19
9435,314.814,red,observed,1.0,3.7,,red,1,17.25,0,-3.7,0,-14.56
9438,314.915,red,observed,1.0,3.38,,red,1,15.71,0,-3.38,0,-14.19
9441,315.015,red,observed,1.0,2.9,,red,1,16.22,0,-2.9,0,-14.56
9444,315.115,red,observed,1.0,3.7,,red,1,16.87,0,-3.7,0,-14.01
9447,315.215,red,observed,1.0,3.06,,red,1,15.84,0,-3.06,0,-15.02
9450,315.315,red,observed,1.0,2.9,,red,1,16.1,0,-2.9,0,-14.93
9453,315.415,red,observed,1.0,3.38,,red,1,16.35,0,-3.38,0,-14.01
9456,315.515,red,observed,1.0,3.86,,red,1,16.87,0,-3.86,0,-13.92
9459,315.615,red,observed,1.0,3.86,,red,1,17.38,0,-3.86,0,-14.83
9462,315.715,red,observed,1.0,2.74,,red,1,16.35,0,-2.74,0,-14.1
9465,315.816,red,observed,1.0,2.25,,red,1,17.25,0,-2.25,0,-14.56
9468,315.916,red,observed,1.0,3.7,,red,1,17.51,0,-3.7,0,-14.47
9471,316.016,red,observed,1.0,3.22,,red,1,16.22,0,-3.22,0,-14.38
9474,316.116,red,observed,1.0,4.35,,red,1,15.97,0,-4.35,0,-14.83
9477,316.216,red,observed,0.966,1.93,,red,1,15.97,0,-1.93,0,-14.29
9480,316.316,red,observed,1.0,2.74,,red,1,15.84,0,-2.74,0,-14.38
9483,316.416,red,observed,1.0,3.7,,red,1,16.35,0,-3.7,0,-14.29
9486,316.516,red,observed,1.0,3.38,,red,1,16.35,0,-3.38,0,-14.56
9489,316.616,red,observed,1.0,2.9,,red,1,18.16,0,-2.9,0,-14.65
9492,316.716,red_amber,observed,1.0,4.19,,red_amber,1,17.25,1,4.19,0,-13.37
9495,316.816,red_amber,observed,1.0,2.25,,red_amber,1,15.84,1,2.25,0,-14.29
9498,316.917,red_amber,observed,1.0,3.86,,red_amber,1,16.87,1,3.86,0,-14.65
9501,317.017,red_amber,observed,1.0,2.58,,red_amber,1,16.22,1,2.58,0,-14.74
9504,317.117,red_amber,observed,1.0,3.54,,red_amber,1,16.61,1,3.54,0,-14.47
9507,317.217,red_amber,observed,1.0,2.58,,red_amber,1,15.58,1,2.58,0,-14.29
9510,317.317,red_amber,observed,1.0,3.06,,red_amber,1,16.48,1,3.06,0,-14.38
9513,317.417,red_amber,observed,0.966,1.93,,red_amber,1,17.13,1,1.93,0,-14.19
9516,317.517,unknown,occluded,0.0,4.02,occluded,occluded,1,15.07,1,4.02,0,-14.83
9519,317.617,unknown,occluded,0.0,3.54,occluded,occluded,1,16.1,1,3.54,0,-14.38
9522,317.717,unknown,occluded,0.0,0.97,occluded,occluded,1,17.13,1,0.97,0,-14.65
