frame,t_sec,state,observation,confidence,margin_sd,reason,v3_label,red_on,red_z,amber_on,amber_z,green_on,green_z
0,0.0,red,observed,1.0,2.34,,red,1,15.48,0,-2.34,0,-11.25
3,0.1,red,observed,1.0,2.45,,red,1,14.6,0,-2.45,0,-10.91
6,0.2,red,observed,1.0,2.66,,red,1,14.93,0,-2.66,0,-10.91
9,0.3,red,observed,1.0,2.77,,red,1,15.04,0,-2.77,0,-11.45
12,0.4,red,observed,1.0,2.88,,red,1,14.27,0,-2.88,0,-10.64
15,0.501,red,observed,0.799,1.6,,red,1,13.72,0,-1.6,0,-10.98
18,0.601,red,observed,1.0,2.66,,red,1,13.94,0,-2.66,0,-10.84
21,0.701,red,observed,0.906,1.81,,red,1,13.83,0,-1.81,0,-11.45
24,0.801,red,observed,1.0,3.3,,red,1,12.84,0,-3.3,0,-11.52
27,0.901,red,observed,1.0,2.88,,red,1,13.5,0,-2.88,0,-10.84
30,1.001,red,observed,0.746,1.49,,red,1,12.95,0,-1.49,0,-11.18
33,1.101,red,observed,1.0,2.66,,red,1,12.95,0,-2.66,0,-11.18
36,1.201,red,observed,0.852,1.7,,red,1,13.61,0,-1.7,0,-11.25
39,1.301,red,observed,0.799,1.6,,red,1,13.17,0,-1.6,0,-10.98
42,1.401,red,observed,0.852,1.7,,red,1,12.07,0,-1.7,0,-11.11
45,1.502,red,observed,1.0,2.45,,red,1,12.73,0,-2.45,0,-11.38
48,1.602,red,observed,0.906,1.81,,red,1,12.62,0,-1.81,0,-10.64
51,1.702,red,observed,0.746,1.49,,red,1,13.61,0,-1.49,0,-10.91
54,1.802,red,observed,0.959,1.92,,red,1,12.07,0,-1.92,0,-10.98
57,1.902,red,observed,1.0,2.45,,red,1,12.73,0,-2.45,0,-10.91
60,2.002,red,observed,1.0,2.98,,red,1,12.62,0,-2.98,0,-10.64
63,2.102,red,observed,0.959,1.92,,red,1,12.95,0,-1.92,0,-11.04
66,2.202,red,observed,1.0,2.02,,red,1,12.4,0,-2.02,0,-10.57
69,2.302,red,observed,0.959,1.92,,red,1,12.51,0,-1.92,0,-10.84
72,2.402,red,observed,1.0,2.34,,red,1,13.28,0,-2.34,0,-10.91
75,2.502,red,observed,1.0,2.24,,red,1,12.73,0,-2.24,0,-11.11
78,2.603,red,observed,1.0,2.24,,red,1,13.17,0,-2.24,0,-10.98
81,2.703,red,observed,1.0,2.13,,red,1,12.95,0,-2.13,0,-10.91
84,2.803,red,observed,1.0,2.66,,red,1,12.62,0,-2.66,0,-11.25
87,2.903,red,observed,1.0,2.45,,red,1,12.73,0,-2.45,0,-11.31
90,3.003,red,observed,1.0,2.66,,red,1,13.5,0,-2.66,0,-10.37
93,3.103,red,observed,1.0,2.34,,red,1,12.29,0,-2.34,0,-10.98
96,3.203,red,observed,1.0,2.02,,red,1,12.07,0,-2.02,0,-10.98
99,3.303,red,observed,1.0,2.77,,red,1,13.39,0,-2.77,0,-10.64
102,3.403,red,observed,0.852,1.7,,red,1,12.62,0,-1.7,0,-10.84
105,3.504,red,observed,1.0,2.13,,red,1,13.61,0,-2.13,0,-10.64
108,3.604,red,observed,0.959,1.92,,red,1,13.61,0,-1.92,0,-11.18
111,3.704,red,observed,1.0,2.56,,red,1,13.06,0,-2.56,0,-10.77
114,3.804,red,observed,1.0,2.98,,red,1,13.5,0,-2.98,0,-11.18
117,3.904,red,observed,1.0,2.24,,red,1,13.28,0,-2.24,0,-11.04
120,4.004,red,observed,1.0,2.24,,red,1,12.4,0,-2.24,0,-10.77
123,4.104,red,observed,0.852,1.7,,red,1,12.73,0,-1.7,0,-10.91
126,4.204,red,observed,0.959,1.92,,red,1,10.87,0,-1.92,0,-10.64
129,4.304,red,observed,1.0,2.24,,red,1,12.62,0,-2.24,0,-11.52
132,4.404,red,observed,1.0,2.24,,red,1,12.73,0,-2.24,0,-10.77
135,4.504,red,observed,1.0,2.56,,red,1,12.73,0,-2.56,0,-11.11
138,4.605,red,observed,1.0,2.24,,red,1,13.06,0,-2.24,0,-10.98
141,4.705,red,observed,1.0,2.45,,red,1,12.84,0,-2.45,0,-10.43
144,4.805,red,observed,1.0,2.56,,red,1,11.85,0,-2.56,0,-10.91
147,4.905,red,observed,1.0,2.45,,red,1,11.85,0,-2.45,0,-11.25
150,5.005,red,observed,1.0,2.77,,red,1,11.53,0,-2.77,0,-10.77
153,5.105,red,observed,0.586,1.17,,red,1,11.96,0,-1.17,0,-10.77
156,5.205,red,observed,0.959,1.92,,red,1,12.18,0,-1.92,0,-10.77
159,5.305,red,observed,0.959,1.92,,red,1,12.51,0,-1.92,0,-10.77
162,5.405,red,observed,1.0,2.45,,red,1,12.62,0,-2.45,0,-10.71
165,5.506,red,observed,1.0,2.66,,red,1,11.53,0,-2.66,0,-11.11
168,5.606,red,observed,1.0,2.24,,red,1,11.31,0,-2.24,0,-11.31
171,5.706,red,observed,1.0,3.41,,red,1,12.18,0,-3.41,0,-11.11
174,5.806,red,observed,0.852,1.7,,red,1,12.73,0,-1.7,0,-10.98
177,5.906,red,observed,1.0,2.24,,red,1,12.62,0,-2.24,0,-10.84
180,6.006,red,observed,1.0,2.02,,red,1,13.28,0,-2.02,0,-10.64
183,6.106,red,observed,1.0,2.66,,red,1,12.07,0,-2.66,0,-10.43
186,6.206,red,observed,0.959,1.92,,red,1,12.51,0,-1.92,0,-10.5
189,6.306,red,observed,1.0,2.45,,red,1,12.29,0,-2.45,0,-11.59
192,6.406,red,observed,1.0,2.56,,red,1,12.95,0,-2.56,0,-10.91
195,6.506,red,observed,1.0,2.56,,red,1,11.74,0,-2.56,0,-11.31
198,6.607,red,observed,1.0,2.66,,red,1,12.4,0,-2.66,0,-10.91
201,6.707,red,observed,1.0,2.66,,red,1,13.28,0,-2.66,0,-10.91
204,6.807,red,observed,1.0,2.66,,red,1,12.51,0,-2.66,0,-10.23
207,6.907,red,observed,1.0,2.56,,red,1,13.83,0,-2.56,0,-10.64
210,7.007,red,observed,1.0,2.34,,red,1,12.18,0,-2.34,0,-11.79
213,7.107,red,observed,1.0,2.56,,red,1,13.39,0,-2.56,0,-11.65
216,7.207,red,observed,0.959,1.92,,red,1,12.51,0,-1.92,0,-10.91
219,7.307,red,observed,0.639,1.28,,red,1,12.84,0,-1.28,0,-11.04
222,7.407,red,observed,1.0,2.88,,red,1,13.28,0,-2.88,0,-11.18
225,7.508,red,observed,1.0,2.77,,red,1,12.73,0,-2.77,0,-11.25
228,7.608,red,observed,1.0,2.24,,red,1,12.62,0,-2.24,0,-11.11
231,7.708,red,observed,1.0,2.88,,red,1,13.17,0,-2.88,0,-11.25
234,7.808,red,observed,1.0,2.88,,red,1,13.06,0,-2.88,0,-11.52
237,7.908,red,observed,1.0,2.77,,red,1,11.85,0,-2.77,0,-10.91
240,8.008,red,observed,1.0,2.34,,red,1,13.61,0,-2.34,0,-10.71
243,8.108,red,observed,1.0,2.34,,red,1,12.51,0,-2.34,0,-10.84
246,8.208,red,observed,1.0,2.56,,red,1,13.72,0,-2.56,0,-10.64
249,8.308,red,observed,1.0,2.24,,red,1,13.72,0,-2.24,0,-10.84
252,8.408,red,low_confidence,0.426,0.85,lamp_near_threshold,red,1,13.39,0,-0.85,0,-10.77
255,8.508,red,observed,1.0,2.77,,red,1,14.05,0,-2.77,0,-11.25
258,8.609,red,observed,1.0,2.34,,red,1,13.61,0,-2.34,0,-11.11
261,8.709,red,observed,1.0,2.77,,red,1,13.94,0,-2.77,0,-10.71
264,8.809,red,observed,1.0,2.24,,red,1,13.94,0,-2.24,0,-10.91
267,8.909,red,observed,0.959,1.92,,red,1,12.84,0,-1.92,0,-11.04
270,9.009,red,observed,1.0,2.88,,red,1,12.73,0,-2.88,0,-11.45
273,9.109,red,observed,0.799,1.6,,red,1,12.73,0,-1.6,0,-10.91
276,9.209,red,observed,1.0,2.66,,red,1,13.61,0,-2.66,0,-10.77
279,9.309,red,observed,1.0,2.24,,red,1,12.84,0,-2.24,0,-11.31
282,9.409,red,observed,1.0,2.24,,red,1,13.39,0,-2.24,0,-11.31
285,9.51,red,observed,0.906,1.81,,red,1,13.5,0,-1.81,0,-11.18
288,9.61,red,observed,1.0,2.98,,red,1,14.38,0,-2.98,0,-10.77
291,9.71,red,observed,1.0,2.88,,red,1,13.06,0,-2.88,0,-10.64
294,9.81,red,observed,1.0,2.77,,red,1,13.94,0,-2.77,0,-11.18
297,9.91,red,observed,1.0,2.56,,red,1,13.17,0,-2.56,0,-10.84
300,10.01,red,observed,1.0,2.45,,red,1,13.39,0,-2.45,0,-11.18
303,10.11,red,observed,1.0,2.98,,red,1,13.61,0,-2.98,0,-10.98
306,10.21,red,observed,1.0,2.02,,red,1,12.62,0,-2.02,0,-11.04
309,10.31,red,observed,1.0,2.34,,red,1,14.05,0,-2.34,0,-10.91
312,10.41,red,observed,1.0,2.98,,red,1,12.4,0,-2.98,0,-11.11
315,10.51,red,observed,1.0,3.09,,red,1,13.83,0,-3.09,0,-10.77
318,10.611,red,observed,1.0,2.88,,red,1,12.62,0,-2.88,0,-11.18
321,10.711,red,observed,1.0,2.77,,red,1,12.4,0,-2.77,0,-11.11
324,10.811,red,observed,1.0,2.88,,red,1,13.06,0,-2.88,0,-10.84
327,10.911,red,observed,1.0,2.02,,red,1,14.05,0,-2.02,0,-10.84
330,11.011,red,observed,1.0,3.09,,red,1,13.17,0,-3.09,0,-11.31
333,11.111,red,observed,1.0,2.13,,red,1,12.62,0,-2.13,0,-10.64
336,11.211,red,observed,0.852,1.7,,red,1,12.18,0,-1.7,0,-10.64
339,11.311,red,observed,0.693,1.39,,red,1,13.17,0,-1.39,0,-11.31
342,11.411,red,observed,1.0,2.98,,red,1,13.17,0,-2.98,0,-10.43
345,11.512,red,observed,0.959,1.92,,red,1,12.18,0,-1.92,0,-11.04
348,11.612,red,observed,1.0,2.13,,red,1,13.28,0,-2.13,0,-10.71
351,11.712,red,observed,1.0,2.24,,red,1,13.17,0,-2.24,0,-10.5
354,11.812,red,observed,1.0,2.45,,red,1,12.51,0,-2.45,0,-10.91
357,11.912,red,observed,0.799,1.6,,red,1,11.96,0,-1.6,0,-10.37
360,12.012,red,observed,1.0,3.2,,red,1,13.72,0,-3.2,0,-11.18
363,12.112,red,observed,1.0,2.34,,red,1,12.29,0,-2.34,0,-11.25
366,12.212,red,observed,1.0,2.34,,red,1,11.96,0,-2.34,0,-10.57
369,12.312,red,observed,1.0,2.34,,red,1,12.4,0,-2.34,0,-10.77
372,12.412,red,observed,1.0,3.2,,red,1,14.27,0,-3.2,0,-10.71
375,12.513,red,observed,1.0,2.24,,red,1,12.51,0,-2.24,0,-11.04
378,12.613,red,observed,1.0,3.09,,red,1,13.83,0,-3.09,0,-11.11
381,12.713,red,observed,1.0,2.45,,red,1,12.95,0,-2.45,0,-11.25
384,12.813,red,observed,1.0,2.77,,red,1,13.5,0,-2.77,0,-11.11
387,12.913,red,observed,1.0,2.77,,red,1,12.18,0,-2.77,0,-10.71
390,13.013,red,observed,1.0,2.88,,red,1,12.73,0,-2.88,0,-10.77
393,13.113,red,low_confidence,0.48,0.96,lamp_near_threshold,red,1,13.17,0,-0.96,0,-11.11
396,13.213,red,observed,1.0,2.13,,red,1,13.72,0,-2.13,0,-11.04
399,13.313,red,observed,1.0,2.77,,red,1,13.17,0,-2.77,0,-11.11
402,13.413,red,observed,1.0,2.77,,red,1,13.5,0,-2.77,0,-10.91
405,13.514,red,observed,1.0,2.88,,red,1,14.38,0,-2.88,0,-10.3
408,13.614,red,observed,1.0,2.34,,red,1,13.5,0,-2.34,0,-10.98
411,13.714,red,observed,1.0,3.73,,red,1,13.06,0,-3.73,0,-11.11
414,13.814,red,observed,1.0,2.34,,red,1,12.51,0,-2.34,0,-10.77
417,13.914,red,observed,1.0,3.09,,red,1,12.51,0,-3.09,0,-10.57
420,14.014,red,observed,0.852,1.7,,red,1,12.07,0,-1.7,0,-11.25
423,14.114,red,observed,0.852,1.7,,red,1,12.29,0,-1.7,0,-11.18
426,14.214,red,observed,1.0,3.09,,red,1,12.95,0,-3.09,0,-11.11
429,14.314,red,observed,1.0,2.02,,red,1,13.39,0,-2.02,0,-10.84
432,14.414,red,observed,1.0,2.88,,red,1,12.84,0,-2.88,0,-11.11
435,14.514,red,observed,1.0,2.77,,red,1,14.16,0,-2.77,0,-10.98
438,14.615,red,observed,1.0,3.73,,red,1,12.29,0,-3.73,0,-10.71
441,14.715,red,observed,1.0,3.52,,red,1,12.73,0,-3.52,0,-10.91
444,14.815,red,observed,1.0,2.98,,red,1,12.4,0,-2.98,0,-10.84
447,14.915,red,observed,1.0,3.62,,red,1,11.74,0,-3.62,0,-10.84
450,15.015,red,observed,1.0,2.98,,red,1,12.73,0,-2.98,0,-11.38
453,15.115,red,observed,1.0,3.84,,red,1,12.95,0,-3.84,0,-11.79
456,15.215,red,observed,1.0,3.09,,red,1,12.18,0,-3.09,0,-10.91
459,15.315,red,observed,1.0,3.09,,red,1,12.18,0,-3.09,0,-10.84
462,15.415,red,observed,1.0,3.52,,red,1,11.96,0,-3.52,0,-11.59
465,15.516,red,observed,1.0,3.3,,red,1,11.74,0,-3.3,0,-11.65
468,15.616,red,observed,1.0,2.56,,red,1,12.18,0,-2.56,0,-11.18
471,15.716,red,observed,1.0,3.2,,red,1,11.42,0,-3.2,0,-11.65
474,15.816,red,observed,1.0,2.45,,red,1,12.07,0,-2.45,0,-10.91
477,15.916,red,observed,1.0,2.66,,red,1,12.29,0,-2.66,0,-10.5
480,16.016,red,observed,1.0,2.66,,red,1,12.62,0,-2.66,0,-10.84
483,16.116,red,observed,1.0,3.09,,red,1,11.74,0,-3.09,0,-10.57
486,16.216,red,observed,1.0,2.88,,red,1,12.62,0,-2.88,0,-10.77
489,16.316,red,observed,1.0,3.2,,red,1,14.16,0,-3.2,0,-10.57
492,16.416,red,observed,0.852,1.7,,red,1,14.16,0,-1.7,0,-10.98
495,16.516,red,observed,1.0,3.09,,red,1,13.17,0,-3.09,0,-11.11
498,16.617,red,observed,0.746,1.49,,red,1,14.82,0,-1.49,0,-11.79
501,16.717,red,observed,1.0,3.2,,red,1,13.39,0,-3.2,0,-10.91
504,16.817,red,observed,1.0,3.2,,red,1,12.84,0,-3.2,0,-11.11
507,16.917,red,observed,1.0,3.94,,red,1,13.72,0,-3.94,0,-11.45
510,17.017,red,observed,1.0,3.41,,red,1,13.39,0,-3.41,0,-10.84
513,17.117,red,observed,1.0,3.09,,red,1,12.73,0,-3.09,0,-11.11
516,17.217,red,observed,1.0,2.98,,red,1,14.05,0,-2.98,0,-11.45
519,17.317,red,observed,1.0,3.09,,red,1,13.94,0,-3.09,0,-10.84
522,17.417,red,observed,1.0,2.45,,red,1,13.83,0,-2.45,0,-10.91
525,17.518,red,observed,1.0,3.3,,red,1,14.27,0,-3.3,0,-10.84
528,17.618,red,observed,1.0,3.41,,red,1,12.95,0,-3.41,0,-11.11
531,17.718,red,observed,1.0,3.3,,red,1,14.05,0,-3.3,0,-10.5
534,17.818,red,observed,1.0,3.62,,red,1,13.39,0,-3.62,0,-11.45
537,17.918,red,observed,1.0,2.88,,red,1,13.39,0,-2.88,0,-11.18
540,18.018,red,observed,1.0,2.66,,red,1,13.17,0,-2.66,0,-10.77
543,18.118,red,observed,1.0,2.34,,red,1,13.83,0,-2.34,0,-11.31
546,18.218,red,observed,1.0,2.77,,red,1,12.84,0,-2.77,0,-11.38
549,18.318,red,observed,1.0,3.73,,red,1,12.84,0,-3.73,0,-11.18
552,18.418,red,observed,1.0,3.62,,red,1,14.05,0,-3.62,0,-11.31
555,18.518,red,observed,1.0,3.09,,red,1,13.61,0,-3.09,0,-11.25
558,18.619,red,observed,1.0,2.56,,red,1,13.39,0,-2.56,0,-10.84
561,18.719,red,observed,1.0,3.94,,red,1,11.53,0,-3.94,0,-10.64
564,18.819,red,observed,1.0,2.45,,red,1,12.18,0,-2.45,0,-10.91
567,18.919,red,observed,1.0,2.34,,red,1,13.06,0,-2.34,0,-10.98
570,19.019,red,observed,1.0,3.52,,red,1,14.05,0,-3.52,0,-10.84
573,19.119,red,observed,1.0,4.05,,red,1,11.96,0,-4.05,0,-10.91
576,19.219,red,observed,1.0,3.62,,red,1,12.4,0,-3.62,0,-11.92
579,19.319,red,observed,1.0,3.09,,red,1,11.74,0,-3.09,0,-10.57
582,19.419,red,observed,1.0,3.73,,red,1,11.85,0,-3.73,0,-11.11
585,19.52,red,observed,1.0,2.66,,red,1,12.51,0,-2.66,0,-10.91
588,19.62,red,observed,1.0,2.13,,red,1,10.98,0,-2.13,0,-11.04
591,19.72,red,observed,1.0,2.24,,red,1,11.85,0,-2.24,0,-10.98
594,19.82,red,observed,1.0,2.45,,red,1,13.28,0,-2.45,0,-11.11
597,19.92,red,observed,1.0,2.98,,red,1,13.39,0,-2.98,0,-10.16
600,20.02,red,observed,1.0,3.3,,red,1,10.65,0,-3.3,0,-11.04
603,20.12,red,observed,1.0,2.34,,red,1,11.85,0,-2.34,0,-11.11
606,20.22,red,observed,1.0,4.05,,red,1,11.42,0,-4.05,0,-10.91
609,20.32,red,observed,0.959,1.92,,red,1,11.74,0,-1.92,0,-11.18
612,20.42,red,observed,1.0,3.2,,red,1,12.18,0,-3.2,0,-11.11
615,20.521,red,observed,1.0,3.84,,red,1,11.53,0,-3.84,0,-11.38
618,20.621,red,observed,1.0,2.88,,red,1,11.42,0,-2.88,0,-10.84
621,20.721,red,observed,1.0,2.77,,red,1,12.84,0,-2.77,0,-10.91
624,20.821,red,observed,1.0,2.56,,red,1,11.74,0,-2.56,0,-10.98
627,20.921,red,observed,1.0,2.98,,red,1,11.85,0,-2.98,0,-11.18
630,21.021,red,observed,0.906,1.81,,red,1,11.74,0,-1.81,0,-11.04
633,21.121,red,observed,1.0,2.13,,red,1,12.51,0,-2.13,0,-10.77
636,21.221,red,observed,1.0,2.56,,red,1,12.18,0,-2.56,0,-11.31
639,21.321,red,observed,0.959,1.92,,red,1,13.28,0,-1.92,0,-10.98
642,21.421,red,observed,1.0,2.34,,red,1,11.85,0,-2.34,0,-10.98
645,21.522,red,observed,0.959,1.92,,red,1,11.74,0,-1.92,0,-10.91
648,21.622,red,observed,1.0,3.09,,red,1,12.29,0,-3.09,0,-11.18
651,21.722,red,observed,1.0,2.34,,red,1,10.54,0,-2.34,0,-10.57
654,21.822,red,observed,1.0,2.77,,red,1,11.74,0,-2.77,0,-10.98
657,21.922,red,observed,1.0,3.09,,red,1,11.42,0,-3.09,0,-11.18
660,22.022,red,observed,1.0,2.66,,red,1,12.29,0,-2.66,0,-10.77
663,22.122,red,observed,1.0,2.88,,red,1,12.07,0,-2.88,0,-10.77
666,22.222,red,observed,1.0,2.24,,red,1,13.17,0,-2.24,0,-10.91
669,22.322,red,observed,1.0,2.13,,red,1,11.85,0,-2.13,0,-11.25
672,22.422,red,observed,1.0,2.77,,red,1,9.55,0,-2.77,0,-11.18
675,22.522,red,observed,1.0,2.77,,red,1,11.42,0,-2.77,0,-11.38
678,22.623,red,observed,1.0,2.77,,red,1,10.98,0,-2.77,0,-10.98
681,22.723,red,observed,1.0,2.98,,red,1,11.09,0,-2.98,0,-10.98
684,22.823,red,observed,1.0,2.13,,red,1,10.87,0,-2.13,0,-11.45
687,22.923,red,observed,1.0,2.24,,red,1,8.45,0,-2.24,0,-11.38
690,23.023,red,observed,1.0,2.77,,red,1,11.2,0,-2.77,0,-10.77
693,23.123,red,observed,0.533,1.07,,red,1,10.76,0,-1.07,0,-10.91
696,23.223,red,observed,0.959,1.92,,red,1,10.87,0,-1.92,0,-10.77
699,23.323,red,observed,1.0,2.45,,red,1,11.53,0,-2.45,0,-10.71
702,23.423,red,observed,0.852,1.7,,red,1,11.42,0,-1.7,0,-11.18
705,23.524,red,observed,0.959,1.92,,red,1,12.07,0,-1.92,0,-10.84
708,23.624,red,observed,1.0,2.13,,red,1,11.09,0,-2.13,0,-11.25
711,23.724,red,observed,1.0,2.13,,red,1,10.98,0,-2.13,0,-10.5
714,23.824,red,observed,1.0,2.34,,red,1,11.31,0,-2.34,0,-10.23
717,23.924,red,observed,0.959,1.92,,red,1,10.98,0,-1.92,0,-10.77
720,24.024,red,low_confidence,0.266,0.53,lamp_near_threshold,red,1,11.64,0,-0.53,0,-11.18
723,24.124,red_amber,observed,1.0,2.34,,red_amber,1,11.2,1,2.34,0,-11.38
726,24.224,red_amber,observed,1.0,2.45,,red_amber,1,12.18,1,2.45,0,-10.77
729,24.324,red_amber,observed,1.0,3.09,,red_amber,1,11.53,1,3.09,0,-11.45
732,24.424,red_amber,observed,0.586,1.17,,red_amber,1,12.4,1,1.17,0,-10.77
735,24.524,red_amber,observed,1.0,2.77,,red_amber,1,11.53,1,2.77,0,-11.38
738,24.625,red_amber,observed,0.799,1.6,,red_amber,1,10.87,1,1.6,0,-11.18
741,24.725,red_amber,observed,0.799,1.6,,red_amber,1,11.64,1,1.6,0,-10.98
744,24.825,red_amber,observed,0.852,1.7,,red_amber,1,11.74,1,1.7,0,-10.64
747,24.925,red_amber,observed,0.852,1.7,,red_amber,1,11.2,1,1.7,0,-11.38
750,25.025,red_amber,observed,1.0,2.45,,red_amber,1,10.87,1,2.45,0,-11.38
753,25.125,red_amber,observed,1.0,2.13,,red_amber,1,10.43,1,2.13,0,-10.91
756,25.225,red_amber,observed,1.0,2.13,,red_amber,1,10.76,1,2.13,0,-11.25
759,25.325,red_amber,observed,1.0,2.24,,red_amber,1,11.85,1,2.24,0,-11.18
762,25.425,red_amber,observed,1.0,2.77,,red_amber,1,11.85,1,2.77,0,-10.98
765,25.526,red_amber,observed,1.0,2.34,,red_amber,1,12.18,1,2.34,0,-10.98
768,25.626,red_amber,observed,0.852,1.7,,red_amber,1,11.96,1,1.7,0,-11.59
771,25.726,red_amber,observed,1.0,2.45,,red_amber,1,11.64,1,2.45,0,-10.77
774,25.826,red_amber,observed,0.906,1.81,,red_amber,1,12.84,1,1.81,0,-11.04
777,25.926,red_amber,observed,0.906,1.81,,red_amber,1,11.42,1,1.81,0,-11.11
780,26.026,red_amber,observed,0.799,1.6,,red_amber,1,11.74,1,1.6,0,-10.71
783,26.126,red_amber,observed,0.906,1.81,,red_amber,1,12.95,1,1.81,0,-10.71
786,26.226,red_amber,observed,0.799,1.6,,red_amber,1,12.51,1,1.6,0,-11.11
789,26.326,red_amber,observed,1.0,2.88,,red_amber,1,12.62,1,2.88,0,-10.91
792,26.426,red_amber,observed,0.906,1.81,,red_amber,1,11.42,1,1.81,0,-10.98
795,26.527,red_amber,observed,0.746,1.49,,red_amber,1,12.07,1,1.49,0,-11.11
798,26.627,red_amber,observed,0.746,1.49,,red_amber,1,11.74,1,1.49,0,-10.98
801,26.727,red_amber,observed,0.693,1.39,,red_amber,1,11.42,1,1.39,0,-11.25
804,26.827,red_amber,observed,0.746,1.49,,red_amber,1,11.96,1,1.49,0,-11.18
807,26.927,red_amber,observed,0.852,1.7,,red_amber,1,12.07,1,1.7,0,-11.11
810,27.027,red_amber,low_confidence,0.16,0.32,lamp_near_threshold,red_amber,1,10.21,1,0.32,0,-10.3
813,27.127,green,observed,1.0,2.34,,green,0,-12.95,0,-2.34,1,10.71
816,27.227,green,observed,1.0,2.13,,green,0,-13.61,0,-2.13,1,11.18
819,27.327,green,observed,1.0,2.45,,green,0,-13.5,0,-2.45,1,10.98
822,27.427,green,observed,1.0,2.34,,green,0,-13.06,0,-2.34,1,10.91
825,27.528,green,observed,1.0,3.41,,green,0,-13.72,0,-3.41,1,11.38
828,27.628,green,observed,1.0,2.02,,green,0,-13.94,0,-2.02,1,10.57
831,27.728,green,observed,1.0,2.34,,green,0,-13.28,0,-2.34,1,10.77
834,27.828,green,observed,0.852,1.7,,green,0,-13.28,0,-1.7,1,10.57
837,27.928,green,observed,1.0,2.02,,green,0,-12.73,0,-2.02,1,10.77
840,28.028,green,observed,1.0,3.09,,green,0,-13.61,0,-3.09,1,11.31
843,28.128,green,observed,1.0,2.66,,green,0,-13.72,0,-2.66,1,10.98
846,28.228,green,observed,1.0,3.2,,green,0,-13.5,0,-3.2,1,10.71
849,28.328,green,observed,1.0,2.34,,green,0,-13.72,0,-2.34,1,10.43
852,28.428,green,observed,0.959,1.92,,green,0,-14.27,0,-1.92,1,9.96
855,28.528,green,observed,1.0,2.13,,green,0,-14.16,0,-2.13,1,10.84
858,28.629,green,observed,0.852,1.7,,green,0,-13.5,0,-1.7,1,10.16
861,28.729,green,observed,1.0,3.09,,green,0,-13.06,0,-3.09,1,10.23
864,28.829,green,observed,0.799,1.6,,green,0,-12.84,0,-1.6,1,9.69
867,28.929,green,observed,0.906,1.81,,green,0,-13.5,0,-1.81,1,10.16
870,29.029,green,observed,1.0,3.2,,green,0,-13.06,0,-3.2,1,10.71
873,29.129,green,observed,1.0,2.88,,green,0,-13.39,0,-2.88,1,9.28
876,29.229,green,observed,1.0,2.66,,green,0,-13.06,0,-2.66,1,9.42
879,29.329,green,observed,1.0,2.77,,green,0,-13.72,0,-2.77,1,9.35
882,29.429,green,observed,1.0,2.98,,green,0,-13.83,0,-2.98,1,10.16
885,29.53,green,observed,1.0,2.77,,green,0,-13.5,0,-2.77,1,9.69
888,29.63,green,observed,1.0,2.24,,green,0,-12.4,0,-2.24,1,10.03
891,29.73,green,observed,0.959,1.92,,green,0,-13.39,0,-1.92,1,8.94
894,29.83,green,observed,1.0,2.45,,green,0,-13.06,0,-2.45,1,9.42
897,29.93,green,observed,1.0,2.45,,green,0,-13.94,0,-2.45,1,9.28
900,30.03,green,observed,1.0,2.34,,green,0,-13.28,0,-2.34,1,9.76
903,30.13,green,observed,1.0,2.34,,green,0,-13.28,0,-2.34,1,8.81
906,30.23,green,observed,1.0,2.56,,green,0,-14.27,0,-2.56,1,9.28
909,30.33,green,observed,1.0,2.45,,green,0,-14.05,0,-2.45,1,9.28
912,30.43,green,observed,1.0,2.66,,green,0,-13.94,0,-2.66,1,8.94
915,30.53,green,observed,1.0,2.77,,green,0,-13.83,0,-2.77,1,9.21
918,30.631,green,observed,1.0,2.13,,green,0,-13.94,0,-2.13,1,8.54
921,30.731,green,observed,1.0,3.09,,green,0,-13.72,0,-3.09,1,9.62
924,30.831,green,observed,1.0,2.02,,green,0,-13.39,0,-2.02,1,9.76
927,30.931,green,observed,0.959,1.92,,green,0,-13.72,0,-1.92,1,8.81
930,31.031,green,observed,1.0,3.41,,green,0,-12.73,0,-3.41,1,9.42
933,31.131,green,observed,1.0,2.24,,green,0,-13.72,0,-2.24,1,9.28
936,31.231,green,observed,1.0,2.34,,green,0,-13.61,0,-2.34,1,9.28
939,31.331,green,observed,1.0,2.45,,green,0,-13.72,0,-2.45,1,9.21
942,31.431,green,observed,1.0,3.52,,green,0,-13.72,0,-3.52,1,9.21
945,31.532,green,observed,1.0,2.34,,green,0,-13.5,0,-2.34,1,9.42
948,31.632,green,observed,1.0,2.66,,green,0,-12.84,0,-2.66,1,8.74
951,31.732,green,observed,1.0,2.24,,green,0,-14.27,0,-2.24,1,9.42
954,31.832,green,observed,1.0,2.24,,green,0,-13.61,0,-2.24,1,9.69
957,31.932,green,observed,0.959,1.92,,green,0,-13.61,0,-1.92,1,9.55
960,32.032,green,observed,1.0,2.77,,green,0,-13.61,0,-2.77,1,9.08
963,32.132,green,observed,1.0,2.88,,green,0,-13.61,0,-2.88,1,9.08
966,32.232,green,observed,0.959,1.92,,green,0,-14.05,0,-1.92,1,9.55
969,32.332,green,observed,1.0,2.02,,green,0,-13.83,0,-2.02,1,8.67
972,32.432,green,observed,1.0,2.56,,green,0,-13.72,0,-2.56,1,9.08
975,32.532,green,observed,1.0,2.66,,green,0,-13.94,0,-2.66,1,9.35
978,32.633,green,observed,1.0,2.34,,green,0,-14.05,0,-2.34,1,8.81
981,32.733,green,observed,1.0,2.13,,green,0,-13.83,0,-2.13,1,10.03
984,32.833,green,observed,1.0,2.02,,green,0,-14.16,0,-2.02,1,9.96
987,32.933,green,observed,1.0,2.77,,green,0,-13.5,0,-2.77,1,10.03
990,33.033,green,observed,0.693,1.39,,green,0,-14.16,0,-1.39,1,9.82
993,33.133,green,observed,0.852,1.7,,green,0,-14.38,0,-1.7,1,9.82
996,33.233,green,observed,0.959,1.92,,green,0,-14.16,0,-1.92,1,9.89
999,33.333,green,observed,1.0,2.24,,green,0,-13.72,0,-2.24,1,9.89
1002,33.433,green,observed,1.0,2.45,,green,0,-13.83,0,-2.45,1,10.03
1005,33.534,green,observed,1.0,2.34,,green,0,-14.38,0,-2.34,1,9.42
1008,33.634,green,observed,1.0,2.66,,green,0,-14.16,0,-2.66,1,10.03
1011,33.734,green,observed,1.0,2.66,,green,0,-13.61,0,-2.66,1,11.04
1014,33.834,green,observed,0.906,1.81,,green,0,-14.05,0,-1.81,1,10.23
1017,33.934,green,observed,0.799,1.6,,green,0,-14.27,0,-1.6,1,10.03
1020,34.034,green,observed,1.0,2.88,,green,0,-14.05,0,-2.88,1,10.91
1023,34.134,green,observed,1.0,2.77,,green,0,-13.28,0,-2.77,1,10.77
1026,34.234,green,observed,1.0,2.77,,green,0,-13.61,0,-2.77,1,10.64
1029,34.334,green,observed,1.0,2.77,,green,0,-13.72,0,-2.77,1,11.25
1032,34.434,green,observed,1.0,2.77,,green,0,-13.28,0,-2.77,1,10.37
1035,34.534,green,observed,1.0,2.66,,green,0,-13.39,0,-2.66,1,11.38
1038,34.635,green,observed,1.0,2.88,,green,0,-13.61,0,-2.88,1,11.59
1041,34.735,green,observed,1.0,2.66,,green,0,-13.17,0,-2.66,1,10.71
1044,34.835,green,observed,1.0,2.88,,green,0,-12.95,0,-2.88,1,11.72
1047,34.935,green,observed,0.959,1.92,,green,0,-13.83,0,-1.92,1,11.25
1050,35.035,green,observed,1.0,2.13,,green,0,-14.49,0,-2.13,1,12.47
1053,35.135,green,observed,1.0,2.98,,green,0,-13.5,0,-2.98,1,12.6
1056,35.235,green,observed,1.0,2.77,,green,0,-14.6,0,-2.77,1,12.53
1059,35.335,green,observed,1.0,2.77,,green,0,-13.83,0,-2.77,1,12.67
1062,35.435,green,observed,1.0,2.98,,green,0,-14.16,0,-2.98,1,12.06
1065,35.536,green,observed,1.0,2.66,,green,0,-14.71,0,-2.66,1,12.81
1068,35.636,green,observed,1.0,2.56,,green,0,-13.61,0,-2.56,1,12.33
1071,35.736,green,observed,1.0,2.88,,green,0,-13.61,0,-2.88,1,12.2
1074,35.836,green,observed,1.0,3.41,,green,0,-14.05,0,-3.41,1,12.2
1077,35.936,green,observed,1.0,2.88,,green,0,-13.61,0,-2.88,1,12.6
1080,36.036,green,observed,1.0,2.66,,green,0,-13.5,0,-2.66,1,11.79
1083,36.136,green,observed,1.0,2.56,,green,0,-13.5,0,-2.56,1,12.87
1086,36.236,green,observed,1.0,2.66,,green,0,-13.72,0,-2.66,1,12.67
1089,36.336,green,observed,1.0,3.3,,green,0,-14.27,0,-3.3,1,13.28
1092,36.436,green,observed,1.0,2.77,,green,0,-14.05,0,-2.77,1,13.69
1095,36.537,green,observed,1.0,3.84,,green,0,-13.94,0,-3.84,1,12.6
1098,36.637,green,observed,1.0,4.26,,green,0,-14.05,0,-4.26,1,12.87
1101,36.737,green,observed,1.0,3.52,,green,0,-15.04,0,-3.52,1,12.2
1104,36.837,green,observed,1.0,2.77,,green,0,-14.38,0,-2.77,1,10.91
1107,36.937,green,observed,1.0,2.77,,green,0,-14.05,0,-2.77,1,12.6
1110,37.037,green,observed,1.0,3.2,,green,0,-14.6,0,-3.2,1,12.67
1113,37.137,green,observed,1.0,3.2,,green,0,-14.49,0,-3.2,1,11.99
1116,37.237,green,observed,1.0,2.56,,green,0,-14.27,0,-2.56,1,12.4
1119,37.337,green,observed,1.0,2.66,,green,0,-14.82,0,-2.66,1,12.74
1122,37.437,green,observed,1.0,2.34,,green,0,-14.38,0,-2.34,1,12.6
1125,37.538,green,observed,1.0,2.88,,green,0,-14.82,0,-2.88,1,12.26
1128,37.638,green,observed,1.0,3.09,,green,0,-13.72,0,-3.09,1,11.79
1131,37.738,green,observed,1.0,2.56,,green,0,-13.72,0,-2.56,1,12.26
1134,37.838,green,observed,0.906,1.81,,green,0,-13.94,0,-1.81,1,12.26
1137,37.938,green,observed,0.799,1.6,,green,0,-14.05,0,-1.6,1,12.13
1140,38.038,green,observed,1.0,2.34,,green,0,-14.49,0,-2.34,1,12.06
1143,38.138,green,observed,1.0,2.13,,green,0,-14.82,0,-2.13,1,13.08
1146,38.238,green,observed,1.0,2.34,,green,0,-13.72,0,-2.34,1,11.79
1149,38.338,green,observed,1.0,2.77,,green,0,-13.94,0,-2.77,1,11.04
1152,38.438,green,observed,1.0,2.56,,green,0,-13.94,0,-2.56,1,12.13
1155,38.538,green,observed,1.0,2.66,,green,0,-13.72,0,-2.66,1,11.99
1158,38.639,green,observed,1.0,2.45,,green,0,-14.49,0,-2.45,1,11.86
1161,38.739,green,observed,1.0,2.77,,green,0,-13.83,0,-2.77,1,12.26
1164,38.839,green,observed,1.0,2.88,,green,0,-14.16,0,-2.88,1,11.79
1167,38.939,green,observed,1.0,3.41,,green,0,-14.16,0,-3.41,1,12.81
1170,39.039,green,observed,1.0,3.41,,green,0,-14.05,0,-3.41,1,11.99
1173,39.139,green,observed,1.0,3.62,,green,0,-13.61,0,-3.62,1,12.06
1176,39.239,green,observed,0.799,1.6,,green,0,-13.39,0,-1.6,1,11.99
1179,39.339,green,observed,1.0,2.98,,green,0,-14.05,0,-2.98,1,10.98
1182,39.439,green,observed,1.0,3.52,,green,0,-14.27,0,-3.52,1,10.64
1185,39.54,green,observed,1.0,2.66,,green,0,-13.61,0,-2.66,1,11.45
1188,39.64,green,observed,1.0,3.3,,green,0,-13.83,0,-3.3,1,11.92
1191,39.74,green,observed,1.0,2.98,,green,0,-13.28,0,-2.98,1,10.77
1194,39.84,green,observed,1.0,2.98,,green,0,-14.05,0,-2.98,1,11.92
1197,39.94,green,observed,1.0,2.77,,green,0,-15.04,0,-2.77,1,12.06
1200,40.04,green,observed,1.0,3.09,,green,0,-13.06,0,-3.09,1,11.31
1203,40.14,green,observed,1.0,2.98,,green,0,-14.16,0,-2.98,1,11.25
1206,40.24,green,observed,1.0,3.3,,green,0,-14.27,0,-3.3,1,7.86
1209,40.34,green,observed,1.0,2.02,,green,0,-15.04,0,-2.02,1,9.62
1212,40.44,green,observed,1.0,3.09,,green,0,-14.49,0,-3.09,1,10.84
1215,40.54,green,observed,1.0,2.13,,green,0,-13.94,0,-2.13,1,10.64
1218,40.641,green,observed,1.0,2.98,,green,0,-13.61,0,-2.98,1,10.71
1221,40.741,green,observed,0.799,1.6,,green,0,-13.39,0,-1.6,1,10.43
1224,40.841,green,observed,0.746,1.49,,green,0,-13.39,0,-1.49,1,10.23
1227,40.941,green,observed,0.799,1.6,,green,0,-14.49,0,-1.6,1,10.84
1230,41.041,green,observed,1.0,2.66,,green,0,-13.94,0,-2.66,1,10.23
1233,41.141,green,observed,1.0,3.2,,green,0,-13.5,0,-3.2,1,9.82
1236,41.241,green,observed,1.0,2.24,,green,0,-13.94,0,-2.24,1,9.96
1239,41.341,green,observed,1.0,3.41,,green,0,-13.72,0,-3.41,1,10.23
1242,41.441,green,observed,1.0,3.09,,green,0,-14.49,0,-3.09,1,9.82
1245,41.542,green,observed,1.0,2.98,,green,0,-14.49,0,-2.98,1,10.84
1248,41.642,green,observed,1.0,3.09,,green,0,-13.61,0,-3.09,1,10.64
1251,41.742,green,observed,0.959,1.92,,green,0,-13.61,0,-1.92,1,10.91
1254,41.842,green,observed,1.0,2.98,,green,0,-13.61,0,-2.98,1,10.5
1257,41.942,green,observed,1.0,3.3,,green,0,-14.82,0,-3.3,1,9.49
1260,42.042,green,observed,1.0,2.24,,green,0,-14.38,0,-2.24,1,10.1
1263,42.142,green,observed,1.0,3.73,,green,0,-14.27,0,-3.73,1,11.59
1266,42.242,green,observed,1.0,3.3,,green,0,-13.72,0,-3.3,1,9.76
1269,42.342,green,observed,0.959,1.92,,green,0,-14.6,0,-1.92,1,10.03
1272,42.442,green,observed,1.0,2.45,,green,0,-14.16,0,-2.45,1,10.84
1275,42.543,green,observed,1.0,3.41,,green,0,-13.94,0,-3.41,1,10.5
1278,42.643,green,observed,1.0,3.3,,green,0,-13.61,0,-3.3,1,10.37
1281,42.743,green,observed,1.0,3.09,,green,0,-13.61,0,-3.09,1,10.57
1284,42.843,green,observed,1.0,3.3,,green,0,-13.72,0,-3.3,1,9.08
1287,42.943,green,observed,1.0,2.34,,green,0,-13.83,0,-2.34,1,10.03
1290,43.043,green,observed,1.0,2.13,,green,0,-13.39,0,-2.13,1,10.5
1293,43.143,green,observed,1.0,2.77,,green,0,-14.16,0,-2.77,1,9.69
1296,43.243,green,observed,0.746,1.49,,green,0,-13.72,0,-1.49,1,9.49
1299,43.343,green,observed,0.693,1.39,,green,0,-13.39,0,-1.39,1,10.3
1302,43.443,green,observed,0.693,1.39,,green,0,-13.61,0,-1.39,1,9.76
1305,43.544,green,observed,0.586,1.17,,green,0,-13.83,0,-1.17,1,9.82
1308,43.644,green,observed,0.639,1.28,,green,0,-13.61,0,-1.28,1,9.82
1311,43.744,green,observed,0.746,1.49,,green,0,-12.73,0,-1.49,1,10.37
1314,43.844,green,observed,0.639,1.28,,green,0,-13.28,0,-1.28,1,10.71
1317,43.944,green,observed,1.0,2.02,,green,0,-13.06,0,-2.02,1,10.43
1320,44.044,green,observed,0.906,1.81,,green,0,-13.72,0,-1.81,1,10.16
1323,44.144,green,observed,0.906,1.81,,green,0,-13.72,0,-1.81,1,10.1
1326,44.244,green,observed,0.799,1.6,,green,0,-12.84,0,-1.6,1,10.91
1329,44.344,green,observed,0.746,1.49,,green,0,-13.17,0,-1.49,1,10.64
1332,44.444,green,observed,0.906,1.81,,green,0,-12.62,0,-1.81,1,11.31
1335,44.544,green,low_confidence,0.48,0.96,lamp_near_threshold,green,0,-12.4,0,-0.96,1,10.77
1338,44.645,green,observed,0.852,1.7,,green,0,-12.62,0,-1.7,1,11.59
1341,44.745,green,observed,0.799,1.6,,green,0,-13.17,0,-1.6,1,10.98
1344,44.845,green,observed,1.0,2.45,,green,0,-13.06,0,-2.45,1,11.18
1347,44.945,green,observed,1.0,2.34,,green,0,-12.84,0,-2.34,1,11.25
1350,45.045,green,low_confidence,0.266,0.53,lamp_near_threshold,green,0,-13.06,0,-0.53,1,11.65
1353,45.145,green,low_confidence,0.426,0.85,lamp_near_threshold,green,0,-13.5,0,-0.85,1,11.59
1356,45.245,green,observed,1.0,2.77,,green,0,-11.96,0,-2.77,1,12.94
1359,45.345,green,observed,1.0,2.77,,green,0,-12.07,0,-2.77,1,12.53
1362,45.445,green,observed,1.0,2.77,,green,0,-12.29,0,-2.77,1,12.06
1365,45.546,green,observed,0.799,1.6,,green,0,-12.18,0,-1.6,1,11.86
1368,45.646,green,low_confidence,0.32,0.64,lamp_near_threshold,green,0,-13.72,0,-0.64,1,12.47
1371,45.746,green,low_confidence,0.426,0.85,lamp_near_threshold,green,0,-14.38,0,-0.85,1,12.33
1374,45.846,green,low_confidence,0.107,0.21,lamp_near_threshold,green,0,-13.28,0,-0.21,1,14.03
1377,45.946,green,observed,1.0,2.66,,green,0,-14.05,0,-2.66,1,12.6
1380,46.046,green,observed,1.0,2.66,,green,0,-13.83,0,-2.66,1,13.28
1383,46.146,green,observed,1.0,2.56,,green,0,-14.38,0,-2.56,1,12.81
1386,46.246,green,observed,1.0,2.98,,green,0,-13.94,0,-2.98,1,12.94
1389,46.346,green,observed,1.0,2.77,,green,0,-13.5,0,-2.77,1,12.74
1392,46.446,green,observed,1.0,2.66,,green,0,-13.61,0,-2.66,1,13.14
1395,46.546,green,observed,1.0,2.34,,green,0,-12.84,0,-2.34,1,11.65
1398,46.647,green,observed,1.0,2.13,,green,0,-12.73,0,-2.13,1,12.81
1401,46.747,green,observed,1.0,3.2,,green,0,-14.05,0,-3.2,1,13.35
1404,46.847,green,observed,1.0,3.3,,green,0,-13.94,0,-3.3,1,11.86
1407,46.947,green,observed,1.0,2.45,,green,0,-14.82,0,-2.45,1,12.6
1410,47.047,green,observed,1.0,2.66,,green,0,-13.61,0,-2.66,1,12.53
1413,47.147,green,observed,1.0,2.66,,green,0,-14.16,0,-2.66,1,12.6
1416,47.247,green,observed,1.0,2.66,,green,0,-13.83,0,-2.66,1,12.26
1419,47.347,green,observed,1.0,2.66,,green,0,-13.5,0,-2.66,1,12.2
1422,47.447,green,observed,1.0,2.02,,green,0,-14.49,0,-2.02,1,12.26
1425,47.548,green,observed,1.0,2.77,,green,0,-14.49,0,-2.77,1,12.74
1428,47.648,green,observed,0.959,1.92,,green,0,-13.39,0,-1.92,1,12.47
1431,47.748,green,observed,1.0,2.88,,green,0,-13.72,0,-2.88,1,12.6
1434,47.848,green,low_confidence,0.48,0.96,lamp_near_threshold,green,0,-14.05,0,-0.96,1,12.74
1437,47.948,green,observed,1.0,2.24,,green,0,-12.95,0,-2.24,1,12.06
1440,48.048,green,observed,1.0,2.45,,green,0,-12.84,0,-2.45,1,12.74
1443,48.148,green,observed,1.0,2.34,,green,0,-12.84,0,-2.34,1,12.47
1446,48.248,green,observed,1.0,2.24,,green,0,-13.06,0,-2.24,1,12.53
1449,48.348,green,observed,1.0,2.88,,green,0,-12.95,0,-2.88,1,12.13
1452,48.448,green,observed,1.0,2.56,,green,0,-13.72,0,-2.56,1,12.53
1455,48.549,green,observed,1.0,2.56,,green,0,-13.5,0,-2.56,1,12.74
1458,48.649,green,observed,1.0,2.66,,green,0,-13.28,0,-2.66,1,13.14
1461,48.749,green,observed,0.693,1.39,,green,0,-13.72,0,-1.39,1,13.08
1464,48.849,green,observed,1.0,2.34,,green,0,-14.49,0,-2.34,1,13.21
1467,48.949,green,observed,1.0,2.34,,green,0,-14.05,0,-2.34,1,13.14
1470,49.049,green,observed,1.0,2.34,,green,0,-12.62,0,-2.34,1,12.81
1473,49.149,green,observed,1.0,2.24,,green,0,-13.06,0,-2.24,1,12.74
1476,49.249,green,observed,1.0,2.24,,green,0,-13.17,0,-2.24,1,13.21
1479,49.349,green,observed,1.0,2.56,,green,0,-13.61,0,-2.56,1,11.79
1482,49.449,green,observed,1.0,2.56,,green,0,-13.17,0,-2.56,1,12.74
1485,49.55,green,observed,1.0,2.02,,green,0,-13.39,0,-2.02,1,12.4
1488,49.65,green,observed,1.0,2.77,,green,0,-13.28,0,-2.77,1,12.26
1491,49.75,green,observed,1.0,2.13,,green,0,-14.27,0,-2.13,1,11.92
1494,49.85,green,observed,1.0,2.98,,green,0,-13.28,0,-2.98,1,12.74
1497,49.95,green,observed,1.0,3.94,,green,0,-13.83,0,-3.94,1,12.06
1500,50.05,green,observed,1.0,3.3,,green,0,-13.5,0,-3.3,1,10.84
1503,50.15,green,observed,1.0,2.98,,green,0,-13.28,0,-2.98,1,10.3
1506,50.25,green,observed,1.0,2.56,,green,0,-13.72,0,-2.56,1,11.04
1509,50.35,green,observed,1.0,2.98,,green,0,-14.27,0,-2.98,1,10.71
1512,50.45,green,observed,1.0,3.2,,green,0,-13.83,0,-3.2,1,11.31
1515,50.55,green,observed,1.0,2.13,,green,0,-13.83,0,-2.13,1,10.1
1518,50.651,green,observed,1.0,2.24,,green,0,-14.27,0,-2.24,1,12.2
1521,50.751,green,observed,0.906,1.81,,green,0,-13.83,0,-1.81,1,12.26
1524,50.851,green,observed,1.0,2.98,,green,0,-13.83,0,-2.98,1,11.45
1527,50.951,green,observed,1.0,3.3,,green,0,-13.94,0,-3.3,1,11.04
1530,51.051,green,observed,0.586,1.17,,green,0,-14.6,0,-1.17,1,11.25
1533,51.151,green,observed,0.639,1.28,,green,0,-13.94,0,-1.28,1,10.98
1536,51.251,green,observed,1.0,2.66,,green,0,-14.38,0,-2.66,1,10.71
1539,51.351,green,observed,1.0,2.24,,green,0,-13.28,0,-2.24,1,10.37
1542,51.451,green,observed,1.0,2.24,,green,0,-14.6,0,-2.24,1,11.59
1545,51.552,green,observed,1.0,2.02,,green,0,-13.72,0,-2.02,1,10.37
1548,51.652,green,observed,0.959,1.92,,green,0,-14.16,0,-1.92,1,11.31
1551,51.752,green,observed,0.799,1.6,,green,0,-14.05,0,-1.6,1,11.11
1554,51.852,green,observed,1.0,3.2,,green,0,-14.16,0,-3.2,1,11.18
1557,51.952,green,observed,1.0,3.3,,green,0,-13.83,0,-3.3,1,9.96
1560,52.052,green,observed,1.0,2.02,,green,0,-14.6,0,-2.02,1,10.71
1563,52.152,green,observed,1.0,3.73,,green,0,-13.39,0,-3.73,1,11.45
1566,52.252,green,observed,1.0,2.66,,green,0,-13.28,0,-2.66,1,6.1
1569,52.352,green,observed,1.0,2.98,,green,0,-13.83,0,-2.98,1,10.77
1572,52.452,green,observed,1.0,2.98,,green,0,-13.17,0,-2.98,1,10.3
1575,52.552,green,observed,1.0,2.88,,green,0,-14.71,0,-2.88,1,10.23
1578,52.653,green,observed,0.906,1.81,,green,0,-15.26,0,-1.81,1,11.25
1581,52.753,green,observed,1.0,2.24,,green,0,-14.71,0,-2.24,1,11.65
1584,52.853,green,observed,1.0,2.24,,green,0,-13.06,0,-2.24,1,11.45
1587,52.953,green,observed,1.0,2.34,,green,0,-14.71,0,-2.34,1,9.76
1590,53.053,green,observed,0.959,1.92,,green,0,-13.72,0,-1.92,1,10.84
1593,53.153,green,observed,0.852,1.7,,green,0,-14.38,0,-1.7,1,10.98
1596,53.253,green,observed,1.0,2.02,,green,0,-14.27,0,-2.02,1,10.64
1599,53.353,green,observed,1.0,2.98,,green,0,-13.72,0,-2.98,1,10.43
1602,53.453,green,observed,1.0,2.77,,green,0,-14.49,0,-2.77,1,10.84
1605,53.554,green,observed,1.0,3.3,,green,0,-14.27,0,-3.3,1,11.31
1608,53.654,green,observed,0.906,1.81,,green,0,-14.93,0,-1.81,1,10.57
1611,53.754,green,observed,0.906,1.81,,green,0,-14.27,0,-1.81,1,10.84
1614,53.854,green,observed,1.0,2.13,,green,0,-14.16,0,-2.13,1,11.92
1617,53.954,green,observed,1.0,3.2,,green,0,-14.16,0,-3.2,1,12.2
1620,54.054,green,observed,1.0,2.34,,green,0,-13.17,0,-2.34,1,10.98
1623,54.154,green,observed,1.0,4.05,,green,0,-14.05,0,-4.05,1,11.11
1626,54.254,green,observed,1.0,3.62,,green,0,-13.72,0,-3.62,1,11.31
1629,54.354,green,observed,1.0,2.88,,green,0,-13.72,0,-2.88,1,10.91
1632,54.454,green,observed,1.0,3.41,,green,0,-13.83,0,-3.41,1,11.52
1635,54.555,green,observed,1.0,3.2,,green,0,-14.16,0,-3.2,1,11.25
1638,54.655,green,observed,1.0,3.2,,green,0,-14.05,0,-3.2,1,10.91
1641,54.755,green,observed,1.0,2.56,,green,0,-13.5,0,-2.56,1,10.84
1644,54.855,green,observed,1.0,3.73,,green,0,-14.27,0,-3.73,1,10.71
1647,54.955,green,observed,1.0,4.05,,green,0,-13.83,0,-4.05,1,11.18
1650,55.055,green,observed,1.0,2.13,,green,0,-14.27,0,-2.13,1,11.59
1653,55.155,green,observed,1.0,3.62,,green,0,-13.94,0,-3.62,1,13.42
1656,55.255,green,observed,1.0,3.2,,green,0,-14.6,0,-3.2,1,12.4
1659,55.355,green,observed,1.0,2.98,,green,0,-13.94,0,-2.98,1,12.67
1662,55.455,green,observed,0.906,1.81,,green,0,-14.27,0,-1.81,1,12.2
1665,55.556,green,observed,1.0,3.41,,green,0,-13.83,0,-3.41,1,11.72
1668,55.656,green,observed,1.0,3.09,,green,0,-14.16,0,-3.09,1,11.31
1671,55.756,green,observed,1.0,3.41,,green,0,-13.17,0,-3.41,1,12.26
1674,55.856,green,observed,1.0,2.56,,green,0,-13.39,0,-2.56,1,13.35
1677,55.956,green,observed,1.0,3.2,,green,0,-14.27,0,-3.2,1,11.04
1680,56.056,green,observed,1.0,3.09,,green,0,-14.16,0,-3.09,1,12.53
1683,56.156,green,observed,0.906,1.81,,green,0,-13.72,0,-1.81,1,12.33
1686,56.256,green,observed,1.0,2.45,,green,0,-14.49,0,-2.45,1,12.94
1689,56.356,green,observed,1.0,2.88,,green,0,-15.15,0,-2.88,1,12.74
1692,56.456,green,observed,1.0,2.88,,green,0,-13.72,0,-2.88,1,11.99
1695,56.556,green,observed,1.0,3.2,,green,0,-14.38,0,-3.2,1,13.01
1698,56.657,green,observed,1.0,2.66,,green,0,-13.61,0,-2.66,1,12.26
1701,56.757,green,observed,1.0,2.56,,green,0,-14.05,0,-2.56,1,13.35
1704,56.857,green,observed,1.0,2.34,,green,0,-13.83,0,-2.34,1,11.59
1707,56.957,green,observed,0.852,1.7,,green,0,-14.27,0,-1.7,1,12.74
1710,57.057,green,observed,1.0,3.41,,green,0,-14.38,0,-3.41,1,12.53
1713,57.157,green,observed,1.0,3.2,,green,0,-14.6,0,-3.2,1,12.4
1716,57.257,green,observed,1.0,2.66,,green,0,-13.83,0,-2.66,1,11.86
1719,57.357,green,observed,1.0,2.56,,green,0,-14.05,0,-2.56,1,11.92
1722,57.457,green,observed,1.0,2.56,,green,0,-13.83,0,-2.56,1,12.2
1725,57.558,green,observed,1.0,2.77,,green,0,-13.94,0,-2.77,1,12.81
1728,57.658,green,observed,1.0,2.56,,green,0,-13.83,0,-2.56,1,12.67
1731,57.758,green,observed,1.0,3.62,,green,0,-13.94,0,-3.62,1,12.87
1734,57.858,green,observed,1.0,2.34,,green,0,-13.72,0,-2.34,1,12.81
1737,57.958,green,observed,1.0,2.45,,green,0,-13.39,0,-2.45,1,12.81
1740,58.058,green,observed,1.0,2.56,,green,0,-13.83,0,-2.56,1,12.47
1743,58.158,green,observed,1.0,2.88,,green,0,-14.05,0,-2.88,1,13.42
1746,58.258,green,observed,1.0,2.02,,green,0,-15.15,0,-2.02,1,13.01
1749,58.358,green,observed,1.0,3.73,,green,0,-14.6,0,-3.73,1,12.67
1752,58.458,green,observed,1.0,3.2,,green,0,-14.82,0,-3.2,1,12.2
1755,58.558,green,observed,1.0,2.45,,green,0,-13.83,0,-2.45,1,13.35
1758,58.659,green,observed,0.959,1.92,,green,0,-13.61,0,-1.92,1,12.94
1761,58.759,green,observed,1.0,2.34,,green,0,-14.27,0,-2.34,1,13.75
1764,58.859,green,observed,0.959,1.92,,green,0,-13.72,0,-1.92,1,12.47
1767,58.959,green,observed,1.0,2.45,,green,0,-14.05,0,-2.45,1,12.4
1770,59.059,green,observed,1.0,2.34,,green,0,-12.95,0,-2.34,1,12.67
1773,59.159,green,observed,1.0,2.56,,green,0,-13.28,0,-2.56,1,11.99
1776,59.259,green,observed,1.0,2.24,,green,0,-13.83,0,-2.24,1,12.74
1779,59.359,green,observed,1.0,2.34,,green,0,-13.94,0,-2.34,1,13.21
1782,59.459,green,observed,1.0,2.66,,green,0,-14.16,0,-2.66,1,13.08
1785,59.56,green,observed,1.0,3.3,,green,0,-13.83,0,-3.3,1,12.67
1788,59.66,green,observed,1.0,2.13,,green,0,-14.05,0,-2.13,1,11.92
1791,59.76,green,observed,1.0,2.24,,green,0,-14.05,0,-2.24,1,12.2
1794,59.86,green,observed,1.0,2.66,,green,0,-13.61,0,-2.66,1,12.6
1797,59.96,green,observed,1.0,2.77,,green,0,-13.72,0,-2.77,1,12.47
1800,60.06,green_blink,observed,1.0,2.24,,green_flash,0,-14.27,0,-2.24,0,-9.01
1803,60.16,green_blink,observed,1.0,2.13,,green_flash,0,-13.94,0,-2.13,0,-10.84
1806,60.26,green_blink,observed,0.959,1.92,,green_flash,0,-13.83,0,-1.92,0,-10.71
1809,60.36,green_blink,observed,1.0,3.09,,green_flash,0,-14.49,0,-3.09,0,-11.31
1812,60.46,green_blink,observed,1.0,2.34,,green_flash,0,-13.83,0,-2.34,0,-11.18
1815,60.56,green_blink,observed,1.0,2.24,,green,0,-13.94,0,-2.24,1,5.15
1818,60.661,green_blink,observed,1.0,3.09,,green,0,-13.39,0,-3.09,1,12.47
1821,60.761,green_blink,observed,1.0,2.88,,green,0,-13.17,0,-2.88,1,13.21
1824,60.861,green_blink,observed,1.0,3.09,,green,0,-13.39,0,-3.09,1,12.2
1827,60.961,green_blink,observed,1.0,2.56,,green,0,-12.95,0,-2.56,1,12.2
1830,61.061,green_blink,observed,1.0,2.34,,green_flash,0,-14.16,0,-2.34,0,-9.89
1833,61.161,green_blink,observed,1.0,2.45,,green_flash,0,-13.28,0,-2.45,0,-10.71
1836,61.261,unknown,occluded,0.0,2.66,occluded,occluded,0,-13.28,0,-2.66,0,-11.11
1839,61.361,unknown,occluded,0.0,1.92,occluded,occluded,0,-13.17,0,-1.92,0,-11.25
1842,61.461,unknown,occluded,0.0,1.6,occluded,occluded,0,-14.05,0,-1.6,0,-10.64
1845,61.562,unknown,occluded,0.0,2.77,occluded,occluded,0,-12.84,0,-2.77,1,4.81
1848,61.662,green_blink,observed,1.0,2.77,,green,0,-12.29,0,-2.77,1,11.38
1851,61.762,green_blink,observed,1.0,2.24,,green,0,-12.51,0,-2.24,1,12.47
1854,61.862,green_blink,observed,1.0,3.3,,green,0,-13.72,0,-3.3,1,11.25
1857,61.962,green_blink,observed,1.0,2.98,,green,0,-13.28,0,-2.98,1,12.74
1860,62.062,green_blink,observed,1.0,2.45,,green_flash,0,-13.61,0,-2.45,0,-10.43
1863,62.162,green_blink,observed,1.0,2.34,,green_flash,0,-14.16,0,-2.34,0,-11.31
1866,62.262,green_blink,observed,1.0,2.13,,green_flash,0,-13.61,0,-2.13,0,-11.04
1869,62.362,green_blink,observed,1.0,2.02,,green_flash,0,-14.27,0,-2.02,0,-11.18
1872,62.462,green_blink,observed,1.0,2.66,,green_flash,0,-14.82,0,-2.66,0,-11.38
1875,62.562,green,low_confidence,0.426,0.85,lamp_near_threshold,green,0,-13.17,0,-0.85,1,4.81
1878,62.663,green,low_confidence,1.0,2.45,short_unsupported_run,green,0,-13.61,0,-2.45,1,12.13
1881,62.763,green,low_confidence,0.48,0.96,lamp_near_threshold,green,0,-13.94,0,-0.96,1,11.31
1884,62.863,green,low_confidence,1.0,2.77,short_unsupported_run,green,0,-14.71,0,-2.77,1,11.11
1887,62.963,green,low_confidence,1.0,2.02,short_unsupported_run,green,0,-14.49,0,-2.02,1,12.4
1890,63.063,amber,low_confidence,0.426,0.85,lamp_near_threshold,amber,0,-13.39,1,0.85,0,-10.3
1893,63.163,amber,observed,1.0,2.24,,amber,0,-13.94,1,2.24,0,-11.86
1896,63.263,amber,observed,1.0,2.88,,amber,0,-14.6,1,2.88,0,-11.38
1899,63.363,amber,observed,1.0,2.77,,amber,0,-14.71,1,2.77,0,-11.38
1902,63.463,amber,observed,1.0,2.66,,amber,0,-14.05,1,2.66,0,-11.18
1905,63.564,amber,observed,1.0,2.66,,amber,0,-13.72,1,2.66,0,-11.04
1908,63.664,amber,observed,1.0,2.66,,amber,0,-14.05,1,2.66,0,-10.98
1911,63.764,amber,observed,1.0,2.34,,amber,0,-14.05,1,2.34,0,-11.31
1914,63.864,amber,observed,1.0,2.34,,amber,0,-13.39,1,2.34,0,-11.45
1917,63.964,amber,observed,1.0,2.34,,amber,0,-13.61,1,2.34,0,-10.84
1920,64.064,amber,observed,0.959,1.92,,amber,0,-12.73,1,1.92,0,-11.52
1923,64.164,amber,observed,0.959,1.92,,amber,0,-12.62,1,1.92,0,-11.52
1926,64.264,amber,observed,1.0,2.24,,amber,0,-13.39,1,2.24,0,-11.72
1929,64.364,amber,observed,0.746,1.49,,amber,0,-13.28,1,1.49,0,-11.59
1932,64.464,amber,observed,1.0,2.45,,amber,0,-13.39,1,2.45,0,-10.98
1935,64.564,amber,observed,1.0,2.45,,amber,0,-13.61,1,2.45,0,-11.11
1938,64.665,amber,observed,0.959,1.92,,amber,0,-13.06,1,1.92,0,-11.92
1941,64.765,amber,observed,1.0,2.88,,amber,0,-13.83,1,2.88,0,-11.11
1944,64.865,amber,observed,1.0,2.34,,amber,0,-13.94,1,2.34,0,-11.18
1947,64.965,amber,observed,1.0,2.88,,amber,0,-13.72,1,2.88,0,-11.11
1950,65.065,amber,observed,0.906,1.81,,amber,0,-14.16,1,1.81,0,-10.64
1953,65.165,amber,observed,1.0,2.13,,amber,0,-14.05,1,2.13,0,-11.45
1956,65.265,amber,observed,0.746,1.49,,amber,0,-14.71,1,1.49,0,-11.25
1959,65.365,amber,observed,0.852,1.7,,amber,0,-12.84,1,1.7,0,-10.71
1962,65.465,amber,observed,0.852,1.7,,amber,0,-13.94,1,1.7,0,-11.04
1965,65.566,amber,observed,1.0,2.02,,amber,0,-13.5,1,2.02,0,-10.91
1968,65.666,amber,observed,0.906,1.81,,amber,0,-13.61,1,1.81,0,-11.25
1971,65.766,amber,observed,0.746,1.49,,amber,0,-13.83,1,1.49,0,-10.77
1974,65.866,amber,observed,0.959,1.92,,amber,0,-13.39,1,1.92,0,-11.52
1977,65.966,amber,observed,0.799,1.6,,amber,0,-13.17,1,1.6,0,-10.91
1980,66.066,red,observed,1.0,2.66,,red,1,12.4,0,-2.66,0,-11.04
1983,66.166,red,observed,1.0,2.45,,red,1,17.45,0,-2.45,0,-11.18
1986,66.266,red,observed,1.0,2.77,,red,1,14.71,0,-2.77,0,-10.98
1989,66.366,red,observed,1.0,2.24,,red,1,14.93,0,-2.24,0,-11.72
1992,66.466,red,observed,1.0,3.41,,red,1,15.37,0,-3.41,0,-11.25
1995,66.566,red,observed,1.0,3.09,,red,1,14.6,0,-3.09,0,-11.18
1998,66.667,red,observed,1.0,2.77,,red,1,14.49,0,-2.77,0,-11.52
2001,66.767,red,observed,1.0,2.98,,red,1,13.72,0,-2.98,0,-11.38
2004,66.867,red,observed,1.0,2.66,,red,1,14.49,0,-2.66,0,-11.31
2007,66.967,red,observed,1.0,2.34,,red,1,14.82,0,-2.34,0,-11.18
2010,67.067,red,observed,1.0,2.34,,red,1,15.92,0,-2.34,0,-11.18
2013,67.167,red,observed,1.0,2.13,,red,1,15.59,0,-2.13,0,-11.52
2016,67.267,red,observed,1.0,2.66,,red,1,14.49,0,-2.66,0,-11.18
2019,67.367,red,observed,1.0,2.98,,red,1,16.03,0,-2.98,0,-10.91
2022,67.467,red,observed,1.0,2.66,,red,1,14.93,0,-2.66,0,-11.11
2025,67.568,red,observed,1.0,2.98,,red,1,15.37,0,-2.98,0,-10.77
2028,67.668,red,observed,1.0,3.2,,red,1,15.48,0,-3.2,0,-11.25
2031,67.768,red,observed,1.0,2.02,,red,1,14.6,0,-2.02,0,-11.18
2034,67.868,red,observed,0.586,1.17,,red,1,14.6,0,-1.17,0,-11.31
2037,67.968,red,observed,1.0,2.02,,red,1,15.48,0,-2.02,0,-11.92
2040,68.068,red,observed,1.0,2.24,,red,1,14.49,0,-2.24,0,-11.25
2043,68.168,red,observed,1.0,2.34,,red,1,14.49,0,-2.34,0,-11.18
2046,68.268,red,observed,1.0,2.34,,red,1,14.05,0,-2.34,0,-11.18
2049,68.368,red,observed,0.959,1.92,,red,1,15.37,0,-1.92,0,-11.59
2052,68.468,red,observed,1.0,2.34,,red,1,14.27,0,-2.34,0,-11.18
2055,68.568,red,observed,1.0,2.13,,red,1,13.94,0,-2.13,0,-11.11
2058,68.669,red,observed,1.0,3.52,,red,1,14.6,0,-3.52,0,-11.45
2061,68.769,red,observed,1.0,2.34,,red,1,15.92,0,-2.34,0,-11.04
2064,68.869,red,observed,1.0,2.24,,red,1,15.15,0,-2.24,0,-10.71
2067,68.969,red,observed,1.0,2.56,,red,1,15.7,0,-2.56,0,-10.84
2070,69.069,red,observed,0.852,1.7,,red,1,14.6,0,-1.7,0,-11.18
2073,69.169,red,observed,0.746,1.49,,red,1,13.5,0,-1.49,0,-11.04
2076,69.269,red,observed,1.0,2.88,,red,1,15.26,0,-2.88,0,-10.98
2079,69.369,red,observed,1.0,2.56,,red,1,14.6,0,-2.56,0,-11.04
2082,69.469,red,observed,0.746,1.49,,red,1,14.27,0,-1.49,0,-11.04
2085,69.57,red,observed,1.0,2.56,,red,1,15.26,0,-2.56,0,-11.31
2088,69.67,red,observed,1.0,2.34,,red,1,14.71,0,-2.34,0,-11.45
2091,69.77,red,observed,1.0,3.09,,red,1,15.04,0,-3.09,0,-11.25
2094,69.87,red,observed,1.0,2.34,,red,1,15.15,0,-2.34,0,-11.11
2097,69.97,red,observed,1.0,2.77,,red,1,15.59,0,-2.77,0,-10.77
2100,70.07,red,observed,1.0,3.3,,red,1,14.27,0,-3.3,0,-11.25
2103,70.17,red,observed,1.0,2.77,,red,1,14.71,0,-2.77,0,-11.45
2106,70.27,red,observed,1.0,3.09,,red,1,15.48,0,-3.09,0,-10.91
2109,70.37,red,observed,1.0,2.77,,red,1,14.38,0,-2.77,0,-11.38
2112,70.47,red,observed,1.0,3.2,,red,1,13.94,0,-3.2,0,-10.98
2115,70.57,red,observed,1.0,3.62,,red,1,14.49,0,-3.62,0,-11.45
2118,70.671,red,observed,1.0,3.3,,red,1,13.83,0,-3.3,0,-10.91
2121,70.771,red,observed,1.0,3.2,,red,1,15.37,0,-3.2,0,-11.04
2124,70.871,red,observed,1.0,3.52,,red,1,14.93,0,-3.52,0,-10.91
2127,70.971,red,observed,1.0,4.05,,red,1,14.93,0,-4.05,0,-10.77
2130,71.071,red,observed,0.906,1.81,,red,1,13.83,0,-1.81,0,-10.98
2133,71.171,red,observed,0.852,1.7,,red,1,15.26,0,-1.7,0,-11.18
2136,71.271,red,observed,1.0,3.41,,red,1,13.72,0,-3.41,0,-11.31
2139,71.371,red,observed,1.0,3.52,,red,1,12.51,0,-3.52,0,-11.18
2142,71.471,red,observed,1.0,3.62,,red,1,12.29,0,-3.62,0,-11.52
2145,71.572,red,observed,1.0,2.77,,red,1,13.61,0,-2.77,0,-11.25
2148,71.672,red,observed,1.0,2.66,,red,1,14.6,0,-2.66,0,-11.11
2151,71.772,red,observed,1.0,2.98,,red,1,14.05,0,-2.98,0,-10.84
2154,71.872,red,observed,1.0,2.66,,red,1,13.28,0,-2.66,0,-10.91
2157,71.972,red,observed,1.0,2.66,,red,1,13.39,0,-2.66,0,-10.71
2160,72.072,red,observed,1.0,3.41,,red,1,15.37,0,-3.41,0,-10.84
2163,72.172,red,observed,1.0,2.98,,red,1,14.82,0,-2.98,0,-10.84
2166,72.272,red,observed,1.0,3.2,,red,1,14.6,0,-3.2,0,-10.71
2169,72.372,red,observed,1.0,3.09,,red,1,14.93,0,-3.09,0,-10.84
2172,72.472,red,observed,1.0,2.88,,red,1,15.26,0,-2.88,0,-10.71
2175,72.572,red,observed,1.0,2.98,,red,1,13.83,0,-2.98,0,-10.71
2178,72.673,red,observed,1.0,2.34,,red,1,14.38,0,-2.34,0,-11.31
2181,72.773,red,observed,1.0,2.77,,red,1,14.27,0,-2.77,0,-10.98
2184,72.873,red,observed,1.0,2.45,,red,1,14.05,0,-2.45,0,-11.38
2187,72.973,red,observed,1.0,2.77,,red,1,13.94,0,-2.77,0,-10.91
2190,73.073,red,observed,1.0,2.34,,red,1,14.16,0,-2.34,0,-10.98
2193,73.173,red,observed,1.0,2.02,,red,1,13.5,0,-2.02,0,-10.91
2196,73.273,red,observed,1.0,2.45,,red,1,15.59,0,-2.45,0,-10.64
2199,73.373,red,observed,1.0,2.66,,red,1,14.16,0,-2.66,0,-11.11
2202,73.473,red,observed,0.693,1.39,,red,1,13.5,0,-1.39,0,-10.64
2205,73.574,red,observed,0.959,1.92,,red,1,13.39,0,-1.92,0,-10.37
2208,73.674,red,observed,0.799,1.6,,red,1,14.38,0,-1.6,0,-10.84
2211,73.774,red,observed,1.0,2.66,,red,1,13.72,0,-2.66,0,-10.43
2214,73.874,red,observed,0.746,1.49,,red,1,13.94,0,-1.49,0,-11.18
2217,73.974,red,observed,1.0,2.88,,red,1,14.38,0,-2.88,0,-11.38
2220,74.074,red,observed,1.0,2.88,,red,1,14.6,0,-2.88,0,-11.31
2223,74.174,red,observed,1.0,2.66,,red,1,14.93,0,-2.66,0,-11.86
2226,74.274,red,observed,1.0,3.09,,red,1,12.29,0,-3.09,0,-11.31
2229,74.374,red,observed,1.0,2.98,,red,1,14.05,0,-2.98,0,-11.45
2232,74.474,red,observed,1.0,3.2,,red,1,14.05,0,-3.2,0,-10.84
2235,74.574,red,observed,1.0,3.2,,red,1,12.95,0,-3.2,0,-10.84
2238,74.675,red,observed,1.0,2.66,,red,1,13.94,0,-2.66,0,-10.91
2241,74.775,red,observed,1.0,2.02,,red,1,14.05,0,-2.02,0,-11.18
2244,74.875,red,observed,1.0,3.3,,red,1,14.05,0,-3.3,0,-10.43
2247,74.975,red,observed,1.0,2.24,,red,1,11.96,0,-2.24,0,-10.98
2250,75.075,red,observed,1.0,2.34,,red,1,13.72,0,-2.34,0,-10.84
2253,75.175,red,observed,1.0,2.34,,red,1,13.5,0,-2.34,0,-10.84
2256,75.275,red,observed,1.0,2.56,,red,1,14.05,0,-2.56,0,-10.98
2259,75.375,red,observed,1.0,3.3,,red,1,14.05,0,-3.3,0,-10.77
2262,75.475,red,observed,1.0,2.77,,red,1,14.38,0,-2.77,0,-10.98
2265,75.576,red,observed,1.0,2.02,,red,1,12.73,0,-2.02,0,-10.84
2268,75.676,red,observed,1.0,2.45,,red,1,14.05,0,-2.45,0,-10.5
2271,75.776,red,observed,1.0,3.41,,red,1,13.06,0,-3.41,0,-10.71
2274,75.876,red,observed,1.0,2.56,,red,1,13.83,0,-2.56,0,-10.98
2277,75.976,red,observed,1.0,2.13,,red,1,13.72,0,-2.13,0,-10.84
2280,76.076,red,observed,1.0,2.13,,red,1,14.93,0,-2.13,0,-10.77
2283,76.176,red,observed,1.0,2.13,,red,1,13.83,0,-2.13,0,-11.25
2286,76.276,red,observed,0.959,1.92,,red,1,13.83,0,-1.92,0,-11.59
2289,76.376,red,observed,0.959,1.92,,red,1,13.72,0,-1.92,0,-11.45
2292,76.476,red,observed,1.0,2.98,,red,1,13.83,0,-2.98,0,-10.98
2295,76.576,red,observed,0.959,1.92,,red,1,13.39,0,-1.92,0,-10.77
2298,76.677,red,observed,0.959,1.92,,red,1,14.05,0,-1.92,0,-10.98
2301,76.777,red,observed,0.959,1.92,,red,1,13.61,0,-1.92,0,-11.25
2304,76.877,red,observed,0.852,1.7,,red,1,13.5,0,-1.7,0,-10.77
2307,76.977,red,observed,0.906,1.81,,red,1,13.39,0,-1.81,0,-10.64
2310,77.077,red,observed,1.0,2.77,,red,1,14.38,0,-2.77,0,-11.11
2313,77.177,red,observed,1.0,2.77,,red,1,14.6,0,-2.77,0,-11.52
2316,77.277,red,observed,1.0,2.56,,red,1,13.94,0,-2.56,0,-10.77
2319,77.377,red,observed,1.0,2.13,,red,1,13.06,0,-2.13,0,-10.98
2322,77.477,red,observed,1.0,2.66,,red,1,14.49,0,-2.66,0,-11.11
2325,77.578,red,observed,1.0,2.56,,red,1,15.59,0,-2.56,0,-11.45
2328,77.678,red,observed,1.0,2.98,,red,1,14.16,0,-2.98,0,-11.31
2331,77.778,red,observed,1.0,2.56,,red,1,14.16,0,-2.56,0,-11.04
2334,77.878,red,observed,1.0,2.45,,red,1,14.82,0,-2.45,0,-11.45
2337,77.978,red,observed,1.0,2.88,,red,1,15.48,0,-2.88,0,-10.71
2340,78.078,red,observed,1.0,2.02,,red,1,14.05,0,-2.02,0,-10.43
2343,78.178,red,observed,1.0,2.02,,red,1,13.61,0,-2.02,0,-10.84
2346,78.278,red,observed,0.906,1.81,,red,1,14.6,0,-1.81,0,-11.18
2349,78.378,red,observed,1.0,2.24,,red,1,14.27,0,-2.24,0,-11.04
2352,78.478,red,observed,1.0,2.34,,red,1,14.38,0,-2.34,0,-11.45
2355,78.578,red,observed,1.0,2.02,,red,1,15.15,0,-2.02,0,-11.18
2358,78.679,red,observed,0.959,1.92,,red,1,13.17,0,-1.92,0,-10.71
2361,78.779,red,observed,0.906,1.81,,red,1,13.94,0,-1.81,0,-11.04
2364,78.879,red,observed,0.852,1.7,,red,1,14.6,0,-1.7,0,-10.91
2367,78.979,red,observed,0.906,1.81,,red,1,14.27,0,-1.81,0,-10.91
2370,79.079,red,observed,1.0,2.34,,red,1,12.84,0,-2.34,0,-11.31
2373,79.179,red,observed,1.0,2.24,,red,1,14.38,0,-2.24,0,-11.31
2376,79.279,red,observed,1.0,2.34,,red,1,14.6,0,-2.34,0,-11.18
2379,79.379,red,observed,1.0,2.13,,red,1,13.39,0,-2.13,0,-10.98
2382,79.479,red,observed,1.0,2.13,,red,1,13.83,0,-2.13,0,-11.04
2385,79.58,red,observed,1.0,2.13,,red,1,13.83,0,-2.13,0,-10.91
2388,79.68,red,observed,0.693,1.39,,red,1,14.05,0,-1.39,0,-11.18
2391,79.78,red,observed,1.0,2.45,,red,1,13.39,0,-2.45,0,-10.84
2394,79.88,red,observed,1.0,2.88,,red,1,13.83,0,-2.88,0,-10.77
2397,79.98,red,observed,0.746,1.49,,red,1,13.28,0,-1.49,0,-10.84
2400,80.08,red,observed,0.693,1.39,,red,1,14.82,0,-1.39,0,-11.31
2403,80.18,red,observed,0.799,1.6,,red,1,12.95,0,-1.6,0,-11.31
2406,80.28,red,observed,0.746,1.49,,red,1,13.94,0,-1.49,0,-11.38
2409,80.38,red,observed,0.906,1.81,,red,1,13.83,0,-1.81,0,-11.25
2412,80.48,red,observed,0.959,1.92,,red,1,14.27,0,-1.92,0,-11.11
2415,80.58,red,observed,0.799,1.6,,red,1,13.61,0,-1.6,0,-11.25
2418,80.681,red,observed,0.959,1.92,,red,1,13.5,0,-1.92,0,-10.98
2421,80.781,red,observed,0.906,1.81,,red,1,13.83,0,-1.81,0,-11.31
2424,80.881,red,observed,1.0,2.13,,red,1,12.95,0,-2.13,0,-11.59
2427,80.981,red,observed,1.0,2.56,,red,1,12.29,0,-2.56,0,-10.84
2430,81.081,red,observed,1.0,2.13,,red,1,13.28,0,-2.13,0,-11.04
2433,81.181,red,observed,1.0,2.02,,red,1,13.61,0,-2.02,0,-10.98
2436,81.281,red,observed,0.746,1.49,,red,1,13.06,0,-1.49,0,-11.11
2439,81.381,red,observed,1.0,2.24,,red,1,13.39,0,-2.24,0,-11.65
2442,81.481,red,observed,1.0,2.66,,red,1,13.06,0,-2.66,0,-10.91
2445,81.582,red,observed,1.0,2.66,,red,1,12.4,0,-2.66,0,-10.84
2448,81.682,red,observed,0.906,1.81,,red,1,11.74,0,-1.81,0,-10.43
2451,81.782,red,observed,0.906,1.81,,red,1,12.4,0,-1.81,0,-10.71
2454,81.882,red,observed,1.0,2.13,,red,1,12.4,0,-2.13,0,-11.31
2457,81.982,red,observed,1.0,2.24,,red,1,12.4,0,-2.24,0,-10.84
2460,82.082,red,observed,1.0,2.66,,red,1,12.95,0,-2.66,0,-11.18
2463,82.182,red,observed,1.0,2.66,,red,1,12.95,0,-2.66,0,-10.98
2466,82.282,red,observed,1.0,2.24,,red,1,13.61,0,-2.24,0,-11.11
2469,82.382,red,observed,1.0,2.13,,red,1,12.29,0,-2.13,0,-10.5
2472,82.482,red,observed,1.0,2.66,,red,1,13.72,0,-2.66,0,-12.4
2475,82.582,red,observed,1.0,2.45,,red,1,12.18,0,-2.45,0,-12.26
2478,82.683,red,observed,1.0,2.24,,red,1,13.06,0,-2.24,0,-10.91
2481,82.783,red,observed,1.0,2.45,,red,1,11.85,0,-2.45,0,-11.04
2484,82.883,red,observed,1.0,2.45,,red,1,12.4,0,-2.45,0,-11.11
2487,82.983,red,observed,0.906,1.81,,red,1,12.51,0,-1.81,0,-11.52
2490,83.083,red,observed,1.0,2.24,,red,1,12.73,0,-2.24,0,-11.45
2493,83.183,red,observed,0.959,1.92,,red,1,11.96,0,-1.92,0,-11.45
2496,83.283,red,observed,1.0,2.24,,red,1,11.64,0,-2.24,0,-10.71
2499,83.383,red,observed,1.0,2.34,,red,1,12.07,0,-2.34,0,-11.52
2502,83.483,red,observed,1.0,2.24,,red,1,12.51,0,-2.24,0,-11.52
2505,83.584,red,observed,1.0,2.13,,red,1,12.95,0,-2.13,0,-11.11
2508,83.684,red,observed,1.0,2.77,,red,1,13.28,0,-2.77,0,-11.11
2511,83.784,red,observed,0.799,1.6,,red,1,12.29,0,-1.6,0,-11.11
2514,83.884,red,observed,0.746,1.49,,red,1,13.28,0,-1.49,0,-11.52
2517,83.984,red,observed,1.0,2.45,,red,1,13.28,0,-2.45,0,-11.25
2520,84.084,red,observed,1.0,2.02,,red,1,13.39,0,-2.02,0,-10.98
2523,84.184,red,observed,1.0,2.02,,red,1,13.39,0,-2.02,0,-11.11
2526,84.284,red,observed,1.0,2.13,,red,1,12.62,0,-2.13,0,-11.52
2529,84.384,red,observed,1.0,2.77,,red,1,12.84,0,-2.77,0,-11.31
2532,84.484,red,observed,1.0,2.02,,red,1,12.84,0,-2.02,0,-11.18
2535,84.584,red,observed,1.0,2.88,,red,1,12.95,0,-2.88,0,-10.91
2538,84.685,red,observed,1.0,2.98,,red,1,13.61,0,-2.98,0,-11.31
2541,84.785,red,observed,1.0,2.98,,red,1,13.61,0,-2.98,0,-11.45
2544,84.885,red,observed,1.0,2.77,,red,1,14.82,0,-2.77,0,-10.84
2547,84.985,red,observed,1.0,2.56,,red,1,13.28,0,-2.56,0,-11.25
2550,85.085,red,observed,1.0,2.34,,red,1,13.28,0,-2.34,0,-11.11
2553,85.185,red,observed,1.0,2.45,,red,1,14.27,0,-2.45,0,-11.18
2556,85.285,red,observed,1.0,2.56,,red,1,13.06,0,-2.56,0,-11.11
2559,85.385,red,observed,1.0,2.45,,red,1,12.62,0,-2.45,0,-11.11
2562,85.485,red,observed,1.0,2.24,,red,1,13.5,0,-2.24,0,-10.98
2565,85.586,red,observed,1.0,2.24,,red,1,12.73,0,-2.24,0,-10.71
2568,85.686,red,observed,1.0,2.34,,red,1,12.62,0,-2.34,0,-10.84
2571,85.786,red,observed,1.0,2.13,,red,1,12.51,0,-2.13,0,-11.25
2574,85.886,red,observed,1.0,2.34,,red,1,11.74,0,-2.34,0,-11.18
2577,85.986,red,observed,1.0,2.24,,red,1,11.74,0,-2.24,0,-10.98
2580,86.086,red,observed,1.0,2.88,,red,1,14.16,0,-2.88,0,-10.98
2583,86.186,red,observed,0.959,1.92,,red,1,13.39,0,-1.92,0,-11.72
2586,86.286,red,observed,0.852,1.7,,red,1,12.62,0,-1.7,0,-10.84
2589,86.386,red,observed,1.0,2.02,,red,1,13.17,0,-2.02,0,-10.91
2592,86.486,red,observed,0.799,1.6,,red,1,12.84,0,-1.6,0,-10.84
2595,86.586,red,observed,1.0,3.09,,red,1,12.18,0,-3.09,0,-11.31
2598,86.687,red,observed,1.0,2.56,,red,1,12.4,0,-2.56,0,-10.71
2601,86.787,red,observed,0.799,1.6,,red,1,11.96,0,-1.6,0,-11.04
2604,86.887,red,observed,0.799,1.6,,red,1,11.85,0,-1.6,0,-10.91
2607,86.987,red,observed,0.693,1.39,,red,1,12.51,0,-1.39,0,-11.11
2610,87.087,red,observed,1.0,2.24,,red,1,12.51,0,-2.24,0,-10.84
2613,87.187,red,observed,1.0,2.34,,red,1,12.29,0,-2.34,0,-10.91
2616,87.287,red,observed,1.0,2.02,,red,1,12.29,0,-2.02,0,-10.71
2619,87.387,red,observed,1.0,2.77,,red,1,13.39,0,-2.77,0,-10.91
2622,87.487,red,observed,1.0,3.09,,red,1,13.17,0,-3.09,0,-10.91
2625,87.588,red,observed,1.0,2.56,,red,1,12.07,0,-2.56,0,-11.45
2628,87.688,red,observed,1.0,2.02,,red,1,12.4,0,-2.02,0,-10.77
2631,87.788,red,observed,1.0,2.24,,red,1,13.28,0,-2.24,0,-10.71
2634,87.888,red,observed,1.0,2.88,,red,1,13.61,0,-2.88,0,-10.64
2637,87.988,red,observed,1.0,2.02,,red,1,12.95,0,-2.02,0,-11.11
2640,88.088,red,observed,1.0,2.34,,red,1,11.53,0,-2.34,0,-11.18
2643,88.188,red,observed,1.0,2.98,,red,1,13.39,0,-2.98,0,-10.77
2646,88.288,red,observed,0.959,1.92,,red,1,12.62,0,-1.92,0,-11.18
2649,88.388,red,observed,1.0,2.02,,red,1,12.29,0,-2.02,0,-10.77
2652,88.488,red,observed,1.0,2.77,,red,1,12.95,0,-2.77,0,-10.91
2655,88.588,red,observed,1.0,2.56,,red,1,13.06,0,-2.56,0,-11.38
2658,88.689,red,observed,1.0,2.34,,red,1,12.07,0,-2.34,0,-10.91
2661,88.789,red,observed,1.0,2.77,,red,1,13.17,0,-2.77,0,-11.38
2664,88.889,red,observed,1.0,2.56,,red,1,13.5,0,-2.56,0,-11.31
2667,88.989,red,observed,1.0,2.34,,red,1,14.6,0,-2.34,0,-10.84
2670,89.089,red,observed,1.0,2.13,,red,1,13.28,0,-2.13,0,-11.04
2673,89.189,red,observed,1.0,2.88,,red,1,13.72,0,-2.88,0,-10.98
2676,89.289,red,observed,1.0,2.88,,red,1,12.84,0,-2.88,0,-10.71
2679,89.389,red,observed,0.906,1.81,,red,1,12.84,0,-1.81,0,-11.25
2682,89.489,red,observed,0.746,1.49,,red,1,12.29,0,-1.49,0,-10.5
2685,89.59,red,observed,0.959,1.92,,red,1,12.18,0,-1.92,0,-11.31
2688,89.69,red,observed,1.0,2.45,,red,1,12.95,0,-2.45,0,-11.25
2691,89.79,red,observed,1.0,2.77,,red,1,13.83,0,-2.77,0,-10.64
2694,89.89,red,observed,1.0,2.88,,red,1,12.73,0,-2.88,0,-10.98
2697,89.99,red,observed,1.0,2.88,,red,1,13.28,0,-2.88,0,-10.64
2700,90.09,red,observed,1.0,3.09,,red,1,13.39,0,-3.09,0,-10.57
2703,90.19,red,observed,1.0,3.3,,red,1,11.64,0,-3.3,0,-10.84
2706,90.29,red,observed,1.0,2.34,,red,1,12.84,0,-2.34,0,-11.18
2709,90.39,red,observed,1.0,2.13,,red,1,13.06,0,-2.13,0,-10.71
2712,90.49,red,observed,1.0,2.34,,red,1,13.28,0,-2.34,0,-11.11
2715,90.59,red,observed,1.0,2.13,,red,1,13.17,0,-2.13,0,-10.84
2718,90.691,red,observed,1.0,2.13,,red,1,13.17,0,-2.13,0,-11.18
2721,90.791,red,observed,1.0,2.45,,red,1,13.06,0,-2.45,0,-11.52
2724,90.891,red,observed,1.0,2.77,,red,1,14.16,0,-2.77,0,-11.18
2727,90.991,red,observed,1.0,2.66,,red,1,13.5,0,-2.66,0,-11.52
2730,91.091,red,observed,1.0,2.66,,red,1,14.05,0,-2.66,0,-10.77
2733,91.191,red,observed,1.0,2.88,,red,1,14.27,0,-2.88,0,-10.98
2736,91.291,red,observed,1.0,2.24,,red,1,13.5,0,-2.24,0,-11.18
2739,91.391,red,observed,1.0,3.3,,red,1,13.28,0,-3.3,0,-10.64
2742,91.491,red,observed,1.0,2.02,,red,1,12.73,0,-2.02,0,-11.11
2745,91.592,red,observed,1.0,3.09,,red,1,15.26,0,-3.09,0,-10.77
2748,91.692,red,observed,1.0,2.02,,red,1,14.49,0,-2.02,0,-10.91
2751,91.792,red,observed,0.906,1.81,,red,1,14.05,0,-1.81,0,-10.84
2754,91.892,red,observed,1.0,2.77,,red,1,14.71,0,-2.77,0,-11.18
2757,91.992,red,observed,1.0,2.02,,red,1,13.94,0,-2.02,0,-10.64
2760,92.092,red,observed,0.906,1.81,,red,1,13.17,0,-1.81,0,-11.45
2763,92.192,red,observed,1.0,2.02,,red,1,13.72,0,-2.02,0,-11.11
2766,92.292,red,observed,1.0,2.02,,red,1,12.62,0,-2.02,0,-11.18
2769,92.392,red,observed,0.906,1.81,,red,1,14.05,0,-1.81,0,-11.11
2772,92.492,red,observed,1.0,2.88,,red,1,13.61,0,-2.88,0,-11.11
2775,92.592,red,observed,1.0,3.09,,red,1,14.49,0,-3.09,0,-11.11
2778,92.693,red,observed,0.959,1.92,,red,1,15.26,0,-1.92,0,-11.45
2781,92.793,red,observed,1.0,2.02,,red,1,12.84,0,-2.02,0,-10.98
2784,92.893,red,observed,1.0,2.13,,red,1,15.26,0,-2.13,0,-11.25
2787,92.993,red,observed,1.0,2.34,,red,1,14.6,0,-2.34,0,-11.52
2790,93.093,red,observed,0.852,1.7,,red,1,15.26,0,-1.7,0,-11.11
2793,93.193,red,observed,0.959,1.92,,red,1,13.39,0,-1.92,0,-10.91
2796,93.293,red,observed,0.906,1.81,,red,1,14.82,0,-1.81,0,-11.25
2799,93.393,red,observed,0.906,1.81,,red,1,13.94,0,-1.81,0,-11.31
2802,93.493,red,observed,0.959,1.92,,red,1,12.95,0,-1.92,0,-10.77
2805,93.594,red,observed,0.852,1.7,,red,1,14.16,0,-1.7,0,-10.77
2808,93.694,red,low_confidence,0.373,0.75,lamp_near_threshold,red,1,14.27,0,-0.75,0,-10.77
2811,93.794,red,observed,1.0,2.13,,red,1,15.15,0,-2.13,0,-11.52
2814,93.894,red,observed,1.0,2.24,,red,1,14.05,0,-2.24,0,-11.31
2817,93.994,red,observed,1.0,2.13,,red,1,13.17,0,-2.13,0,-11.38
2820,94.094,red,observed,1.0,2.56,,red,1,14.82,0,-2.56,0,-11.31
2823,94.194,red,observed,1.0,2.34,,red,1,13.61,0,-2.34,0,-10.98
2826,94.294,red,observed,1.0,2.88,,red,1,12.84,0,-2.88,0,-11.18
2829,94.394,red,observed,1.0,2.77,,red,1,12.84,0,-2.77,0,-11.31
2832,94.494,red,observed,1.0,2.66,,red,1,14.38,0,-2.66,0,-11.31
2835,94.594,red,observed,1.0,2.45,,red,1,13.94,0,-2.45,0,-10.84
2838,94.695,red,observed,1.0,3.3,,red,1,14.71,0,-3.3,0,-11.59
2841,94.795,red,observed,1.0,2.98,,red,1,14.49,0,-2.98,0,-11.11
2844,94.895,red,observed,1.0,2.13,,red,1,14.38,0,-2.13,0,-10.64
2847,94.995,red,observed,1.0,2.02,,red,1,13.28,0,-2.02,0,-10.64
2850,95.095,red,observed,0.906,1.81,,red,1,13.94,0,-1.81,0,-11.38
2853,95.195,red,observed,0.906,1.81,,red,1,14.71,0,-1.81,0,-10.64
2856,95.295,red,observed,1.0,2.34,,red,1,14.49,0,-2.34,0,-10.84
2859,95.395,red,observed,0.852,1.7,,red,1,14.38,0,-1.7,0,-10.84
2862,95.495,red,observed,1.0,2.02,,red,1,13.61,0,-2.02,0,-11.25
2865,95.596,red,observed,0.852,1.7,,red,1,13.83,0,-1.7,0,-11.04
2868,95.696,red,observed,1.0,2.34,,red,1,14.16,0,-2.34,0,-10.91
2871,95.796,red,observed,1.0,2.24,,red,1,15.48,0,-2.24,0,-11.99
2874,95.896,red,observed,1.0,2.34,,red,1,14.49,0,-2.34,0,-11.11
2877,95.996,red,observed,1.0,2.45,,red,1,14.27,0,-2.45,0,-11.31
2880,96.096,red,observed,1.0,2.13,,red,1,14.38,0,-2.13,0,-11.11
2883,96.196,red,observed,1.0,2.34,,red,1,13.39,0,-2.34,0,-11.79
2886,96.296,red,observed,1.0,2.24,,red,1,13.72,0,-2.24,0,-11.11
2889,96.396,red,observed,1.0,2.02,,red,1,14.27,0,-2.02,0,-11.31
2892,96.496,red,observed,1.0,2.56,,red,1,14.05,0,-2.56,0,-10.57
2895,96.596,red,observed,1.0,2.13,,red,1,13.83,0,-2.13,0,-10.84
2898,96.697,red,observed,1.0,2.66,,red,1,14.16,0,-2.66,0,-11.11
2901,96.797,red,observed,1.0,2.88,,red,1,14.82,0,-2.88,0,-11.72
2904,96.897,red,observed,1.0,2.34,,red,1,13.83,0,-2.34,0,-11.11
2907,96.997,red,observed,1.0,2.98,,red,1,13.72,0,-2.98,0,-11.11
2910,97.097,red,observed,1.0,3.09,,red,1,14.05,0,-3.09,0,-11.38
2913,97.197,red,observed,1.0,3.3,,red,1,13.5,0,-3.3,0,-11.11
2916,97.297,red,observed,1.0,3.62,,red,1,13.17,0,-3.62,0,-11.45
2919,97.397,red,observed,1.0,3.2,,red,1,14.38,0,-3.2,0,-11.11
2922,97.497,red,observed,1.0,2.77,,red,1,14.71,0,-2.77,0,-11.25
2925,97.598,red,observed,1.0,2.02,,red,1,13.61,0,-2.02,0,-10.98
2928,97.698,red,observed,1.0,2.45,,red,1,14.49,0,-2.45,0,-10.57
2931,97.798,red,observed,1.0,2.24,,red,1,14.82,0,-2.24,0,-11.52
2934,97.898,red,observed,1.0,2.13,,red,1,13.94,0,-2.13,0,-11.18
2937,97.998,red,observed,1.0,2.66,,red,1,14.38,0,-2.66,0,-11.25
2940,98.098,red,observed,1.0,2.66,,red,1,14.16,0,-2.66,0,-11.45
2943,98.198,red,observed,1.0,2.88,,red,1,13.61,0,-2.88,0,-11.31
2946,98.298,red,observed,1.0,2.77,,red,1,14.05,0,-2.77,0,-11.25
2949,98.398,red,observed,1.0,2.77,,red,1,13.72,0,-2.77,0,-11.25
2952,98.498,red,observed,1.0,2.13,,red,1,14.93,0,-2.13,0,-11.31
2955,98.598,red,observed,1.0,2.24,,red,1,13.94,0,-2.24,0,-10.71
2958,98.699,red,observed,1.0,3.2,,red,1,13.28,0,-3.2,0,-10.91
2961,98.799,red,observed,1.0,2.13,,red,1,13.72,0,-2.13,0,-11.59
2964,98.899,red,observed,1.0,2.13,,red,1,14.49,0,-2.13,0,-10.71
2967,98.999,red,observed,1.0,2.24,,red,1,13.61,0,-2.24,0,-11.45
2970,99.099,red_amber,observed,0.959,1.92,,red_amber,1,15.48,1,1.92,0,-11.11
2973,99.199,red_amber,observed,1.0,2.02,,red_amber,1,14.49,1,2.02,0,-11.04
2976,99.299,unknown,occluded,0.0,2.13,occluded,occluded,1,14.27,1,2.13,0,-11.11
2979,99.399,unknown,occluded,0.0,2.24,occluded,occluded,1,14.49,1,2.24,0,-11.18
2982,99.499,unknown,occluded,0.0,2.13,occluded,occluded,1,13.39,1,2.13,0,-11.25
2985,99.6,unknown,occluded,0.0,2.34,occluded,occluded,1,12.73,1,2.34,0,-11.25
2988,99.7,unknown,occluded,0.0,2.24,occluded,occluded,1,13.06,1,2.24,0,-10.84
2991,99.8,unknown,occluded,0.0,2.02,occluded,occluded,1,13.61,1,2.02,0,-10.3
2994,99.9,unknown,occluded,0.0,2.24,occluded,occluded,1,13.17,1,2.24,0,-11.72
2997,100.0,unknown,occluded,0.0,2.45,occluded,occluded,1,14.05,1,2.45,0,-11.25
3000,100.1,red_amber,low_confidence,1.0,2.56,short_unsupported_run,red_amber,1,13.72,1,2.56,0,-10.84
3003,100.2,red_amber,low_confidence,0.586,1.17,short_unsupported_run,red_amber,1,13.39,1,1.17,0,-10.84
3006,100.3,red_amber,low_confidence,0.639,1.28,short_unsupported_run,red_amber,1,13.94,1,1.28,0,-11.25
3009,100.4,red_amber,low_confidence,0.48,0.96,lamp_near_threshold,red_amber,1,12.4,1,0.96,0,-11.18
3012,100.5,red_amber,low_confidence,0.586,1.17,short_unsupported_run,red_amber,1,14.49,1,1.17,0,-10.91
3015,100.6,red_amber,low_confidence,0.533,1.07,short_unsupported_run,red_amber,1,12.95,1,1.07,0,-10.91
3018,100.701,red_amber,low_confidence,1.0,2.34,short_unsupported_run,red_amber,1,12.73,1,2.34,0,-10.71
3021,100.801,red_amber,low_confidence,0.799,1.6,short_unsupported_run,red_amber,1,11.64,1,1.6,0,-11.25
3024,100.901,red_amber,low_confidence,0.48,0.96,lamp_near_threshold,red_amber,1,12.07,1,0.96,0,-11.72
3027,101.001,red_amber,low_confidence,0.32,0.64,lamp_near_threshold,red_amber,1,14.27,1,0.64,0,-11.52
3030,101.101,red_amber,low_confidence,0.959,1.92,short_unsupported_run,red_amber,1,11.53,1,1.92,0,-11.79
3033,101.201,red_amber,low_confidence,1.0,2.56,short_unsupported_run,red_amber,1,12.18,1,2.56,0,-10.98
3036,101.301,red_amber,low_confidence,0.799,1.6,short_unsupported_run,red_amber,1,12.73,1,1.6,0,-10.84
3039,101.401,unknown,occluded,0.0,1.07,occluded,occluded,1,11.2,1,1.07,0,-11.11
3042,101.501,unknown,occluded,0.0,1.92,occluded,occluded,1,11.85,1,1.92,0,-11.25
3045,101.602,unknown,occluded,0.0,2.02,occluded,occluded,1,12.07,1,2.02,0,-11.04
3048,101.702,unknown,occluded,0.0,2.98,occluded,occluded,1,11.53,1,2.98,0,-10.71
3051,101.802,unknown,occluded,0.0,1.28,occluded,occluded,1,11.31,1,1.28,0,-10.91
3054,101.902,unknown,occluded,0.0,2.34,occluded,occluded,1,12.29,1,2.34,0,-11.04
3057,102.002,unknown,occluded,0.0,1.28,occluded,occluded,1,13.5,1,1.28,0,-11.18
3060,102.102,green,observed,1.0,2.66,,green,0,-12.29,0,-2.66,1,10.1
3063,102.202,green,observed,1.0,2.45,,green,0,-12.84,0,-2.45,1,10.23
3066,102.302,green,observed,1.0,2.45,,green,0,-12.73,0,-2.45,1,10.57
3069,102.402,green,observed,1.0,2.34,,green,0,-12.62,0,-2.34,1,10.77
3072,102.502,green,observed,1.0,2.45,,green,0,-13.61,0,-2.45,1,10.98
3075,102.602,green,observed,1.0,2.66,,green,0,-12.95,0,-2.66,1,10.77
3078,102.703,green,observed,1.0,3.41,,green,0,-13.5,0,-3.41,1,10.84
3081,102.803,green,observed,1.0,2.98,,green,0,-13.5,0,-2.98,1,9.28
3084,102.903,green,observed,1.0,2.66,,green,0,-12.84,0,-2.66,1,10.16
3087,103.003,green,observed,1.0,2.77,,green,0,-12.95,0,-2.77,1,10.16
3090,103.103,green,observed,1.0,2.02,,green,0,-14.05,0,-2.02,1,10.77
3093,103.203,green,observed,1.0,2.24,,green,0,-13.39,0,-2.24,1,10.84
3096,103.303,green,observed,1.0,2.45,,green,0,-13.83,0,-2.45,1,10.71
3099,103.403,green,observed,1.0,2.45,,green,0,-13.83,0,-2.45,1,9.89
3102,103.503,green,observed,1.0,2.45,,green,0,-13.83,0,-2.45,1,10.03
3105,103.604,green,observed,1.0,2.02,,green,0,-14.05,0,-2.02,1,11.59
3108,103.704,green,observed,1.0,2.13,,green,0,-12.95,0,-2.13,1,10.98
3111,103.804,green,observed,0.906,1.81,,green,0,-13.5,0,-1.81,1,10.3
3114,103.904,green,observed,0.852,1.7,,green,0,-13.17,0,-1.7,1,11.04
3117,104.004,green,observed,1.0,2.24,,green,0,-13.39,0,-2.24,1,11.04
3120,104.104,green,observed,1.0,3.62,,green,0,-14.27,0,-3.62,1,11.59
3123,104.204,green,observed,1.0,2.13,,green,0,-12.73,0,-2.13,1,11.18
3126,104.304,green,observed,1.0,3.09,,green,0,-12.51,0,-3.09,1,11.25
3129,104.404,green,observed,0.959,1.92,,green,0,-14.27,0,-1.92,1,10.23
3132,104.504,green,observed,1.0,3.2,,green,0,-14.05,0,-3.2,1,10.3
3135,104.604,green,observed,1.0,2.66,,green,0,-13.06,0,-2.66,1,10.71
3138,104.705,green,observed,0.746,1.49,,green,0,-13.28,0,-1.49,1,11.04
3141,104.805,green,observed,1.0,2.77,,green,0,-14.16,0,-2.77,1,11.99
3144,104.905,green,observed,0.852,1.7,,green,0,-13.17,0,-1.7,1,10.71
3147,105.005,green,observed,0.959,1.92,,green,0,-13.28,0,-1.92,1,11.31
3150,105.105,green,observed,0.852,1.7,,green,0,-13.28,0,-1.7,1,11.04
3153,105.205,green,observed,0.906,1.81,,green,0,-13.17,0,-1.81,1,11.92
3156,105.305,green,observed,0.852,1.7,,green,0,-13.06,0,-1.7,1,11.79
3159,105.405,green,observed,1.0,2.02,,green,0,-14.38,0,-2.02,1,11.31
3162,105.505,green,observed,0.693,1.39,,green,0,-13.72,0,-1.39,1,11.45
3165,105.606,green,observed,0.746,1.49,,green,0,-13.72,0,-1.49,1,11.04
3168,105.706,green,observed,1.0,2.56,,green,0,-13.72,0,-2.56,1,11.38
3171,105.806,green,observed,1.0,2.77,,green,0,-13.17,0,-2.77,1,11.25
3174,105.906,green,observed,1.0,2.66,,green,0,-13.61,0,-2.66,1,11.18
3177,106.006,green,observed,1.0,2.66,,green,0,-13.06,0,-2.66,1,12.4
3180,106.106,green,observed,1.0,2.24,,green,0,-14.16,0,-2.24,1,12.33
3183,106.206,green,observed,1.0,3.2,,green,0,-13.94,0,-3.2,1,12.26
3186,106.306,green,observed,1.0,2.13,,green,0,-13.72,0,-2.13,1,11.99
3189,106.406,green,observed,1.0,2.24,,green,0,-13.39,0,-2.24,1,12.26
3192,106.506,green,observed,1.0,2.45,,green,0,-13.72,0,-2.45,1,11.45
3195,106.606,green,observed,0.959,1.92,,green,0,-14.05,0,-1.92,1,12.13
3198,106.707,green,observed,1.0,2.66,,green,0,-13.06,0,-2.66,1,11.52
3201,106.807,green,observed,0.959,1.92,,green,0,-13.5,0,-1.92,1,11.45
3204,106.907,green,observed,0.959,1.92,,green,0,-13.5,0,-1.92,1,12.13
3207,107.007,green,observed,1.0,2.24,,green,0,-13.61,0,-2.24,1,12.81
3210,107.107,green,low_confidence,0.48,0.96,lamp_near_threshold,green,0,-13.61,0,-0.96,1,12.53
3213,107.207,green,observed,1.0,2.88,,green,0,-13.17,0,-2.88,1,11.86
3216,107.307,green,observed,1.0,2.66,,green,0,-13.28,0,-2.66,1,11.92
3219,107.407,green,observed,0.799,1.6,,green,0,-12.84,0,-1.6,1,12.4
3222,107.507,green,observed,0.639,1.28,,green,0,-12.73,0,-1.28,1,11.99
3225,107.608,green,observed,1.0,3.2,,green,0,-13.39,0,-3.2,1,11.31
3228,107.708,green,low_confidence,0.48,0.96,lamp_near_threshold,green,0,-13.39,0,-0.96,1,11.11
3231,107.808,green,observed,0.586,1.17,,green,0,-14.05,0,-1.17,1,10.91
3234,107.908,green,observed,1.0,2.66,,green,0,-13.39,0,-2.66,1,12.06
3237,108.008,green,observed,1.0,2.45,,green,0,-14.16,0,-2.45,1,11.79
3240,108.108,green,observed,1.0,2.34,,green,0,-13.61,0,-2.34,1,12.2
3243,108.208,green,observed,1.0,2.45,,green,0,-14.49,0,-2.45,1,11.79
3246,108.308,green,observed,1.0,2.24,,green,0,-14.27,0,-2.24,1,12.13
3249,108.408,green,observed,1.0,2.45,,green,0,-12.73,0,-2.45,1,12.2
3252,108.508,green,observed,1.0,2.13,,green,0,-14.05,0,-2.13,1,11.72
3255,108.608,green,observed,0.959,1.92,,green,0,-13.61,0,-1.92,1,11.65
3258,108.709,green,observed,1.0,2.13,,green,0,-13.5,0,-2.13,1,11.11
3261,108.809,green,observed,0.959,1.92,,green,0,-13.28,0,-1.92,1,11.59
3264,108.909,green,observed,1.0,2.13,,green,0,-13.39,0,-2.13,1,11.99
3267,109.009,green,observed,1.0,2.02,,green,0,-13.61,0,-2.02,1,11.25
3270,109.109,green,observed,1.0,2.45,,green,0,-13.28,0,-2.45,1,11.25
3273,109.209,green,observed,1.0,2.56,,green,0,-13.39,0,-2.56,1,12.4
3276,109.309,green,observed,1.0,2.24,,green,0,-13.61,0,-2.24,1,12.06
3279,109.409,green,observed,1.0,2.13,,green,0,-13.06,0,-2.13,1,11.65
3282,109.509,green,observed,1.0,3.09,,green,0,-13.39,0,-3.09,1,10.98
3285,109.61,green,observed,0.799,1.6,,green,0,-11.53,0,-1.6,1,10.64
3288,109.71,green,observed,0.852,1.7,,green,0,-12.07,0,-1.7,1,11.59
3291,109.81,green,observed,0.906,1.81,,green,0,-12.62,0,-1.81,1,9.42
3294,109.91,green,observed,1.0,3.41,,green,0,-12.84,0,-3.41,1,10.98
3297,110.01,green,observed,1.0,3.41,,green,0,-13.28,0,-3.41,1,11.11
3300,110.11,green,observed,1.0,3.09,,green,0,-13.83,0,-3.09,1,11.38
3303,110.21,green,observed,1.0,2.88,,green,0,-14.16,0,-2.88,1,11.38
3306,110.31,green,observed,1.0,2.02,,green,0,-14.05,0,-2.02,1,10.71
3309,110.41,green,observed,1.0,2.56,,green,0,-13.06,0,-2.56,1,11.11
3312,110.51,green,observed,1.0,3.09,,green,0,-13.72,0,-3.09,1,10.77
3315,110.61,green,observed,1.0,2.88,,green,0,-13.39,0,-2.88,1,11.11
3318,110.711,green,observed,0.693,1.39,,green,0,-14.16,0,-1.39,1,11.52
3321,110.811,green,observed,1.0,2.13,,green,0,-13.61,0,-2.13,1,11.18
3324,110.911,green,observed,1.0,2.88,,green,0,-13.94,0,-2.88,1,11.45
3327,111.011,green,observed,1.0,2.56,,green,0,-13.94,0,-2.56,1,10.43
3330,111.111,green,observed,1.0,2.77,,green,0,-12.62,0,-2.77,1,11.72
3333,111.211,green,observed,1.0,3.09,,green,0,-14.05,0,-3.09,1,11.86
3336,111.311,green,observed,1.0,2.56,,green,0,-13.06,0,-2.56,1,11.52
3339,111.411,green,observed,1.0,2.66,,green,0,-13.61,0,-2.66,1,9.96
3342,111.511,green,observed,1.0,3.09,,green,0,-13.17,0,-3.09,1,10.1
3345,111.612,green,observed,0.746,1.49,,green,0,-13.39,0,-1.49,1,10.57
3348,111.712,green,observed,1.0,2.77,,green,0,-14.27,0,-2.77,1,10.16
3351,111.812,green,observed,1.0,2.98,,green,0,-14.05,0,-2.98,1,10.1
3354,111.912,green,observed,1.0,2.98,,green,0,-14.27,0,-2.98,1,10.71
3357,112.012,green,observed,1.0,2.77,,green,0,-13.83,0,-2.77,1,11.18
3360,112.112,green,observed,1.0,2.24,,green,0,-14.49,0,-2.24,1,8.4
3363,112.212,green,observed,1.0,2.56,,green,0,-14.49,0,-2.56,1,8.33
3366,112.312,green,observed,1.0,3.73,,green,0,-14.27,0,-3.73,1,7.72
3369,112.412,green,observed,1.0,3.52,,green,0,-13.94,0,-3.52,1,9.01
3372,112.512,green,observed,0.799,1.6,,green,0,-13.72,0,-1.6,1,9.76
3375,112.612,green,observed,0.959,1.92,,green,0,-14.05,0,-1.92,1,10.77
3378,112.713,green,observed,0.693,1.39,,green,0,-14.27,0,-1.39,1,9.62
3381,112.813,green,observed,1.0,2.98,,green,0,-14.16,0,-2.98,1,10.37
3384,112.913,green,observed,1.0,2.34,,green,0,-13.83,0,-2.34,1,9.62
3387,113.013,green,observed,0.586,1.17,,green,0,-14.05,0,-1.17,1,9.35
3390,113.113,green,observed,0.693,1.39,,green,0,-13.94,0,-1.39,1,9.82
3393,113.213,green,observed,0.693,1.39,,green,0,-13.17,0,-1.39,1,9.76
3396,113.313,green,low_confidence,0.426,0.85,lamp_near_threshold,green,0,-13.39,0,-0.85,1,10.16
3399,113.413,green,observed,1.0,2.13,,green,0,-13.28,0,-2.13,1,9.76
3402,113.513,green,observed,1.0,2.13,,green,0,-12.84,0,-2.13,1,9.49
3405,113.614,green,observed,0.906,1.81,,green,0,-12.95,0,-1.81,1,9.55
3408,113.714,green,observed,0.959,1.92,,green,0,-13.39,0,-1.92,1,8.67
3411,113.814,green,observed,1.0,2.02,,green,0,-13.83,0,-2.02,1,8.94
3414,113.914,green,observed,0.586,1.17,,green,0,-13.61,0,-1.17,1,10.16
3417,114.014,green,observed,0.799,1.6,,green,0,-13.28,0,-1.6,1,9.82
3420,114.114,green,observed,1.0,2.45,,green,0,-13.94,0,-2.45,1,9.08
3423,114.214,green,observed,1.0,2.45,,green,0,-13.39,0,-2.45,1,9.35
3426,114.314,green,observed,0.906,1.81,,green,0,-13.72,0,-1.81,1,10.43
3429,114.414,green,observed,1.0,2.13,,green,0,-13.39,0,-2.13,1,9.89
3432,114.514,green,observed,1.0,3.52,,green,0,-13.83,0,-3.52,1,9.82
3435,114.614,green,observed,1.0,3.84,,green,0,-13.06,0,-3.84,1,9.55
3438,114.715,green,observed,1.0,2.34,,green,0,-13.39,0,-2.34,1,9.82
3441,114.815,green,observed,1.0,2.24,,green,0,-13.61,0,-2.24,1,9.89
3444,114.915,green,observed,1.0,2.77,,green,0,-13.28,0,-2.77,1,10.03
3447,115.015,green,observed,1.0,2.66,,green,0,-14.27,0,-2.66,1,10.03
3450,115.115,green,observed,1.0,2.77,,green,0,-13.94,0,-2.77,1,10.1
3453,115.215,green,observed,1.0,2.77,,green,0,-13.28,0,-2.77,1,10.3
3456,115.315,green,observed,1.0,2.88,,green,0,-13.39,0,-2.88,1,9.76
3459,115.415,green,observed,1.0,2.45,,green,0,-13.83,0,-2.45,1,11.11
3462,115.515,green,observed,1.0,2.34,,green,0,-13.39,0,-2.34,1,10.77
3465,115.616,green,observed,1.0,2.45,,green,0,-13.5,0,-2.45,1,10.91
3468,115.716,green,observed,1.0,2.77,,green,0,-13.72,0,-2.77,1,10.64
3471,115.816,green,observed,1.0,2.88,,green,0,-13.61,0,-2.88,1,9.96
3474,115.916,green,observed,1.0,3.09,,green,0,-13.28,0,-3.09,1,11.92
3477,116.016,green,observed,1.0,2.77,,green,0,-13.06,0,-2.77,1,10.84
3480,116.116,green,observed,1.0,2.56,,green,0,-13.06,0,-2.56,1,10.03
3483,116.216,green,observed,1.0,2.88,,green,0,-12.62,0,-2.88,1,10.16
3486,116.316,green,observed,1.0,2.34,,green,0,-13.5,0,-2.34,1,11.11
3489,116.416,green,observed,1.0,2.66,,green,0,-13.5,0,-2.66,1,10.84
3492,116.516,green,low_confidence,0.32,0.64,lamp_near_threshold,green,0,-13.17,0,-0.64,1,10.43
3495,116.616,green,observed,1.0,2.88,,green,0,-14.16,0,-2.88,1,11.45
3498,116.717,green,observed,0.799,1.6,,green,0,-14.05,0,-1.6,1,10.98
3501,116.817,green,observed,0.852,1.7,,green,0,-13.28,0,-1.7,1,11.65
3504,116.917,green,observed,0.852,1.7,,green,0,-13.39,0,-1.7,1,12.06
3507,117.017,green,observed,1.0,3.09,,green,0,-12.95,0,-3.09,1,11.18
3510,117.117,green,observed,1.0,2.56,,green,0,-13.39,0,-2.56,1,12.06
3513,117.217,green,observed,1.0,2.66,,green,0,-14.16,0,-2.66,1,12.13
3516,117.317,green,observed,1.0,3.2,,green,0,-14.05,0,-3.2,1,12.4
3519,117.417,green,observed,1.0,4.8,,green,0,-12.07,0,-4.8,1,11.99
3522,117.517,green,observed,1.0,2.77,,green,0,-13.17,0,-2.77,1,12.94
3525,117.618,green,observed,1.0,4.58,,green,0,-13.5,0,-4.58,1,12.53
3528,117.718,green,observed,1.0,3.3,,green,0,-14.71,0,-3.3,1,11.59
3531,117.818,green,observed,1.0,2.98,,green,0,-13.94,0,-2.98,1,11.92
3534,117.918,green,observed,1.0,2.88,,green,0,-13.94,0,-2.88,1,11.72
3537,118.018,green,observed,0.959,1.92,,green,0,-13.83,0,-1.92,1,12.33
3540,118.118,green,observed,1.0,2.45,,green,0,-13.83,0,-2.45,1,12.53
3543,118.218,green,observed,1.0,2.24,,green,0,-14.16,0,-2.24,1,12.53
3546,118.318,green,observed,1.0,2.34,,green,0,-13.5,0,-2.34,1,12.53
3549,118.418,green,observed,0.799,1.6,,green,0,-12.62,0,-1.6,1,11.92
3552,118.518,green,observed,1.0,2.13,,green,0,-12.95,0,-2.13,1,12.4
3555,118.618,green,observed,1.0,2.56,,green,0,-11.96,0,-2.56,1,11.11
3558,118.719,green,observed,1.0,2.66,,green,0,-14.27,0,-2.66,1,12.33
3561,118.819,green,observed,1.0,3.94,,green,0,-14.27,0,-3.94,1,12.13
3564,118.919,green,observed,1.0,2.56,,green,0,-14.16,0,-2.56,1,11.86
3567,119.019,green,observed,1.0,2.88,,green,0,-13.72,0,-2.88,1,12.06
3570,119.119,green,observed,1.0,3.2,,green,0,-15.04,0,-3.2,1,11.52
3573,119.219,green,observed,1.0,2.66,,green,0,-14.27,0,-2.66,1,11.31
3576,119.319,green,observed,1.0,3.09,,green,0,-15.15,0,-3.09,1,12.53
3579,119.419,green,observed,1.0,3.2,,green,0,-13.83,0,-3.2,1,13.01
3582,119.519,green,observed,1.0,3.62,,green,0,-14.49,0,-3.62,1,12.74
3585,119.62,green,observed,1.0,2.45,,green,0,-14.71,0,-2.45,1,12.33
3588,119.72,green,observed,1.0,2.98,,green,0,-14.27,0,-2.98,1,11.92
3591,119.82,green,observed,1.0,3.94,,green,0,-13.94,0,-3.94,1,11.31
3594,119.92,green,observed,1.0,3.2,,green,0,-14.27,0,-3.2,1,12.13
3597,120.02,green,observed,1.0,3.62,,green,0,-13.5,0,-3.62,1,11.86
3600,120.12,green,observed,0.906,1.81,,green,0,-12.51,0,-1.81,1,12.4
3603,120.22,green,observed,0.959,1.92,,green,0,-12.51,0,-1.92,1,13.28
3606,120.32,green,observed,0.959,1.92,,green,0,-13.28,0,-1.92,1,12.2
3609,120.42,green,observed,1.0,2.02,,green,0,-13.83,0,-2.02,1,12.2
3612,120.52,green,observed,1.0,2.02,,green,0,-13.72,0,-2.02,1,12.6
3615,120.62,green,observed,1.0,2.77,,green,0,-13.39,0,-2.77,1,12.13
3618,120.721,green,observed,1.0,2.88,,green,0,-13.06,0,-2.88,1,11.99
3621,120.821,green,observed,0.639,1.28,,green,0,-13.83,0,-1.28,1,11.04
3624,120.921,green,observed,1.0,2.56,,green,0,-13.39,0,-2.56,1,11.72
3627,121.021,green,observed,0.799,1.6,,green,0,-13.39,0,-1.6,1,11.52
3630,121.121,green,observed,0.693,1.39,,green,0,-13.17,0,-1.39,1,10.84
3633,121.221,green,observed,1.0,2.45,,green,0,-13.61,0,-2.45,1,11.25
3636,121.321,green,observed,1.0,3.3,,green,0,-14.49,0,-3.3,1,11.18
3639,121.421,green,low_confidence,0.053,0.11,lamp_near_threshold,green,0,-12.73,0,-0.11,1,10.5
3642,121.521,green,observed,1.0,2.88,,green,0,-13.28,0,-2.88,1,10.91
3645,121.622,green,observed,1.0,2.13,,green,0,-14.27,0,-2.13,1,11.31
3648,121.722,green,observed,1.0,2.45,,green,0,-14.16,0,-2.45,1,10.03
3651,121.822,green,observed,1.0,2.13,,green,0,-14.16,0,-2.13,1,11.59
3654,121.922,green,observed,1.0,2.24,,green,0,-13.61,0,-2.24,1,10.98
3657,122.022,green,observed,1.0,2.34,,green,0,-13.5,0,-2.34,1,8.88
3660,122.122,green,observed,1.0,2.02,,green,0,-13.39,0,-2.02,1,10.37
3663,122.222,green,observed,0.852,1.7,,green,0,-14.71,0,-1.7,1,10.57
3666,122.322,green,low_confidence,0.426,0.85,lamp_near_threshold,green,0,-12.73,0,-0.85,1,9.96
3669,122.422,green,low_confidence,0.426,0.85,lamp_near_threshold,green,0,-13.5,0,-0.85,1,9.82
3672,122.522,green,low_confidence,0.586,1.17,short_unsupported_run,green,0,-12.95,0,-1.17,1,10.3
3675,122.622,green,low_confidence,0.266,0.53,lamp_near_threshold,green,0,-13.28,0,-0.53,1,11.38
3678,122.723,green,low_confidence,0.746,1.49,short_unsupported_run,green,0,-12.62,0,-1.49,1,10.77
3681,122.823,green,low_confidence,0.266,0.53,lamp_near_threshold,green,0,-12.84,0,-0.53,1,10.57
3684,122.923,green,low_confidence,1.0,2.02,short_unsupported_run,green,0,-13.28,0,-2.02,1,10.1
3687,123.023,green,low_confidence,0.107,0.21,lamp_near_threshold,green,0,-11.96,0,-0.21,1,10.16
3690,123.123,green,low_confidence,0.48,0.96,lamp_near_threshold,green,0,-12.4,0,-0.96,1,9.89
3693,123.223,green,low_confidence,0.533,1.07,short_unsupported_run,green,0,-13.28,0,-1.07,1,11.04
3696,123.323,green,low_confidence,0.426,0.85,lamp_near_threshold,green,0,-11.96,0,-0.85,1,11.59
3699,123.423,green,low_confidence,0.426,0.85,lamp_near_threshold,green,0,-11.85,0,-0.85,1,10.37
3702,123.523,unknown,low_confidence,0.0,0.0,unclear_lamp_combination,unclear,0,-12.4,0,0.0,1,11.04
3705,123.624,unknown,occluded,0.0,1.7,occluded,occluded,0,-12.62,1,1.7,1,6.98
3708,123.724,unknown,occluded,0.0,1.92,occluded,occluded,0,-12.4,1,1.92,1,9.08
3711,123.824,unknown,occluded,0.0,1.7,occluded,occluded,0,-12.84,1,1.7,1,6.17
3714,123.924,unknown,occluded,0.0,2.24,occluded,occluded,0,-12.29,1,2.24,1,3.25
3717,124.024,unknown,low_confidence,1.0,3.2,unclear_lamp_combination,unclear,0,-11.74,1,3.2,1,8.4
3720,124.124,unknown,low_confidence,0.852,1.7,unclear_lamp_combination,unclear,0,-12.07,1,1.7,1,7.99
3723,124.224,unknown,low_confidence,1.0,2.88,unclear_lamp_combination,unclear,0,-11.53,1,2.88,1,6.57
3726,124.324,unknown,low_confidence,1.0,2.45,unclear_lamp_combination,unclear,0,-12.18,1,2.45,1,6.98
3729,124.424,unknown,low_confidence,1.0,4.05,unclear_lamp_combination,unclear,0,-11.74,1,4.05,1,5.89
3732,124.524,unknown,low_confidence,1.0,2.77,unclear_lamp_combination,unclear,0,-12.07,1,2.77,1,6.44
3735,124.624,unknown,low_confidence,1.0,2.34,unclear_lamp_combination,unclear,0,-12.95,1,2.34,1,5.42
3738,124.725,unknown,low_confidence,1.0,3.94,unclear_lamp_combination,unclear,0,-12.18,1,3.94,1,4.4
3741,124.825,unknown,occluded,0.0,2.45,occluded,occluded,0,-12.29,1,2.45,1,4.07
3744,124.925,unknown,low_confidence,1.0,2.88,unclear_lamp_combination,unclear,0,-12.29,1,2.88,1,4.54
3747,125.025,unknown,occluded,0.0,1.9,occluded,occluded,0,-11.53,1,22.91,1,1.9
3750,125.125,unknown,occluded,0.0,2.91,occluded,occluded,0,-12.07,1,23.34,1,2.91
3753,125.225,unknown,occluded,0.0,0.2,occluded,occluded,0,-12.07,1,19.39,1,0.2
3756,125.325,unknown,occluded,0.0,7.86,occluded,occluded,0,-12.62,1,19.5,0,-7.86
3759,125.425,unknown,occluded,0.0,10.76,occluded,occluded,0,-10.76,1,20.67,0,-13.35
3762,125.525,unknown,occluded,0.0,11.74,occluded,occluded,0,-11.74,1,14.6,0,-13.42
3765,125.626,unknown,occluded,0.0,12.07,occluded,occluded,0,-12.07,1,15.24,0,-13.55
3768,125.726,amber,low_confidence,1.0,7.57,short_unsupported_run,amber,0,-11.96,1,7.57,0,-13.42
3771,125.826,amber,low_confidence,1.0,3.52,short_unsupported_run,amber,0,-11.74,1,3.52,0,-12.87
3774,125.926,amber,low_confidence,1.0,3.3,short_unsupported_run,amber,0,-11.85,1,3.3,0,-4.4
3777,126.026,unknown,low_confidence,1.0,2.98,unclear_lamp_combination,unclear,0,-12.18,1,2.98,1,7.72
3780,126.126,unknown,low_confidence,1.0,5.86,unclear_lamp_combination,unclear,0,-11.96,1,5.86,1,9.55
3783,126.226,unknown,occluded,0.0,5.22,occluded,occluded,0,-11.64,1,20.78,1,5.22
3786,126.326,unknown,occluded,0.0,3.39,occluded,occluded,0,-11.31,1,15.02,1,3.39
3789,126.426,amber,low_confidence,1.0,4.0,short_unsupported_run,amber,0,-11.64,1,12.89,0,-4.0
3792,126.526,amber,low_confidence,1.0,10.12,short_unsupported_run,amber,0,-11.64,1,10.12,0,-14.63
3795,126.626,amber,low_confidence,1.0,9.38,short_unsupported_run,amber,0,-11.42,1,9.38,0,-14.77
3798,126.727,amber,low_confidence,1.0,7.46,short_unsupported_run,amber,0,-12.51,1,7.46,0,-14.3
3801,126.827,amber,low_confidence,1.0,2.77,short_unsupported_run,amber,0,-12.51,1,2.77,0,-14.57
3804,126.927,amber,low_confidence,1.0,2.66,short_unsupported_run,amber,0,-12.07,1,2.66,0,-13.08
3807,127.027,unknown,occluded,0.0,1.49,occluded,occluded,0,-12.07,1,1.49,1,3.93
3810,127.127,unknown,low_confidence,0.906,1.81,unclear_lamp_combination,unclear,0,-12.84,1,1.81,1,7.93
3813,127.227,unknown,low_confidence,0.533,1.07,unclear_lamp_combination,unclear,0,-13.17,1,1.07,1,8.47
3816,127.327,unknown,low_confidence,0.213,0.43,unclear_lamp_combination,unclear,0,-12.62,1,0.43,1,8.88
3819,127.427,unknown,low_confidence,0.266,0.53,unclear_lamp_combination,unclear,0,-12.73,1,0.53,1,9.82
3822,127.527,green,low_confidence,0.266,0.53,lamp_near_threshold,green,0,-13.5,0,-0.53,1,8.6
3825,127.628,green,low_confidence,0.373,0.75,lamp_near_threshold,green,0,-13.39,0,-0.75,1,10.64
3828,127.728,green,observed,0.533,1.07,,green,0,-13.5,0,-1.07,1,9.96
3831,127.828,green,observed,1.0,3.2,,green,0,-14.05,0,-3.2,1,10.77
3834,127.928,green,observed,0.959,1.92,,green,0,-13.17,0,-1.92,1,11.79
3837,128.028,green,observed,0.906,1.81,,green,0,-13.06,0,-1.81,1,11.52
3840,128.128,green,observed,0.799,1.6,,green,0,-12.73,0,-1.6,1,12.67
3843,128.228,green,observed,1.0,3.3,,green,0,-13.61,0,-3.3,1,11.79
3846,128.328,green,observed,1.0,2.24,,green,0,-13.17,0,-2.24,1,11.38
3849,128.428,green,observed,0.959,1.92,,green,0,-13.72,0,-1.92,1,11.52
3852,128.528,green,low_confidence,0.426,0.85,lamp_near_threshold,green,0,-13.94,0,-0.85,1,10.37
3855,128.628,green,low_confidence,0.48,0.96,lamp_near_threshold,green,0,-13.83,0,-0.96,1,12.33
3858,128.729,green,observed,1.0,2.66,,green,0,-12.95,0,-2.66,1,11.52
3861,128.829,green,observed,1.0,2.56,,green,0,-13.5,0,-2.56,1,11.45
3864,128.929,green,observed,1.0,2.88,,green,0,-13.61,0,-2.88,1,11.59
3867,129.029,green,observed,0.852,1.7,,green,0,-13.06,0,-1.7,1,12.13
3870,129.129,green,observed,0.639,1.28,,green,0,-12.95,0,-1.28,1,11.38
3873,129.229,green,observed,0.639,1.28,,green,0,-13.17,0,-1.28,1,10.3
3876,129.329,green,observed,0.906,1.81,,green,0,-13.72,0,-1.81,1,10.64
3879,129.429,green,observed,1.0,2.24,,green,0,-13.83,0,-2.24,1,12.4
3882,129.529,green,observed,0.906,1.81,,green,0,-12.51,0,-1.81,1,11.31
3885,129.63,green,observed,1.0,2.45,,green,0,-13.61,0,-2.45,1,12.33
3888,129.73,green,observed,0.639,1.28,,green,0,-12.62,0,-1.28,1,11.31
3891,129.83,green,observed,1.0,2.24,,green,0,-13.61,0,-2.24,1,10.91
3894,129.93,green,observed,1.0,2.56,,green,0,-12.95,0,-2.56,1,10.5
3897,130.03,green,observed,1.0,2.34,,green,0,-13.17,0,-2.34,1,12.26
3900,130.13,green,observed,0.906,1.81,,green,0,-12.18,0,-1.81,1,11.11
3903,130.23,green,observed,1.0,3.62,,green,0,-13.61,0,-3.62,1,11.18
3906,130.33,green,observed,1.0,2.45,,green,0,-13.83,0,-2.45,1,11.11
3909,130.43,green,observed,1.0,3.2,,green,0,-13.28,0,-3.2,1,12.06
3912,130.53,green,observed,1.0,2.98,,green,0,-12.84,0,-2.98,1,11.72
3915,130.631,green,observed,0.906,1.81,,green,0,-13.72,0,-1.81,1,11.72
3918,130.731,green,observed,0.586,1.17,,green,0,-13.61,0,-1.17,1,11.92
3921,130.831,green,observed,0.906,1.81,,green,0,-12.73,0,-1.81,1,11.92
3924,130.931,green,observed,0.746,1.49,,green,0,-13.61,0,-1.49,1,12.06
3927,131.031,green,observed,0.906,1.81,,green,0,-13.5,0,-1.81,1,12.2
3930,131.131,green,observed,0.959,1.92,,green,0,-13.5,0,-1.92,1,10.5
3933,131.231,green,observed,1.0,2.02,,green,0,-13.61,0,-2.02,1,12.26
3936,131.331,green,observed,0.906,1.81,,green,0,-13.94,0,-1.81,1,12.2
3939,131.431,green,observed,0.799,1.6,,green,0,-13.72,0,-1.6,1,12.74
3942,131.531,green,low_confidence,0.48,0.96,lamp_near_threshold,green,0,-13.61,0,-0.96,1,12.53
3945,131.632,green,observed,0.906,1.81,,green,0,-13.61,0,-1.81,1,12.87
3948,131.732,green,observed,1.0,2.56,,green,0,-12.73,0,-2.56,1,11.31
3951,131.832,green,observed,1.0,3.2,,green,0,-12.62,0,-3.2,1,11.72
3954,131.932,green,observed,0.959,1.92,,green,0,-12.51,0,-1.92,1,12.06
3957,132.032,green,observed,0.799,1.6,,green,0,-13.06,0,-1.6,1,11.52
3960,132.132,green,observed,1.0,2.56,,green,0,-12.51,0,-2.56,1,11.79
3963,132.232,unknown,low_confidence,0.0,0.0,unclear_lamp_combination,unclear,0,-12.73,0,0.0,1,11.72
3966,132.332,green,observed,0.959,1.92,,green,0,-12.51,0,-1.92,1,12.06
3969,132.432,green,observed,0.852,1.7,,green,0,-12.07,0,-1.7,1,11.52
3972,132.532,green,observed,0.852,1.7,,green,0,-13.39,0,-1.7,1,12.67
3975,132.632,green,observed,0.906,1.81,,green,0,-13.06,0,-1.81,1,11.86
3978,132.733,green,observed,0.639,1.28,,green,0,-12.73,0,-1.28,1,12.6
3981,132.833,green,observed,1.0,2.88,,green,0,-13.94,0,-2.88,1,11.79
3984,132.933,green,observed,0.586,1.17,,green,0,-13.61,0,-1.17,1,11.52
3987,133.033,green,observed,1.0,2.45,,green,0,-14.27,0,-2.45,1,12.13
3990,133.133,green,observed,1.0,2.02,,green,0,-14.05,0,-2.02,1,12.2
3993,133.233,green,observed,1.0,2.24,,green,0,-13.5,0,-2.24,1,12.26
3996,133.333,green,observed,1.0,2.34,,green,0,-13.39,0,-2.34,1,13.14
3999,133.433,green,observed,1.0,2.45,,green,0,-13.72,0,-2.45,1,12.26
4002,133.533,green,observed,1.0,2.24,,green,0,-13.83,0,-2.24,1,10.64
4005,133.634,green,observed,1.0,2.02,,green,0,-13.72,0,-2.02,1,10.23
4008,133.734,green,observed,0.852,1.7,,green,0,-12.95,0,-1.7,1,11.25
4011,133.834,green,observed,0.906,1.81,,green,0,-12.95,0,-1.81,1,11.59
4014,133.934,green,observed,0.799,1.6,,green,0,-12.4,0,-1.6,1,12.13
4017,134.034,green,observed,0.533,1.07,,green,0,-12.51,0,-1.07,1,10.71
4020,134.134,green,observed,0.693,1.39,,green,0,-12.84,0,-1.39,1,12.13
4023,134.234,green,observed,1.0,2.88,,green,0,-13.39,0,-2.88,1,12.13
4026,134.334,green,observed,1.0,2.02,,green,0,-13.39,0,-2.02,1,11.18
4029,134.434,green,observed,1.0,2.02,,green,0,-12.73,0,-2.02,1,11.79
4032,134.534,green,observed,0.746,1.49,,green,0,-13.5,0,-1.49,1,11.86
4035,134.634,green,observed,0.906,1.81,,green,0,-14.16,0,-1.81,1,11.79
4038,134.735,green,observed,1.0,2.66,,green,0,-12.84,0,-2.66,1,12.33
4041,134.835,green,observed,1.0,2.56,,green,0,-12.62,0,-2.56,1,12.2
4044,134.935,green,observed,1.0,2.56,,green,0,-13.06,0,-2.56,1,12.13
4047,135.035,green,observed,0.799,1.6,,green,0,-14.27,0,-1.6,1,11.92
4050,135.135,green_blink,observed,0.799,1.6,,green_flash,0,-13.83,0,-1.6,0,-11.18
4053,135.235,green_blink,observed,0.693,1.39,,green_flash,0,-13.39,0,-1.39,0,-10.71
4056,135.335,green_blink,observed,0.906,1.81,,green_flash,0,-13.72,0,-1.81,0,-10.98
4059,135.435,green_blink,observed,0.746,1.49,,green_flash,0,-12.95,0,-1.49,0,-11.45
4062,135.535,green_blink,observed,1.0,3.2,,green_flash,0,-14.27,0,-3.2,0,-11.25
4065,135.636,green_blink,observed,1.0,2.98,,green,0,-13.94,0,-2.98,1,11.99
4068,135.736,green_blink,observed,1.0,2.02,,green,0,-14.27,0,-2.02,1,12.13
4071,135.836,green_blink,observed,0.906,1.81,,green,0,-12.95,0,-1.81,1,12.13
4074,135.936,green_blink,observed,1.0,2.56,,green,0,-13.5,0,-2.56,1,11.38
4077,136.036,green_blink,observed,1.0,2.66,,green,0,-13.17,0,-2.66,1,11.99
4080,136.136,green_blink,observed,1.0,2.13,,green_flash,0,-13.5,0,-2.13,0,-10.57
4083,136.236,unknown,occluded,0.0,2.45,occluded,occluded,0,-12.51,0,-2.45,0,-11.31
4086,136.336,unknown,occluded,0.0,2.24,occluded,occluded,0,-11.74,0,-2.24,0,-10.84
4089,136.436,green_blink,observed,1.0,3.2,,green_flash,0,-13.72,0,-3.2,0,-11.04
4092,136.536,green_blink,observed,1.0,2.98,,green_flash,0,-13.39,0,-2.98,0,-10.91
4095,136.636,green_blink,observed,1.0,3.3,,green,0,-13.39,0,-3.3,1,10.77
4098,136.737,green_blink,observed,0.906,1.81,,green,0,-15.26,0,-1.81,1,12.06
4101,136.837,green_blink,observed,1.0,3.41,,green,0,-13.72,0,-3.41,1,10.84
4104,136.937,green_blink,observed,1.0,3.3,,green,0,-13.83,0,-3.3,1,12.13
4107,137.037,green_blink,observed,0.799,1.6,,green,0,-13.5,0,-1.6,1,11.04
4110,137.137,unknown,occluded,0.0,1.07,occluded,occluded,0,-13.17,0,-1.07,0,-10.71
4113,137.237,unknown,occluded,0.0,2.77,occluded,occluded,0,-13.17,0,-2.77,0,-10.84
4116,137.337,dark,low_confidence,1.0,2.56,short_unsupported_run,green_flash,0,-13.61,0,-2.56,0,-11.38
4119,137.437,dark,low_confidence,1.0,3.09,short_unsupported_run,green_flash,0,-13.94,0,-3.09,0,-11.25
4122,137.537,dark,low_confidence,1.0,2.98,short_unsupported_run,green_flash,0,-14.27,0,-2.98,0,-11.65
4125,137.638,green,low_confidence,1.0,3.09,short_unsupported_run,green,0,-14.82,0,-3.09,1,10.23
4128,137.738,green,low_confidence,1.0,2.77,short_unsupported_run,green,0,-13.94,0,-2.77,1,11.11
4131,137.838,green,low_confidence,1.0,2.56,short_unsupported_run,green,0,-13.39,0,-2.56,1,10.1
4134,137.938,green,low_confidence,1.0,2.24,short_unsupported_run,green,0,-13.94,0,-2.24,1,11.45
4137,138.038,green,low_confidence,1.0,2.45,short_unsupported_run,green,0,-13.61,0,-2.45,1,10.43
4140,138.138,amber,observed,1.0,3.52,,amber,0,-13.06,1,3.52,0,-11.11
4143,138.238,amber,observed,1.0,2.02,,amber,0,-13.72,1,2.02,0,-11.72
4146,138.338,amber,observed,1.0,2.13,,amber,0,-13.17,1,2.13,0,-11.65
4149,138.438,amber,observed,1.0,2.45,,amber,0,-13.39,1,2.45,0,-11.38
4152,138.538,amber,observed,0.799,1.6,,amber,0,-13.06,1,1.6,0,-11.86
4155,138.638,amber,low_confidence,0.32,0.64,lamp_near_threshold,amber,0,-13.94,1,0.64,0,-11.65
4158,138.739,amber,observed,0.959,1.92,,amber,0,-14.05,1,1.92,0,-11.65
4161,138.839,amber,observed,1.0,2.34,,amber,0,-13.72,1,2.34,0,-10.91
4164,138.939,amber,observed,1.0,2.34,,amber,0,-13.39,1,2.34,0,-11.38
4167,139.039,amber,observed,0.586,1.17,,amber,0,-13.72,1,1.17,0,-11.31
4170,139.139,amber,observed,1.0,3.41,,amber,0,-13.83,1,3.41,0,-11.59
4173,139.239,amber,observed,1.0,3.62,,amber,0,-13.17,1,3.62,0,-11.04
4176,139.339,amber,observed,1.0,3.84,,amber,0,-13.83,1,3.84,0,-11.31
4179,139.439,amber,observed,1.0,3.52,,amber,0,-14.27,1,3.52,0,-11.38
4182,139.539,amber,observed,1.0,2.24,,amber,0,-13.5,1,2.24,0,-11.25
4185,139.64,amber,observed,1.0,2.88,,amber,0,-13.72,1,2.88,0,-11.11
4188,139.74,amber,observed,1.0,2.88,,amber,0,-13.83,1,2.88,0,-11.45
4191,139.84,amber,observed,1.0,2.98,,amber,0,-13.72,1,2.98,0,-11.25
4194,139.94,amber,observed,1.0,2.24,,amber,0,-13.83,1,2.24,0,-11.18
4197,140.04,amber,observed,1.0,2.34,,amber,0,-13.72,1,2.34,0,-11.04
4200,140.14,amber,observed,1.0,2.77,,amber,0,-13.72,1,2.77,0,-10.77
4203,140.24,amber,observed,0.693,1.39,,amber,0,-13.83,1,1.39,0,-11.25
4206,140.34,amber,observed,0.799,1.6,,amber,0,-13.61,1,1.6,0,-10.98
4209,140.44,amber,observed,1.0,2.34,,amber,0,-13.5,1,2.34,0,-10.98
4212,140.54,amber,observed,1.0,2.45,,amber,0,-13.5,1,2.45,0,-10.77
4215,140.64,unknown,occluded,0.0,0.64,occluded,occluded,0,-14.16,1,0.64,0,-11.59
4218,140.741,amber,observed,1.0,2.77,,amber,0,-13.61,1,2.77,0,-11.04
4221,140.841,amber,observed,1.0,2.02,,amber,0,-13.61,1,2.02,0,-10.91
4224,140.941,amber,observed,1.0,2.34,,amber,0,-13.61,1,2.34,0,-11.65
4227,141.041,amber,observed,1.0,2.45,,amber,0,-13.39,1,2.45,0,-11.31
4230,141.141,red,observed,0.906,1.81,,red,1,16.03,0,-1.81,0,-11.92
4233,141.241,red,observed,0.959,1.92,,red,1,15.81,0,-1.92,0,-11.92
4236,141.341,red,observed,1.0,2.24,,red,1,16.46,0,-2.24,0,-11.04
4239,141.441,red,observed,1.0,2.34,,red,1,15.7,0,-2.34,0,-11.45
4242,141.541,red,observed,1.0,2.34,,red,1,15.7,0,-2.34,0,-11.11
4245,141.642,red,observed,1.0,2.02,,red,1,15.15,0,-2.02,0,-11.25
4248,141.742,red,observed,0.746,1.49,,red,1,14.82,0,-1.49,0,-11.52
4251,141.842,red,observed,0.586,1.17,,red,1,14.05,0,-1.17,0,-10.84
4254,141.942,red,observed,0.533,1.07,,red,1,14.27,0,-1.07,0,-11.99
4257,142.042,red,observed,0.693,1.39,,red,1,14.93,0,-1.39,0,-11.45
4260,142.142,red,observed,1.0,3.41,,red,1,14.49,0,-3.41,0,-11.25
4263,142.242,red,observed,1.0,2.56,,red,1,14.49,0,-2.56,0,-11.25
4266,142.342,red,observed,1.0,2.34,,red,1,14.82,0,-2.34,0,-11.31
4269,142.442,red,observed,1.0,2.24,,red,1,15.15,0,-2.24,0,-10.98
4272,142.542,red,observed,1.0,2.02,,red,1,15.04,0,-2.02,0,-11.45
4275,142.642,red,observed,1.0,2.45,,red,1,15.81,0,-2.45,0,-11.65
4278,142.743,red,observed,1.0,2.66,,red,1,13.61,0,-2.66,0,-10.91
4281,142.843,red,observed,1.0,2.02,,red,1,15.37,0,-2.02,0,-10.84
4284,142.943,red,observed,0.746,1.49,,red,1,14.93,0,-1.49,0,-11.38
4287,143.043,red,observed,0.693,1.39,,red,1,15.7,0,-1.39,0,-11.65
4290,143.143,red,observed,1.0,2.34,,red,1,14.49,0,-2.34,0,-11.11
4293,143.243,red,observed,1.0,2.34,,red,1,14.05,0,-2.34,0,-10.64
4296,143.343,red,observed,1.0,2.02,,red,1,14.82,0,-2.02,0,-11.11
4299,143.443,red,observed,1.0,2.45,,red,1,15.48,0,-2.45,0,-11.11
4302,143.543,red,observed,0.586,1.17,,red,1,15.48,0,-1.17,0,-11.04
4305,143.644,red,observed,1.0,2.24,,red,1,14.82,0,-2.24,0,-10.84
4308,143.744,red,observed,0.639,1.28,,red,1,15.48,0,-1.28,0,-10.91
4311,143.844,red,observed,1.0,2.34,,red,1,15.81,0,-2.34,0,-11.18
4314,143.944,red,observed,1.0,2.34,,red,1,14.49,0,-2.34,0,-11.45
4317,144.044,red,observed,1.0,2.56,,red,1,14.6,0,-2.56,0,-10.98
4320,144.144,red,observed,0.959,1.92,,red,1,14.27,0,-1.92,0,-11.25
4323,144.244,red,observed,0.852,1.7,,red,1,14.49,0,-1.7,0,-11.72
4326,144.344,red,observed,0.693,1.39,,red,1,14.82,0,-1.39,0,-11.25
4329,144.444,red,observed,1.0,2.66,,red,1,15.04,0,-2.66,0,-11.31
4332,144.544,red,observed,0.639,1.28,,red,1,15.59,0,-1.28,0,-11.45
4335,144.644,red,observed,1.0,2.88,,red,1,15.26,0,-2.88,0,-11.31
4338,144.745,red,observed,1.0,2.56,,red,1,13.94,0,-2.56,0,-11.59
4341,144.845,red,observed,0.639,1.28,,red,1,14.16,0,-1.28,0,-10.84
4344,144.945,red,observed,1.0,2.34,,red,1,14.93,0,-2.34,0,-11.45
4347,145.045,red,observed,1.0,2.13,,red,1,14.71,0,-2.13,0,-11.45
4350,145.145,red,observed,0.852,1.7,,red,1,15.81,0,-1.7,0,-10.98
4353,145.245,red,observed,0.799,1.6,,red,1,16.46,0,-1.6,0,-11.59
4356,145.345,red,low_confidence,0.48,0.96,lamp_near_threshold,red,1,15.48,0,-0.96,0,-11.52
4359,145.445,red,observed,1.0,3.09,,red,1,14.93,0,-3.09,0,-11.25
4362,145.545,red,observed,0.852,1.7,,red,1,16.46,0,-1.7,0,-11.04
4365,145.646,red,observed,0.586,1.17,,red,1,16.57,0,-1.17,0,-11.31
4368,145.746,red,observed,0.906,1.81,,red,1,15.48,0,-1.81,0,-11.25
4371,145.846,red,observed,1.0,2.24,,red,1,15.92,0,-2.24,0,-10.84
4374,145.946,red,observed,1.0,2.13,,red,1,14.6,0,-2.13,0,-11.11
4377,146.046,red,observed,1.0,2.34,,red,1,15.92,0,-2.34,0,-10.91
4380,146.146,red,observed,1.0,2.34,,red,1,17.56,0,-2.34,0,-11.52
4383,146.246,red,observed,0.746,1.49,,red,1,16.25,0,-1.49,0,-11.59
4386,146.346,red,observed,0.746,1.49,,red,1,16.46,0,-1.49,0,-11.18
4389,146.446,red,observed,1.0,2.24,,red,1,15.92,0,-2.24,0,-10.98
4392,146.546,red,observed,0.586,1.17,,red,1,17.23,0,-1.17,0,-11.79
4395,146.646,red,observed,0.799,1.6,,red,1,15.92,0,-1.6,0,-11.31
4398,146.747,red,observed,1.0,2.13,,red,1,15.81,0,-2.13,0,-11.38
4401,146.847,red,observed,0.906,1.81,,red,1,15.92,0,-1.81,0,-11.86
4404,146.947,red,observed,0.906,1.81,,red,1,15.92,0,-1.81,0,-11.25
4407,147.047,red,low_confidence,0.32,0.64,lamp_near_threshold,red,1,16.57,0,-0.64,0,-11.18
4410,147.147,red,observed,1.0,3.09,,red,1,15.81,0,-3.09,0,-11.11
4413,147.247,red,observed,0.852,1.7,,red,1,15.15,0,-1.7,0,-11.11
4416,147.347,red,observed,1.0,2.13,,red,1,17.56,0,-2.13,0,-11.45
4419,147.447,red,observed,0.906,1.81,,red,1,17.12,0,-1.81,0,-11.52
4422,147.547,red,observed,0.639,1.28,,red,1,14.82,0,-1.28,0,-11.25
4425,147.648,red,observed,1.0,2.45,,red,1,16.79,0,-2.45,0,-11.11
4428,147.748,red,observed,1.0,2.02,,red,1,14.82,0,-2.02,0,-11.25
4431,147.848,red,observed,1.0,2.34,,red,1,16.68,0,-2.34,0,-11.04
4434,147.948,red,observed,1.0,2.34,,red,1,15.26,0,-2.34,0,-11.59
4437,148.048,red,observed,0.746,1.49,,red,1,14.6,0,-1.49,0,-11.59
4440,148.148,red,observed,1.0,2.02,,red,1,15.48,0,-2.02,0,-11.18
4443,148.248,red,observed,1.0,2.02,,red,1,14.71,0,-2.02,0,-10.98
4446,148.348,red,observed,1.0,2.24,,red,1,16.14,0,-2.24,0,-11.65
4449,148.448,red,observed,1.0,2.34,,red,1,16.35,0,-2.34,0,-10.84
4452,148.548,red,observed,1.0,2.34,,red,1,16.14,0,-2.34,0,-11.25
4455,148.648,red,observed,1.0,2.77,,red,1,15.48,0,-2.77,0,-11.31
4458,148.749,red,observed,1.0,2.34,,red,1,16.46,0,-2.34,0,-11.52
4461,148.849,red,observed,0.533,1.07,,red,1,16.35,0,-1.07,0,-11.25
4464,148.949,red,observed,1.0,2.45,,red,1,16.46,0,-2.45,0,-11.04
4467,149.049,red,observed,1.0,2.45,,red,1,16.35,0,-2.45,0,-10.71
4470,149.149,red,observed,1.0,2.66,,red,1,16.03,0,-2.66,0,-11.04
4473,149.249,red,observed,1.0,2.45,,red,1,16.79,0,-2.45,0,-11.52
4476,149.349,red,observed,1.0,2.56,,red,1,16.35,0,-2.56,0,-11.38
4479,149.449,red,observed,1.0,2.66,,red,1,16.46,0,-2.66,0,-11.38
4482,149.549,red,observed,1.0,2.45,,red,1,15.37,0,-2.45,0,-11.04
4485,149.65,red,observed,1.0,2.45,,red,1,15.81,0,-2.45,0,-10.98
4488,149.75,red,observed,0.852,1.7,,red,1,15.48,0,-1.7,0,-10.98
4491,149.85,red,observed,0.746,1.49,,red,1,15.37,0,-1.49,0,-11.79
4494,149.95,red,observed,0.799,1.6,,red,1,14.93,0,-1.6,0,-11.11
4497,150.05,red,observed,0.693,1.39,,red,1,15.59,0,-1.39,0,-11.38
4500,150.15,red,observed,1.0,2.98,,red,1,16.9,0,-2.98,0,-11.11
4503,150.25,red,observed,1.0,2.88,,red,1,15.92,0,-2.88,0,-10.84
4506,150.35,red,observed,1.0,2.77,,red,1,14.82,0,-2.77,0,-10.98
4509,150.45,red,observed,1.0,3.2,,red,1,15.37,0,-3.2,0,-11.11
4512,150.55,red,observed,0.693,1.39,,red,1,15.37,0,-1.39,0,-11.52
4515,150.65,red,observed,0.639,1.28,,red,1,15.7,0,-1.28,0,-10.43
4518,150.751,red,observed,0.852,1.7,,red,1,15.04,0,-1.7,0,-10.84
4521,150.851,red,observed,0.799,1.6,,red,1,14.49,0,-1.6,0,-10.91
4524,150.951,red,observed,0.746,1.49,,red,1,14.6,0,-1.49,0,-10.71
4527,151.051,red,observed,0.693,1.39,,red,1,15.7,0,-1.39,0,-10.98
4530,151.151,red,observed,0.959,1.92,,red,1,15.81,0,-1.92,0,-11.38
4533,151.251,red,observed,0.959,1.92,,red,1,15.92,0,-1.92,0,-11.25
4536,151.351,red,observed,1.0,2.56,,red,1,16.03,0,-2.56,0,-10.91
4539,151.451,red,observed,0.906,1.81,,red,1,16.25,0,-1.81,0,-10.71
4542,151.551,red,observed,0.746,1.49,,red,1,15.81,0,-1.49,0,-10.98
4545,151.652,red,observed,0.852,1.7,,red,1,15.48,0,-1.7,0,-11.45
4548,151.752,red,observed,1.0,2.02,,red,1,15.15,0,-2.02,0,-11.18
4551,151.852,red,observed,1.0,2.13,,red,1,15.37,0,-2.13,0,-11.11
4554,151.952,red,observed,1.0,2.34,,red,1,15.15,0,-2.34,0,-11.59
4557,152.052,red,observed,0.906,1.81,,red,1,15.7,0,-1.81,0,-10.91
4560,152.152,red,observed,0.852,1.7,,red,1,15.7,0,-1.7,0,-11.04
4563,152.252,red,observed,1.0,3.3,,red,1,14.27,0,-3.3,0,-11.04
4566,152.352,red,observed,1.0,2.13,,red,1,14.93,0,-2.13,0,-11.18
4569,152.452,red,observed,1.0,2.13,,red,1,14.93,0,-2.13,0,-11.18
4572,152.552,red,observed,1.0,2.34,,red,1,14.82,0,-2.34,0,-11.38
4575,152.652,red,observed,1.0,2.24,,red,1,14.82,0,-2.24,0,-10.84
4578,152.753,red,observed,1.0,2.13,,red,1,15.15,0,-2.13,0,-10.77
4581,152.853,red,observed,1.0,2.34,,red,1,14.82,0,-2.34,0,-10.98
4584,152.953,red,observed,1.0,2.88,,red,1,15.81,0,-2.88,0,-10.64
4587,153.053,red,observed,1.0,2.13,,red,1,14.05,0,-2.13,0,-11.45
4590,153.153,red,observed,0.746,1.49,,red,1,14.27,0,-1.49,0,-11.04
4593,153.253,red,observed,1.0,2.56,,red,1,14.38,0,-2.56,0,-11.25
4596,153.353,red,observed,1.0,2.24,,red,1,15.48,0,-2.24,0,-11.11
4599,153.453,red,observed,1.0,2.34,,red,1,14.49,0,-2.34,0,-11.18
4602,153.553,red,observed,1.0,2.66,,red,1,13.61,0,-2.66,0,-11.04
4605,153.654,red,observed,1.0,2.24,,red,1,14.93,0,-2.24,0,-11.31
4608,153.754,red,observed,0.852,1.7,,red,1,13.83,0,-1.7,0,-10.98
4611,153.854,red,observed,0.799,1.6,,red,1,15.48,0,-1.6,0,-10.98
4614,153.954,red,observed,0.799,1.6,,red,1,15.15,0,-1.6,0,-11.04
4617,154.054,red,observed,1.0,2.34,,red,1,14.71,0,-2.34,0,-10.64
4620,154.154,red,observed,1.0,2.13,,red,1,13.94,0,-2.13,0,-11.04
4623,154.254,red,observed,0.586,1.17,,red,1,14.38,0,-1.17,0,-11.65
4626,154.354,red,observed,1.0,2.66,,red,1,14.6,0,-2.66,0,-10.84
4629,154.454,red,observed,0.959,1.92,,red,1,14.05,0,-1.92,0,-11.11
4632,154.554,red,observed,0.959,1.92,,red,1,14.6,0,-1.92,0,-10.91
4635,154.654,red,observed,0.959,1.92,,red,1,15.48,0,-1.92,0,-11.31
4638,154.755,red,observed,1.0,2.45,,red,1,14.6,0,-2.45,0,-10.3
4641,154.855,red,observed,1.0,2.88,,red,1,14.6,0,-2.88,0,-11.04
4644,154.955,red,observed,1.0,2.45,,red,1,15.81,0,-2.45,0,-11.11
4647,155.055,red,observed,1.0,2.66,,red,1,14.71,0,-2.66,0,-11.45
4650,155.155,red,observed,0.746,1.49,,red,1,14.49,0,-1.49,0,-11.38
4653,155.255,red,observed,0.852,1.7,,red,1,15.26,0,-1.7,0,-10.98
4656,155.355,red,observed,0.693,1.39,,red,1,14.49,0,-1.39,0,-11.38
4659,155.455,red,observed,1.0,2.66,,red,1,14.93,0,-2.66,0,-10.64
4662,155.555,red,observed,0.639,1.28,,red,1,14.6,0,-1.28,0,-10.71
4665,155.656,red,observed,0.799,1.6,,red,1,13.17,0,-1.6,0,-10.91
4668,155.756,red,observed,0.906,1.81,,red,1,13.28,0,-1.81,0,-11.04
4671,155.856,red,observed,1.0,3.09,,red,1,12.84,0,-3.09,0,-11.04
4674,155.956,red,observed,1.0,2.24,,red,1,14.05,0,-2.24,0,-11.11
4677,156.056,red,observed,1.0,3.3,,red,1,13.83,0,-3.3,0,-10.64
4680,156.156,red,observed,1.0,2.24,,red,1,12.84,0,-2.24,0,-11.04
4683,156.256,red,observed,1.0,2.24,,red,1,13.83,0,-2.24,0,-11.04
4686,156.356,red,observed,1.0,2.24,,red,1,13.06,0,-2.24,0,-10.84
4689,156.456,red,observed,0.959,1.92,,red,1,13.72,0,-1.92,0,-10.43
4692,156.556,red,observed,1.0,2.24,,red,1,13.17,0,-2.24,0,-11.11
4695,156.656,red,observed,1.0,2.34,,red,1,13.28,0,-2.34,0,-11.04
4698,156.757,red,observed,1.0,2.77,,red,1,13.28,0,-2.77,0,-11.25
4701,156.857,red,observed,1.0,2.45,,red,1,14.16,0,-2.45,0,-10.98
4704,156.957,red,observed,1.0,3.52,,red,1,12.4,0,-3.52,0,-11.38
4707,157.057,red,observed,1.0,2.45,,red,1,13.39,0,-2.45,0,-11.18
4710,157.157,red,observed,1.0,2.24,,red,1,13.28,0,-2.24,0,-11.25
4713,157.257,red,observed,1.0,2.13,,red,1,13.17,0,-2.13,0,-11.25
4716,157.357,red,observed,0.693,1.39,,red,1,12.62,0,-1.39,0,-11.31
4719,157.457,red,observed,1.0,2.24,,red,1,13.06,0,-2.24,0,-11.04
4722,157.557,red,observed,1.0,2.24,,red,1,12.84,0,-2.24,0,-11.31
4725,157.658,red,observed,1.0,2.34,,red,1,13.72,0,-2.34,0,-11.11
4728,157.758,red,observed,1.0,2.98,,red,1,13.06,0,-2.98,0,-11.92
4731,157.858,red,observed,0.852,1.7,,red,1,14.27,0,-1.7,0,-11.11
4734,157.958,red,observed,0.799,1.6,,red,1,13.5,0,-1.6,0,-11.25
4737,158.058,red,observed,0.852,1.7,,red,1,14.49,0,-1.7,0,-11.45
4740,158.158,red,observed,1.0,2.24,,red,1,13.83,0,-2.24,0,-11.38
4743,158.258,red,observed,1.0,2.02,,red,1,13.61,0,-2.02,0,-11.59
4746,158.358,red,observed,1.0,2.13,,red,1,13.17,0,-2.13,0,-10.98
4749,158.458,red,observed,1.0,2.13,,red,1,14.82,0,-2.13,0,-11.04
4752,158.558,red,observed,1.0,2.13,,red,1,13.83,0,-2.13,0,-11.18
4755,158.658,red,observed,1.0,2.13,,red,1,14.49,0,-2.13,0,-11.31
4758,158.759,red,observed,1.0,2.34,,red,1,13.17,0,-2.34,0,-11.31
4761,158.859,red,observed,1.0,2.34,,red,1,13.39,0,-2.34,0,-10.91
4764,158.959,red,observed,0.959,1.92,,red,1,14.82,0,-1.92,0,-10.16
4767,159.059,red,observed,1.0,2.13,,red,1,14.27,0,-2.13,0,-11.04
4770,159.159,red,observed,0.746,1.49,,red,1,13.61,0,-1.49,0,-11.18
4773,159.259,red,observed,0.693,1.39,,red,1,13.5,0,-1.39,0,-10.71
4776,159.359,red,observed,1.0,2.24,,red,1,13.83,0,-2.24,0,-10.84
4779,159.459,red,observed,1.0,2.24,,red,1,13.94,0,-2.24,0,-11.04
4782,159.559,red,observed,1.0,2.02,,red,1,14.16,0,-2.02,0,-11.31
4785,159.66,red,observed,1.0,2.77,,red,1,13.61,0,-2.77,0,-11.25
4788,159.76,red,observed,1.0,2.02,,red,1,14.27,0,-2.02,0,-10.84
4791,159.86,red,observed,0.746,1.49,,red,1,13.83,0,-1.49,0,-10.84
4794,159.96,red,observed,0.639,1.28,,red,1,12.95,0,-1.28,0,-11.45
4797,160.06,red,observed,0.693,1.39,,red,1,14.27,0,-1.39,0,-10.77
4800,160.16,red,observed,0.852,1.7,,red,1,14.16,0,-1.7,0,-10.84
4803,160.26,red,observed,1.0,2.02,,red,1,13.61,0,-2.02,0,-11.04
4806,160.36,red,observed,1.0,2.56,,red,1,15.37,0,-2.56,0,-10.64
4809,160.46,red,observed,1.0,2.77,,red,1,15.15,0,-2.77,0,-10.84
4812,160.56,red,observed,0.959,1.92,,red,1,13.17,0,-1.92,0,-10.71
4815,160.66,red,observed,0.906,1.81,,red,1,14.27,0,-1.81,0,-10.98
4818,160.761,red,observed,1.0,3.2,,red,1,13.5,0,-3.2,0,-11.04
4821,160.861,red,observed,0.906,1.81,,red,1,12.95,0,-1.81,0,-11.04
4824,160.961,red,observed,1.0,2.02,,red,1,13.83,0,-2.02,0,-10.77
4827,161.061,red,observed,1.0,2.02,,red,1,14.49,0,-2.02,0,-10.98
4830,161.161,red,observed,1.0,2.45,,red,1,13.94,0,-2.45,0,-10.43
4833,161.261,red,observed,0.533,1.07,,red,1,14.6,0,-1.07,0,-11.25
4836,161.361,red,observed,1.0,2.34,,red,1,14.38,0,-2.34,0,-10.98
4839,161.461,red,observed,1.0,2.34,,red,1,14.49,0,-2.34,0,-10.43
4842,161.561,red,observed,0.693,1.39,,red,1,14.38,0,-1.39,0,-10.57
4845,161.662,red,observed,1.0,2.77,,red,1,14.05,0,-2.77,0,-10.5
4848,161.762,red,observed,1.0,2.77,,red,1,14.38,0,-2.77,0,-10.98
4851,161.862,red,observed,1.0,2.88,,red,1,13.94,0,-2.88,0,-11.59
4854,161.962,red,observed,1.0,2.02,,red,1,14.71,0,-2.02,0,-11.11
4857,162.062,red,observed,1.0,2.24,,red,1,14.05,0,-2.24,0,-11.18
4860,162.162,red,observed,1.0,2.13,,red,1,13.72,0,-2.13,0,-10.77
4863,162.262,red,observed,1.0,2.13,,red,1,14.16,0,-2.13,0,-11.18
4866,162.362,red,observed,1.0,2.13,,red,1,13.5,0,-2.13,0,-11.04
4869,162.462,red,observed,1.0,2.13,,red,1,15.59,0,-2.13,0,-11.04
4872,162.562,red,observed,1.0,2.24,,red,1,13.94,0,-2.24,0,-10.98
4875,162.662,red,observed,1.0,2.34,,red,1,14.82,0,-2.34,0,-11.25
4878,162.763,red,observed,1.0,2.02,,red,1,14.27,0,-2.02,0,-10.57
4881,162.863,red,observed,1.0,2.45,,red,1,13.61,0,-2.45,0,-10.57
4884,162.963,red,observed,1.0,2.56,,red,1,14.05,0,-2.56,0,-11.18
4887,163.063,red,observed,1.0,2.45,,red,1,15.15,0,-2.45,0,-10.91
4890,163.163,red,observed,1.0,2.13,,red,1,13.94,0,-2.13,0,-10.77
4893,163.263,red,observed,1.0,2.66,,red,1,14.71,0,-2.66,0,-11.04
4896,163.363,red,observed,1.0,2.77,,red,1,14.05,0,-2.77,0,-10.91
4899,163.463,red,observed,1.0,3.41,,red,1,15.15,0,-3.41,0,-10.98
4902,163.563,red,observed,1.0,3.3,,red,1,14.82,0,-3.3,0,-11.11
4905,163.664,red,observed,1.0,2.88,,red,1,14.82,0,-2.88,0,-11.11
4908,163.764,red,observed,1.0,3.41,,red,1,14.27,0,-3.41,0,-10.98
4911,163.864,red,observed,1.0,3.62,,red,1,12.4,0,-3.62,0,-10.5
4914,163.964,red,observed,1.0,3.41,,red,1,13.28,0,-3.41,0,-11.31
4917,164.064,red,observed,1.0,2.56,,red,1,12.62,0,-2.56,0,-11.86
4920,164.164,red,observed,1.0,2.77,,red,1,13.39,0,-2.77,0,-10.77
4923,164.264,red,observed,1.0,2.56,,red,1,12.51,0,-2.56,0,-11.38
4926,164.364,red,observed,1.0,2.34,,red,1,13.06,0,-2.34,0,-11.11
4929,164.464,red,observed,0.746,1.49,,red,1,12.95,0,-1.49,0,-10.84
4932,164.564,red,observed,1.0,2.56,,red,1,13.94,0,-2.56,0,-11.04
4935,164.664,red,observed,1.0,2.45,,red,1,14.05,0,-2.45,0,-10.98
4938,164.765,red,observed,0.852,1.7,,red,1,14.05,0,-1.7,0,-11.04
4941,164.865,red,observed,1.0,2.56,,red,1,14.49,0,-2.56,0,-10.77
4944,164.965,red,low_confidence,0.373,0.75,lamp_near_threshold,red,1,14.05,0,-0.75,0,-10.91
4947,165.065,red,observed,1.0,2.02,,red,1,14.38,0,-2.02,0,-10.37
4950,165.165,red,observed,0.959,1.92,,red,1,14.71,0,-1.92,0,-10.64
4953,165.265,red,observed,1.0,2.24,,red,1,13.61,0,-2.24,0,-10.71
4956,165.365,red,observed,1.0,2.13,,red,1,13.61,0,-2.13,0,-11.45
4959,165.465,red,observed,1.0,2.88,,red,1,13.39,0,-2.88,0,-11.38
4962,165.565,red,observed,1.0,2.24,,red,1,12.51,0,-2.24,0,-10.77
4965,165.666,red,low_confidence,0.48,0.96,lamp_near_threshold,red,1,14.05,0,-0.96,0,-10.77
4968,165.766,red,low_confidence,0.852,1.7,short_unsupported_run,red,1,13.61,0,-1.7,0,-10.71
4971,165.866,red,low_confidence,0.48,0.96,lamp_near_threshold,red,1,12.51,0,-0.96,0,-11.59
4974,165.966,red,observed,1.0,2.34,,red,1,13.5,0,-2.34,0,-11.45
4977,166.066,red,observed,1.0,2.45,,red,1,13.61,0,-2.45,0,-10.43
4980,166.166,red,observed,0.799,1.6,,red,1,13.28,0,-1.6,0,-11.25
4983,166.266,red,observed,1.0,2.56,,red,1,14.05,0,-2.56,0,-10.98
4986,166.366,red,observed,1.0,2.66,,red,1,14.93,0,-2.66,0,-10.71
4989,166.466,red,observed,0.959,1.92,,red,1,13.72,0,-1.92,0,-11.04
4992,166.566,red,observed,0.906,1.81,,red,1,11.64,0,-1.81,0,-11.11
4995,166.666,red,observed,0.906,1.81,,red,1,14.38,0,-1.81,0,-10.91
4998,166.767,red,observed,0.906,1.81,,red,1,13.17,0,-1.81,0,-11.25
5001,166.867,red,low_confidence,0.373,0.75,lamp_near_threshold,red,1,14.38,0,-0.75,0,-10.84
5004,166.967,red,observed,1.0,2.02,,red,1,14.38,0,-2.02,0,-11.38
5007,167.067,red,observed,0.799,1.6,,red,1,13.39,0,-1.6,0,-10.77
5010,167.167,red,observed,0.959,1.92,,red,1,14.05,0,-1.92,0,-10.84
5013,167.267,red,observed,1.0,2.77,,red,1,13.39,0,-2.77,0,-10.84
5016,167.367,red,observed,1.0,2.24,,red,1,13.28,0,-2.24,0,-11.25
5019,167.467,red,observed,1.0,2.34,,red,1,13.94,0,-2.34,0,-11.11
5022,167.567,red,observed,1.0,2.24,,red,1,13.28,0,-2.24,0,-10.57
5025,167.668,red,observed,0.906,1.81,,red,1,12.84,0,-1.81,0,-11.11
5028,167.768,red,observed,1.0,2.24,,red,1,13.28,0,-2.24,0,-11.31
5031,167.868,red,observed,0.852,1.7,,red,1,14.05,0,-1.7,0,-10.98
5034,167.968,red,observed,1.0,2.02,,red,1,13.39,0,-2.02,0,-10.3
5037,168.068,red,observed,0.852,1.7,,red,1,13.94,0,-1.7,0,-10.71
5040,168.168,red,observed,0.799,1.6,,red,1,13.61,0,-1.6,0,-11.11
5043,168.268,red,observed,0.533,1.07,,red,1,13.83,0,-1.07,0,-11.72
5046,168.368,red,observed,1.0,2.45,,red,1,12.73,0,-2.45,0,-11.52
5049,168.468,red,observed,1.0,2.24,,red,1,13.28,0,-2.24,0,-11.25
5052,168.568,red,observed,1.0,2.34,,red,1,13.17,0,-2.34,0,-10.84
5055,168.668,red,observed,1.0,2.56,,red,1,13.5,0,-2.56,0,-11.38
5058,168.769,red,observed,1.0,2.13,,red,1,13.61,0,-2.13,0,-11.31
5061,168.869,red,observed,0.586,1.17,,red,1,12.84,0,-1.17,0,-10.91
5064,168.969,red,observed,0.746,1.49,,red,1,13.06,0,-1.49,0,-11.52
5067,169.069,red,observed,0.639,1.28,,red,1,13.83,0,-1.28,0,-11.25
5070,169.169,red,observed,1.0,2.24,,red,1,13.28,0,-2.24,0,-10.91
5073,169.269,red,observed,1.0,2.34,,red,1,13.28,0,-2.34,0,-11.18
5076,169.369,red,observed,1.0,2.13,,red,1,13.61,0,-2.13,0,-11.25
5079,169.469,red,observed,0.693,1.39,,red,1,12.84,0,-1.39,0,-10.71
5082,169.569,red,observed,1.0,2.24,,red,1,12.29,0,-2.24,0,-10.71
5085,169.67,red,observed,0.746,1.49,,red,1,12.4,0,-1.49,0,-11.04
5088,169.77,red,observed,0.959,1.92,,red,1,13.06,0,-1.92,0,-10.91
5091,169.87,red,observed,1.0,2.13,,red,1,13.39,0,-2.13,0,-10.84
5094,169.97,red,observed,1.0,2.34,,red,1,11.09,0,-2.34,0,-11.25
5097,170.07,red,observed,1.0,2.02,,red,1,12.07,0,-2.02,0,-10.84
5100,170.17,red,observed,1.0,2.56,,red,1,12.73,0,-2.56,0,-10.77
5103,170.27,red,observed,1.0,2.02,,red,1,14.27,0,-2.02,0,-10.71
5106,170.37,red,observed,1.0,2.34,,red,1,13.5,0,-2.34,0,-10.77
5109,170.47,red,observed,1.0,2.77,,red,1,13.06,0,-2.77,0,-11.04
5112,170.57,red,observed,1.0,2.13,,red,1,13.06,0,-2.13,0,-11.45
5115,170.67,red,observed,1.0,2.34,,red,1,12.73,0,-2.34,0,-10.98
5118,170.771,red,observed,1.0,2.45,,red,1,13.61,0,-2.45,0,-10.91
5121,170.871,red,observed,0.852,1.7,,red,1,13.61,0,-1.7,0,-11.38
5124,170.971,red,observed,1.0,2.56,,red,1,12.29,0,-2.56,0,-11.31
5127,171.071,red,observed,0.639,1.28,,red,1,12.84,0,-1.28,0,-11.31
5130,171.171,red,observed,0.959,1.92,,red,1,13.06,0,-1.92,0,-10.71
5133,171.271,red,observed,0.746,1.49,,red,1,12.4,0,-1.49,0,-11.04
5136,171.371,red,observed,1.0,2.13,,red,1,14.05,0,-2.13,0,-10.5
5139,171.471,red,observed,1.0,2.77,,red,1,12.51,0,-2.77,0,-10.71
5142,171.571,red,observed,1.0,2.66,,red,1,13.72,0,-2.66,0,-10.43
5145,171.672,red,observed,1.0,2.66,,red,1,11.96,0,-2.66,0,-10.71
5148,171.772,red,observed,1.0,3.09,,red,1,13.61,0,-3.09,0,-10.91
5151,171.872,red,observed,0.906,1.81,,red,1,12.07,0,-1.81,0,-11.04
5154,171.972,red,observed,1.0,3.09,,red,1,13.17,0,-3.09,0,-11.59
5157,172.072,red,observed,1.0,3.3,,red,1,12.62,0,-3.3,0,-10.64
5160,172.172,red,observed,1.0,3.2,,red,1,13.06,0,-3.2,0,-10.71
5163,172.272,red,observed,1.0,2.34,,red,1,12.95,0,-2.34,0,-10.77
5166,172.372,red,observed,0.959,1.92,,red,1,14.27,0,-1.92,0,-10.57
5169,172.472,red,observed,1.0,2.13,,red,1,13.06,0,-2.13,0,-10.84
5172,172.572,red,observed,1.0,2.24,,red,1,12.95,0,-2.24,0,-10.98
5175,172.672,red,observed,1.0,2.45,,red,1,12.73,0,-2.45,0,-10.84
5178,172.773,red,observed,1.0,2.56,,red,1,13.5,0,-2.56,0,-10.98
5181,172.873,red,observed,0.746,1.49,,red,1,13.17,0,-1.49,0,-10.98
5184,172.973,red,observed,1.0,2.45,,red,1,13.5,0,-2.45,0,-10.84
5187,173.073,red,observed,0.906,1.81,,red,1,14.05,0,-1.81,0,-11.11
5190,173.173,red,observed,1.0,2.13,,red,1,13.61,0,-2.13,0,-11.11
5193,173.273,red,observed,0.693,1.39,,red,1,12.95,0,-1.39,0,-10.71
5196,173.373,red,observed,0.959,1.92,,red,1,13.61,0,-1.92,0,-10.5
5199,173.473,red,observed,1.0,2.24,,red,1,12.95,0,-2.24,0,-10.91
5202,173.573,red,observed,1.0,2.45,,red,1,13.72,0,-2.45,0,-10.91
5205,173.674,red,observed,1.0,2.02,,red,1,12.84,0,-2.02,0,-10.91
5208,173.774,red,observed,1.0,2.45,,red,1,12.62,0,-2.45,0,-10.84
5211,173.874,red,observed,1.0,2.34,,red,1,12.84,0,-2.34,0,-11.11
5214,173.974,red,observed,1.0,2.34,,red,1,13.83,0,-2.34,0,-10.84
5217,174.074,red,low_confidence,0.426,0.85,lamp_near_threshold,red,1,13.5,0,-0.85,0,-10.84
5220,174.174,red_amber,observed,0.959,1.92,,red_amber,1,13.5,1,1.92,0,-11.45
5223,174.274,red_amber,observed,0.959,1.92,,red_amber,1,14.05,1,1.92,0,-11.04
5226,174.374,red_amber,observed,0.959,1.92,,red_amber,1,13.06,1,1.92,0,-10.3
5229,174.474,red_amber,observed,1.0,2.66,,red_amber,1,13.5,1,2.66,0,-10.5
5232,174.574,red_amber,observed,0.906,1.81,,red_amber,1,14.49,1,1.81,0,-11.18
5235,174.674,red_amber,observed,1.0,2.45,,red_amber,1,13.5,1,2.45,0,-11.45
5238,174.775,red_amber,observed,1.0,2.66,,red_amber,1,12.18,1,2.66,0,-11.52
5241,174.875,red_amber,observed,0.746,1.49,,red_amber,1,13.5,1,1.49,0,-10.77
5244,174.975,red_amber,observed,1.0,2.88,,red_amber,1,13.83,1,2.88,0,-10.91
5247,175.075,red_amber,observed,1.0,2.88,,red_amber,1,13.39,1,2.88,0,-11.11
5250,175.175,red_amber,observed,0.533,1.07,,red_amber,1,13.83,1,1.07,0,-11.18
5253,175.275,red_amber,observed,1.0,2.66,,red_amber,1,14.16,1,2.66,0,-11.18
5256,175.375,red_amber,observed,1.0,2.34,,red_amber,1,14.16,1,2.34,0,-11.11
5259,175.475,red_amber,observed,1.0,2.88,,red_amber,1,13.28,1,2.88,0,-11.31
5262,175.575,red_amber,observed,1.0,2.56,,red_amber,1,13.39,1,2.56,0,-10.84
5265,175.676,red_amber,observed,1.0,2.66,,red_amber,1,13.5,1,2.66,0,-10.77
5268,175.776,red_amber,observed,1.0,3.2,,red_amber,1,13.72,1,3.2,0,-10.84
5271,175.876,red_amber,observed,0.959,1.92,,red_amber,1,13.72,1,1.92,0,-11.38
5274,175.976,red_amber,observed,0.746,1.49,,red_amber,1,12.51,1,1.49,0,-10.43
5277,176.076,red_amber,observed,0.852,1.7,,red_amber,1,13.39,1,1.7,0,-11.31
5280,176.176,red_amber,observed,1.0,3.09,,red_amber,1,13.28,1,3.09,0,-11.11
5283,176.276,red_amber,observed,1.0,2.02,,red_amber,1,13.83,1,2.02,0,-10.64
5286,176.376,red_amber,observed,0.906,1.81,,red_amber,1,13.5,1,1.81,0,-11.25
5289,176.476,red_amber,observed,1.0,2.24,,red_amber,1,13.83,1,2.24,0,-10.91
5292,176.576,red_amber,observed,0.746,1.49,,red_amber,1,12.95,1,1.49,0,-10.91
5295,176.676,red_amber,observed,1.0,2.56,,red_amber,1,12.84,1,2.56,0,-10.57
5298,176.777,red_amber,observed,1.0,2.24,,red_amber,1,12.51,1,2.24,0,-10.71
5301,176.877,red_amber,observed,0.852,1.7,,red_amber,1,11.74,1,1.7,0,-10.71
5304,176.977,unknown,occluded,0.0,2.24,occluded,occluded,1,13.06,1,2.24,0,-10.43
5307,177.077,unknown,occluded,0.0,0.96,occluded,occluded,0,-7.02,0,-0.96,1,4.13
5310,177.177,green,observed,0.799,1.6,,green,0,-12.18,0,-1.6,1,8.54
5313,177.277,green,observed,1.0,2.02,,green,0,-12.51,0,-2.02,1,8.67
5316,177.377,green,observed,1.0,2.98,,green,0,-13.17,0,-2.98,1,8.54
5319,177.477,green,observed,0.906,1.81,,green,0,-12.84,0,-1.81,1,8.74
5322,177.577,green,observed,0.959,1.92,,green,0,-13.94,0,-1.92,1,9.21
5325,177.678,green,observed,1.0,2.13,,green,0,-12.84,0,-2.13,1,9.35
5328,177.778,green,observed,1.0,2.13,,green,0,-12.73,0,-2.13,1,8.94
5331,177.878,green,observed,0.746,1.49,,green,0,-12.51,0,-1.49,1,9.08
5334,177.978,green,observed,0.799,1.6,,green,0,-13.5,0,-1.6,1,9.28
5337,178.078,green,observed,0.852,1.7,,green,0,-12.95,0,-1.7,1,9.55
5340,178.178,green,observed,1.0,2.13,,green,0,-13.39,0,-2.13,1,9.28
5343,178.278,green,observed,1.0,2.13,,green,0,-13.94,0,-2.13,1,9.21
5346,178.378,green,observed,0.959,1.92,,green,0,-14.27,0,-1.92,1,9.55
5349,178.478,green,observed,0.586,1.17,,green,0,-13.28,0,-1.17,1,9.15
5352,178.578,green,observed,0.746,1.49,,green,0,-13.39,0,-1.49,1,9.28
5355,178.678,green,observed,0.852,1.7,,green,0,-12.73,0,-1.7,1,9.89
5358,178.779,green,observed,0.852,1.7,,green,0,-13.39,0,-1.7,1,9.96
5361,178.879,green,observed,0.852,1.7,,green,0,-12.95,0,-1.7,1,9.76
5364,178.979,green,observed,1.0,2.66,,green,0,-13.17,0,-2.66,1,9.89
5367,179.079,green,observed,0.693,1.39,,green,0,-13.5,0,-1.39,1,9.89
5370,179.179,green,observed,0.959,1.92,,green,0,-13.61,0,-1.92,1,10.91
5373,179.279,green,observed,1.0,2.02,,green,0,-12.84,0,-2.02,1,9.96
5376,179.379,green,observed,0.852,1.7,,green,0,-13.72,0,-1.7,1,9.55
5379,179.479,green,observed,0.906,1.81,,green,0,-12.73,0,-1.81,1,9.62
5382,179.579,green,observed,0.693,1.39,,green,0,-13.06,0,-1.39,1,11.11
5385,179.68,green,observed,0.906,1.81,,green,0,-13.83,0,-1.81,1,10.23
5388,179.78,green,observed,0.959,1.92,,green,0,-13.28,0,-1.92,1,10.84
5391,179.88,green,observed,0.959,1.92,,green,0,-13.06,0,-1.92,1,11.04
5394,179.98,green,observed,1.0,2.02,,green,0,-13.28,0,-2.02,1,11.18
5397,180.08,green,observed,0.852,1.7,,green,0,-12.29,0,-1.7,1,10.64
5400,180.18,green,observed,1.0,2.45,,green,0,-13.5,0,-2.45,1,9.69
5403,180.28,green,observed,1.0,2.34,,green,0,-13.83,0,-2.34,1,10.64
5406,180.38,green,observed,0.799,1.6,,green,0,-13.83,0,-1.6,1,10.3
5409,180.48,green,observed,0.639,1.28,,green,0,-13.17,0,-1.28,1,10.71
5412,180.58,green,observed,0.693,1.39,,green,0,-13.28,0,-1.39,1,11.18
5415,180.68,green,observed,0.639,1.28,,green,0,-13.5,0,-1.28,1,11.45
5418,180.781,green,observed,0.693,1.39,,green,0,-12.84,0,-1.39,1,10.43
5421,180.881,green,observed,0.959,1.92,,green,0,-13.72,0,-1.92,1,11.38
5424,180.981,green,observed,0.746,1.49,,green,0,-12.51,0,-1.49,1,10.43
5427,181.081,green,observed,1.0,2.24,,green,0,-12.84,0,-2.24,1,11.65
5430,181.181,green,observed,0.693,1.39,,green,0,-13.06,0,-1.39,1,11.04
5433,181.281,green,observed,0.693,1.39,,green,0,-12.95,0,-1.39,1,10.84
5436,181.381,green,low_confidence,0.48,0.96,lamp_near_threshold,green,0,-12.84,0,-0.96,1,11.59
5439,181.481,green,observed,0.852,1.7,,green,0,-13.94,0,-1.7,1,11.25
5442,181.581,green,low_confidence,0.48,0.96,lamp_near_threshold,green,0,-13.39,0,-0.96,1,10.98
5445,181.682,green,low_confidence,1.0,2.56,short_unsupported_run,green,0,-12.95,0,-2.56,1,11.72
5448,181.782,green,low_confidence,0.693,1.39,short_unsupported_run,green,0,-13.5,0,-1.39,1,11.38
5451,181.882,green,low_confidence,0.639,1.28,short_unsupported_run,green,0,-13.28,0,-1.28,1,11.38
5454,181.982,green,low_confidence,0.639,1.28,short_unsupported_run,green,0,-13.28,0,-1.28,1,11.25
5457,182.082,green,low_confidence,0.639,1.28,short_unsupported_run,green,0,-13.61,0,-1.28,1,10.71
5460,182.182,green,low_confidence,0.586,1.17,short_unsupported_run,green,0,-13.39,0,-1.17,1,11.25
5463,182.282,green,low_confidence,0.639,1.28,short_unsupported_run,green,0,-12.62,0,-1.28,1,11.11
5466,182.382,green,low_confidence,0.639,1.28,short_unsupported_run,green,0,-12.84,0,-1.28,1,11.04
5469,182.482,unknown,low_confidence,0.0,0.0,unclear_lamp_combination,unclear,0,-12.62,0,0.0,1,11.18
5472,182.582,green,low_confidence,0.906,1.81,short_unsupported_run,green,0,-13.17,0,-1.81,1,11.18
5475,182.682,green,low_confidence,0.32,0.64,lamp_near_threshold,green,0,-13.17,0,-0.64,1,10.84
5478,182.783,green,low_confidence,0.533,1.07,short_unsupported_run,green,0,-12.84,0,-1.07,1,11.65
5481,182.883,green,low_confidence,0.48,0.96,lamp_near_threshold,green,0,-13.17,0,-0.96,1,11.52
5484,182.983,green,low_confidence,0.426,0.85,lamp_near_threshold,green,0,-12.84,0,-0.85,1,11.65
5487,183.083,green,low_confidence,0.533,1.07,short_unsupported_run,green,0,-13.28,0,-1.07,1,11.52
5490,183.183,green,low_confidence,0.107,0.21,lamp_near_threshold,green,0,-14.16,0,-0.21,1,11.65
5493,183.283,unknown,low_confidence,0.053,0.11,unclear_lamp_combination,unclear,0,-13.83,1,0.11,1,11.45
5496,183.383,unknown,low_confidence,0.426,0.85,unclear_lamp_combination,unclear,0,-13.39,1,0.85,1,10.98
5499,183.483,green,low_confidence,0.373,0.75,lamp_near_threshold,green,0,-13.83,0,-0.75,1,12.13
5502,183.583,unknown,low_confidence,0.373,0.75,unclear_lamp_combination,unclear,0,-13.5,1,0.75,1,11.25
5505,183.684,unknown,low_confidence,0.373,0.75,unclear_lamp_combination,unclear,0,-12.95,1,0.75,1,12.4
5508,183.784,unknown,low_confidence,0.639,1.28,unclear_lamp_combination,unclear,0,-12.84,1,1.28,1,11.45
5511,183.884,unknown,low_confidence,1.0,2.13,unclear_lamp_combination,unclear,0,-12.84,1,2.13,1,12.87
5514,183.984,unknown,occluded,0.0,2.56,occluded,occluded,0,-13.06,1,2.56,1,17.48
5517,184.084,unknown,occluded,0.0,3.73,occluded,occluded,0,-13.5,1,3.73,1,11.79
5520,184.184,amber,low_confidence,0.068,0.14,lamp_near_threshold,amber,0,-13.06,1,4.8,0,-0.14
5523,184.284,amber,low_confidence,0.745,1.49,short_unsupported_run,amber,0,-13.28,1,1.7,0,-1.49
5526,184.384,unknown,occluded,0.0,2.3,occluded,occluded,0,-13.83,1,3.41,1,2.3
5529,184.484,unknown,low_confidence,1.0,2.66,unclear_lamp_combination,unclear,0,-13.39,1,2.66,1,12.33
5532,184.584,unknown,low_confidence,1.0,2.45,unclear_lamp_combination,unclear,0,-13.28,1,2.45,1,13.08
5535,184.684,unknown,low_confidence,1.0,2.77,unclear_lamp_combination,unclear,0,-14.6,1,2.77,1,13.75
5538,184.785,unknown,low_confidence,0.959,1.92,unclear_lamp_combination,unclear,0,-13.28,1,1.92,1,12.47
5541,184.885,unknown,low_confidence,1.0,2.98,unclear_lamp_combination,unclear,0,-13.39,1,2.98,1,12.87
5544,184.985,unknown,low_confidence,1.0,2.24,unclear_lamp_combination,unclear,0,-12.4,1,2.24,1,12.6
5547,185.085,unknown,occluded,0.0,2.66,occluded,occluded,0,-14.49,1,2.66,1,12.87
5550,185.185,unknown,occluded,0.0,2.88,occluded,occluded,0,-12.95,1,2.88,1,8.88
5553,185.285,unknown,occluded,0.0,1.76,occluded,occluded,0,-13.39,1,2.88,1,1.76
5556,185.385,unknown,occluded,0.0,0.27,occluded,occluded,0,-12.95,1,2.98,1,0.27
5559,185.485,amber,low_confidence,0.271,0.54,lamp_near_threshold,amber,0,-13.06,1,2.02,0,-0.54
5562,185.585,unknown,occluded,0.0,1.07,occluded,occluded,0,-13.28,1,1.07,1,3.39
5565,185.686,unknown,low_confidence,0.266,0.53,unclear_lamp_combination,unclear,0,-12.62,1,0.53,1,11.72
5568,185.786,green,low_confidence,0.0,0.0,lamp_near_threshold,green,0,-12.84,0,0.0,1,10.84
5571,185.886,green,low_confidence,0.0,0.0,lamp_near_threshold,green,0,-12.84,0,0.0,1,11.04
5574,185.986,green,low_confidence,0.213,0.43,lamp_near_threshold,green,0,-13.28,0,-0.43,1,11.86
5577,186.086,green,low_confidence,0.32,0.64,lamp_near_threshold,green,0,-12.73,0,-0.64,1,11.18
5580,186.186,green,observed,0.746,1.49,,green,0,-13.17,0,-1.49,1,10.84
5583,186.286,green,observed,0.693,1.39,,green,0,-13.17,0,-1.39,1,11.11
5586,186.386,green,observed,0.639,1.28,,green,0,-12.95,0,-1.28,1,10.91
5589,186.486,green,observed,0.746,1.49,,green,0,-12.84,0,-1.49,1,10.64
5592,186.586,green,observed,0.852,1.7,,green,0,-13.94,0,-1.7,1,11.65
5595,186.686,green,observed,0.799,1.6,,green,0,-13.39,0,-1.6,1,11.25
5598,186.787,green,observed,1.0,2.02,,green,0,-12.95,0,-2.02,1,10.3
5601,186.887,green,observed,1.0,2.24,,green,0,-13.61,0,-2.24,1,10.03
5604,186.987,green,observed,1.0,2.66,,green,0,-13.06,0,-2.66,1,11.25
5607,187.087,green,observed,1.0,2.77,,green,0,-13.61,0,-2.77,1,9.69
5610,187.187,green,observed,1.0,2.77,,green,0,-14.49,0,-2.77,1,10.98
5613,187.287,green,observed,0.959,1.92,,green,0,-13.39,0,-1.92,1,10.3
5616,187.387,green,observed,0.959,1.92,,green,0,-13.61,0,-1.92,1,10.77
5619,187.487,green,observed,0.746,1.49,,green,0,-13.5,0,-1.49,1,10.98
5622,187.587,green,observed,0.959,1.92,,green,0,-12.84,0,-1.92,1,10.3
5625,187.688,green,observed,1.0,2.02,,green,0,-14.05,0,-2.02,1,10.57
5628,187.788,green,observed,1.0,2.66,,green,0,-13.61,0,-2.66,1,11.59
5631,187.888,green,observed,1.0,2.66,,green,0,-13.94,0,-2.66,1,11.04
5634,187.988,green,observed,0.693,1.39,,green,0,-13.94,0,-1.39,1,11.45
5637,188.088,green,observed,0.959,1.92,,green,0,-13.17,0,-1.92,1,11.31
5640,188.188,green,observed,1.0,2.77,,green,0,-13.61,0,-2.77,1,10.91
5643,188.288,green,observed,1.0,2.66,,green,0,-13.61,0,-2.66,1,11.31
5646,188.388,green,observed,1.0,2.88,,green,0,-12.95,0,-2.88,1,11.38
5649,188.488,green,observed,1.0,2.88,,green,0,-14.16,0,-2.88,1,13.08
5652,188.588,green,observed,1.0,2.45,,green,0,-13.61,0,-2.45,1,12.33
5655,188.688,green,observed,1.0,2.77,,green,0,-14.38,0,-2.77,1,12.74
5658,188.789,green,observed,1.0,2.98,,green,0,-13.72,0,-2.98,1,13.69
5661,188.889,green,observed,1.0,2.77,,green,0,-14.6,0,-2.77,1,13.08
5664,188.989,green,observed,1.0,3.09,,green,0,-14.93,0,-3.09,1,11.59
5667,189.089,unknown,occluded,0.0,2.98,occluded,occluded,0,-15.26,0,-2.98,1,5.62
5670,189.189,unknown,occluded,0.0,0.95,occluded,occluded,0,-15.92,0,-1.92,0,-0.95
5673,189.289,unknown,occluded,0.0,2.02,occluded,occluded,0,-15.59,0,-2.02,0,-3.59
5676,189.389,dark,low_confidence,0.959,1.92,short_unsupported_run,dark,0,-15.37,0,-1.92,0,-3.73
5679,189.489,unknown,occluded,0.0,2.02,occluded,occluded,0,-14.71,0,-2.02,0,-6.37
5682,189.589,unknown,occluded,0.0,2.24,occluded,occluded,0,-15.37,0,-2.24,0,-9.21
5685,189.69,unknown,occluded,0.0,2.56,occluded,occluded,0,-16.25,0,-2.56,0,-11.59
5688,189.79,unknown,occluded,0.0,2.45,occluded,occluded,0,-14.93,0,-2.45,0,-11.38
5691,189.89,unknown,occluded,0.0,3.52,occluded,occluded,0,-14.93,0,-3.52,0,-11.25
5694,189.99,unknown,occluded,0.0,3.73,occluded,occluded,0,-15.48,0,-3.73,0,-10.98
5697,190.09,unknown,occluded,0.0,3.52,occluded,occluded,0,-15.15,0,-3.52,0,-10.5
5700,190.19,unknown,occluded,0.0,3.41,occluded,occluded,0,-14.16,0,-3.41,0,-9.35
5703,190.29,unknown,occluded,0.0,3.84,occluded,occluded,0,-14.49,0,-3.84,0,-9.76
5706,190.39,unknown,occluded,0.0,2.56,occluded,occluded,0,-14.6,0,-2.56,0,-8.88
5709,190.49,unknown,occluded,0.0,4.37,occluded,occluded,0,-15.04,0,-4.37,0,-8.33
5712,190.59,unknown,occluded,0.0,5.11,occluded,occluded,0,-14.82,0,-5.11,0,-6.78
5715,190.69,unknown,occluded,0.0,3.41,occluded,occluded,0,-15.04,0,-3.41,0,-7.79
5718,190.791,unknown,occluded,0.0,2.56,occluded,occluded,0,-14.05,0,-2.56,0,-8.13
5721,190.891,unknown,occluded,0.0,4.05,occluded,occluded,0,-13.83,0,-4.05,0,-8.88
5724,190.991,unknown,occluded,0.0,3.2,occluded,occluded,0,-15.04,0,-3.2,0,-9.01
5727,191.091,unknown,occluded,0.0,3.41,occluded,occluded,0,-14.82,0,-3.41,0,-9.69
5730,191.191,unknown,occluded,0.0,2.88,occluded,occluded,0,-13.72,0,-2.88,0,-9.82
5733,191.291,unknown,occluded,0.0,2.77,occluded,occluded,0,-14.27,0,-2.77,0,-10.37
5736,191.391,unknown,occluded,0.0,2.88,occluded,occluded,0,-14.71,0,-2.88,0,-10.64
5739,191.491,unknown,occluded,0.0,3.52,occluded,occluded,0,-14.38,0,-3.52,0,-10.71
5742,191.591,unknown,occluded,0.0,1.92,occluded,occluded,0,-14.82,0,-1.92,0,-10.71
5745,191.692,unknown,occluded,0.0,2.88,occluded,occluded,0,-14.71,0,-2.88,0,-10.57
5748,191.792,unknown,occluded,0.0,3.41,occluded,occluded,0,-12.95,0,-3.41,0,-10.1
5751,191.892,unknown,occluded,0.0,1.81,occluded,occluded,0,-14.16,0,-1.81,0,-8.81
5754,191.992,unknown,occluded,0.0,2.24,occluded,occluded,0,-13.94,0,-2.24,0,-8.81
5757,192.092,unknown,occluded,0.0,2.02,occluded,occluded,0,-13.94,0,-2.02,0,-8.81
5760,192.192,dark,low_confidence,1.0,2.56,short_unsupported_run,dark,0,-13.39,0,-2.56,0,-8.67
5763,192.292,unknown,occluded,0.0,2.98,occluded,occluded,0,-14.38,0,-2.98,0,-8.33
5766,192.392,unknown,occluded,0.0,2.66,occluded,occluded,0,-13.61,0,-2.66,1,4.61
5769,192.492,green,observed,0.586,1.17,,green,0,-13.72,0,-1.17,1,11.11
5772,192.592,green,observed,1.0,2.98,,green,0,-13.28,0,-2.98,1,11.45
5775,192.692,green,observed,1.0,2.02,,green,0,-13.28,0,-2.02,1,11.79
5778,192.793,green,observed,1.0,2.13,,green,0,-14.16,0,-2.13,1,11.38
5781,192.893,green,observed,0.852,1.7,,green,0,-14.05,0,-1.7,1,10.98
5784,192.993,green,observed,1.0,2.24,,green,0,-14.16,0,-2.24,1,11.25
5787,193.093,green,observed,0.746,1.49,,green,0,-13.94,0,-1.49,1,12.33
5790,193.193,green,observed,1.0,3.62,,green,0,-14.05,0,-3.62,1,12.13
5793,193.293,green,observed,1.0,3.41,,green,0,-12.95,0,-3.41,1,12.33
5796,193.393,green,observed,1.0,2.34,,green,0,-13.94,0,-2.34,1,11.65
5799,193.493,green,observed,1.0,2.13,,green,0,-13.61,0,-2.13,1,11.38
5802,193.593,green,observed,1.0,3.09,,green,0,-12.51,0,-3.09,1,9.82
5805,193.694,green,observed,1.0,2.34,,green,0,-12.07,0,-2.34,1,12.2
5808,193.794,green,observed,1.0,2.56,,green,0,-13.17,0,-2.56,1,12.4
5811,193.894,green,observed,1.0,2.66,,green,0,-13.72,0,-2.66,1,10.98
5814,193.994,green,observed,1.0,3.41,,green,0,-13.06,0,-3.41,1,11.25
5817,194.094,green,observed,0.799,1.6,,green,0,-13.17,0,-1.6,1,12.2
5820,194.194,green,observed,1.0,2.24,,green,0,-13.61,0,-2.24,1,11.25
5823,194.294,green,observed,1.0,2.34,,green,0,-12.95,0,-2.34,1,11.52
5826,194.394,green,observed,1.0,3.41,,green,0,-13.61,0,-3.41,1,10.64
5829,194.494,green,observed,1.0,2.24,,green,0,-13.5,0,-2.24,1,12.06
5832,194.594,green,observed,1.0,2.98,,green,0,-13.39,0,-2.98,1,10.57
5835,194.694,green,observed,1.0,2.56,,green,0,-13.83,0,-2.56,1,11.45
5838,194.795,green,observed,1.0,3.41,,green,0,-13.83,0,-3.41,1,11.65
5841,194.895,green,observed,1.0,2.13,,green,0,-14.05,0,-2.13,1,11.86
5844,194.995,green,observed,1.0,2.34,,green,0,-13.06,0,-2.34,1,11.99
5847,195.095,green,observed,1.0,2.34,,green,0,-13.5,0,-2.34,1,11.86
5850,195.195,green,observed,1.0,3.3,,green,0,-13.94,0,-3.3,1,11.45
5853,195.295,green,observed,1.0,2.02,,green,0,-13.39,0,-2.02,1,12.13
5856,195.395,green,observed,1.0,2.02,,green,0,-13.61,0,-2.02,1,11.99
5859,195.495,green,observed,1.0,2.02,,green,0,-14.05,0,-2.02,1,12.2
5862,195.595,green,observed,1.0,2.24,,green,0,-13.5,0,-2.24,1,11.11
5865,195.696,green,observed,1.0,2.24,,green,0,-13.5,0,-2.24,1,11.86
5868,195.796,green,observed,1.0,2.77,,green,0,-14.05,0,-2.77,1,10.98
5871,195.896,green,observed,1.0,2.66,,green,0,-13.5,0,-2.66,1,11.59
5874,195.996,green,observed,0.852,1.7,,green,0,-13.61,0,-1.7,1,12.06
5877,196.096,green,observed,0.746,1.49,,green,0,-13.39,0,-1.49,1,12.13
5880,196.196,green,observed,1.0,3.3,,green,0,-14.71,0,-3.3,1,11.65
5883,196.296,green,observed,1.0,2.88,,green,0,-12.29,0,-2.88,1,12.94
5886,196.396,green,observed,1.0,2.88,,green,0,-13.28,0,-2.88,1,13.48
5889,196.496,green,observed,1.0,2.77,,green,0,-13.72,0,-2.77,1,12.67
5892,196.596,green,observed,1.0,3.52,,green,0,-13.17,0,-3.52,1,13.21
5895,196.696,green,observed,1.0,2.02,,green,0,-14.05,0,-2.02,1,12.81
5898,196.797,green,observed,1.0,2.88,,green,0,-13.61,0,-2.88,1,12.47
5901,196.897,green,observed,1.0,2.66,,green,0,-12.84,0,-2.66,1,13.28
5904,196.997,green,observed,1.0,2.77,,green,0,-13.72,0,-2.77,1,13.48
5907,197.097,green,low_confidence,0.426,0.85,lamp_near_threshold,green,0,-13.72,0,-0.85,1,11.99
5910,197.197,green,observed,1.0,2.34,,green,0,-13.39,0,-2.34,1,12.06
5913,197.297,green,observed,1.0,2.45,,green,0,-13.61,0,-2.45,1,12.53
5916,197.397,green,observed,1.0,2.34,,green,0,-13.39,0,-2.34,1,12.53
5919,197.497,green,observed,0.693,1.39,,green,0,-12.73,0,-1.39,1,13.42
5922,197.597,green,observed,1.0,2.45,,green,0,-12.95,0,-2.45,1,12.81
5925,197.698,green,observed,1.0,2.56,,green,0,-13.83,0,-2.56,1,12.81
5928,197.798,green,observed,0.906,1.81,,green,0,-13.06,0,-1.81,1,11.92
5931,197.898,green,observed,0.906,1.81,,green,0,-13.17,0,-1.81,1,12.67
5934,197.998,green,observed,1.0,2.13,,green,0,-13.28,0,-2.13,1,13.35
5937,198.098,green,observed,0.906,1.81,,green,0,-13.83,0,-1.81,1,12.4
5940,198.198,green,observed,1.0,2.56,,green,0,-13.39,0,-2.56,1,13.48
5943,198.298,green,observed,1.0,2.88,,green,0,-13.94,0,-2.88,1,13.96
5946,198.398,green,observed,0.746,1.49,,green,0,-12.84,0,-1.49,1,14.16
5949,198.498,green,observed,1.0,2.45,,green,0,-13.28,0,-2.45,1,13.35
5952,198.598,green,observed,1.0,2.88,,green,0,-13.39,0,-2.88,1,13.21
5955,198.698,green,observed,1.0,2.45,,green,0,-13.5,0,-2.45,1,12.74
5958,198.799,green,observed,0.693,1.39,,green,0,-14.38,0,-1.39,1,13.55
5961,198.899,green,observed,0.639,1.28,,green,0,-13.17,0,-1.28,1,14.57
5964,198.999,green,observed,0.799,1.6,,green,0,-12.95,0,-1.6,1,14.16
5967,199.099,green,observed,1.0,2.24,,green,0,-13.28,0,-2.24,1,13.14
5970,199.199,green,observed,1.0,2.13,,green,0,-12.73,0,-2.13,1,14.57
5973,199.299,green,observed,1.0,2.13,,green,0,-13.39,0,-2.13,1,13.62
5976,199.399,green,observed,1.0,2.24,,green,0,-13.17,0,-2.24,1,13.75
5979,199.499,green,observed,1.0,2.24,,green,0,-13.28,0,-2.24,1,13.69
5982,199.599,green,observed,0.906,1.81,,green,0,-13.06,0,-1.81,1,13.14
5985,199.7,green,observed,1.0,2.34,,green,0,-12.73,0,-2.34,1,12.4
5988,199.8,green,observed,1.0,2.56,,green,0,-13.17,0,-2.56,1,14.03
5991,199.9,green,observed,1.0,2.45,,green,0,-13.17,0,-2.45,1,14.84
5994,200.0,green,observed,1.0,2.77,,green,0,-13.39,0,-2.77,1,13.62
5997,200.1,green,observed,1.0,2.88,,green,0,-13.83,0,-2.88,1,12.4
6000,200.2,green,observed,1.0,2.66,,green,0,-13.5,0,-2.66,1,13.62
6003,200.3,green,observed,1.0,2.24,,green,0,-13.83,0,-2.24,1,13.42
6006,200.4,green,observed,1.0,2.66,,green,0,-13.72,0,-2.66,1,13.28
6009,200.5,green,observed,1.0,2.45,,green,0,-13.5,0,-2.45,1,12.26
6012,200.6,green,observed,1.0,2.45,,green,0,-13.5,0,-2.45,1,12.81
6015,200.7,green,observed,0.959,1.92,,green,0,-12.51,0,-1.92,1,13.21
6018,200.801,green,observed,0.746,1.49,,green,0,-12.29,0,-1.49,1,12.94
6021,200.901,green,observed,1.0,2.13,,green,0,-13.28,0,-2.13,1,12.87
6024,201.001,green,observed,1.0,3.09,,green,0,-13.83,0,-3.09,1,12.26
6027,201.101,green,observed,1.0,2.77,,green,0,-13.17,0,-2.77,1,12.53
6030,201.201,green,observed,1.0,2.77,,green,0,-13.17,0,-2.77,1,12.26
6033,201.301,green,observed,1.0,2.77,,green,0,-13.06,0,-2.77,1,12.74
6036,201.401,green,observed,1.0,2.88,,green,0,-13.06,0,-2.88,1,12.87
6039,201.501,green,observed,1.0,2.77,,green,0,-13.28,0,-2.77,1,11.86
6042,201.601,green,observed,1.0,2.45,,green,0,-13.39,0,-2.45,1,11.45
6045,201.702,green,observed,1.0,2.45,,green,0,-13.94,0,-2.45,1,11.18
6048,201.802,green,observed,1.0,2.56,,green,0,-11.96,0,-2.56,1,10.57
6051,201.902,green,observed,1.0,2.56,,green,0,-13.72,0,-2.56,1,10.64
6054,202.002,green,observed,1.0,3.52,,green,0,-14.93,0,-3.52,1,11.18
6057,202.102,green,observed,1.0,3.62,,green,0,-14.16,0,-3.62,1,11.31
6060,202.202,green,observed,1.0,3.41,,green,0,-12.95,0,-3.41,1,11.11
6063,202.302,green,observed,1.0,3.41,,green,0,-14.27,0,-3.41,1,11.79
6066,202.402,green,observed,1.0,2.56,,green,0,-13.28,0,-2.56,1,11.11
6069,202.502,green,observed,1.0,2.24,,green,0,-13.61,0,-2.24,1,10.71
6072,202.602,green,observed,1.0,2.56,,green,0,-14.93,0,-2.56,1,11.52
6075,202.703,green,observed,1.0,2.56,,green,0,-13.39,0,-2.56,1,10.98
6078,202.803,green,observed,1.0,2.66,,green,0,-12.95,0,-2.66,1,10.23
6081,202.903,green,observed,1.0,2.45,,green,0,-14.38,0,-2.45,1,11.52
6084,203.003,green,observed,1.0,2.02,,green,0,-13.17,0,-2.02,1,10.16
6087,203.103,green,observed,0.799,1.6,,green,0,-14.05,0,-1.6,1,11.11
6090,203.203,green,observed,1.0,2.02,,green,0,-13.06,0,-2.02,1,10.64
6093,203.303,green,observed,1.0,2.34,,green,0,-13.83,0,-2.34,1,10.23
6096,203.403,green,observed,1.0,3.2,,green,0,-14.38,0,-3.2,1,9.62
6099,203.503,green,observed,0.906,1.81,,green,0,-13.72,0,-1.81,1,10.23
6102,203.603,green,observed,1.0,2.02,,green,0,-13.39,0,-2.02,1,12.13
6105,203.704,green,observed,1.0,2.13,,green,0,-13.39,0,-2.13,1,10.64
6108,203.804,green,observed,1.0,2.56,,green,0,-13.39,0,-2.56,1,10.5
6111,203.904,green,observed,1.0,2.66,,green,0,-13.06,0,-2.66,1,9.76
6114,204.004,green,observed,1.0,2.56,,green,0,-13.5,0,-2.56,1,11.25
6117,204.104,green,observed,1.0,2.66,,green,0,-12.95,0,-2.66,1,11.11
6120,204.204,green,observed,0.852,1.7,,green,0,-13.83,0,-1.7,1,11.99
6123,204.304,green,observed,1.0,2.98,,green,0,-13.61,0,-2.98,1,12.13
6126,204.404,green,observed,1.0,2.88,,green,0,-14.05,0,-2.88,1,11.92
6129,204.504,green,observed,1.0,2.24,,green,0,-13.28,0,-2.24,1,10.57
6132,204.604,green,observed,1.0,2.88,,green,0,-12.84,0,-2.88,1,11.11
6135,204.704,green,observed,1.0,2.56,,green,0,-13.61,0,-2.56,1,9.76
6138,204.805,green,observed,0.906,1.81,,green,0,-13.06,0,-1.81,1,11.11
6141,204.905,green,observed,0.959,1.92,,green,0,-12.62,0,-1.92,1,11.25
6144,205.005,green,observed,1.0,2.13,,green,0,-13.39,0,-2.13,1,11.25
6147,205.105,green,observed,1.0,2.24,,green,0,-12.95,0,-2.24,1,11.52
6150,205.205,green,observed,1.0,2.34,,green,0,-12.51,0,-2.34,1,11.52
6153,205.305,green,observed,0.959,1.92,,green,0,-13.28,0,-1.92,1,11.25
6156,205.405,green,observed,1.0,2.34,,green,0,-13.28,0,-2.34,1,11.38
6159,205.505,green,observed,1.0,2.45,,green,0,-13.17,0,-2.45,1,10.77
6162,205.605,green,observed,1.0,2.98,,green,0,-13.72,0,-2.98,1,11.25
6165,205.706,green,observed,1.0,2.56,,green,0,-13.5,0,-2.56,1,10.77
6168,205.806,green,observed,1.0,3.09,,green,0,-14.38,0,-3.09,1,10.71
6171,205.906,green,observed,1.0,3.09,,green,0,-13.5,0,-3.09,1,11.92
6174,206.006,green,observed,0.852,1.7,,green,0,-13.83,0,-1.7,1,11.86
6177,206.106,green,observed,1.0,2.88,,green,0,-13.06,0,-2.88,1,11.65
6180,206.206,green,observed,1.0,3.3,,green,0,-12.07,0,-3.3,1,10.98
6183,206.306,green,observed,1.0,2.98,,green,0,-12.51,0,-2.98,1,10.71
6186,206.406,green,observed,1.0,2.45,,green,0,-13.94,0,-2.45,1,11.65
6189,206.506,green,observed,1.0,3.09,,green,0,-13.5,0,-3.09,1,10.57
6192,206.606,green,observed,1.0,2.98,,green,0,-14.27,0,-2.98,1,11.31
6195,206.706,green,observed,1.0,2.45,,green,0,-13.39,0,-2.45,1,11.18
6198,206.807,green,observed,1.0,2.13,,green,0,-13.39,0,-2.13,1,11.31
6201,206.907,green,observed,1.0,2.13,,green,0,-12.84,0,-2.13,1,11.11
6204,207.007,green,observed,1.0,2.34,,green,0,-13.5,0,-2.34,1,11.86
6207,207.107,green,observed,0.693,1.39,,green,0,-13.17,0,-1.39,1,11.79
6210,207.207,green,observed,1.0,2.66,,green,0,-13.06,0,-2.66,1,12.53
6213,207.307,green,observed,1.0,2.34,,green,0,-13.06,0,-2.34,1,11.65
6216,207.407,green,observed,1.0,2.34,,green,0,-13.28,0,-2.34,1,11.99
6219,207.507,green,observed,1.0,2.24,,green,0,-13.17,0,-2.24,1,11.72
6222,207.607,green,observed,1.0,2.45,,green,0,-12.73,0,-2.45,1,12.33
6225,207.708,green,observed,0.586,1.17,,green,0,-12.95,0,-1.17,1,11.11
6228,207.808,green,observed,1.0,2.02,,green,0,-13.17,0,-2.02,1,10.71
6231,207.908,green,observed,1.0,2.45,,green,0,-14.49,0,-2.45,1,11.38
6234,208.008,green,observed,1.0,2.13,,green,0,-12.95,0,-2.13,1,11.52
6237,208.108,green,observed,1.0,2.02,,green,0,-13.94,0,-2.02,1,11.65
6240,208.208,green,observed,0.852,1.7,,green,0,-12.73,0,-1.7,1,11.59
6243,208.308,green,observed,1.0,2.13,,green,0,-13.28,0,-2.13,1,12.06
6246,208.408,green,observed,1.0,2.02,,green,0,-13.28,0,-2.02,1,12.13
6249,208.508,green,observed,0.959,1.92,,green,0,-14.27,0,-1.92,1,11.86
6252,208.608,green,observed,1.0,2.13,,green,0,-12.95,0,-2.13,1,11.65
6255,208.709,green,observed,1.0,2.02,,green,0,-13.28,0,-2.02,1,12.6
6258,208.809,green,observed,1.0,2.77,,green,0,-13.39,0,-2.77,1,12.06
6261,208.909,green,observed,0.586,1.17,,green,0,-14.05,0,-1.17,1,13.28
6264,209.009,green,observed,0.639,1.28,,green,0,-13.28,0,-1.28,1,12.26
6267,209.109,green,observed,0.906,1.81,,green,0,-14.05,0,-1.81,1,12.2
6270,209.209,green,observed,1.0,3.2,,green,0,-14.38,0,-3.2,1,12.74
6273,209.309,green,observed,1.0,3.2,,green,0,-13.94,0,-3.2,1,12.2
6276,209.409,green,observed,1.0,3.09,,green,0,-13.83,0,-3.09,1,12.6
6279,209.509,green,observed,1.0,2.34,,green,0,-13.06,0,-2.34,1,14.57
6282,209.609,green,observed,1.0,2.45,,green,0,-13.5,0,-2.45,1,12.87
6285,209.71,green,observed,1.0,2.24,,green,0,-13.28,0,-2.24,1,12.2
6288,209.81,green,observed,1.0,2.13,,green,0,-12.4,0,-2.13,1,12.26
6291,209.91,green,observed,1.0,3.3,,green,0,-14.05,0,-3.3,1,12.13
6294,210.01,green,observed,1.0,3.2,,green,0,-14.05,0,-3.2,1,13.08
6297,210.11,unknown,occluded,0.0,3.94,occluded,occluded,0,-12.4,0,-3.94,0,-10.37
6300,210.21,unknown,occluded,0.0,3.09,occluded,occluded,0,-13.06,0,-3.09,0,-11.11
6303,210.31,green_blink,observed,1.0,3.41,,green_flash,0,-14.05,0,-3.41,0,-11.52
6306,210.41,green_blink,observed,1.0,3.2,,green_flash,0,-13.28,0,-3.2,0,-11.04
6309,210.51,green_blink,observed,1.0,3.2,,green_flash,0,-14.05,0,-3.2,0,-10.84
6312,210.61,green_blink,observed,0.906,1.81,,green,0,-13.83,0,-1.81,1,12.53
6315,210.71,green_blink,observed,1.0,2.24,,green,0,-14.16,0,-2.24,1,12.81
6318,210.811,green_blink,observed,1.0,3.09,,green,0,-13.28,0,-3.09,1,13.01
6321,210.911,green_blink,observed,1.0,2.02,,green,0,-13.39,0,-2.02,1,11.86
6324,211.011,green_blink,observed,1.0,2.88,,green,0,-13.72,0,-2.88,1,13.08
6327,211.111,unknown,occluded,0.0,2.66,occluded,occluded,0,-14.05,0,-2.66,0,-10.64
6330,211.211,unknown,occluded,0.0,1.39,occluded,occluded,0,-13.28,0,-1.39,0,-11.25
6333,211.311,unknown,occluded,0.0,2.13,occluded,occluded,0,-13.72,0,-2.13,0,-10.77
6336,211.411,unknown,occluded,0.0,2.02,occluded,occluded,0,-11.74,0,-2.02,0,-11.11
6339,211.511,green_blink,observed,1.0,3.09,,green_flash,0,-12.62,0,-3.09,0,-10.64
6342,211.611,green_blink,observed,1.0,2.77,,green,0,-13.61,0,-2.77,1,12.87
6345,211.712,green_blink,observed,1.0,2.34,,green,0,-13.06,0,-2.34,1,12.33
6348,211.812,green_blink,observed,1.0,2.98,,green,0,-13.83,0,-2.98,1,12.47
6351,211.912,green_blink,observed,0.906,1.81,,green,0,-13.39,0,-1.81,1,12.33
6354,212.012,green_blink,observed,0.959,1.92,,green,0,-13.61,0,-1.92,1,12.74
6357,212.112,green_blink,observed,1.0,2.02,,green_flash,0,-14.27,0,-2.02,0,-9.89
6360,212.212,green_blink,observed,1.0,3.3,,green_flash,0,-14.16,0,-3.3,0,-11.25
6363,212.312,green_blink,observed,0.852,1.7,,green_flash,0,-13.61,0,-1.7,0,-10.98
6366,212.412,green_blink,observed,1.0,3.41,,green_flash,0,-14.05,0,-3.41,0,-11.25
6369,212.512,green_blink,observed,1.0,2.56,,green_flash,0,-13.61,0,-2.56,0,-11.59
6372,212.612,green_blink,observed,1.0,2.13,,green,0,-13.83,0,-2.13,1,11.18
6375,212.712,green_blink,observed,1.0,2.34,,green,0,-13.39,0,-2.34,1,12.2
6378,212.813,green_blink,observed,0.746,1.49,,green,0,-13.61,0,-1.49,1,12.2
6381,212.913,green_blink,observed,1.0,2.77,,green,0,-13.06,0,-2.77,1,12.67
6384,213.013,green_blink,observed,0.693,1.39,,green,0,-13.5,0,-1.39,1,12.13
6387,213.113,amber,observed,1.0,2.45,,amber,0,-13.94,1,2.45,0,-10.43
6390,213.213,amber,observed,1.0,2.77,,amber,0,-14.71,1,2.77,0,-11.11
6393,213.313,amber,observed,1.0,2.98,,amber,0,-13.94,1,2.98,0,-10.84
6396,213.413,amber,observed,1.0,2.66,,amber,0,-13.17,1,2.66,0,-10.77
6399,213.513,amber,observed,0.906,1.81,,amber,0,-14.27,1,1.81,0,-11.11
6402,213.613,amber,observed,1.0,2.56,,amber,0,-12.95,1,2.56,0,-10.71
6405,213.714,amber,observed,1.0,2.77,,amber,0,-13.72,1,2.77,0,-11.11
6408,213.814,amber,observed,0.746,1.49,,amber,0,-12.73,1,1.49,0,-10.77
6411,213.914,amber,observed,0.852,1.7,,amber,0,-12.95,1,1.7,0,-11.04
6414,214.014,amber,observed,1.0,2.88,,amber,0,-12.51,1,2.88,0,-11.52
6417,214.114,amber,observed,1.0,2.66,,amber,0,-13.72,1,2.66,0,-11.79
6420,214.214,amber,observed,1.0,3.41,,amber,0,-13.39,1,3.41,0,-10.98
6423,214.314,amber,observed,1.0,2.98,,amber,0,-13.72,1,2.98,0,-11.65
6426,214.414,amber,observed,1.0,3.09,,amber,0,-13.83,1,3.09,0,-11.52
6429,214.514,amber,observed,1.0,3.2,,amber,0,-13.28,1,3.2,0,-10.71
6432,214.614,amber,observed,1.0,2.24,,amber,0,-13.06,1,2.24,0,-11.11
6435,214.715,amber,observed,1.0,3.41,,amber,0,-13.17,1,3.41,0,-11.25
6438,214.815,amber,observed,1.0,2.45,,amber,0,-14.27,1,2.45,0,-11.45
6441,214.915,amber,observed,1.0,2.02,,amber,0,-14.05,1,2.02,0,-10.37
6444,215.015,amber,observed,0.746,1.49,,amber,0,-12.95,1,1.49,0,-10.91
6447,215.115,amber,observed,0.533,1.07,,amber,0,-13.83,1,1.07,0,-11.04
6450,215.215,amber,observed,1.0,2.02,,amber,0,-13.39,1,2.02,0,-11.18
6453,215.315,amber,observed,1.0,4.05,,amber,0,-13.39,1,4.05,0,-11.45
6456,215.415,amber,observed,0.852,1.7,,amber,0,-13.61,1,1.7,0,-10.84
6459,215.515,amber,observed,1.0,3.52,,amber,0,-13.28,1,3.52,0,-11.18
6462,215.615,amber,observed,1.0,3.3,,amber,0,-13.5,1,3.3,0,-11.04
6465,215.716,amber,observed,0.852,1.7,,amber,0,-13.17,1,1.7,0,-10.84
6468,215.816,amber,observed,1.0,2.66,,amber,0,-14.6,1,2.66,0,-10.71
6471,215.916,amber,observed,1.0,2.88,,amber,0,-13.39,1,2.88,0,-11.45
6474,216.016,amber,observed,1.0,3.09,,amber,0,-14.27,1,3.09,0,-10.98
6477,216.116,red,observed,1.0,2.34,,red,1,17.45,0,-2.34,0,-11.18
6480,216.216,red,observed,1.0,2.34,,red,1,17.67,0,-2.34,0,-10.98
6483,216.316,red,observed,1.0,3.41,,red,1,17.45,0,-3.41,0,-10.98
6486,216.416,red,observed,1.0,2.24,,red,1,17.67,0,-2.24,0,-11.04
6489,216.516,red,observed,1.0,2.56,,red,1,17.56,0,-2.56,0,-10.71
6492,216.616,red,low_confidence,0.213,0.43,lamp_near_threshold,red,1,16.68,0,-0.43,0,-10.84
6495,216.716,red,observed,1.0,2.34,,red,1,17.12,0,-2.34,0,-11.45
6498,216.817,red,observed,1.0,2.45,,red,1,17.56,0,-2.45,0,-10.77
6501,216.917,red,observed,1.0,2.34,,red,1,16.9,0,-2.34,0,-11.38
6504,217.017,red,observed,1.0,2.24,,red,1,17.34,0,-2.24,0,-11.18
6507,217.117,red,observed,1.0,2.24,,red,1,15.7,0,-2.24,0,-10.77
6510,217.217,red,observed,1.0,2.02,,red,1,18.44,0,-2.02,0,-11.25
6513,217.317,red,observed,0.746,1.49,,red,1,17.67,0,-1.49,0,-11.04
6516,217.417,red,observed,1.0,2.13,,red,1,18.0,0,-2.13,0,-11.25
6519,217.517,red,observed,1.0,2.13,,red,1,17.67,0,-2.13,0,-11.18
6522,217.617,red,observed,0.959,1.92,,red,1,17.01,0,-1.92,0,-11.18
6525,217.718,red,observed,0.799,1.6,,red,1,17.89,0,-1.6,0,-11.38
6528,217.818,red,observed,0.746,1.49,,red,1,15.92,0,-1.49,0,-11.52
6531,217.918,red,observed,1.0,2.66,,red,1,16.03,0,-2.66,0,-11.52
6534,218.018,red,observed,1.0,2.66,,red,1,16.03,0,-2.66,0,-10.98
6537,218.118,red,observed,1.0,2.88,,red,1,16.14,0,-2.88,0,-11.18
6540,218.218,red,observed,1.0,2.56,,red,1,17.12,0,-2.56,0,-11.72
6543,218.318,red,observed,1.0,2.56,,red,1,15.7,0,-2.56,0,-11.86
6546,218.418,red,observed,1.0,2.98,,red,1,14.82,0,-2.98,0,-11.18
6549,218.518,red,observed,1.0,2.66,,red,1,15.26,0,-2.66,0,-11.45
6552,218.618,red,observed,1.0,2.34,,red,1,14.05,0,-2.34,0,-10.91
6555,218.718,red,observed,1.0,2.24,,red,1,15.48,0,-2.24,0,-11.11
6558,218.819,red,observed,1.0,2.24,,red,1,15.7,0,-2.24,0,-10.84
6561,218.919,red,observed,1.0,2.34,,red,1,17.01,0,-2.34,0,-11.31
6564,219.019,red,observed,1.0,2.34,,red,1,15.59,0,-2.34,0,-11.04
6567,219.119,red,observed,1.0,2.77,,red,1,16.57,0,-2.77,0,-11.99
6570,219.219,red,observed,1.0,3.3,,red,1,15.48,0,-3.3,0,-11.59
6573,219.319,red,observed,1.0,2.02,,red,1,16.57,0,-2.02,0,-10.37
6576,219.419,red,observed,1.0,2.77,,red,1,15.48,0,-2.77,0,-11.25
6579,219.519,red,observed,1.0,2.77,,red,1,15.15,0,-2.77,0,-11.31
6582,219.619,red,observed,0.906,1.81,,red,1,14.6,0,-1.81,0,-11.25
6585,219.72,red,observed,1.0,2.77,,red,1,15.04,0,-2.77,0,-11.45
6588,219.82,red,observed,0.959,1.92,,red,1,15.37,0,-1.92,0,-10.64
6591,219.92,red,observed,0.906,1.81,,red,1,14.71,0,-1.81,0,-11.04
6594,220.02,red,observed,1.0,2.77,,red,1,14.93,0,-2.77,0,-10.64
6597,220.12,red,observed,1.0,2.13,,red,1,15.81,0,-2.13,0,-10.71
6600,220.22,red,observed,1.0,2.45,,red,1,14.49,0,-2.45,0,-11.52
6603,220.32,red,observed,1.0,2.34,,red,1,16.03,0,-2.34,0,-11.31
6606,220.42,red,observed,1.0,2.77,,red,1,14.27,0,-2.77,0,-11.72
6609,220.52,red,observed,1.0,2.45,,red,1,15.59,0,-2.45,0,-10.64
6612,220.62,red,observed,1.0,2.88,,red,1,15.7,0,-2.88,0,-10.91
6615,220.721,red,observed,1.0,2.13,,red,1,15.59,0,-2.13,0,-11.18
6618,220.821,red,observed,0.906,1.81,,red,1,16.03,0,-1.81,0,-11.65
6621,220.921,red,observed,1.0,2.02,,red,1,15.04,0,-2.02,0,-11.38
6624,221.021,red,observed,0.959,1.92,,red,1,15.59,0,-1.92,0,-11.25
6627,221.121,red,observed,0.799,1.6,,red,1,15.81,0,-1.6,0,-11.18
6630,221.221,red,observed,1.0,2.88,,red,1,14.16,0,-2.88,0,-10.84
6633,221.321,red,observed,0.533,1.07,,red,1,14.6,0,-1.07,0,-11.11
6636,221.421,red,observed,0.852,1.7,,red,1,14.82,0,-1.7,0,-11.31
6639,221.521,red,observed,1.0,2.66,,red,1,15.04,0,-2.66,0,-11.31
6642,221.621,red,observed,1.0,3.3,,red,1,14.82,0,-3.3,0,-11.25
6645,221.722,red,observed,1.0,2.13,,red,1,15.81,0,-2.13,0,-11.25
6648,221.822,red,observed,0.959,1.92,,red,1,15.26,0,-1.92,0,-11.04
6651,221.922,red,observed,0.746,1.49,,red,1,14.27,0,-1.49,0,-11.18
6654,222.022,red,observed,0.852,1.7,,red,1,14.6,0,-1.7,0,-10.98
6657,222.122,red,observed,1.0,2.13,,red,1,14.16,0,-2.13,0,-10.37
6660,222.222,red,observed,1.0,2.02,,red,1,14.93,0,-2.02,0,-11.04
6663,222.322,red,observed,1.0,2.13,,red,1,14.82,0,-2.13,0,-11.04
6666,222.422,red,observed,1.0,2.34,,red,1,15.59,0,-2.34,0,-11.11
6669,222.522,red,observed,1.0,2.24,,red,1,14.93,0,-2.24,0,-10.84
6672,222.622,red,observed,0.746,1.49,,red,1,15.7,0,-1.49,0,-10.84
6675,222.722,red,observed,0.959,1.92,,red,1,15.37,0,-1.92,0,-10.77
6678,222.823,red,observed,1.0,2.56,,red,1,15.04,0,-2.56,0,-11.04
6681,222.923,red,observed,1.0,2.02,,red,1,15.15,0,-2.02,0,-11.18
6684,223.023,red,observed,1.0,2.56,,red,1,15.26,0,-2.56,0,-10.64
6687,223.123,red,observed,1.0,2.56,,red,1,14.16,0,-2.56,0,-11.11
6690,223.223,red,observed,1.0,2.13,,red,1,14.05,0,-2.13,0,-11.04
6693,223.323,red,low_confidence,0.16,0.32,lamp_near_threshold,red,1,15.48,0,-0.32,0,-11.04
6696,223.423,red,observed,0.586,1.17,,red,1,14.71,0,-1.17,0,-11.59
6699,223.523,red,observed,0.746,1.49,,red,1,15.48,0,-1.49,0,-11.79
6702,223.623,red,observed,0.852,1.7,,red,1,14.05,0,-1.7,0,-11.25
6705,223.724,red,observed,0.799,1.6,,red,1,14.27,0,-1.6,0,-11.04
6708,223.824,red,observed,0.906,1.81,,red,1,13.83,0,-1.81,0,-11.52
6711,223.924,red,observed,1.0,2.34,,red,1,13.72,0,-2.34,0,-10.5
6714,224.024,red,observed,1.0,2.34,,red,1,13.28,0,-2.34,0,-10.91
6717,224.124,red,observed,1.0,2.45,,red,1,13.61,0,-2.45,0,-11.45
6720,224.224,red,observed,1.0,2.56,,red,1,14.6,0,-2.56,0,-11.45
6723,224.324,red,observed,1.0,2.56,,red,1,14.93,0,-2.56,0,-11.18
6726,224.424,red,observed,1.0,2.45,,red,1,14.6,0,-2.45,0,-10.77
6729,224.524,red,observed,1.0,2.45,,red,1,13.5,0,-2.45,0,-11.31
6732,224.624,red,observed,1.0,2.88,,red,1,14.16,0,-2.88,0,-11.25
6735,224.724,red,observed,0.799,1.6,,red,1,14.16,0,-1.6,0,-10.91
6738,224.825,red,observed,0.959,1.92,,red,1,13.72,0,-1.92,0,-10.71
6741,224.925,red,observed,1.0,2.02,,red,1,13.83,0,-2.02,0,-11.11
6744,225.025,red,observed,0.959,1.92,,red,1,14.27,0,-1.92,0,-11.25
6747,225.125,red,observed,1.0,2.34,,red,1,14.6,0,-2.34,0,-11.25
6750,225.225,red,observed,1.0,2.13,,red,1,13.94,0,-2.13,0,-11.38
6753,225.325,red,observed,1.0,2.66,,red,1,13.61,0,-2.66,0,-11.79
6756,225.425,red,observed,0.693,1.39,,red,1,13.06,0,-1.39,0,-11.31
6759,225.525,red,observed,1.0,2.88,,red,1,13.94,0,-2.88,0,-11.38
6762,225.625,red,observed,0.852,1.7,,red,1,13.39,0,-1.7,0,-11.25
6765,225.726,red,observed,1.0,2.88,,red,1,15.7,0,-2.88,0,-11.31
6768,225.826,red,observed,0.906,1.81,,red,1,14.49,0,-1.81,0,-10.84
6771,225.926,red,observed,1.0,2.02,,red,1,15.37,0,-2.02,0,-11.25
6774,226.026,red,observed,0.959,1.92,,red,1,13.28,0,-1.92,0,-11.31
6777,226.126,red,observed,0.959,1.92,,red,1,14.49,0,-1.92,0,-11.25
6780,226.226,red,observed,0.959,1.92,,red,1,13.94,0,-1.92,0,-10.98
6783,226.326,red,observed,1.0,2.02,,red,1,13.06,0,-2.02,0,-11.31
6786,226.426,red,observed,0.852,1.7,,red,1,14.49,0,-1.7,0,-11.52
6789,226.526,red,observed,0.746,1.49,,red,1,13.39,0,-1.49,0,-11.25
6792,226.626,red,observed,0.639,1.28,,red,1,13.83,0,-1.28,0,-11.04
6795,226.727,red,observed,0.852,1.7,,red,1,14.05,0,-1.7,0,-10.98
6798,226.827,red,observed,0.746,1.49,,red,1,13.61,0,-1.49,0,-10.91
6801,226.927,red,observed,0.693,1.39,,red,1,14.16,0,-1.39,0,-10.98
6804,227.027,red,observed,1.0,2.66,,red,1,13.06,0,-2.66,0,-11.31
6807,227.127,red,observed,1.0,2.34,,red,1,14.38,0,-2.34,0,-10.91
6810,227.227,red,observed,1.0,2.88,,red,1,14.82,0,-2.88,0,-10.91
6813,227.327,red,observed,1.0,2.88,,red,1,15.26,0,-2.88,0,-11.25
6816,227.427,red,observed,1.0,2.66,,red,1,15.37,0,-2.66,0,-11.04
6819,227.527,red,observed,1.0,2.13,,red,1,14.71,0,-2.13,0,-10.71
6822,227.627,red,observed,0.799,1.6,,red,1,15.26,0,-1.6,0,-10.77
6825,227.728,red,observed,1.0,2.02,,red,1,16.25,0,-2.02,0,-10.91
6828,227.828,red,observed,1.0,2.02,,red,1,15.04,0,-2.02,0,-11.25
6831,227.928,red,observed,1.0,3.09,,red,1,15.04,0,-3.09,0,-11.59
6834,228.028,red,observed,1.0,2.34,,red,1,14.38,0,-2.34,0,-11.18
6837,228.128,red,observed,1.0,2.02,,red,1,14.16,0,-2.02,0,-11.11
6840,228.228,red,observed,1.0,2.77,,red,1,14.71,0,-2.77,0,-11.11
6843,228.328,red,observed,1.0,2.56,,red,1,14.82,0,-2.56,0,-11.18
6846,228.428,red,observed,1.0,2.45,,red,1,14.82,0,-2.45,0,-10.84
6849,228.528,red,observed,1.0,2.45,,red,1,14.27,0,-2.45,0,-10.64
6852,228.628,red,observed,1.0,2.45,,red,1,14.6,0,-2.45,0,-11.11
6855,228.728,red,observed,1.0,2.45,,red,1,14.16,0,-2.45,0,-11.11
6858,228.829,red,observed,1.0,2.34,,red,1,14.71,0,-2.34,0,-11.72
6861,228.929,red,observed,0.799,1.6,,red,1,14.27,0,-1.6,0,-11.18
6864,229.029,red,observed,1.0,2.88,,red,1,14.27,0,-2.88,0,-11.11
6867,229.129,red,observed,1.0,2.66,,red,1,15.26,0,-2.66,0,-10.91
6870,229.229,red,observed,0.959,1.92,,red,1,15.04,0,-1.92,0,-11.04
6873,229.329,red,observed,1.0,3.09,,red,1,13.72,0,-3.09,0,-10.84
6876,229.429,red,observed,0.639,1.28,,red,1,14.82,0,-1.28,0,-10.77
6879,229.529,red,observed,1.0,2.77,,red,1,14.27,0,-2.77,0,-11.11
6882,229.629,red,observed,0.959,1.92,,red,1,14.71,0,-1.92,0,-11.52
6885,229.73,red,observed,0.799,1.6,,red,1,14.49,0,-1.6,0,-11.52
6888,229.83,red,observed,0.852,1.7,,red,1,14.49,0,-1.7,0,-11.38
6891,229.93,red,observed,0.959,1.92,,red,1,14.82,0,-1.92,0,-10.84
6894,230.03,red,observed,1.0,2.13,,red,1,14.27,0,-2.13,0,-11.59
6897,230.13,red,observed,1.0,2.13,,red,1,13.83,0,-2.13,0,-11.18
6900,230.23,red,observed,0.852,1.7,,red,1,14.93,0,-1.7,0,-11.31
6903,230.33,red,observed,0.906,1.81,,red,1,14.27,0,-1.81,0,-11.11
6906,230.43,red,observed,1.0,2.56,,red,1,14.16,0,-2.56,0,-11.18
6909,230.53,red,observed,0.799,1.6,,red,1,15.48,0,-1.6,0,-11.11
6912,230.63,red,observed,1.0,2.77,,red,1,15.37,0,-2.77,0,-11.52
6915,230.73,red,observed,1.0,3.41,,red,1,14.27,0,-3.41,0,-11.38
6918,230.831,red,observed,1.0,2.56,,red,1,14.27,0,-2.56,0,-11.52
6921,230.931,red,observed,1.0,2.56,,red,1,15.26,0,-2.56,0,-10.84
6924,231.031,red,observed,1.0,2.56,,red,1,15.15,0,-2.56,0,-10.91
6927,231.131,red,observed,1.0,2.45,,red,1,15.04,0,-2.45,0,-10.64
6930,231.231,red,observed,0.959,1.92,,red,1,15.48,0,-1.92,0,-10.64
6933,231.331,red,observed,1.0,2.02,,red,1,14.05,0,-2.02,0,-10.77
6936,231.431,red,observed,1.0,2.34,,red,1,15.37,0,-2.34,0,-10.57
6939,231.531,red,observed,1.0,2.98,,red,1,13.5,0,-2.98,0,-11.18
6942,231.631,red,observed,1.0,2.24,,red,1,14.16,0,-2.24,0,-10.84
6945,231.732,red,observed,1.0,2.56,,red,1,14.16,0,-2.56,0,-11.11
6948,231.832,red,observed,1.0,2.45,,red,1,14.27,0,-2.45,0,-10.84
6951,231.932,red,observed,1.0,2.13,,red,1,14.38,0,-2.13,0,-11.31
6954,232.032,red,observed,0.959,1.92,,red,1,13.83,0,-1.92,0,-10.77
6957,232.132,red,observed,1.0,2.88,,red,1,14.27,0,-2.88,0,-10.91
6960,232.232,red,observed,0.746,1.49,,red,1,14.49,0,-1.49,0,-10.84
6963,232.332,red,observed,1.0,2.77,,red,1,15.15,0,-2.77,0,-10.98
6966,232.432,red,observed,1.0,2.88,,red,1,13.39,0,-2.88,0,-10.71
6969,232.532,red,observed,1.0,2.13,,red,1,13.5,0,-2.13,0,-11.11
6972,232.632,red,observed,1.0,2.77,,red,1,14.05,0,-2.77,0,-10.77
6975,232.733,red,observed,1.0,2.98,,red,1,13.39,0,-2.98,0,-10.57
6978,232.833,red,observed,0.746,1.49,,red,1,13.94,0,-1.49,0,-10.84
6981,232.933,red,low_confidence,0.48,0.96,lamp_near_threshold,red,1,12.62,0,-0.96,0,-10.77
6984,233.033,red,observed,1.0,2.34,,red,1,13.61,0,-2.34,0,-10.77
6987,233.133,red,observed,1.0,2.77,,red,1,13.06,0,-2.77,0,-11.52
6990,233.233,red,observed,1.0,2.24,,red,1,13.5,0,-2.24,0,-10.84
6993,233.333,red,observed,0.959,1.92,,red,1,13.17,0,-1.92,0,-10.91
6996,233.433,red,observed,1.0,2.02,,red,1,13.17,0,-2.02,0,-11.38
6999,233.533,red,observed,1.0,2.56,,red,1,11.09,0,-2.56,0,-10.64
7002,233.633,red,observed,1.0,2.24,,red,1,13.06,0,-2.24,0,-11.11
7005,233.734,red,observed,1.0,2.24,,red,1,12.84,0,-2.24,0,-10.84
7008,233.834,red,observed,1.0,2.13,,red,1,12.73,0,-2.13,0,-10.77
7011,233.934,red,observed,1.0,2.02,,red,1,13.61,0,-2.02,0,-10.98
7014,234.034,red,observed,1.0,2.13,,red,1,13.39,0,-2.13,0,-10.98
7017,234.134,red,observed,0.746,1.49,,red,1,13.17,0,-1.49,0,-10.84
7020,234.234,red,observed,0.906,1.81,,red,1,13.94,0,-1.81,0,-11.31
7023,234.334,red,observed,1.0,2.77,,red,1,13.39,0,-2.77,0,-10.84
7026,234.434,red,observed,0.906,1.81,,red,1,12.95,0,-1.81,0,-10.5
7029,234.534,red,observed,0.639,1.28,,red,1,14.82,0,-1.28,0,-10.91
7032,234.634,red,observed,1.0,2.34,,red,1,13.28,0,-2.34,0,-10.57
7035,234.734,red,observed,1.0,2.02,,red,1,13.39,0,-2.02,0,-11.25
7038,234.835,red,observed,1.0,2.77,,red,1,12.18,0,-2.77,0,-10.71
7041,234.935,red,observed,1.0,2.66,,red,1,13.72,0,-2.66,0,-10.84
7044,235.035,red,observed,1.0,2.77,,red,1,13.72,0,-2.77,0,-11.04
7047,235.135,red,observed,1.0,2.98,,red,1,13.61,0,-2.98,0,-10.98
7050,235.235,red,observed,1.0,2.88,,red,1,12.84,0,-2.88,0,-11.25
7053,235.335,red,observed,1.0,2.88,,red,1,13.28,0,-2.88,0,-11.38
7056,235.435,red,observed,0.799,1.6,,red,1,12.84,0,-1.6,0,-10.71
7059,235.535,red,observed,0.906,1.81,,red,1,13.5,0,-1.81,0,-11.04
7062,235.635,red,observed,1.0,3.2,,red,1,13.5,0,-3.2,0,-11.18
7065,235.736,red,observed,0.906,1.81,,red,1,13.83,0,-1.81,0,-10.84
7068,235.836,red,observed,1.0,2.56,,red,1,13.61,0,-2.56,0,-10.91
7071,235.936,red,observed,1.0,2.88,,red,1,14.16,0,-2.88,0,-10.57
7074,236.036,red,observed,1.0,2.77,,red,1,14.38,0,-2.77,0,-10.84
7077,236.136,red,observed,0.906,1.81,,red,1,13.39,0,-1.81,0,-10.71
7080,236.236,red,observed,1.0,2.77,,red,1,14.27,0,-2.77,0,-10.77
7083,236.336,red,observed,1.0,2.88,,red,1,11.96,0,-2.88,0,-11.11
7086,236.436,red,observed,1.0,2.13,,red,1,13.94,0,-2.13,0,-10.77
7089,236.536,red,observed,1.0,2.77,,red,1,13.83,0,-2.77,0,-11.38
7092,236.636,red,observed,1.0,2.77,,red,1,14.38,0,-2.77,0,-10.98
7095,236.736,red,observed,1.0,2.24,,red,1,13.5,0,-2.24,0,-10.84
7098,236.837,red,observed,1.0,2.45,,red,1,14.16,0,-2.45,0,-11.04
7101,236.937,red,observed,0.959,1.92,,red,1,14.05,0,-1.92,0,-10.77
7104,237.037,red,observed,1.0,2.66,,red,1,14.93,0,-2.66,0,-10.77
7107,237.137,red,observed,0.693,1.39,,red,1,14.05,0,-1.39,0,-10.84
7110,237.237,red,observed,1.0,2.02,,red,1,13.83,0,-2.02,0,-10.84
7113,237.337,red,observed,0.906,1.81,,red,1,14.38,0,-1.81,0,-10.98
7116,237.437,red,observed,1.0,2.13,,red,1,13.61,0,-2.13,0,-10.98
7119,237.537,red,observed,0.959,1.92,,red,1,13.61,0,-1.92,0,-11.31
7122,237.637,red,observed,1.0,2.13,,red,1,14.82,0,-2.13,0,-11.11
7125,237.738,red,observed,1.0,2.34,,red,1,14.93,0,-2.34,0,-10.84
7128,237.838,red,observed,1.0,2.56,,red,1,14.82,0,-2.56,0,-10.77
7131,237.938,red,observed,0.906,1.81,,red,1,13.83,0,-1.81,0,-10.98
7134,238.038,red,observed,1.0,2.24,,red,1,12.84,0,-2.24,0,-11.18
7137,238.138,red,observed,1.0,2.13,,red,1,14.49,0,-2.13,0,-10.5
7140,238.238,red,observed,1.0,2.13,,red,1,15.15,0,-2.13,0,-11.31
7143,238.338,red,observed,1.0,2.13,,red,1,14.27,0,-2.13,0,-10.77
7146,238.438,red,observed,1.0,2.13,,red,1,15.48,0,-2.13,0,-10.71
7149,238.538,red,observed,1.0,2.88,,red,1,14.38,0,-2.88,0,-11.31
7152,238.638,red,observed,1.0,2.88,,red,1,13.83,0,-2.88,0,-10.98
7155,238.739,red,observed,1.0,2.13,,red,1,13.83,0,-2.13,0,-11.11
7158,238.839,red,observed,1.0,2.34,,red,1,13.83,0,-2.34,0,-11.79
7161,238.939,red,observed,1.0,2.02,,red,1,14.27,0,-2.02,0,-10.98
7164,239.039,red,observed,1.0,2.13,,red,1,14.71,0,-2.13,0,-10.71
7167,239.139,red,observed,1.0,2.13,,red,1,14.6,0,-2.13,0,-10.91
7170,239.239,red,observed,1.0,2.24,,red,1,14.05,0,-2.24,0,-11.25
7173,239.339,red,observed,1.0,2.13,,red,1,13.94,0,-2.13,0,-10.84
7176,239.439,red,observed,0.693,1.39,,red,1,14.05,0,-1.39,0,-11.18
7179,239.539,red,observed,1.0,2.45,,red,1,15.04,0,-2.45,0,-11.25
7182,239.639,red,observed,1.0,2.34,,red,1,14.16,0,-2.34,0,-10.91
7185,239.74,red,observed,0.959,1.92,,red,1,14.16,0,-1.92,0,-11.45
7188,239.84,red,observed,1.0,2.88,,red,1,13.83,0,-2.88,0,-11.11
7191,239.94,red,observed,1.0,2.02,,red,1,13.5,0,-2.02,0,-10.91
7194,240.04,red,observed,0.906,1.81,,red,1,14.49,0,-1.81,0,-11.11
7197,240.14,red,observed,0.799,1.6,,red,1,13.83,0,-1.6,0,-11.25
7200,240.24,red,observed,0.799,1.6,,red,1,14.71,0,-1.6,0,-10.91
7203,240.34,red,observed,0.693,1.39,,red,1,15.92,0,-1.39,0,-11.18
7206,240.44,red,observed,0.799,1.6,,red,1,14.05,0,-1.6,0,-10.91
7209,240.54,red,observed,1.0,2.45,,red,1,15.04,0,-2.45,0,-10.71
7212,240.64,red,observed,1.0,2.13,,red,1,15.81,0,-2.13,0,-11.65
7215,240.74,red,observed,0.906,1.81,,red,1,13.94,0,-1.81,0,-11.52
7218,240.841,red,observed,1.0,2.02,,red,1,15.15,0,-2.02,0,-10.84
7221,240.941,red,observed,1.0,2.45,,red,1,13.72,0,-2.45,0,-11.92
7224,241.041,red,observed,1.0,3.62,,red,1,14.38,0,-3.62,0,-11.04
7227,241.141,red,observed,1.0,2.45,,red,1,14.82,0,-2.45,0,-10.98
7230,241.241,red,observed,0.746,1.49,,red,1,14.71,0,-1.49,0,-10.84
7233,241.341,red,observed,0.852,1.7,,red,1,13.61,0,-1.7,0,-11.38
7236,241.441,red,observed,0.799,1.6,,red,1,13.94,0,-1.6,0,-11.72
7239,241.541,red,observed,0.852,1.7,,red,1,13.83,0,-1.7,0,-11.04
7242,241.641,red,observed,0.799,1.6,,red,1,13.5,0,-1.6,0,-11.52
7245,241.742,red,observed,1.0,2.45,,red,1,14.82,0,-2.45,0,-10.98
7248,241.842,red,observed,0.586,1.17,,red,1,14.6,0,-1.17,0,-11.18
7251,241.942,red,observed,0.906,1.81,,red,1,15.48,0,-1.81,0,-11.25
7254,242.042,red,observed,0.746,1.49,,red,1,14.93,0,-1.49,0,-10.84
7257,242.142,red,observed,0.906,1.81,,red,1,14.38,0,-1.81,0,-11.04
7260,242.242,red,observed,0.746,1.49,,red,1,13.94,0,-1.49,0,-11.31
7263,242.342,red,observed,0.799,1.6,,red,1,13.17,0,-1.6,0,-11.18
7266,242.442,red,observed,0.959,1.92,,red,1,13.61,0,-1.92,0,-10.77
7269,242.542,red,observed,0.959,1.92,,red,1,13.72,0,-1.92,0,-11.18
7272,242.642,red,observed,0.852,1.7,,red,1,13.94,0,-1.7,0,-11.38
7275,242.742,red,observed,0.959,1.92,,red,1,13.94,0,-1.92,0,-11.04
7278,242.843,red,observed,1.0,2.13,,red,1,14.27,0,-2.13,0,-11.45
7281,242.943,red,observed,1.0,2.13,,red,1,13.83,0,-2.13,0,-11.25
7284,243.043,red,observed,0.639,1.28,,red,1,14.27,0,-1.28,0,-11.52
7287,243.143,red,observed,1.0,2.02,,red,1,13.28,0,-2.02,0,-11.18
7290,243.243,red,observed,1.0,2.45,,red,1,12.29,0,-2.45,0,-11.59
7293,243.343,red,observed,0.852,1.7,,red,1,14.38,0,-1.7,0,-11.11
7296,243.443,red,observed,0.852,1.7,,red,1,13.5,0,-1.7,0,-10.91
7299,243.543,red,observed,0.639,1.28,,red,1,13.28,0,-1.28,0,-11.18
7302,243.643,red,observed,1.0,2.13,,red,1,13.28,0,-2.13,0,-10.71
7305,243.744,red,observed,0.852,1.7,,red,1,12.73,0,-1.7,0,-11.31
7308,243.844,red,observed,0.639,1.28,,red,1,13.06,0,-1.28,0,-11.04
7311,243.944,red,observed,1.0,2.66,,red,1,12.29,0,-2.66,0,-11.04
7314,244.044,red,observed,0.799,1.6,,red,1,12.84,0,-1.6,0,-10.98
7317,244.144,red,observed,1.0,3.2,,red,1,13.94,0,-3.2,0,-10.98
7320,244.244,red,observed,1.0,2.45,,red,1,13.72,0,-2.45,0,-11.11
7323,244.344,red,observed,1.0,2.34,,red,1,12.18,0,-2.34,0,-10.71
7326,244.444,red,observed,1.0,2.24,,red,1,12.62,0,-2.24,0,-10.84
7329,244.544,red,observed,0.639,1.28,,red,1,10.32,0,-1.28,0,-11.52
7332,244.644,red,observed,1.0,2.13,,red,1,10.98,0,-2.13,0,-11.99
7335,244.745,red,observed,1.0,2.13,,red,1,11.85,0,-2.13,0,-10.64
7338,244.845,red,observed,1.0,2.56,,red,1,11.85,0,-2.56,0,-10.71
7341,244.945,red,observed,1.0,2.34,,red,1,10.76,0,-2.34,0,-11.11
7344,245.045,red,observed,1.0,2.45,,red,1,11.42,0,-2.45,0,-11.18
7347,245.145,red,observed,1.0,2.77,,red,1,13.5,0,-2.77,0,-10.77
7350,245.245,red,observed,1.0,2.88,,red,1,12.62,0,-2.88,0,-10.77
7353,245.345,red,observed,0.639,1.28,,red,1,11.85,0,-1.28,0,-11.04
7356,245.445,red,observed,1.0,2.56,,red,1,11.85,0,-2.56,0,-10.84
7359,245.545,red,observed,0.639,1.28,,red,1,12.07,0,-1.28,0,-11.31
7362,245.645,red,observed,1.0,2.98,,red,1,11.64,0,-2.98,0,-11.25
7365,245.746,red,observed,1.0,3.2,,red,1,12.73,0,-3.2,0,-11.45
7368,245.846,red,observed,1.0,2.98,,red,1,12.51,0,-2.98,0,-11.25
7371,245.946,red,observed,0.852,1.7,,red,1,13.61,0,-1.7,0,-10.98
7374,246.046,red,observed,1.0,2.88,,red,1,12.73,0,-2.88,0,-10.91
7377,246.146,red,observed,0.906,1.81,,red,1,11.96,0,-1.81,0,-11.25
7380,246.246,red,observed,1.0,2.45,,red,1,12.95,0,-2.45,0,-10.91
7383,246.346,red,observed,1.0,2.34,,red,1,12.51,0,-2.34,0,-11.18
7386,246.446,red,observed,1.0,2.24,,red,1,12.62,0,-2.24,0,-11.04
7389,246.546,red,observed,1.0,2.24,,red,1,12.18,0,-2.24,0,-10.98
7392,246.646,red,observed,1.0,2.02,,red,1,12.95,0,-2.02,0,-11.52
7395,246.746,red,observed,1.0,2.24,,red,1,11.42,0,-2.24,0,-10.84
7398,246.847,red,observed,1.0,2.34,,red,1,13.17,0,-2.34,0,-11.45
7401,246.947,red,observed,1.0,2.45,,red,1,14.27,0,-2.45,0,-11.31
7404,247.047,red,observed,1.0,2.45,,red,1,12.84,0,-2.45,0,-11.38
7407,247.147,red,observed,1.0,2.45,,red,1,12.62,0,-2.45,0,-11.38
7410,247.247,red,observed,1.0,2.24,,red,1,12.62,0,-2.24,0,-10.57
7413,247.347,red,observed,1.0,2.13,,red,1,13.17,0,-2.13,0,-10.84
7416,247.447,red,observed,1.0,2.24,,red,1,12.84,0,-2.24,0,-10.98
7419,247.547,red,observed,1.0,2.45,,red,1,13.94,0,-2.45,0,-10.91
7422,247.647,red,observed,0.959,1.92,,red,1,13.5,0,-1.92,0,-11.31
7425,247.748,red,observed,1.0,2.34,,red,1,13.61,0,-2.34,0,-10.98
7428,247.848,red,observed,0.852,1.7,,red,1,14.16,0,-1.7,0,-10.98
7431,247.948,red,observed,1.0,2.98,,red,1,13.61,0,-2.98,0,-10.91
7434,248.048,red,observed,0.852,1.7,,red,1,13.39,0,-1.7,0,-11.65
7437,248.148,red,observed,0.906,1.81,,red,1,12.4,0,-1.81,0,-10.64
7440,248.248,red,observed,0.852,1.7,,red,1,13.06,0,-1.7,0,-10.64
7443,248.348,red,observed,1.0,2.02,,red,1,13.61,0,-2.02,0,-11.18
7446,248.448,red,observed,0.852,1.7,,red,1,13.61,0,-1.7,0,-10.91
7449,248.548,red,observed,0.959,1.92,,red,1,12.62,0,-1.92,0,-10.98
7452,248.648,red,observed,0.959,1.92,,red,1,13.72,0,-1.92,0,-10.98
7455,248.748,red,observed,1.0,2.02,,red,1,12.84,0,-2.02,0,-11.04
7458,248.849,red,observed,1.0,2.34,,red,1,13.83,0,-2.34,0,-11.25
7461,248.949,red,observed,1.0,2.24,,red,1,12.84,0,-2.24,0,-11.65
7464,249.049,red,observed,1.0,2.34,,red,1,13.39,0,-2.34,0,-11.59
7467,249.149,red_amber,observed,1.0,2.77,,red_amber,1,13.5,1,2.77,0,-11.45
7470,249.249,red_amber,observed,1.0,3.41,,red_amber,1,13.17,1,3.41,0,-10.77
7473,249.349,red_amber,observed,1.0,2.77,,red_amber,1,13.61,1,2.77,0,-10.98
7476,249.449,red_amber,observed,1.0,2.56,,red_amber,1,13.17,1,2.56,0,-10.64
7479,249.549,red_amber,observed,1.0,2.02,,red_amber,1,14.93,1,2.02,0,-11.25
7482,249.649,red_amber,observed,0.799,1.6,,red_amber,1,14.05,1,1.6,0,-10.77
7485,249.75,red_amber,observed,1.0,2.45,,red_amber,1,14.16,1,2.45,0,-11.38
7488,249.85,red_amber,observed,0.639,1.28,,red_amber,1,13.94,1,1.28,0,-11.38
7491,249.95,red_amber,observed,1.0,2.45,,red_amber,1,13.5,1,2.45,0,-11.04
7494,250.05,red_amber,observed,1.0,2.02,,red_amber,1,13.94,1,2.02,0,-11.25
7497,250.15,red_amber,observed,1.0,2.13,,red_amber,1,13.94,1,2.13,0,-11.04
7500,250.25,red_amber,observed,0.693,1.39,,red_amber,1,13.5,1,1.39,0,-10.71
7503,250.35,red_amber,observed,0.586,1.17,,red_amber,1,13.83,1,1.17,0,-11.25
7506,250.45,red_amber,observed,0.639,1.28,,red_amber,1,14.27,1,1.28,0,-10.98
7509,250.55,red_amber,observed,0.533,1.07,,red_amber,1,14.27,1,1.07,0,-11.18
7512,250.65,red_amber,observed,0.639,1.28,,red_amber,1,14.38,1,1.28,0,-10.84
7515,250.751,red_amber,observed,1.0,3.2,,red_amber,1,14.93,1,3.2,0,-10.84
7518,250.851,red_amber,observed,1.0,2.24,,red_amber,1,12.29,1,2.24,0,-10.91
7521,250.951,red_amber,observed,0.746,1.49,,red_amber,1,13.72,1,1.49,0,-11.18
7524,251.051,red_amber,observed,0.799,1.6,,red_amber,1,13.06,1,1.6,0,-11.25
7527,251.151,red_amber,observed,0.906,1.81,,red_amber,1,13.61,1,1.81,0,-10.84
7530,251.251,red_amber,low_confidence,0.426,0.85,lamp_near_threshold,red_amber,1,13.17,1,0.85,0,-10.71
7533,251.351,red_amber,observed,0.693,1.39,,red_amber,1,12.51,1,1.39,0,-10.77
7536,251.451,red_amber,observed,0.533,1.07,,red_amber,1,12.29,1,1.07,0,-11.38
7539,251.551,red_amber,observed,1.0,2.13,,red_amber,1,13.28,1,2.13,0,-10.77
7542,251.651,red_amber,observed,0.693,1.39,,red_amber,1,12.18,1,1.39,0,-10.91
7545,251.752,red_amber,observed,0.746,1.49,,red_amber,1,12.07,1,1.49,0,-11.31
7548,251.852,red_amber,observed,0.586,1.17,,red_amber,1,13.06,1,1.17,0,-10.98
7551,251.952,red_amber,observed,0.906,1.81,,red_amber,1,12.18,1,1.81,0,-11.52
7554,252.052,red_amber,low_confidence,0.426,0.85,lamp_near_threshold,red_amber,1,6.48,1,0.85,0,-11.25
7557,252.152,green,observed,0.959,1.92,,green,0,-12.4,0,-1.92,1,9.49
7560,252.252,green,observed,1.0,2.02,,green,0,-13.39,0,-2.02,1,10.84
7563,252.352,green,observed,0.533,1.07,,green,0,-12.95,0,-1.07,1,10.5
7566,252.452,green,observed,1.0,2.24,,green,0,-13.94,0,-2.24,1,10.57
7569,252.552,green,low_confidence,0.373,0.75,lamp_near_threshold,green,0,-13.17,0,-0.75,1,11.11
7572,252.652,green,observed,1.0,2.13,,green,0,-13.17,0,-2.13,1,11.59
7575,252.752,green,observed,0.959,1.92,,green,0,-12.95,0,-1.92,1,10.16
7578,252.853,green,observed,1.0,2.34,,green,0,-12.73,0,-2.34,1,10.57
7581,252.953,green,observed,1.0,2.24,,green,0,-12.73,0,-2.24,1,10.91
7584,253.053,green,observed,1.0,2.34,,green,0,-13.06,0,-2.34,1,10.03
7587,253.153,green,observed,1.0,2.45,,green,0,-13.06,0,-2.45,1,10.1
7590,253.253,green,observed,1.0,2.66,,green,0,-12.84,0,-2.66,1,9.35
7593,253.353,green,observed,1.0,2.34,,green,0,-13.28,0,-2.34,1,9.55
7596,253.453,green,observed,1.0,2.13,,green,0,-12.84,0,-2.13,1,9.89
7599,253.553,green,observed,1.0,2.24,,green,0,-12.29,0,-2.24,1,9.28
7602,253.653,green,observed,0.799,1.6,,green,0,-13.06,0,-1.6,1,10.37
7605,253.754,green,observed,0.799,1.6,,green,0,-13.06,0,-1.6,1,9.01
7608,253.854,green,observed,1.0,2.02,,green,0,-12.73,0,-2.02,1,9.21
7611,253.954,green,observed,0.906,1.81,,green,0,-12.95,0,-1.81,1,9.01
7614,254.054,green,observed,0.852,1.7,,green,0,-13.39,0,-1.7,1,10.16
7617,254.154,green,observed,0.799,1.6,,green,0,-12.51,0,-1.6,1,10.37
7620,254.254,green,observed,1.0,2.34,,green,0,-13.06,0,-2.34,1,9.21
7623,254.354,green,observed,1.0,2.02,,green,0,-12.95,0,-2.02,1,9.08
7626,254.454,green,observed,1.0,2.45,,green,0,-12.84,0,-2.45,1,9.76
7629,254.554,green,observed,1.0,2.45,,green,0,-12.95,0,-2.45,1,9.69
7632,254.654,green,observed,1.0,2.02,,green,0,-12.62,0,-2.02,1,9.01
7635,254.754,green,observed,1.0,2.56,,green,0,-12.95,0,-2.56,1,9.08
7638,254.855,green,observed,1.0,2.13,,green,0,-12.18,0,-2.13,1,9.69
7641,254.955,green,observed,0.852,1.7,,green,0,-13.72,0,-1.7,1,9.21
7644,255.055,green,observed,0.959,1.92,,green,0,-12.95,0,-1.92,1,9.42
7647,255.155,green,observed,0.639,1.28,,green,0,-13.94,0,-1.28,1,8.4
7650,255.255,green,observed,1.0,2.34,,green,0,-12.84,0,-2.34,1,8.47
7653,255.355,green,observed,1.0,2.45,,green,0,-13.06,0,-2.45,1,8.47
7656,255.455,green,observed,0.586,1.17,,green,0,-13.17,0,-1.17,1,8.74
7659,255.555,green,observed,1.0,2.45,,green,0,-13.28,0,-2.45,1,9.62
7662,255.655,green,observed,0.586,1.17,,green,0,-13.72,0,-1.17,1,8.74
7665,255.756,green,observed,0.852,1.7,,green,0,-13.17,0,-1.7,1,8.13
7668,255.856,green,observed,0.799,1.6,,green,0,-12.62,0,-1.6,1,9.89
7671,255.956,green,observed,0.906,1.81,,green,0,-13.5,0,-1.81,1,9.49
7674,256.056,green,observed,0.959,1.92,,green,0,-13.39,0,-1.92,1,9.55
7677,256.156,green,observed,0.639,1.28,,green,0,-12.84,0,-1.28,1,9.28
7680,256.256,green,observed,0.693,1.39,,green,0,-14.05,0,-1.39,1,8.06
7683,256.356,green,observed,0.693,1.39,,green,0,-13.83,0,-1.39,1,9.42
7686,256.456,green,observed,0.799,1.6,,green,0,-13.61,0,-1.6,1,8.88
7689,256.556,green,observed,0.693,1.39,,green,0,-13.94,0,-1.39,1,9.49
7692,256.656,green,observed,0.852,1.7,,green,0,-14.05,0,-1.7,1,9.55
7695,256.757,green,observed,0.586,1.17,,green,0,-13.61,0,-1.17,1,10.03
7698,256.857,green,observed,0.959,1.92,,green,0,-13.28,0,-1.92,1,8.81
7701,256.957,green,observed,1.0,3.09,,green,0,-12.95,0,-3.09,1,8.27
7704,257.057,green,observed,0.906,1.81,,green,0,-13.17,0,-1.81,1,9.55
7707,257.157,green,observed,0.959,1.92,,green,0,-12.73,0,-1.92,1,8.6
7710,257.257,green,low_confidence,0.107,0.21,lamp_near_threshold,green,0,-13.28,0,-0.21,1,9.42
7713,257.357,green,observed,0.799,1.6,,green,0,-13.61,0,-1.6,1,10.23
7716,257.457,green,observed,0.852,1.7,,green,0,-13.5,0,-1.7,1,9.96
7719,257.557,green,observed,1.0,2.24,,green,0,-13.28,0,-2.24,1,10.1
7722,257.657,green,observed,1.0,2.13,,green,0,-12.84,0,-2.13,1,10.1
7725,257.758,green,observed,1.0,2.98,,green,0,-13.17,0,-2.98,1,10.64
7728,257.858,green,observed,1.0,2.24,,green,0,-13.5,0,-2.24,1,10.16
7731,257.958,green,observed,1.0,2.98,,green,0,-13.39,0,-2.98,1,9.96
7734,258.058,green,observed,0.906,1.81,,green,0,-13.61,0,-1.81,1,9.55
7737,258.158,green,observed,0.959,1.92,,green,0,-14.38,0,-1.92,1,10.23
7740,258.258,green,observed,1.0,2.45,,green,0,-12.84,0,-2.45,1,9.76
7743,258.358,green,observed,1.0,2.56,,green,0,-12.95,0,-2.56,1,10.3
7746,258.458,green,observed,1.0,2.34,,green,0,-13.83,0,-2.34,1,10.1
7749,258.558,green,observed,1.0,2.56,,green,0,-13.61,0,-2.56,1,10.03
7752,258.658,green,observed,1.0,2.24,,green,0,-13.5,0,-2.24,1,10.5
7755,258.759,green,observed,1.0,2.77,,green,0,-13.5,0,-2.77,1,10.03
7758,258.859,green,observed,0.746,1.49,,green,0,-14.05,0,-1.49,1,10.37
7761,258.959,green,observed,1.0,2.88,,green,0,-13.39,0,-2.88,1,11.25
7764,259.059,green,observed,1.0,2.77,,green,0,-14.27,0,-2.77,1,10.3
7767,259.159,green,observed,1.0,2.45,,green,0,-13.17,0,-2.45,1,11.11
7770,259.259,green,low_confidence,0.373,0.75,lamp_near_threshold,green,0,-13.72,0,-0.75,1,11.04
7773,259.359,green,observed,1.0,2.66,,green,0,-13.72,0,-2.66,1,12.06
7776,259.459,green,observed,1.0,2.66,,green,0,-13.94,0,-2.66,1,11.72
7779,259.559,green,observed,1.0,2.56,,green,0,-13.83,0,-2.56,1,10.71
7782,259.659,green,observed,1.0,2.56,,green,0,-13.72,0,-2.56,1,10.91
7785,259.76,green,observed,1.0,2.02,,green,0,-13.94,0,-2.02,1,11.72
7788,259.86,green,observed,1.0,2.77,,green,0,-13.61,0,-2.77,1,11.86
7791,259.96,green,observed,1.0,2.34,,green,0,-14.49,0,-2.34,1,11.72
7794,260.06,green,observed,1.0,2.13,,green,0,-13.5,0,-2.13,1,10.84
7797,260.16,green,observed,1.0,2.66,,green,0,-13.72,0,-2.66,1,12.13
7800,260.26,green,observed,1.0,2.88,,green,0,-13.28,0,-2.88,1,12.33
7803,260.36,green,observed,1.0,3.09,,green,0,-13.61,0,-3.09,1,11.52
7806,260.46,green,observed,1.0,2.98,,green,0,-12.4,0,-2.98,1,12.2
7809,260.56,green,observed,0.533,1.07,,green,0,-14.16,0,-1.07,1,12.26
7812,260.66,green,observed,0.852,1.7,,green,0,-13.5,0,-1.7,1,11.99
7815,260.76,green,observed,1.0,3.94,,green,0,-13.28,0,-3.94,1,11.79
7818,260.861,green,observed,1.0,2.77,,green,0,-13.28,0,-2.77,1,11.86
7821,260.961,green,observed,1.0,2.88,,green,0,-13.5,0,-2.88,1,11.52
7824,261.061,green,observed,0.586,1.17,,green,0,-14.05,0,-1.17,1,12.2
7827,261.161,green,low_confidence,0.426,0.85,lamp_near_threshold,green,0,-13.61,0,-0.85,1,12.67
7830,261.261,green,observed,0.959,1.92,,green,0,-13.94,0,-1.92,1,12.2
7833,261.361,green,observed,1.0,3.41,,green,0,-14.27,0,-3.41,1,11.38
7836,261.461,green,observed,0.799,1.6,,green,0,-13.72,0,-1.6,1,11.65
7839,261.561,green,observed,0.693,1.39,,green,0,-14.05,0,-1.39,1,12.06
7842,261.661,green,observed,1.0,2.24,,green,0,-14.05,0,-2.24,1,12.33
7845,261.762,green,observed,1.0,2.34,,green,0,-15.04,0,-2.34,1,12.26
7848,261.862,green,observed,0.959,1.92,,green,0,-13.17,0,-1.92,1,11.79
7851,261.962,green,observed,0.852,1.7,,green,0,-13.39,0,-1.7,1,11.04
7854,262.062,green,observed,0.852,1.7,,green,0,-13.28,0,-1.7,1,12.4
7857,262.162,green,observed,0.852,1.7,,green,0,-13.39,0,-1.7,1,12.4
7860,262.262,green,observed,1.0,2.24,,green,0,-13.28,0,-2.24,1,12.4
7863,262.362,green,observed,0.586,1.17,,green,0,-12.73,0,-1.17,1,12.06
7866,262.462,green,observed,0.533,1.07,,green,0,-13.5,0,-1.07,1,12.2
7869,262.562,green,observed,0.906,1.81,,green,0,-14.27,0,-1.81,1,11.52
7872,262.662,green,observed,1.0,3.2,,green,0,-13.39,0,-3.2,1,11.99
7875,262.762,green,observed,1.0,3.09,,green,0,-13.28,0,-3.09,1,12.33
7878,262.863,green,observed,1.0,2.02,,green,0,-13.61,0,-2.02,1,12.06
7881,262.963,green,observed,1.0,2.13,,green,0,-13.5,0,-2.13,1,11.99
7884,263.063,green,observed,1.0,2.45,,green,0,-14.05,0,-2.45,1,11.25
7887,263.163,green,observed,1.0,2.56,,green,0,-13.61,0,-2.56,1,12.06
7890,263.263,green,observed,1.0,2.98,,green,0,-13.28,0,-2.98,1,11.65
7893,263.363,green,observed,1.0,3.2,,green,0,-12.95,0,-3.2,1,11.25
7896,263.463,green,observed,1.0,3.62,,green,0,-13.5,0,-3.62,1,11.18
7899,263.563,green,observed,1.0,3.09,,green,0,-13.39,0,-3.09,1,11.59
7902,263.663,green,observed,1.0,2.34,,green,0,-13.28,0,-2.34,1,11.38
7905,263.764,green,observed,1.0,2.56,,green,0,-12.62,0,-2.56,1,11.38
7908,263.864,green,observed,1.0,2.66,,green,0,-13.83,0,-2.66,1,11.99
7911,263.964,green,observed,1.0,3.41,,green,0,-13.61,0,-3.41,1,11.38
7914,264.064,green,observed,1.0,2.56,,green,0,-13.17,0,-2.56,1,11.59
7917,264.164,green,observed,1.0,2.88,,green,0,-14.16,0,-2.88,1,11.86
7920,264.264,green,observed,1.0,3.41,,green,0,-13.28,0,-3.41,1,11.72
7923,264.364,green,observed,1.0,2.02,,green,0,-13.06,0,-2.02,1,11.99
7926,264.464,green,observed,1.0,2.34,,green,0,-13.83,0,-2.34,1,11.38
7929,264.564,green,observed,0.959,1.92,,green,0,-12.84,0,-1.92,1,11.11
7932,264.664,green,observed,0.852,1.7,,green,0,-13.39,0,-1.7,1,11.72
7935,264.764,green,observed,0.852,1.7,,green,0,-13.61,0,-1.7,1,10.57
7938,264.865,green,observed,1.0,2.24,,green,0,-13.83,0,-2.24,1,11.25
7941,264.965,green,observed,1.0,2.56,,green,0,-13.61,0,-2.56,1,11.59
7944,265.065,green,observed,1.0,2.02,,green,0,-13.39,0,-2.02,1,10.64
7947,265.165,green,observed,1.0,2.56,,green,0,-13.94,0,-2.56,1,11.04
7950,265.265,green,observed,1.0,2.45,,green,0,-13.28,0,-2.45,1,11.59
7953,265.365,green,observed,1.0,2.45,,green,0,-13.94,0,-2.45,1,10.71
7956,265.465,green,observed,1.0,2.24,,green,0,-13.94,0,-2.24,1,9.89
7959,265.565,green,observed,1.0,2.34,,green,0,-13.61,0,-2.34,1,10.5
7962,265.665,green,observed,1.0,2.34,,green,0,-13.5,0,-2.34,1,10.3
7965,265.766,green,observed,1.0,2.34,,green,0,-13.06,0,-2.34,1,10.23
7968,265.866,green,observed,1.0,2.66,,green,0,-13.72,0,-2.66,1,10.1
7971,265.966,green,observed,1.0,2.34,,green,0,-13.5,0,-2.34,1,9.42
7974,266.066,green,observed,0.693,1.39,,green,0,-13.28,0,-1.39,1,9.21
7977,266.166,green,observed,1.0,2.66,,green,0,-13.17,0,-2.66,1,10.3
7980,266.266,green,observed,0.639,1.28,,green,0,-13.61,0,-1.28,1,9.15
7983,266.366,green,observed,0.586,1.17,,green,0,-14.27,0,-1.17,1,8.88
7986,266.466,green,observed,0.693,1.39,,green,0,-13.28,0,-1.39,1,9.69
7989,266.566,green,observed,1.0,2.88,,green,0,-13.61,0,-2.88,1,9.21
7992,266.666,green,observed,1.0,2.34,,green,0,-13.17,0,-2.34,1,9.82
7995,266.766,green,observed,1.0,2.88,,green,0,-13.83,0,-2.88,1,9.28
7998,266.867,green,observed,1.0,2.02,,green,0,-13.17,0,-2.02,1,10.71
8001,266.967,green,observed,1.0,2.56,,green,0,-13.06,0,-2.56,1,9.62
8004,267.067,green,observed,1.0,2.13,,green,0,-13.17,0,-2.13,1,9.69
8007,267.167,green,observed,1.0,2.34,,green,0,-14.38,0,-2.34,1,9.49
8010,267.267,green,observed,0.959,1.92,,green,0,-13.28,0,-1.92,1,9.55
8013,267.367,green,observed,0.959,1.92,,green,0,-13.83,0,-1.92,1,9.76
8016,267.467,green,observed,0.906,1.81,,green,0,-13.28,0,-1.81,1,8.94
8019,267.567,green,observed,0.852,1.7,,green,0,-13.28,0,-1.7,1,10.03
8022,267.667,green,observed,0.746,1.49,,green,0,-12.62,0,-1.49,1,9.42
8025,267.768,green,observed,0.959,1.92,,green,0,-13.61,0,-1.92,1,10.1
8028,267.868,green,observed,0.906,1.81,,green,0,-14.05,0,-1.81,1,8.33
8031,267.968,green,observed,0.852,1.7,,green,0,-13.17,0,-1.7,1,10.16
8034,268.068,green,observed,0.746,1.49,,green,0,-13.72,0,-1.49,1,9.62
8037,268.168,green,observed,0.959,1.92,,green,0,-13.39,0,-1.92,1,10.1
8040,268.268,green,observed,1.0,2.13,,green,0,-12.84,0,-2.13,1,8.88
8043,268.368,green,observed,1.0,2.24,,green,0,-13.5,0,-2.24,1,9.28
8046,268.468,green,observed,1.0,2.45,,green,0,-12.84,0,-2.45,1,9.76
8049,268.568,green,observed,1.0,2.34,,green,0,-13.83,0,-2.34,1,10.37
8052,268.668,green,observed,1.0,2.13,,green,0,-14.27,0,-2.13,1,9.28
8055,268.768,green,observed,1.0,2.13,,green,0,-13.94,0,-2.13,1,9.49
8058,268.869,green,observed,0.852,1.7,,green,0,-13.61,0,-1.7,1,9.49
8061,268.969,green,observed,0.852,1.7,,green,0,-13.72,0,-1.7,1,9.49
8064,269.069,green,observed,0.959,1.92,,green,0,-13.39,0,-1.92,1,9.49
8067,269.169,green,observed,0.959,1.92,,green,0,-13.5,0,-1.92,1,9.76
8070,269.269,green,observed,1.0,2.13,,green,0,-13.5,0,-2.13,1,8.47
8073,269.369,green,observed,1.0,2.34,,green,0,-12.73,0,-2.34,1,10.57
8076,269.469,green,observed,1.0,2.98,,green,0,-13.5,0,-2.98,1,9.69
8079,269.569,green,observed,1.0,2.24,,green,0,-13.94,0,-2.24,1,9.89
8082,269.669,green,observed,0.959,1.92,,green,0,-13.72,0,-1.92,1,10.3
8085,269.77,green,observed,1.0,2.88,,green,0,-12.95,0,-2.88,1,9.62
8088,269.87,green,observed,1.0,2.88,,green,0,-14.05,0,-2.88,1,9.55
8091,269.97,green,observed,1.0,2.66,,green,0,-13.06,0,-2.66,1,10.43
8094,270.07,green,observed,1.0,2.88,,green,0,-14.49,0,-2.88,1,10.37
8097,270.17,green,observed,1.0,2.45,,green,0,-13.28,0,-2.45,1,10.64
8100,270.27,green,observed,1.0,2.13,,green,0,-13.94,0,-2.13,1,10.64
8103,270.37,green,observed,0.906,1.81,,green,0,-13.28,0,-1.81,1,10.37
8106,270.47,green,observed,0.906,1.81,,green,0,-12.73,0,-1.81,1,10.57
8109,270.57,green,observed,1.0,2.13,,green,0,-13.17,0,-2.13,1,10.16
8112,270.67,green,observed,1.0,2.56,,green,0,-13.5,0,-2.56,1,10.23
8115,270.77,green,observed,1.0,2.13,,green,0,-13.5,0,-2.13,1,10.43
8118,270.871,green,observed,1.0,2.45,,green,0,-13.5,0,-2.45,1,10.37
8121,270.971,green,observed,0.693,1.39,,green,0,-13.5,0,-1.39,1,9.55
8124,271.071,green,observed,0.693,1.39,,green,0,-13.17,0,-1.39,1,10.71
8127,271.171,green,observed,1.0,2.13,,green,0,-12.51,0,-2.13,1,10.64
8130,271.271,green,observed,0.799,1.6,,green,0,-13.17,0,-1.6,1,11.25
8133,271.371,green,observed,0.852,1.7,,green,0,-13.83,0,-1.7,1,10.77
8136,271.471,green,observed,0.533,1.07,,green,0,-13.72,0,-1.07,1,10.23
8139,271.571,green,observed,1.0,2.56,,green,0,-13.39,0,-2.56,1,11.65
8142,271.671,green,observed,0.959,1.92,,green,0,-13.94,0,-1.92,1,10.71
8145,271.772,green,observed,1.0,2.24,,green,0,-13.94,0,-2.24,1,10.84
8148,271.872,green,observed,1.0,2.02,,green,0,-13.61,0,-2.02,1,11.72
8151,271.972,green,observed,1.0,2.45,,green,0,-13.39,0,-2.45,1,10.84
8154,272.072,green,observed,1.0,2.02,,green,0,-13.94,0,-2.02,1,11.59
8157,272.172,green,observed,1.0,2.13,,green,0,-13.39,0,-2.13,1,12.4
8160,272.272,green,observed,1.0,2.66,,green,0,-13.72,0,-2.66,1,11.45
8163,272.372,green,observed,1.0,3.62,,green,0,-12.95,0,-3.62,1,12.67
8166,272.472,green,observed,1.0,3.41,,green,0,-13.61,0,-3.41,1,11.52
8169,272.572,green,observed,1.0,3.2,,green,0,-12.62,0,-3.2,1,11.04
8172,272.672,green,observed,1.0,3.09,,green,0,-14.05,0,-3.09,1,11.92
8175,272.772,green,observed,1.0,3.2,,green,0,-14.05,0,-3.2,1,12.2
8178,272.873,green,observed,1.0,2.24,,green,0,-14.38,0,-2.24,1,11.52
8181,272.973,green,observed,1.0,2.34,,green,0,-14.71,0,-2.34,1,11.59
8184,273.073,green,observed,1.0,2.66,,green,0,-13.72,0,-2.66,1,11.86
8187,273.173,green,observed,1.0,2.45,,green,0,-13.5,0,-2.45,1,11.99
8190,273.273,green,observed,1.0,2.45,,green,0,-13.17,0,-2.45,1,12.06
8193,273.373,green,observed,0.799,1.6,,green,0,-14.16,0,-1.6,1,12.53
8196,273.473,green,observed,0.906,1.81,,green,0,-13.39,0,-1.81,1,11.45
8199,273.573,green,observed,1.0,2.88,,green,0,-13.28,0,-2.88,1,12.53
8202,273.673,green,observed,1.0,2.02,,green,0,-13.28,0,-2.02,1,11.92
8205,273.774,green,observed,1.0,2.13,,green,0,-13.5,0,-2.13,1,11.65
8208,273.874,green,observed,0.586,1.17,,green,0,-14.16,0,-1.17,1,11.92
8211,273.974,green,observed,1.0,2.34,,green,0,-14.16,0,-2.34,1,12.06
8214,274.074,green,observed,1.0,2.88,,green,0,-13.61,0,-2.88,1,12.53
8217,274.174,green,observed,0.533,1.07,,green,0,-13.5,0,-1.07,1,11.18
8220,274.274,green,observed,1.0,2.13,,green,0,-13.5,0,-2.13,1,12.2
8223,274.374,green,observed,0.959,1.92,,green,0,-13.94,0,-1.92,1,11.52
8226,274.474,green,observed,1.0,2.24,,green,0,-13.83,0,-2.24,1,11.38
8229,274.574,green,observed,1.0,2.24,,green,0,-14.82,0,-2.24,1,12.13
8232,274.674,green,observed,1.0,2.24,,green,0,-13.94,0,-2.24,1,11.79
8235,274.774,green,observed,1.0,2.98,,green,0,-14.16,0,-2.98,1,11.04
8238,274.875,green,observed,1.0,3.2,,green,0,-13.72,0,-3.2,1,11.45
8241,274.975,green,observed,1.0,2.13,,green,0,-14.27,0,-2.13,1,11.65
8244,275.075,green,observed,1.0,2.45,,green,0,-13.17,0,-2.45,1,11.99
8247,275.175,green,observed,1.0,2.13,,green,0,-13.94,0,-2.13,1,11.31
8250,275.275,green,observed,1.0,3.41,,green,0,-13.72,0,-3.41,1,11.04
8253,275.375,green,observed,1.0,2.24,,green,0,-13.5,0,-2.24,1,11.38
8256,275.475,green,observed,0.906,1.81,,green,0,-13.06,0,-1.81,1,10.37
8259,275.575,green,observed,1.0,2.02,,green,0,-13.17,0,-2.02,1,11.79
8262,275.675,green,observed,1.0,2.13,,green,0,-14.49,0,-2.13,1,10.98
8265,275.776,green,observed,1.0,2.56,,green,0,-13.94,0,-2.56,1,10.23
8268,275.876,green,observed,1.0,2.56,,green,0,-13.94,0,-2.56,1,11.99
8271,275.976,green,observed,0.959,1.92,,green,0,-13.83,0,-1.92,1,11.59
8274,276.076,green,observed,0.852,1.7,,green,0,-13.83,0,-1.7,1,11.11
8277,276.176,green,observed,0.852,1.7,,green,0,-13.17,0,-1.7,1,10.77
8280,276.276,green,observed,1.0,2.13,,green,0,-14.05,0,-2.13,1,10.5
8283,276.376,green,observed,1.0,2.24,,green,0,-14.6,0,-2.24,1,10.71
8286,276.476,green,observed,1.0,2.24,,green,0,-14.05,0,-2.24,1,11.92
8289,276.576,green,observed,1.0,2.13,,green,0,-13.61,0,-2.13,1,10.57
8292,276.676,green,observed,0.693,1.39,,green,0,-14.27,0,-1.39,1,10.03
8295,276.776,green,observed,1.0,2.24,,green,0,-13.72,0,-2.24,1,10.64
8298,276.877,green,observed,1.0,2.56,,green,0,-13.72,0,-2.56,1,10.98
8301,276.977,green,observed,1.0,2.66,,green,0,-12.95,0,-2.66,1,11.04
8304,277.077,green,observed,1.0,2.66,,green,0,-13.28,0,-2.66,1,10.64
8307,277.177,green,observed,1.0,2.24,,green,0,-12.84,0,-2.24,1,10.3
8310,277.277,green,observed,1.0,2.56,,green,0,-13.5,0,-2.56,1,9.89
8313,277.377,green,observed,1.0,2.45,,green,0,-14.27,0,-2.45,1,10.03
8316,277.477,green,observed,1.0,2.13,,green,0,-14.27,0,-2.13,1,10.5
8319,277.577,green,observed,0.799,1.6,,green,0,-13.83,0,-1.6,1,10.37
8322,277.677,green,observed,1.0,2.77,,green,0,-13.72,0,-2.77,1,10.3
8325,277.778,green,observed,1.0,2.98,,green,0,-14.27,0,-2.98,1,9.49
8328,277.878,green,observed,0.799,1.6,,green,0,-13.72,0,-1.6,1,10.98
8331,277.978,green,observed,1.0,3.09,,green,0,-14.27,0,-3.09,1,9.89
8334,278.078,green,observed,1.0,2.45,,green,0,-12.73,0,-2.45,1,9.35
8337,278.178,green,observed,1.0,2.02,,green,0,-13.17,0,-2.02,1,9.21
8340,278.278,green,observed,1.0,3.41,,green,0,-14.27,0,-3.41,1,9.82
8343,278.378,green,observed,1.0,3.09,,green,0,-14.16,0,-3.09,1,10.23
8346,278.478,green,observed,1.0,3.41,,green,0,-13.61,0,-3.41,1,9.49
8349,278.578,green,observed,1.0,2.56,,green,0,-14.16,0,-2.56,1,8.88
8352,278.678,green,observed,1.0,3.2,,green,0,-13.61,0,-3.2,1,9.96
8355,278.778,green,observed,1.0,2.24,,green,0,-13.39,0,-2.24,1,10.5
8358,278.879,green,observed,1.0,2.13,,green,0,-14.16,0,-2.13,1,10.98
8361,278.979,green,observed,0.906,1.81,,green,0,-14.49,0,-1.81,1,10.16
8364,279.079,green,observed,1.0,3.09,,green,0,-14.27,0,-3.09,1,9.62
8367,279.179,green,observed,1.0,2.77,,green,0,-12.95,0,-2.77,1,10.16
8370,279.279,green,observed,0.693,1.39,,green,0,-13.39,0,-1.39,1,9.08
8373,279.379,green,observed,1.0,3.3,,green,0,-13.61,0,-3.3,1,8.81
8376,279.479,green,observed,1.0,3.09,,green,0,-13.06,0,-3.09,1,8.47
8379,279.579,green,observed,1.0,3.94,,green,0,-13.94,0,-3.94,1,9.96
8382,279.679,green,observed,1.0,2.34,,green,0,-13.83,0,-2.34,1,9.42
8385,279.78,green,observed,1.0,2.66,,green,0,-13.06,0,-2.66,1,9.15
8388,279.88,green,observed,1.0,2.66,,green,0,-13.5,0,-2.66,1,9.69
8391,279.98,green,low_confidence,0.373,0.75,lamp_near_threshold,green,0,-12.62,0,-0.75,1,8.2
8394,280.08,green,observed,1.0,2.88,,green,0,-12.84,0,-2.88,1,9.28
8397,280.18,green,observed,1.0,3.09,,green,0,-13.61,0,-3.09,1,9.62
8400,280.28,green,observed,1.0,3.09,,green,0,-14.38,0,-3.09,1,9.62
8403,280.38,green,observed,1.0,2.98,,green,0,-14.05,0,-2.98,1,9.21
8406,280.48,green,observed,1.0,3.52,,green,0,-14.27,0,-3.52,1,10.5
8409,280.58,green,observed,1.0,3.41,,green,0,-14.05,0,-3.41,1,10.23
8412,280.68,green,observed,1.0,3.2,,green,0,-15.15,0,-3.2,1,10.3
8415,280.78,green,observed,1.0,2.24,,green,0,-13.61,0,-2.24,1,10.1
8418,280.881,green,observed,1.0,2.88,,green,0,-14.49,0,-2.88,1,9.76
8421,280.981,green,observed,1.0,3.09,,green,0,-14.27,0,-3.09,1,9.89
8424,281.081,green,observed,0.906,1.81,,green,0,-13.06,0,-1.81,1,10.03
8427,281.181,green,observed,1.0,2.66,,green,0,-14.05,0,-2.66,1,9.89
8430,281.281,green,observed,1.0,2.24,,green,0,-13.83,0,-2.24,1,9.01
8433,281.381,green,observed,1.0,2.45,,green,0,-13.72,0,-2.45,1,10.3
8436,281.481,green,observed,0.959,1.92,,green,0,-13.94,0,-1.92,1,10.64
8439,281.581,green,observed,1.0,2.45,,green,0,-13.5,0,-2.45,1,10.71
8442,281.681,green,observed,0.959,1.92,,green,0,-13.72,0,-1.92,1,10.77
8445,281.782,green,observed,0.746,1.49,,green,0,-12.73,0,-1.49,1,10.77
8448,281.882,green,observed,1.0,3.2,,green,0,-13.17,0,-3.2,1,11.86
8451,281.982,green,observed,0.852,1.7,,green,0,-12.84,0,-1.7,1,11.59
8454,282.082,green,observed,0.906,1.81,,green,0,-13.5,0,-1.81,1,10.1
8457,282.182,green,observed,1.0,2.66,,green,0,-14.27,0,-2.66,1,11.45
8460,282.282,green,observed,0.693,1.39,,green,0,-14.27,0,-1.39,1,11.45
8463,282.382,green,observed,1.0,2.98,,green,0,-14.27,0,-2.98,1,12.06
8466,282.482,green,observed,0.959,1.92,,green,0,-14.6,0,-1.92,1,10.71
8469,282.582,green,observed,0.799,1.6,,green,0,-14.38,0,-1.6,1,11.25
8472,282.682,green,observed,1.0,2.98,,green,0,-13.94,0,-2.98,1,12.13
8475,282.782,green,observed,1.0,2.56,,green,0,-13.94,0,-2.56,1,10.43
8478,282.883,green,observed,1.0,2.45,,green,0,-13.17,0,-2.45,1,12.4
8481,282.983,green,observed,1.0,2.45,,green,0,-13.61,0,-2.45,1,11.11
8484,283.083,green,observed,1.0,2.24,,green,0,-13.61,0,-2.24,1,11.99
8487,283.183,green,observed,0.693,1.39,,green,0,-13.83,0,-1.39,1,11.18
8490,283.283,green,observed,1.0,2.13,,green,0,-13.94,0,-2.13,1,12.2
8493,283.383,green,observed,1.0,2.24,,green,0,-12.95,0,-2.24,1,13.28
8496,283.483,green,observed,1.0,3.09,,green,0,-14.27,0,-3.09,1,11.99
8499,283.583,green,observed,1.0,2.24,,green,0,-13.39,0,-2.24,1,11.11
8502,283.683,green,observed,1.0,2.56,,green,0,-13.72,0,-2.56,1,11.92
8505,283.784,green,observed,1.0,2.02,,green,0,-13.83,0,-2.02,1,10.98
8508,283.884,green,observed,1.0,2.45,,green,0,-13.17,0,-2.45,1,11.31
8511,283.984,green,observed,1.0,2.02,,green,0,-12.4,0,-2.02,1,11.79
8514,284.084,green,observed,0.906,1.81,,green,0,-13.83,0,-1.81,1,12.2
8517,284.184,green,observed,1.0,2.45,,green,0,-13.72,0,-2.45,1,11.65
8520,284.284,green,observed,1.0,2.02,,green,0,-14.27,0,-2.02,1,11.65
8523,284.384,green,observed,1.0,3.52,,green,0,-13.83,0,-3.52,1,11.86
8526,284.484,green,observed,1.0,2.88,,green,0,-13.94,0,-2.88,1,11.99
8529,284.584,green,observed,0.959,1.92,,green,0,-14.05,0,-1.92,1,12.67
8532,284.684,green,observed,0.906,1.81,,green,0,-15.04,0,-1.81,1,12.4
8535,284.784,green,observed,1.0,2.24,,green,0,-14.6,0,-2.24,1,12.67
8538,284.885,green,observed,1.0,2.02,,green,0,-13.83,0,-2.02,1,12.81
8541,284.985,green,observed,1.0,2.98,,green,0,-13.28,0,-2.98,1,12.33
8544,285.085,green,observed,1.0,2.02,,green,0,-14.16,0,-2.02,1,12.94
8547,285.185,green,observed,1.0,3.2,,green,0,-14.16,0,-3.2,1,12.81
8550,285.285,green_blink,observed,1.0,3.2,,green_flash,0,-13.83,0,-3.2,0,-10.71
8553,285.385,green_blink,observed,0.799,1.6,,green_flash,0,-13.83,0,-1.6,0,-11.31
8556,285.485,green_blink,observed,0.959,1.92,,green_flash,0,-14.93,0,-1.92,0,-11.04
8559,285.585,green_blink,observed,1.0,2.45,,green_flash,0,-13.72,0,-2.45,0,-11.18
8562,285.685,green_blink,observed,1.0,3.3,,green_flash,0,-13.83,0,-3.3,0,-11.38
8565,285.786,green_blink,observed,1.0,3.41,,green,0,-14.38,0,-3.41,1,11.38
8568,285.886,green_blink,observed,0.586,1.17,,green,0,-13.39,0,-1.17,1,12.33
8571,285.986,green_blink,observed,1.0,2.66,,green,0,-14.49,0,-2.66,1,12.47
8574,286.086,green_blink,observed,1.0,2.98,,green,0,-12.95,0,-2.98,1,11.65
8577,286.186,green_blink,observed,1.0,2.45,,green,0,-13.17,0,-2.45,1,11.52
8580,286.286,unknown,occluded,0.0,2.98,occluded,occluded,0,-13.17,0,-2.98,0,-11.25
8583,286.386,green_blink,observed,1.0,2.88,,green_flash,0,-13.72,0,-2.88,0,-11.25
8586,286.486,green_blink,observed,1.0,2.56,,green_flash,0,-13.72,0,-2.56,0,-11.04
8589,286.586,unknown,occluded,0.0,3.2,occluded,occluded,0,-13.94,0,-3.2,0,-11.38
8592,286.686,unknown,occluded,0.0,2.34,occluded,occluded,0,-13.28,0,-2.34,0,-10.77
8595,286.786,green_blink,observed,1.0,2.66,,green,0,-13.72,0,-2.66,1,10.91
8598,286.887,green_blink,observed,1.0,2.45,,green,0,-14.27,0,-2.45,1,11.72
8601,286.987,green_blink,observed,1.0,2.66,,green,0,-14.05,0,-2.66,1,11.65
8604,287.087,green_blink,observed,1.0,2.13,,green,0,-13.61,0,-2.13,1,11.18
8607,287.187,green_blink,observed,1.0,2.45,,green,0,-14.38,0,-2.45,1,11.52
8610,287.287,green_blink,observed,1.0,2.66,,green_flash,0,-13.94,0,-2.66,0,-10.84
8613,287.387,green_blink,observed,1.0,3.3,,green_flash,0,-14.6,0,-3.3,0,-10.98
8616,287.487,green_blink,observed,0.959,1.92,,green_flash,0,-13.39,0,-1.92,0,-10.77
8619,287.587,green_blink,observed,1.0,2.34,,green_flash,0,-14.82,0,-2.34,0,-10.5
8622,287.687,green_blink,observed,1.0,2.24,,green_flash,0,-14.27,0,-2.24,0,-10.57
8625,287.788,green_blink,observed,1.0,2.66,,green,0,-14.05,0,-2.66,1,10.5
8628,287.888,green_blink,observed,1.0,2.45,,green,0,-14.16,0,-2.45,1,10.77
8631,287.988,green_blink,observed,1.0,2.66,,green,0,-14.82,0,-2.66,1,11.45
8634,288.088,green_blink,observed,1.0,2.66,,green,0,-13.72,0,-2.66,1,11.31
8637,288.188,green_blink,observed,1.0,3.41,,green,0,-13.17,0,-3.41,1,10.98
8640,288.288,amber,observed,0.906,1.81,,amber,0,-14.6,1,1.81,0,-10.98
8643,288.388,amber,observed,0.906,1.81,,amber,0,-13.72,1,1.81,0,-10.91
8646,288.488,unknown,occluded,0.0,0.85,occluded,occluded,0,-13.83,1,0.85,0,-11.18
8649,288.588,unknown,occluded,0.0,0.21,occluded,occluded,0,-12.73,1,0.21,0,-11.31
8652,288.688,amber,observed,0.852,1.7,,amber,0,-13.06,1,1.7,0,-10.98
8655,288.788,amber,observed,0.586,1.17,,amber,0,-13.06,1,1.17,0,-11.11
8658,288.889,amber,observed,0.852,1.7,,amber,0,-14.16,1,1.7,0,-11.25
8661,288.989,amber,observed,1.0,2.13,,amber,0,-14.71,1,2.13,0,-11.38
8664,289.089,amber,observed,1.0,2.88,,amber,0,-13.94,1,2.88,0,-11.79
8667,289.189,amber,observed,1.0,3.41,,amber,0,-14.16,1,3.41,0,-10.91
8670,289.289,amber,observed,1.0,2.88,,amber,0,-13.94,1,2.88,0,-11.45
8673,289.389,amber,observed,0.746,1.49,,amber,0,-13.39,1,1.49,0,-11.38
8676,289.489,amber,observed,1.0,2.02,,amber,0,-13.61,1,2.02,0,-11.31
8679,289.589,amber,observed,1.0,2.98,,amber,0,-14.27,1,2.98,0,-10.91
8682,289.689,amber,observed,1.0,2.56,,amber,0,-14.16,1,2.56,0,-11.11
8685,289.79,amber,observed,1.0,2.56,,amber,0,-13.72,1,2.56,0,-11.45
8688,289.89,amber,observed,1.0,2.56,,amber,0,-14.49,1,2.56,0,-11.25
8691,289.99,amber,observed,1.0,2.24,,amber,0,-13.61,1,2.24,0,-11.04
8694,290.09,amber,observed,1.0,2.77,,amber,0,-13.72,1,2.77,0,-11.18
8697,290.19,amber,observed,0.852,1.7,,amber,0,-13.94,1,1.7,0,-11.25
8700,290.29,amber,observed,1.0,2.24,,amber,0,-13.06,1,2.24,0,-11.04
8703,290.39,amber,observed,1.0,2.34,,amber,0,-13.06,1,2.34,0,-11.04
8706,290.49,amber,observed,1.0,2.66,,amber,0,-13.28,1,2.66,0,-11.11
8709,290.59,amber,observed,1.0,2.13,,amber,0,-12.84,1,2.13,0,-11.38
8712,290.69,amber,observed,1.0,3.09,,amber,0,-13.72,1,3.09,0,-11.31
8715,290.79,amber,observed,0.533,1.07,,amber,0,-13.72,1,1.07,0,-11.25
8718,290.891,amber,observed,1.0,2.24,,amber,0,-14.05,1,2.24,0,-11.65
8721,290.991,amber,observed,1.0,2.56,,amber,0,-13.94,1,2.56,0,-11.38
8724,291.091,amber,observed,0.586,1.17,,amber,0,-13.39,1,1.17,0,-11.31
8727,291.191,amber,observed,1.0,2.88,,amber,0,-14.05,1,2.88,0,-10.84
8730,291.291,red,observed,1.0,3.52,,red,1,18.22,0,-3.52,0,-11.11
8733,291.391,red,observed,1.0,3.2,,red,1,15.59,0,-3.2,0,-10.64
8736,291.491,red,observed,1.0,2.13,,red,1,15.26,0,-2.13,0,-10.84
8739,291.591,red,observed,1.0,3.09,,red,1,14.6,0,-3.09,0,-11.11
8742,291.691,red,observed,1.0,3.3,,red,1,13.06,0,-3.3,0,-10.37
8745,291.792,red,observed,1.0,2.98,,red,1,13.72,0,-2.98,0,-10.84
8748,291.892,red,observed,1.0,2.88,,red,1,13.61,0,-2.88,0,-10.91
8751,291.992,red,observed,1.0,2.56,,red,1,14.82,0,-2.56,0,-10.98
8754,292.092,red,observed,1.0,2.24,,red,1,13.94,0,-2.24,0,-10.77
8757,292.192,red,observed,1.0,2.77,,red,1,13.17,0,-2.77,0,-11.31
8760,292.292,red,observed,1.0,2.45,,red,1,13.28,0,-2.45,0,-11.52
8763,292.392,red,observed,1.0,2.45,,red,1,13.5,0,-2.45,0,-11.11
8766,292.492,red,observed,1.0,2.88,,red,1,14.16,0,-2.88,0,-11.65
8769,292.592,red,observed,1.0,2.77,,red,1,14.93,0,-2.77,0,-10.57
8772,292.692,red,observed,1.0,2.66,,red,1,13.83,0,-2.66,0,-10.77
8775,292.792,red,observed,1.0,2.56,,red,1,14.16,0,-2.56,0,-11.04
8778,292.893,red,observed,1.0,2.45,,red,1,14.93,0,-2.45,0,-10.91
8781,292.993,red,observed,0.959,1.92,,red,1,14.05,0,-1.92,0,-10.91
8784,293.093,red,observed,1.0,2.24,,red,1,13.28,0,-2.24,0,-10.98
8787,293.193,red,observed,1.0,3.09,,red,1,13.72,0,-3.09,0,-10.98
8790,293.293,red,observed,1.0,2.13,,red,1,14.27,0,-2.13,0,-10.43
8793,293.393,red,observed,1.0,2.24,,red,1,13.94,0,-2.24,0,-11.04
8796,293.493,red,observed,1.0,2.66,,red,1,14.05,0,-2.66,0,-10.91
8799,293.593,red,observed,1.0,2.77,,red,1,12.95,0,-2.77,0,-10.98
8802,293.693,red,observed,1.0,3.2,,red,1,12.4,0,-3.2,0,-10.57
8805,293.794,red,observed,1.0,2.88,,red,1,13.17,0,-2.88,0,-10.98
8808,293.894,red,observed,1.0,3.2,,red,1,12.51,0,-3.2,0,-10.91
8811,293.994,red,observed,1.0,2.24,,red,1,12.95,0,-2.24,0,-11.11
8814,294.094,red,observed,0.959,1.92,,red,1,12.73,0,-1.92,0,-10.98
8817,294.194,red,observed,1.0,3.09,,red,1,13.06,0,-3.09,0,-11.11
8820,294.294,red,observed,1.0,2.56,,red,1,14.05,0,-2.56,0,-10.77
8823,294.394,red,observed,1.0,2.13,,red,1,13.39,0,-2.13,0,-11.25
8826,294.494,red,observed,1.0,3.3,,red,1,12.84,0,-3.3,0,-11.52
8829,294.594,red,observed,1.0,2.24,,red,1,12.4,0,-2.24,0,-11.18
8832,294.694,red,observed,1.0,2.24,,red,1,11.64,0,-2.24,0,-11.25
8835,294.794,red,observed,1.0,2.34,,red,1,12.84,0,-2.34,0,-11.11
8838,294.895,red,observed,1.0,2.56,,red,1,13.28,0,-2.56,0,-11.25
8841,294.995,red,observed,1.0,2.98,,red,1,13.28,0,-2.98,0,-11.25
8844,295.095,red,observed,0.639,1.28,,red,1,13.5,0,-1.28,0,-11.38
8847,295.195,red,observed,1.0,2.56,,red,1,14.05,0,-2.56,0,-10.77
8850,295.295,red,observed,0.852,1.7,,red,1,13.28,0,-1.7,0,-11.38
8853,295.395,red,observed,1.0,2.24,,red,1,13.06,0,-2.24,0,-11.31
8856,295.495,red,observed,1.0,2.34,,red,1,12.4,0,-2.34,0,-10.98
8859,295.595,red,observed,1.0,2.34,,red,1,13.61,0,-2.34,0,-11.65
8862,295.695,red,observed,1.0,2.77,,red,1,13.39,0,-2.77,0,-11.18
8865,295.796,red,observed,1.0,2.66,,red,1,13.83,0,-2.66,0,-11.31
8868,295.896,red,observed,1.0,2.24,,red,1,12.84,0,-2.24,0,-10.64
8871,295.996,red,observed,1.0,2.66,,red,1,13.61,0,-2.66,0,-10.77
8874,296.096,red,observed,1.0,2.66,,red,1,11.96,0,-2.66,0,-10.91
8877,296.196,red,observed,1.0,2.88,,red,1,14.05,0,-2.88,0,-10.98
8880,296.296,red,observed,0.959,1.92,,red,1,13.39,0,-1.92,0,-11.04
8883,296.396,red,observed,1.0,2.13,,red,1,13.61,0,-2.13,0,-11.31
8886,296.496,red,observed,1.0,2.13,,red,1,13.72,0,-2.13,0,-10.98
8889,296.596,red,observed,1.0,2.34,,red,1,12.4,0,-2.34,0,-10.91
8892,296.696,red,observed,1.0,2.34,,red,1,12.84,0,-2.34,0,-11.04
8895,296.796,red,observed,0.906,1.81,,red,1,12.62,0,-1.81,0,-11.18
8898,296.897,red,observed,1.0,2.34,,red,1,11.64,0,-2.34,0,-11.25
8901,296.997,red,observed,0.746,1.49,,red,1,13.28,0,-1.49,0,-11.18
8904,297.097,red,observed,0.959,1.92,,red,1,14.38,0,-1.92,0,-11.25
8907,297.197,red,observed,0.906,1.81,,red,1,13.28,0,-1.81,0,-11.31
8910,297.297,red,observed,0.906,1.81,,red,1,13.94,0,-1.81,0,-10.98
8913,297.397,red,observed,0.799,1.6,,red,1,13.17,0,-1.6,0,-10.84
8916,297.497,red,observed,1.0,3.09,,red,1,13.28,0,-3.09,0,-11.31
8919,297.597,red,observed,0.852,1.7,,red,1,13.5,0,-1.7,0,-11.11
8922,297.697,red,observed,0.906,1.81,,red,1,12.95,0,-1.81,0,-10.64
8925,297.798,red,observed,1.0,2.13,,red,1,12.18,0,-2.13,0,-11.25
8928,297.898,red,observed,0.959,1.92,,red,1,14.05,0,-1.92,0,-11.79
8931,297.998,red,observed,1.0,2.13,,red,1,12.73,0,-2.13,0,-10.91
8934,298.098,red,observed,1.0,2.45,,red,1,13.83,0,-2.45,0,-11.04
8937,298.198,red,observed,1.0,2.88,,red,1,12.95,0,-2.88,0,-11.11
8940,298.298,red,observed,1.0,2.88,,red,1,13.28,0,-2.88,0,-10.77
8943,298.398,red,observed,0.746,1.49,,red,1,12.95,0,-1.49,0,-10.98
8946,298.498,red,observed,1.0,3.2,,red,1,13.5,0,-3.2,0,-10.98
8949,298.598,red,observed,1.0,2.88,,red,1,14.16,0,-2.88,0,-10.98
8952,298.698,red,observed,1.0,2.98,,red,1,13.28,0,-2.98,0,-10.98
8955,298.798,red,observed,1.0,2.66,,red,1,13.39,0,-2.66,0,-11.11
8958,298.899,red,observed,0.746,1.49,,red,1,12.07,0,-1.49,0,-10.71
8961,298.999,red,observed,1.0,2.02,,red,1,12.84,0,-2.02,0,-11.04
8964,299.099,red,observed,1.0,2.02,,red,1,12.95,0,-2.02,0,-10.71
8967,299.199,red,observed,1.0,2.02,,red,1,12.84,0,-2.02,0,-10.91
8970,299.299,red,observed,1.0,2.13,,red,1,12.29,0,-2.13,0,-10.71
8973,299.399,red,observed,1.0,2.13,,red,1,12.95,0,-2.13,0,-10.91
8976,299.499,red,observed,1.0,2.45,,red,1,12.84,0,-2.45,0,-10.64
8979,299.599,red,observed,1.0,2.34,,red,1,12.51,0,-2.34,0,-10.91
8982,299.699,red,observed,1.0,2.34,,red,1,13.5,0,-2.34,0,-10.71
8985,299.8,red,observed,1.0,2.24,,red,1,12.84,0,-2.24,0,-11.31
8988,299.9,red,observed,1.0,2.34,,red,1,12.62,0,-2.34,0,-11.52
8991,300.0,red,observed,1.0,2.13,,red,1,12.95,0,-2.13,0,-11.25
8994,300.1,red,observed,1.0,2.34,,red,1,13.5,0,-2.34,0,-10.57
8997,300.2,red,observed,1.0,2.56,,red,1,12.73,0,-2.56,0,-10.98
9000,300.3,red,observed,0.906,1.81,,red,1,12.29,0,-1.81,0,-10.16
9003,300.4,red,observed,0.959,1.92,,red,1,12.4,0,-1.92,0,-10.37
9006,300.5,red,observed,0.746,1.49,,red,1,12.95,0,-1.49,0,-10.98
9009,300.6,red,observed,1.0,2.98,,red,1,13.06,0,-2.98,0,-11.18
9012,300.7,red,observed,1.0,2.66,,red,1,12.18,0,-2.66,0,-10.84
9015,300.8,red,observed,1.0,2.13,,red,1,12.73,0,-2.13,0,-10.98
9018,300.901,red,observed,1.0,2.56,,red,1,12.95,0,-2.56,0,-11.18
9021,301.001,red,observed,1.0,2.34,,red,1,13.17,0,-2.34,0,-10.57
9024,301.101,red,observed,1.0,2.24,,red,1,12.73,0,-2.24,0,-11.11
9027,301.201,red,observed,0.906,1.81,,red,1,11.85,0,-1.81,0,-11.18
9030,301.301,red,observed,0.746,1.49,,red,1,12.29,0,-1.49,0,-11.04
9033,301.401,red,observed,0.639,1.28,,red,1,12.07,0,-1.28,0,-11.11
9036,301.501,red,observed,0.906,1.81,,red,1,12.4,0,-1.81,0,-10.77
9039,301.601,red,observed,1.0,2.45,,red,1,12.29,0,-2.45,0,-11.18
9042,301.701,red,observed,0.693,1.39,,red,1,14.27,0,-1.39,0,-10.5
9045,301.802,red,observed,1.0,2.77,,red,1,13.39,0,-2.77,0,-10.3
9048,301.902,red,observed,1.0,2.13,,red,1,12.95,0,-2.13,0,-11.25
9051,302.002,red,observed,1.0,3.2,,red,1,11.42,0,-3.2,0,-11.38
9054,302.102,red,observed,1.0,2.24,,red,1,11.85,0,-2.24,0,-11.45
9057,302.202,red,observed,1.0,3.2,,red,1,11.64,0,-3.2,0,-10.37
9060,302.302,red,observed,1.0,2.56,,red,1,13.83,0,-2.56,0,-10.98
9063,302.402,red,observed,1.0,2.56,,red,1,14.6,0,-2.56,0,-10.98
9066,302.502,red,observed,0.586,1.17,,red,1,13.06,0,-1.17,0,-10.84
9069,302.602,red,observed,0.693,1.39,,red,1,12.95,0,-1.39,0,-11.38
9072,302.702,red,observed,1.0,2.56,,red,1,12.62,0,-2.56,0,-11.25
9075,302.802,red,observed,1.0,2.24,,red,1,13.06,0,-2.24,0,-11.04
9078,302.903,red,observed,1.0,2.24,,red,1,12.84,0,-2.24,0,-10.77
9081,303.003,red,observed,0.746,1.49,,red,1,12.73,0,-1.49,0,-10.71
9084,303.103,red,observed,1.0,2.45,,red,1,13.39,0,-2.45,0,-11.11
9087,303.203,red,observed,1.0,2.24,,red,1,12.18,0,-2.24,0,-11.25
9090,303.303,red,observed,1.0,2.56,,red,1,12.62,0,-2.56,0,-10.77
9093,303.403,red,observed,1.0,2.77,,red,1,13.28,0,-2.77,0,-10.77
9096,303.503,red,observed,1.0,2.56,,red,1,12.29,0,-2.56,0,-11.11
9099,303.603,red,observed,0.693,1.39,,red,1,12.95,0,-1.39,0,-10.84
9102,303.703,red,observed,1.0,2.02,,red,1,12.73,0,-2.02,0,-10.71
9105,303.804,red,observed,1.0,2.34,,red,1,13.06,0,-2.34,0,-11.18
9108,303.904,red,observed,1.0,2.24,,red,1,12.73,0,-2.24,0,-10.98
9111,304.004,red,observed,1.0,2.13,,red,1,13.28,0,-2.13,0,-11.25
9114,304.104,red,observed,1.0,2.02,,red,1,14.05,0,-2.02,0,-10.98
9117,304.204,red,observed,1.0,2.24,,red,1,13.83,0,-2.24,0,-11.04
9120,304.304,red,observed,1.0,2.02,,red,1,13.5,0,-2.02,0,-10.98
9123,304.404,red,observed,1.0,2.02,,red,1,12.84,0,-2.02,0,-11.45
9126,304.504,red,observed,1.0,2.24,,red,1,12.51,0,-2.24,0,-10.77
9129,304.604,red,observed,0.959,1.92,,red,1,12.51,0,-1.92,0,-11.25
9132,304.704,red,observed,1.0,2.24,,red,1,13.72,0,-2.24,0,-10.57
9135,304.804,red,observed,1.0,2.45,,red,1,13.61,0,-2.45,0,-11.18
9138,304.905,red,observed,1.0,2.13,,red,1,14.38,0,-2.13,0,-11.04
9141,305.005,red,observed,1.0,2.77,,red,1,13.5,0,-2.77,0,-11.38
9144,305.105,red,observed,0.799,1.6,,red,1,14.05,0,-1.6,0,-11.45
9147,305.205,red,observed,1.0,2.34,,red,1,13.61,0,-2.34,0,-10.84
9150,305.305,red,observed,1.0,2.24,,red,1,13.83,0,-2.24,0,-11.04
9153,305.405,red,observed,1.0,2.13,,red,1,13.72,0,-2.13,0,-10.84
9156,305.505,red,observed,1.0,2.45,,red,1,14.82,0,-2.45,0,-10.91
9159,305.605,red,observed,1.0,2.34,,red,1,13.61,0,-2.34,0,-10.91
9162,305.705,red,observed,1.0,2.24,,red,1,13.5,0,-2.24,0,-11.45
9165,305.806,red,observed,1.0,2.34,,red,1,13.72,0,-2.34,0,-11.31
9168,305.906,red,observed,1.0,2.13,,red,1,12.95,0,-2.13,0,-10.98
9171,306.006,red,observed,1.0,2.66,,red,1,13.39,0,-2.66,0,-10.98
9174,306.106,red,observed,1.0,2.66,,red,1,12.62,0,-2.66,0,-10.84
9177,306.206,red,observed,0.799,1.6,,red,1,12.73,0,-1.6,0,-11.04
9180,306.306,red,observed,1.0,2.66,,red,1,13.39,0,-2.66,0,-10.64
9183,306.406,red,observed,1.0,2.88,,red,1,11.85,0,-2.88,0,-10.71
9186,306.506,red,observed,1.0,2.77,,red,1,12.18,0,-2.77,0,-10.71
9189,306.606,red,observed,1.0,2.77,,red,1,11.74,0,-2.77,0,-11.31
9192,306.706,red,observed,1.0,3.52,,red,1,12.51,0,-3.52,0,-11.04
9195,306.806,red,observed,1.0,2.77,,red,1,13.06,0,-2.77,0,-10.91
9198,306.907,red,observed,1.0,2.98,,red,1,11.53,0,-2.98,0,-10.98
9201,307.007,red,observed,1.0,2.77,,red,1,12.51,0,-2.77,0,-10.91
9204,307.107,red,observed,1.0,3.09,,red,1,11.64,0,-3.09,0,-11.31
9207,307.207,red,observed,1.0,3.41,,red,1,12.29,0,-3.41,0,-10.77
9210,307.307,red,observed,1.0,3.09,,red,1,11.64,0,-3.09,0,-10.71
9213,307.407,red,observed,1.0,2.88,,red,1,12.4,0,-2.88,0,-10.77
9216,307.507,red,observed,1.0,2.77,,red,1,12.07,0,-2.77,0,-10.77
9219,307.607,red,observed,0.799,1.6,,red,1,10.87,0,-1.6,0,-11.04
9222,307.707,red,observed,1.0,2.34,,red,1,12.07,0,-2.34,0,-10.57
9225,307.808,red,observed,1.0,2.24,,red,1,12.29,0,-2.24,0,-10.98
9228,307.908,red,observed,1.0,2.66,,red,1,11.74,0,-2.66,0,-11.18
9231,308.008,red,observed,1.0,2.66,,red,1,12.4,0,-2.66,0,-10.91
9234,308.108,red,observed,1.0,2.45,,red,1,12.62,0,-2.45,0,-11.18
9237,308.208,red,observed,1.0,2.98,,red,1,12.29,0,-2.98,0,-11.38
9240,308.308,red,observed,1.0,2.77,,red,1,12.4,0,-2.77,0,-11.18
9243,308.408,red,observed,1.0,2.77,,red,1,13.39,0,-2.77,0,-10.98
9246,308.508,red,observed,1.0,2.88,,red,1,13.28,0,-2.88,0,-10.91
9249,308.608,red,observed,1.0,2.88,,red,1,12.07,0,-2.88,0,-10.84
9252,308.708,red,observed,1.0,2.77,,red,1,12.18,0,-2.77,0,-11.52
9255,308.808,red,observed,1.0,3.09,,red,1,12.84,0,-3.09,0,-11.25
9258,308.909,red,observed,1.0,2.34,,red,1,14.05,0,-2.34,0,-10.77
9261,309.009,red,observed,1.0,2.34,,red,1,12.73,0,-2.34,0,-10.77
9264,309.109,red,observed,1.0,2.24,,red,1,14.38,0,-2.24,0,-10.77
9267,309.209,red,observed,1.0,2.45,,red,1,13.17,0,-2.45,0,-11.31
9270,309.309,red,observed,1.0,2.66,,red,1,13.94,0,-2.66,0,-11.18
9273,309.409,red,observed,1.0,2.34,,red,1,13.39,0,-2.34,0,-11.18
9276,309.509,red,observed,1.0,2.13,,red,1,12.62,0,-2.13,0,-11.65
9279,309.609,red,observed,1.0,2.66,,red,1,12.73,0,-2.66,0,-11.25
9282,309.709,red,observed,0.799,1.6,,red,1,11.53,0,-1.6,0,-11.52
9285,309.81,red,observed,1.0,2.88,,red,1,12.62,0,-2.88,0,-10.71
9288,309.91,red,observed,1.0,2.66,,red,1,12.18,0,-2.66,0,-10.98
9291,310.01,red,observed,1.0,2.56,,red,1,11.96,0,-2.56,0,-11.11
9294,310.11,red,observed,1.0,3.41,,red,1,12.07,0,-3.41,0,-11.38
9297,310.21,red,observed,1.0,3.2,,red,1,10.98,0,-3.2,0,-11.11
9300,310.31,red,observed,1.0,2.24,,red,1,12.84,0,-2.24,0,-10.91
9303,310.41,red,observed,1.0,2.45,,red,1,12.18,0,-2.45,0,-11.25
9306,310.51,red,observed,1.0,2.56,,red,1,11.85,0,-2.56,0,-10.64
9309,310.61,red,observed,1.0,2.77,,red,1,12.62,0,-2.77,0,-11.52
9312,310.71,red,observed,1.0,2.77,,red,1,12.51,0,-2.77,0,-10.71
9315,310.81,red,observed,1.0,2.98,,red,1,11.96,0,-2.98,0,-11.45
9318,310.911,red,observed,1.0,2.56,,red,1,13.5,0,-2.56,0,-11.04
9321,311.011,red,observed,1.0,2.45,,red,1,13.5,0,-2.45,0,-11.25
9324,311.111,red,observed,1.0,2.13,,red,1,13.28,0,-2.13,0,-11.31
9327,311.211,red,observed,1.0,2.45,,red,1,12.51,0,-2.45,0,-10.71
9330,311.311,red,observed,1.0,2.24,,red,1,12.95,0,-2.24,0,-11.04
9333,311.411,red,observed,1.0,2.34,,red,1,12.84,0,-2.34,0,-11.18
9336,311.511,red,observed,1.0,2.34,,red,1,12.84,0,-2.34,0,-11.59
9339,311.611,red,observed,0.693,1.39,,red,1,12.84,0,-1.39,0,-10.71
9342,311.711,red,observed,0.959,1.92,,red,1,12.73,0,-1.92,0,-11.11
9345,311.812,red,observed,0.852,1.7,,red,1,12.73,0,-1.7,0,-11.25
9348,311.912,red,observed,0.959,1.92,,red,1,12.95,0,-1.92,0,-10.64
9351,312.012,red,observed,0.959,1.92,,red,1,11.85,0,-1.92,0,-10.77
9354,312.112,red,observed,1.0,2.13,,red,1,11.96,0,-2.13,0,-10.77
9357,312.212,red,observed,0.959,1.92,,red,1,11.2,0,-1.92,0,-11.04
9360,312.312,red,observed,1.0,2.45,,red,1,11.96,0,-2.45,0,-11.38
9363,312.412,red,observed,1.0,2.45,,red,1,12.62,0,-2.45,0,-11.25
9366,312.512,red,observed,1.0,2.24,,red,1,13.17,0,-2.24,0,-11.04
9369,312.612,red,observed,1.0,2.34,,red,1,11.64,0,-2.34,0,-11.31
9372,312.712,red,observed,1.0,2.34,,red,1,12.07,0,-2.34,0,-11.25
9375,312.812,red,observed,1.0,2.24,,red,1,12.18,0,-2.24,0,-10.64
9378,312.913,red,observed,1.0,2.88,,red,1,11.85,0,-2.88,0,-11.25
9381,313.013,red,observed,0.959,1.92,,red,1,11.31,0,-1.92,0,-10.98
9384,313.113,red,observed,0.959,1.92,,red,1,11.96,0,-1.92,0,-10.84
9387,313.213,red,observed,1.0,2.24,,red,1,11.74,0,-2.24,0,-10.91
9390,313.313,red,observed,1.0,2.56,,red,1,12.29,0,-2.56,0,-11.11
9393,313.413,red,observed,1.0,2.66,,red,1,12.95,0,-2.66,0,-11.04
9396,313.513,red,observed,1.0,2.66,,red,1,11.96,0,-2.66,0,-11.11
9399,313.613,red,observed,1.0,2.66,,red,1,12.18,0,-2.66,0,-10.64
9402,313.713,red,observed,1.0,2.34,,red,1,11.96,0,-2.34,0,-10.64
9405,313.814,red,observed,1.0,2.56,,red,1,11.53,0,-2.56,0,-10.71
9408,313.914,red,observed,1.0,2.02,,red,1,11.85,0,-2.02,0,-11.25
9411,314.014,red,observed,0.959,1.92,,red,1,11.74,0,-1.92,0,-10.77
9414,314.114,red,observed,0.799,1.6,,red,1,10.43,0,-1.6,0,-11.99
9417,314.214,red,observed,1.0,3.94,,red,1,10.43,0,-3.94,0,-11.31
9420,314.314,red,observed,1.0,2.88,,red,1,10.43,0,-2.88,0,-11.11
9423,314.414,red,observed,1.0,2.77,,red,1,13.17,0,-2.77,0,-10.91
9426,314.514,red,observed,1.0,2.45,,red,1,11.74,0,-2.45,0,-11.04
9429,314.614,red,observed,1.0,2.66,,red,1,10.1,0,-2.66,0,-11.04
9432,314.714,red,observed,1.0,2.77,,red,1,10.54,0,-2.77,0,-11.31
9435,314.814,red,observed,1.0,2.66,,red,1,11.64,0,-2.66,0,-10.91
9438,314.915,red,observed,1.0,2.24,,red,1,12.4,0,-2.24,0,-11.38
9441,315.015,red,observed,0.959,1.92,,red,1,11.74,0,-1.92,0,-11.45
9444,315.115,red,observed,1.0,2.13,,red,1,13.17,0,-2.13,0,-11.45
9447,315.215,red,observed,1.0,2.24,,red,1,11.85,0,-2.24,0,-11.59
9450,315.315,red,observed,1.0,2.77,,red,1,11.64,0,-2.77,0,-11.38
9453,315.415,red,observed,1.0,2.66,,red,1,12.18,0,-2.66,0,-11.31
9456,315.515,red,observed,1.0,2.56,,red,1,11.85,0,-2.56,0,-11.11
9459,315.615,red,observed,1.0,2.88,,red,1,12.73,0,-2.88,0,-11.18
9462,315.715,red,observed,1.0,2.56,,red,1,10.87,0,-2.56,0,-10.91
9465,315.816,red,observed,1.0,2.66,,red,1,12.07,0,-2.66,0,-11.04
9468,315.916,red,observed,1.0,2.56,,red,1,11.85,0,-2.56,0,-11.11
9471,316.016,red,observed,1.0,2.13,,red,1,12.51,0,-2.13,0,-10.91
9474,316.116,red,observed,1.0,2.77,,red,1,11.64,0,-2.77,0,-10.77
9477,316.216,red,observed,1.0,2.02,,red,1,11.96,0,-2.02,0,-10.84
9480,316.316,red,observed,1.0,2.88,,red,1,11.85,0,-2.88,0,-10.98
9483,316.416,red,observed,1.0,2.02,,red,1,11.42,0,-2.02,0,-11.04
9486,316.516,red,observed,1.0,2.02,,red,1,12.51,0,-2.02,0,-11.11
9489,316.616,red,observed,1.0,2.02,,red,1,12.29,0,-2.02,0,-11.25
9492,316.716,red,observed,1.0,2.77,,red,1,10.76,0,-2.77,0,-11.25
9495,316.816,red,observed,1.0,3.2,,red,1,10.98,0,-3.2,0,-10.84
9498,316.917,red,observed,1.0,2.13,,red,1,12.4,0,-2.13,0,-11.52
9501,317.017,red,observed,1.0,3.2,,red,1,12.51,0,-3.2,0,-11.04
9504,317.117,red,observed,1.0,2.56,,red,1,11.53,0,-2.56,0,-11.18
9507,317.217,red,observed,1.0,2.24,,red,1,12.29,0,-2.24,0,-10.98
9510,317.317,red,observed,1.0,2.02,,red,1,12.29,0,-2.02,0,-11.45
9513,317.417,red,observed,1.0,2.98,,red,1,11.53,0,-2.98,0,-10.84
9516,317.517,red,observed,1.0,2.56,,red,1,12.62,0,-2.56,0,-11.11
9519,317.617,red,observed,1.0,2.34,,red,1,12.73,0,-2.34,0,-10.98
9522,317.717,red,observed,1.0,2.56,,red,1,12.4,0,-2.56,0,-10.98
9525,317.818,red,observed,1.0,2.66,,red,1,11.96,0,-2.66,0,-11.04
9528,317.918,red,observed,0.693,1.39,,red,1,13.06,0,-1.39,0,-10.71
9531,318.018,red,observed,1.0,2.66,,red,1,12.62,0,-2.66,0,-11.04
9534,318.118,red,observed,0.799,1.6,,red,1,11.85,0,-1.6,0,-10.91
9537,318.218,red,observed,1.0,2.66,,red,1,12.29,0,-2.66,0,-11.11
9540,318.318,red,observed,1.0,3.84,,red,1,13.06,0,-3.84,0,-11.11
9543,318.418,red,observed,1.0,2.02,,red,1,12.29,0,-2.02,0,-10.64
9546,318.518,red,observed,0.746,1.49,,red,1,11.42,0,-1.49,0,-10.84
9549,318.618,red,observed,1.0,2.34,,red,1,11.96,0,-2.34,0,-11.04
9552,318.718,red,observed,1.0,3.3,,red,1,11.64,0,-3.3,0,-11.04
9555,318.818,red,observed,1.0,3.09,,red,1,11.2,0,-3.09,0,-11.31
9558,318.919,red,observed,1.0,2.66,,red,1,12.29,0,-2.66,0,-11.25
9561,319.019,red,observed,1.0,2.88,,red,1,11.96,0,-2.88,0,-10.71
9564,319.119,red,observed,1.0,2.66,,red,1,13.06,0,-2.66,0,-11.31
9567,319.219,red,observed,1.0,2.98,,red,1,12.51,0,-2.98,0,-10.37
9570,319.319,red,observed,1.0,2.24,,red,1,12.62,0,-2.24,0,-10.98
9573,319.419,red,observed,1.0,2.24,,red,1,11.96,0,-2.24,0,-10.77
9576,319.519,red,observed,1.0,2.34,,red,1,13.06,0,-2.34,0,-10.57
9579,319.619,red,observed,1.0,2.45,,red,1,12.51,0,-2.45,0,-10.71
9582,319.719,red,observed,1.0,2.34,,red,1,11.96,0,-2.34,0,-10.71
9585,319.82,red,observed,1.0,2.77,,red,1,11.42,0,-2.77,0,-11.18
9588,319.92,red,observed,1.0,3.2,,red,1,13.28,0,-3.2,0,-11.72
9591,320.02,red,observed,0.959,1.92,,red,1,12.73,0,-1.92,0,-11.52
9594,320.12,red,observed,1.0,2.45,,red,1,13.28,0,-2.45,0,-11.31
9597,320.22,red,observed,1.0,2.56,,red,1,13.39,0,-2.56,0,-11.31
9600,320.32,red,observed,1.0,2.77,,red,1,11.53,0,-2.77,0,-10.77
9603,320.42,red,observed,1.0,2.88,,red,1,12.84,0,-2.88,0,-10.64
9606,320.52,red,observed,1.0,2.45,,red,1,12.84,0,-2.45,0,-10.91
9609,320.62,red,observed,1.0,3.2,,red,1,12.95,0,-3.2,0,-11.11
9612,320.72,red,observed,1.0,2.88,,red,1,11.96,0,-2.88,0,-11.18
9615,320.82,red,observed,1.0,3.2,,red,1,13.83,0,-3.2,0,-11.59
9618,320.921,red,observed,1.0,2.66,,red,1,12.73,0,-2.66,0,-10.84
9621,321.021,red,observed,1.0,3.41,,red,1,12.07,0,-3.41,0,-11.18
9624,321.121,red,observed,1.0,3.41,,red,1,12.73,0,-3.41,0,-10.98
9627,321.221,red,observed,1.0,2.77,,red,1,12.18,0,-2.77,0,-10.57
9630,321.321,red,observed,1.0,3.09,,red,1,12.73,0,-3.09,0,-10.64
9633,321.421,red,observed,1.0,2.24,,red,1,13.06,0,-2.24,0,-10.91
9636,321.521,red,observed,1.0,2.34,,red,1,12.84,0,-2.34,0,-10.91
9639,321.621,red,observed,1.0,2.45,,red,1,13.06,0,-2.45,0,-10.71
9642,321.721,red,observed,1.0,2.66,,red,1,12.95,0,-2.66,0,-10.1
9645,321.822,red,observed,1.0,3.2,,red,1,12.95,0,-3.2,0,-11.31
9648,321.922,red,observed,1.0,3.3,,red,1,12.73,0,-3.3,0,-11.38
9651,322.022,red,observed,1.0,2.88,,red,1,13.17,0,-2.88,0,-11.31
9654,322.122,red,observed,1.0,3.3,,red,1,13.5,0,-3.3,0,-11.18
9657,322.222,red,observed,1.0,2.77,,red,1,13.06,0,-2.77,0,-11.25
9660,322.322,red,observed,1.0,2.02,,red,1,12.07,0,-2.02,0,-11.18
9663,322.422,red,observed,0.959,1.92,,red,1,12.62,0,-1.92,0,-10.98
9666,322.522,red,observed,0.906,1.81,,red,1,13.83,0,-1.81,0,-10.84
9669,322.622,red,observed,0.906,1.81,,red,1,13.61,0,-1.81,0,-11.31
9672,322.722,red,observed,1.0,2.34,,red,1,13.94,0,-2.34,0,-11.65
9675,322.822,red,observed,1.0,3.09,,red,1,14.71,0,-3.09,0,-11.18
9678,322.923,red,observed,1.0,2.88,,red,1,13.28,0,-2.88,0,-11.52
9681,323.023,red,observed,0.906,1.81,,red,1,12.84,0,-1.81,0,-11.45
9684,323.123,red,observed,1.0,2.13,,red,1,13.72,0,-2.13,0,-11.04
9687,323.223,red,observed,0.959,1.92,,red,1,13.94,0,-1.92,0,-11.11
9690,323.323,red,observed,1.0,2.24,,red,1,13.28,0,-2.24,0,-11.11
9693,323.423,red,observed,1.0,2.34,,red,1,13.72,0,-2.34,0,-11.11
9696,323.523,red,observed,1.0,2.34,,red,1,13.72,0,-2.34,0,-10.84
9699,323.623,red,observed,1.0,2.34,,red,1,12.84,0,-2.34,0,-11.18
9702,323.723,red,observed,1.0,2.34,,red,1,13.39,0,-2.34,0,-10.91
9705,323.824,red,observed,0.746,1.49,,red,1,13.17,0,-1.49,0,-11.04
9708,323.924,red,observed,0.852,1.7,,red,1,14.05,0,-1.7,0,-10.98
9711,324.024,red,low_confidence,0.48,0.96,lamp_near_threshold,red,1,13.83,0,-0.96,0,-11.86
9714,324.124,red,observed,1.0,2.02,,red,1,12.51,0,-2.02,0,-11.18
9717,324.224,red,observed,1.0,2.13,,red,1,13.72,0,-2.13,0,-10.98
9720,324.324,red_amber,observed,1.0,2.56,,red_amber,1,12.29,1,2.56,0,-11.11
9723,324.424,red_amber,observed,0.693,1.39,,red_amber,1,12.18,1,1.39,0,-11.18
9726,324.524,red_amber,observed,0.799,1.6,,red_amber,1,12.84,1,1.6,0,-11.25
9729,324.624,red_amber,observed,1.0,2.88,,red_amber,1,12.95,1,2.88,0,-10.71
9732,324.724,red_amber,observed,0.959,1.92,,red_amber,1,14.16,1,1.92,0,-10.57
9735,324.824,red_amber,observed,1.0,3.3,,red_amber,1,13.83,1,3.3,0,-11.31
9738,324.925,red_amber,observed,1.0,2.34,,red_amber,1,12.95,1,2.34,0,-10.5
9741,325.025,red_amber,observed,1.0,2.56,,red_amber,1,11.85,1,2.56,0,-10.98
9744,325.125,red_amber,observed,0.906,1.81,,red_amber,1,12.73,1,1.81,0,-11.04
9747,325.225,red_amber,observed,0.906,1.81,,red_amber,1,12.84,1,1.81,0,-11.04
9750,325.325,red_amber,observed,1.0,2.34,,red_amber,1,11.74,1,2.34,0,-10.91
9753,325.425,red_amber,observed,1.0,2.02,,red_amber,1,12.62,1,2.02,0,-11.04
9756,325.525,red_amber,observed,1.0,2.45,,red_amber,1,12.84,1,2.45,0,-10.77
9759,325.625,red_amber,low_confidence,0.373,0.75,lamp_near_threshold,red_amber,1,12.51,1,0.75,0,-10.77
9762,325.725,red_amber,observed,1.0,2.45,,red_amber,1,12.95,1,2.45,0,-10.71
9765,325.826,unknown,occluded,0.0,0.75,occluded,occluded,1,13.39,1,0.75,0,-11.65
9768,325.926,unknown,occluded,0.0,1.81,occluded,occluded,1,12.73,1,1.81,0,-11.52
9771,326.026,unknown,occluded,0.0,2.45,occluded,occluded,1,13.39,1,2.45,0,-10.84
9774,326.126,unknown,occluded,0.0,2.34,occluded,occluded,1,11.42,1,2.34,0,-11.25
9777,326.226,unknown,occluded,0.0,2.56,occluded,occluded,1,11.42,1,2.56,0,-10.5
9780,326.326,unknown,occluded,0.0,2.34,occluded,occluded,1,10.87,1,2.34,0,-10.98
9783,326.426,unknown,occluded,0.0,2.45,occluded,occluded,1,12.51,1,2.45,0,-11.18
9786,326.526,unknown,occluded,0.0,2.66,occluded,occluded,1,11.64,1,2.66,0,-11.04
9789,326.626,unknown,occluded,0.0,2.66,occluded,occluded,1,12.4,1,2.66,0,-10.57
9792,326.726,unknown,occluded,0.0,2.24,occluded,occluded,1,12.95,1,2.24,0,-10.98
9795,326.826,unknown,occluded,0.0,2.24,occluded,occluded,1,11.09,1,2.24,0,-10.91
9798,326.927,unknown,occluded,0.0,2.13,occluded,occluded,1,12.18,1,2.13,0,-10.98
9801,327.027,unknown,occluded,0.0,1.6,occluded,occluded,1,11.85,1,1.6,0,-10.84
9804,327.127,unknown,occluded,0.0,0.64,occluded,occluded,1,12.07,1,0.64,0,-11.04
9807,327.227,unknown,occluded,0.0,1.7,occluded,occluded,1,11.85,1,1.7,0,-11.31
9810,327.327,green,observed,1.0,2.66,,green,0,-11.31,0,-2.66,1,8.81
9813,327.427,green,observed,1.0,2.66,,green,0,-11.96,0,-2.66,1,9.69
9816,327.527,green,observed,1.0,2.02,,green,0,-12.4,0,-2.02,1,9.69
9819,327.627,green,observed,1.0,3.3,,green,0,-13.5,0,-3.3,1,9.42
9822,327.727,green,observed,1.0,2.98,,green,0,-13.83,0,-2.98,1,9.21
9825,327.828,green,observed,0.906,1.81,,green,0,-13.83,0,-1.81,1,9.55
9828,327.928,green,observed,1.0,2.77,,green,0,-13.39,0,-2.77,1,9.42
9831,328.028,green,observed,1.0,2.88,,green,0,-13.83,0,-2.88,1,8.6
9834,328.128,green,observed,1.0,2.88,,green,0,-13.61,0,-2.88,1,8.54
9837,328.228,green,observed,1.0,3.09,,green,0,-13.94,0,-3.09,1,8.94
9840,328.328,green,observed,1.0,2.34,,green,0,-13.17,0,-2.34,1,9.28
9843,328.428,green,observed,1.0,2.34,,green,0,-13.5,0,-2.34,1,9.69
9846,328.528,green,observed,1.0,2.02,,green,0,-13.83,0,-2.02,1,8.94
9849,328.628,green,observed,1.0,2.02,,green,0,-13.17,0,-2.02,1,8.33
9852,328.728,green,observed,1.0,2.24,,green,0,-13.83,0,-2.24,1,9.28
9855,328.828,green,observed,0.959,1.92,,green,0,-13.06,0,-1.92,1,9.49
9858,328.929,green,observed,1.0,2.34,,green,0,-13.72,0,-2.34,1,9.96
9861,329.029,green,observed,1.0,2.45,,green,0,-13.28,0,-2.45,1,10.43
9864,329.129,green,observed,1.0,2.24,,green,0,-13.83,0,-2.24,1,10.5
9867,329.229,green,observed,0.906,1.81,,green,0,-13.83,0,-1.81,1,10.64
9870,329.329,green,observed,0.852,1.7,,green,0,-12.84,0,-1.7,1,9.96
9873,329.429,green,observed,1.0,2.66,,green,0,-13.06,0,-2.66,1,10.77
9876,329.529,green,observed,0.852,1.7,,green,0,-12.51,0,-1.7,1,10.77
9879,329.629,green,observed,1.0,3.09,,green,0,-13.06,0,-3.09,1,10.64
9882,329.729,green,observed,1.0,2.02,,green,0,-13.72,0,-2.02,1,10.64
9885,329.83,green,observed,0.852,1.7,,green,0,-13.39,0,-1.7,1,10.64
9888,329.93,green,observed,0.533,1.07,,green,0,-12.4,0,-1.07,1,10.43
9891,330.03,green,observed,1.0,2.77,,green,0,-13.5,0,-2.77,1,10.57
9894,330.13,green,observed,1.0,2.45,,green,0,-12.51,0,-2.45,1,11.38
9897,330.23,green,observed,0.693,1.39,,green,0,-12.84,0,-1.39,1,11.38
9900,330.33,green,observed,1.0,2.66,,green,0,-13.5,0,-2.66,1,11.11
9903,330.43,green,observed,1.0,2.56,,green,0,-13.72,0,-2.56,1,10.3
9906,330.53,green,observed,1.0,2.88,,green,0,-12.73,0,-2.88,1,10.64
9909,330.63,green,observed,0.746,1.49,,green,0,-13.28,0,-1.49,1,10.77
9912,330.73,green,observed,0.959,1.92,,green,0,-13.28,0,-1.92,1,11.18
9915,330.83,green,observed,1.0,2.77,,green,0,-13.17,0,-2.77,1,10.23
9918,330.931,green,observed,1.0,2.24,,green,0,-13.28,0,-2.24,1,11.25
9921,331.031,green,observed,1.0,2.24,,green,0,-13.61,0,-2.24,1,10.71
9924,331.131,green,observed,0.639,1.28,,green,0,-13.72,0,-1.28,1,11.04
9927,331.231,green,observed,1.0,2.98,,green,0,-14.38,0,-2.98,1,11.25
9930,331.331,green,observed,1.0,2.45,,green,0,-13.94,0,-2.45,1,11.52
9933,331.431,green,observed,1.0,2.13,,green,0,-13.17,0,-2.13,1,11.65
9936,331.531,green,observed,1.0,2.02,,green,0,-13.39,0,-2.02,1,12.13
9939,331.631,green,observed,1.0,2.45,,green,0,-13.17,0,-2.45,1,11.04
9942,331.731,green,observed,1.0,2.66,,green,0,-14.16,0,-2.66,1,10.91
9945,331.832,green,observed,1.0,2.66,,green,0,-14.16,0,-2.66,1,11.65
9948,331.932,green,low_confidence,0.373,0.75,lamp_near_threshold,green,0,-13.83,0,-0.75,1,11.04
9951,332.032,green,observed,1.0,2.56,,green,0,-13.28,0,-2.56,1,11.65
9954,332.132,green,observed,1.0,2.24,,green,0,-12.73,0,-2.24,1,9.69
9957,332.232,green,observed,0.746,1.49,,green,0,-13.83,0,-1.49,1,11.86
9960,332.332,green,observed,1.0,2.34,,green,0,-13.94,0,-2.34,1,11.11
9963,332.432,green,low_confidence,0.426,0.85,lamp_near_threshold,green,0,-13.94,0,-0.85,1,11.65
9966,332.532,green,observed,1.0,2.66,,green,0,-13.39,0,-2.66,1,11.18
9969,332.632,green,observed,1.0,2.13,,green,0,-13.61,0,-2.13,1,11.04
9972,332.732,green,observed,1.0,2.34,,green,0,-13.5,0,-2.34,1,11.18
9975,332.832,green,observed,0.799,1.6,,green,0,-12.84,0,-1.6,1,10.84
9978,332.933,green,observed,1.0,2.24,,green,0,-13.94,0,-2.24,1,10.91
9981,333.033,green,observed,1.0,2.45,,green,0,-13.83,0,-2.45,1,10.91
9984,333.133,green,observed,1.0,2.45,,green,0,-13.5,0,-2.45,1,10.5
9987,333.233,green,observed,1.0,2.24,,green,0,-12.95,0,-2.24,1,11.52
9990,333.333,green,observed,1.0,4.05,,green,0,-13.61,0,-4.05,1,10.91
9993,333.433,green,observed,1.0,2.45,,green,0,-13.61,0,-2.45,1,11.31
9996,333.533,green,observed,1.0,2.77,,green,0,-13.83,0,-2.77,1,11.31
9999,333.633,green,observed,1.0,2.02,,green,0,-13.83,0,-2.02,1,11.59
10002,333.733,green,observed,1.0,2.56,,green,0,-13.39,0,-2.56,1,11.31
10005,333.834,green,observed,1.0,2.56,,green,0,-13.61,0,-2.56,1,11.38
10008,333.934,green,observed,1.0,2.02,,green,0,-13.83,0,-2.02,1,9.62
10011,334.034,green,observed,0.852,1.7,,green,0,-13.72,0,-1.7,1,10.5
10014,334.134,green,observed,1.0,3.09,,green,0,-14.16,0,-3.09,1,10.57
10017,334.234,green,observed,1.0,2.45,,green,0,-13.5,0,-2.45,1,11.25
10020,334.334,green,observed,1.0,2.77,,green,0,-13.06,0,-2.77,1,10.16
10023,334.434,green,observed,1.0,2.45,,green,0,-13.5,0,-2.45,1,10.03
10026,334.534,green,observed,1.0,2.45,,green,0,-13.28,0,-2.45,1,10.5
10029,334.634,green,observed,1.0,2.88,,green,0,-13.72,0,-2.88,1,10.64
10032,334.734,green,observed,1.0,2.88,,green,0,-13.28,0,-2.88,1,10.64
10035,334.834,green,observed,1.0,2.56,,green,0,-12.84,0,-2.56,1,10.23
10038,334.935,green,observed,1.0,3.3,,green,0,-13.28,0,-3.3,1,10.57
10041,335.035,green,observed,1.0,3.2,,green,0,-13.72,0,-3.2,1,10.3
10044,335.135,green,observed,0.959,1.92,,green,0,-13.83,0,-1.92,1,10.91
10047,335.235,green,observed,1.0,2.45,,green,0,-13.72,0,-2.45,1,9.89
10050,335.335,green,observed,1.0,3.09,,green,0,-13.61,0,-3.09,1,10.1
10053,335.435,green,observed,1.0,3.3,,green,0,-13.83,0,-3.3,1,10.16
10056,335.535,green,observed,1.0,2.56,,green,0,-14.05,0,-2.56,1,9.62
10059,335.635,green,observed,1.0,2.45,,green,0,-13.94,0,-2.45,1,10.1
10062,335.735,green,observed,0.906,1.81,,green,0,-13.5,0,-1.81,1,10.43
10065,335.836,green,observed,0.852,1.7,,green,0,-14.16,0,-1.7,1,9.82
10068,335.936,green,observed,1.0,2.77,,green,0,-14.38,0,-2.77,1,10.3
10071,336.036,green,observed,1.0,2.98,,green,0,-13.83,0,-2.98,1,9.62
10074,336.136,green,observed,1.0,2.45,,green,0,-14.6,0,-2.45,1,10.03
10077,336.236,green,observed,1.0,2.66,,green,0,-13.61,0,-2.66,1,9.42
10080,336.336,green,observed,0.959,1.92,,green,0,-13.5,0,-1.92,1,9.49
10083,336.436,green,observed,0.959,1.92,,green,0,-13.72,0,-1.92,1,8.94
10086,336.536,green,observed,1.0,2.24,,green,0,-13.72,0,-2.24,1,10.71
10089,336.636,green,observed,1.0,2.34,,green,0,-13.17,0,-2.34,1,10.64
10092,336.736,green,observed,1.0,2.45,,green,0,-13.06,0,-2.45,1,10.3
10095,336.836,green,observed,1.0,2.13,,green,0,-13.5,0,-2.13,1,9.69
10098,336.937,green,low_confidence,0.48,0.96,lamp_near_threshold,green,0,-12.95,0,-0.96,1,10.16
10101,337.037,green,observed,1.0,2.77,,green,0,-13.5,0,-2.77,1,10.43
10104,337.137,green,observed,0.852,1.7,,green,0,-13.39,0,-1.7,1,10.03
10107,337.237,green,observed,0.746,1.49,,green,0,-13.28,0,-1.49,1,9.42
10110,337.337,green,observed,0.799,1.6,,green,0,-14.49,0,-1.6,1,9.62
10113,337.437,green,observed,1.0,2.02,,green,0,-13.94,0,-2.02,1,9.69
10116,337.537,green,observed,1.0,2.02,,green,0,-13.5,0,-2.02,1,9.82
10119,337.637,green,observed,0.799,1.6,,green,0,-12.51,0,-1.6,1,9.69
10122,337.737,green,observed,0.959,1.92,,green,0,-13.61,0,-1.92,1,9.28
10125,337.838,green,observed,1.0,2.24,,green,0,-13.94,0,-2.24,1,9.76
10128,337.938,green,observed,0.906,1.81,,green,0,-12.95,0,-1.81,1,8.81
10131,338.038,green,observed,1.0,2.13,,green,0,-14.05,0,-2.13,1,9.21
10134,338.138,green,observed,1.0,2.45,,green,0,-13.06,0,-2.45,1,9.89
10137,338.238,green,observed,1.0,2.98,,green,0,-14.16,0,-2.98,1,9.15
10140,338.338,green,observed,1.0,2.98,,green,0,-13.83,0,-2.98,1,9.96
10143,338.438,green,observed,0.906,1.81,,green,0,-13.94,0,-1.81,1,9.96
10146,338.538,green,observed,1.0,2.45,,green,0,-13.61,0,-2.45,1,10.77
10149,338.638,green,observed,1.0,2.34,,green,0,-13.28,0,-2.34,1,10.57
10152,338.738,green,observed,1.0,2.77,,green,0,-13.94,0,-2.77,1,10.71
10155,338.838,green,observed,1.0,2.56,,green,0,-13.61,0,-2.56,1,11.11
10158,338.939,green,observed,1.0,2.88,,green,0,-13.28,0,-2.88,1,10.37
10161,339.039,green,observed,0.959,1.92,,green,0,-13.39,0,-1.92,1,10.5
10164,339.139,green,observed,1.0,2.13,,green,0,-13.39,0,-2.13,1,9.96
10167,339.239,green,observed,1.0,2.56,,green,0,-14.49,0,-2.56,1,10.16
10170,339.339,green,observed,1.0,3.2,,green,0,-15.04,0,-3.2,1,10.43
10173,339.439,green,observed,1.0,2.02,,green,0,-13.61,0,-2.02,1,10.77
10176,339.539,green,observed,1.0,3.84,,green,0,-12.73,0,-3.84,1,10.98
10179,339.639,green,observed,1.0,3.09,,green,0,-12.62,0,-3.09,1,10.23
10182,339.739,green,observed,1.0,2.24,,green,0,-13.17,0,-2.24,1,10.3
10185,339.84,green,observed,1.0,2.24,,green,0,-12.29,0,-2.24,1,11.18
10188,339.94,green,observed,1.0,3.73,,green,0,-12.73,0,-3.73,1,11.25
10191,340.04,green,observed,1.0,3.2,,green,0,-13.5,0,-3.2,1,10.64
10194,340.14,green,observed,1.0,2.34,,green,0,-13.39,0,-2.34,1,11.52
10197,340.24,green,observed,1.0,2.24,,green,0,-13.94,0,-2.24,1,11.45
