frame,t_sec,state,observation,confidence,margin_sd,reason,v3_label,red_on,red_z,green_on,green_z
0,0.0,unknown,occluded,0.0,16.07,occluded,occluded,0,-31.86,0,-16.07
3,0.1,red,observed,1.0,15.69,,red,1,22.03,0,-15.69
6,0.2,red,observed,1.0,15.54,,red,1,23.28,0,-15.54
9,0.3,red,observed,1.0,15.62,,red,1,21.72,0,-15.62
12,0.4,red,observed,1.0,15.69,,red,1,23.9,0,-15.69
15,0.501,red,observed,1.0,15.77,,red,1,21.52,0,-15.77
18,0.601,red,observed,1.0,15.84,,red,1,21.93,0,-15.84
21,0.701,red,observed,1.0,15.69,,red,1,22.76,0,-15.69
24,0.801,red,observed,1.0,15.69,,red,1,21.83,0,-15.69
27,0.901,red,observed,1.0,16.52,,red,1,23.69,0,-16.52
30,1.001,red,observed,1.0,15.62,,red,1,22.86,0,-15.62
33,1.101,red,observed,1.0,15.47,,red,1,21.83,0,-15.47
36,1.201,red,observed,1.0,15.69,,red,1,23.79,0,-15.69
39,1.301,red,observed,1.0,15.84,,red,1,22.96,0,-15.84
42,1.401,red,observed,1.0,15.69,,red,1,23.38,0,-15.69
45,1.502,red,observed,1.0,15.62,,red,1,22.65,0,-15.62
48,1.602,red,observed,1.0,15.54,,red,1,22.14,0,-15.54
51,1.702,red,observed,1.0,15.39,,red,1,22.65,0,-15.39
54,1.802,red,observed,1.0,15.84,,red,1,22.55,0,-15.84
57,1.902,red,observed,1.0,16.07,,red,1,22.24,0,-16.07
60,2.002,red,observed,1.0,15.32,,red,1,21.52,0,-15.32
63,2.102,red,observed,1.0,15.17,,red,1,22.03,0,-15.17
66,2.202,red,observed,1.0,15.92,,red,1,21.31,0,-15.92
69,2.302,red,observed,1.0,16.22,,red,1,22.03,0,-16.22
72,2.402,red,observed,1.0,15.77,,red,1,22.03,0,-15.77
75,2.502,red,observed,1.0,15.84,,red,1,21.72,0,-15.84
78,2.603,red,observed,1.0,15.99,,red,1,22.14,0,-15.99
81,2.703,red,observed,1.0,15.24,,red,1,21.52,0,-15.24
84,2.803,red,observed,1.0,15.47,,red,1,23.69,0,-15.47
87,2.903,red,observed,1.0,15.84,,red,1,21.83,0,-15.84
90,3.003,red,observed,1.0,15.92,,red,1,22.45,0,-15.92
93,3.103,red,observed,1.0,15.77,,red,1,22.24,0,-15.77
96,3.203,red,observed,1.0,15.77,,red,1,23.48,0,-15.77
99,3.303,red,observed,1.0,15.84,,red,1,23.28,0,-15.84
102,3.403,red,observed,1.0,16.44,,red,1,23.17,0,-16.44
105,3.504,red,observed,1.0,15.77,,red,1,24.52,0,-15.77
108,3.604,red,observed,1.0,16.14,,red,1,22.55,0,-16.14
111,3.704,red,observed,1.0,16.37,,red,1,22.86,0,-16.37
114,3.804,red,observed,1.0,16.07,,red,1,23.69,0,-16.07
117,3.904,red,observed,1.0,16.44,,red,1,23.28,0,-16.44
120,4.004,red,observed,1.0,16.14,,red,1,22.24,0,-16.14
123,4.104,red,observed,1.0,15.69,,red,1,22.14,0,-15.69
126,4.204,red,observed,1.0,15.32,,red,1,22.76,0,-15.32
129,4.304,red,observed,1.0,15.47,,red,1,22.14,0,-15.47
132,4.404,red,observed,1.0,15.69,,red,1,23.38,0,-15.69
135,4.504,red,observed,1.0,15.69,,red,1,21.83,0,-15.69
138,4.605,red,observed,1.0,15.62,,red,1,22.03,0,-15.62
141,4.705,red,observed,1.0,15.54,,red,1,20.69,0,-15.54
144,4.805,red,observed,1.0,15.69,,red,1,21.21,0,-15.69
147,4.905,red,observed,1.0,15.32,,red,1,22.45,0,-15.32
150,5.005,red,observed,1.0,15.77,,red,1,22.76,0,-15.77
153,5.105,red,observed,1.0,15.92,,red,1,22.76,0,-15.92
156,5.205,red,observed,1.0,15.99,,red,1,23.28,0,-15.99
159,5.305,red,observed,1.0,14.94,,red,1,22.76,0,-14.94
162,5.405,red,observed,1.0,15.62,,red,1,23.79,0,-15.62
165,5.506,red,observed,1.0,15.17,,red,1,23.69,0,-15.17
168,5.606,red,observed,1.0,15.77,,red,1,22.24,0,-15.77
171,5.706,red,observed,1.0,15.84,,red,1,22.14,0,-15.84
174,5.806,red,observed,1.0,15.84,,red,1,22.96,0,-15.84
177,5.906,red,observed,1.0,15.77,,red,1,23.48,0,-15.77
180,6.006,red,observed,1.0,15.69,,red,1,22.76,0,-15.69
183,6.106,red,observed,1.0,15.17,,red,1,22.96,0,-15.17
186,6.206,red,observed,1.0,15.77,,red,1,23.17,0,-15.77
189,6.306,red,observed,1.0,15.62,,red,1,23.48,0,-15.62
192,6.406,red,observed,1.0,15.47,,red,1,23.07,0,-15.47
195,6.506,red,observed,1.0,15.77,,red,1,23.79,0,-15.77
198,6.607,red,observed,1.0,15.77,,red,1,23.07,0,-15.77
201,6.707,red,observed,1.0,15.69,,red,1,23.28,0,-15.69
204,6.807,red,observed,1.0,15.47,,red,1,22.45,0,-15.47
207,6.907,red,observed,1.0,15.54,,red,1,23.48,0,-15.54
210,7.007,red,observed,1.0,15.39,,red,1,22.14,0,-15.39
213,7.107,red,observed,1.0,15.09,,red,1,23.48,0,-15.09
216,7.207,red,observed,1.0,16.07,,red,1,23.48,0,-16.07
219,7.307,red,observed,1.0,15.47,,red,1,23.38,0,-15.47
222,7.407,red,observed,1.0,15.62,,red,1,22.24,0,-15.62
225,7.508,red,observed,1.0,15.54,,red,1,23.07,0,-15.54
228,7.608,red,observed,1.0,15.69,,red,1,23.17,0,-15.69
231,7.708,red,observed,1.0,15.69,,red,1,23.07,0,-15.69
234,7.808,red,observed,1.0,15.39,,red,1,24.72,0,-15.39
237,7.908,red,observed,1.0,15.54,,red,1,23.79,0,-15.54
240,8.008,red,observed,1.0,15.32,,red,1,24.0,0,-15.32
243,8.108,red,observed,1.0,15.54,,red,1,23.79,0,-15.54
246,8.208,red,observed,1.0,15.32,,red,1,23.48,0,-15.32
249,8.308,red,observed,1.0,15.17,,red,1,23.07,0,-15.17
252,8.408,red,observed,1.0,15.99,,red,1,22.65,0,-15.99
255,8.508,red,observed,1.0,16.37,,red,1,23.59,0,-16.37
258,8.609,red,observed,1.0,16.07,,red,1,23.59,0,-16.07
261,8.709,red,observed,1.0,15.54,,red,1,23.9,0,-15.54
264,8.809,red,observed,1.0,15.62,,red,1,22.34,0,-15.62
267,8.909,red,observed,1.0,15.77,,red,1,22.96,0,-15.77
270,9.009,red,observed,1.0,15.62,,red,1,23.9,0,-15.62
273,9.109,red,observed,1.0,15.92,,red,1,22.76,0,-15.92
276,9.209,red,observed,1.0,15.84,,red,1,23.69,0,-15.84
279,9.309,red,observed,1.0,15.92,,red,1,23.17,0,-15.92
282,9.409,red,observed,1.0,15.69,,red,1,23.28,0,-15.69
285,9.51,red,observed,1.0,15.77,,red,1,22.86,0,-15.77
288,9.61,red,observed,1.0,15.84,,red,1,21.72,0,-15.84
291,9.71,red,observed,1.0,15.62,,red,1,22.45,0,-15.62
294,9.81,red,observed,1.0,15.69,,red,1,22.65,0,-15.69
297,9.91,red,observed,1.0,15.84,,red,1,22.34,0,-15.84
300,10.01,red,observed,1.0,15.84,,red,1,22.96,0,-15.84
303,10.11,red,observed,1.0,15.24,,red,1,23.59,0,-15.24
306,10.21,red,observed,1.0,16.22,,red,1,23.69,0,-16.22
309,10.31,red,observed,1.0,15.84,,red,1,22.45,0,-15.84
312,10.41,red,observed,1.0,15.99,,red,1,22.24,0,-15.99
315,10.51,red,observed,1.0,16.37,,red,1,23.17,0,-16.37
318,10.611,red,observed,1.0,15.47,,red,1,22.14,0,-15.47
321,10.711,red,observed,1.0,15.32,,red,1,23.07,0,-15.32
324,10.811,red,observed,1.0,15.99,,red,1,22.14,0,-15.99
327,10.911,red,observed,1.0,16.14,,red,1,24.1,0,-16.14
330,11.011,red,observed,1.0,15.69,,red,1,21.83,0,-15.69
333,11.111,red,observed,1.0,15.32,,red,1,21.93,0,-15.32
336,11.211,red,observed,1.0,15.99,,red,1,22.14,0,-15.99
339,11.311,red,observed,1.0,16.14,,red,1,22.24,0,-16.14
342,11.411,red,observed,1.0,15.77,,red,1,21.72,0,-15.77
345,11.512,red,observed,1.0,15.69,,red,1,22.34,0,-15.69
348,11.612,red,observed,1.0,15.77,,red,1,21.72,0,-15.77
351,11.712,red,observed,1.0,16.14,,red,1,21.1,0,-16.14
354,11.812,red,observed,1.0,15.99,,red,1,21.72,0,-15.99
357,11.912,red,observed,1.0,15.62,,red,1,21.41,0,-15.62
360,12.012,red,observed,1.0,15.62,,red,1,22.03,0,-15.62
363,12.112,red,observed,1.0,15.24,,red,1,22.03,0,-15.24
366,12.212,red,observed,1.0,15.99,,red,1,22.03,0,-15.99
369,12.312,red,observed,1.0,16.29,,red,1,21.1,0,-16.29
372,12.412,red,observed,1.0,16.14,,red,1,22.76,0,-16.14
375,12.513,red,observed,1.0,15.69,,red,1,21.83,0,-15.69
378,12.613,red,observed,1.0,15.54,,red,1,21.52,0,-15.54
381,12.713,red,observed,1.0,15.62,,red,1,22.24,0,-15.62
384,12.813,red,observed,1.0,15.92,,red,1,21.41,0,-15.92
387,12.913,red,observed,1.0,15.84,,red,1,22.34,0,-15.84
390,13.013,red,observed,1.0,15.99,,red,1,21.41,0,-15.99
393,13.113,red,observed,1.0,15.92,,red,1,21.31,0,-15.92
396,13.213,red,observed,1.0,16.14,,red,1,21.62,0,-16.14
399,13.313,red,observed,1.0,16.37,,red,1,22.03,0,-16.37
402,13.413,red,observed,1.0,15.84,,red,1,22.55,0,-15.84
405,13.514,red,observed,1.0,16.14,,red,1,23.17,0,-16.14
408,13.614,red,observed,1.0,15.69,,red,1,21.93,0,-15.69
411,13.714,red,observed,1.0,15.92,,red,1,22.86,0,-15.92
414,13.814,red,observed,1.0,15.84,,red,1,21.83,0,-15.84
417,13.914,red,observed,1.0,16.22,,red,1,22.45,0,-16.22
420,14.014,red,observed,1.0,16.07,,red,1,23.38,0,-16.07
423,14.114,red,observed,1.0,15.92,,red,1,22.65,0,-15.92
426,14.214,red,observed,1.0,15.54,,red,1,22.76,0,-15.54
429,14.314,red,observed,1.0,16.22,,red,1,22.96,0,-16.22
432,14.414,red,observed,1.0,15.62,,red,1,23.38,0,-15.62
435,14.514,red,observed,1.0,15.54,,red,1,23.17,0,-15.54
438,14.615,red,observed,1.0,15.54,,red,1,21.93,0,-15.54
441,14.715,red,observed,1.0,15.32,,red,1,22.55,0,-15.32
444,14.815,red,observed,1.0,15.99,,red,1,21.62,0,-15.99
447,14.915,red,observed,1.0,15.92,,red,1,22.45,0,-15.92
450,15.015,red,observed,1.0,15.54,,red,1,23.9,0,-15.54
453,15.115,red,observed,1.0,16.22,,red,1,22.65,0,-16.22
456,15.215,red,observed,1.0,15.32,,red,1,22.14,0,-15.32
459,15.315,red,observed,1.0,15.99,,red,1,23.28,0,-15.99
462,15.415,red,observed,1.0,15.47,,red,1,22.55,0,-15.47
465,15.516,red,observed,1.0,15.62,,red,1,24.1,0,-15.62
468,15.616,red,observed,1.0,15.77,,red,1,23.59,0,-15.77
471,15.716,red,observed,1.0,16.07,,red,1,23.9,0,-16.07
474,15.816,red,observed,1.0,16.29,,red,1,23.59,0,-16.29
477,15.916,red,observed,1.0,16.07,,red,1,21.72,0,-16.07
480,16.016,red,observed,1.0,15.47,,red,1,22.34,0,-15.47
483,16.116,red,observed,1.0,16.37,,red,1,24.31,0,-16.37
486,16.216,red,observed,1.0,15.24,,red,1,24.83,0,-15.24
489,16.316,red,observed,1.0,15.54,,red,1,24.31,0,-15.54
492,16.416,red,observed,1.0,15.62,,red,1,23.38,0,-15.62
495,16.516,red,observed,1.0,16.07,,red,1,23.48,0,-16.07
498,16.617,red,observed,1.0,16.59,,red,1,22.76,0,-16.59
501,16.717,red,observed,1.0,16.29,,red,1,23.07,0,-16.29
504,16.817,red,observed,1.0,16.37,,red,1,23.28,0,-16.37
507,16.917,red,observed,1.0,15.84,,red,1,23.07,0,-15.84
510,17.017,red,observed,1.0,15.47,,red,1,24.1,0,-15.47
513,17.117,red,observed,1.0,15.84,,red,1,22.76,0,-15.84
516,17.217,red,observed,1.0,15.54,,red,1,22.86,0,-15.54
519,17.317,red,observed,1.0,15.54,,red,1,24.1,0,-15.54
522,17.417,red,observed,1.0,15.84,,red,1,24.0,0,-15.84
525,17.518,red,observed,1.0,16.29,,red,1,23.9,0,-16.29
528,17.618,red,observed,1.0,15.84,,red,1,23.69,0,-15.84
531,17.718,red,observed,1.0,16.07,,red,1,23.69,0,-16.07
534,17.818,red,observed,1.0,15.92,,red,1,22.86,0,-15.92
537,17.918,red,observed,1.0,15.69,,red,1,22.96,0,-15.69
540,18.018,red,observed,1.0,15.92,,red,1,24.83,0,-15.92
543,18.118,red,observed,1.0,15.47,,red,1,23.59,0,-15.47
546,18.218,red,observed,1.0,15.54,,red,1,23.79,0,-15.54
549,18.318,red,observed,1.0,15.47,,red,1,24.62,0,-15.47
552,18.418,red,observed,1.0,15.69,,red,1,24.62,0,-15.69
555,18.518,red,observed,1.0,15.77,,red,1,23.79,0,-15.77
558,18.619,red,observed,1.0,16.14,,red,1,22.45,0,-16.14
561,18.719,red,observed,1.0,16.37,,red,1,24.0,0,-16.37
564,18.819,red,observed,1.0,16.14,,red,1,23.9,0,-16.14
567,18.919,red,observed,1.0,15.77,,red,1,22.65,0,-15.77
570,19.019,red,observed,1.0,15.84,,red,1,23.9,0,-15.84
573,19.119,red,observed,1.0,16.52,,red,1,23.69,0,-16.52
576,19.219,red,observed,1.0,16.07,,red,1,22.86,0,-16.07
579,19.319,red,observed,1.0,15.17,,red,1,23.48,0,-15.17
582,19.419,red,observed,1.0,16.29,,red,1,22.34,0,-16.29
585,19.52,red,observed,1.0,15.92,,red,1,23.28,0,-15.92
588,19.62,red,observed,1.0,15.99,,red,1,22.96,0,-15.99
591,19.72,red,observed,1.0,15.92,,red,1,22.96,0,-15.92
594,19.82,red,observed,1.0,15.92,,red,1,22.86,0,-15.92
597,19.92,red,observed,1.0,15.54,,red,1,23.28,0,-15.54
600,20.02,red,observed,1.0,15.84,,red,1,21.72,0,-15.84
603,20.12,red,observed,1.0,15.54,,red,1,21.72,0,-15.54
606,20.22,red,observed,1.0,15.77,,red,1,22.96,0,-15.77
609,20.32,red,observed,1.0,16.22,,red,1,20.69,0,-16.22
612,20.42,red,observed,1.0,15.69,,red,1,22.55,0,-15.69
615,20.521,red,observed,1.0,15.84,,red,1,21.83,0,-15.84
618,20.621,red,observed,1.0,16.22,,red,1,21.21,0,-16.22
621,20.721,red,observed,1.0,15.77,,red,1,21.83,0,-15.77
624,20.821,red,observed,1.0,15.99,,red,1,22.34,0,-15.99
627,20.921,red,observed,1.0,15.54,,red,1,20.38,0,-15.54
630,21.021,red,observed,1.0,15.32,,red,1,21.83,0,-15.32
633,21.121,red,observed,1.0,15.84,,red,1,21.83,0,-15.84
636,21.221,red,observed,1.0,15.47,,red,1,21.83,0,-15.47
639,21.321,red,observed,1.0,14.94,,red,1,22.34,0,-14.94
642,21.421,red,observed,1.0,15.62,,red,1,21.0,0,-15.62
645,21.522,red,observed,1.0,16.52,,red,1,21.93,0,-16.52
648,21.622,red,observed,1.0,16.07,,red,1,21.0,0,-16.07
651,21.722,red,observed,1.0,15.69,,red,1,21.72,0,-15.69
654,21.822,red,observed,1.0,15.77,,red,1,22.45,0,-15.77
657,21.922,red,observed,1.0,15.47,,red,1,22.24,0,-15.47
660,22.022,red,observed,1.0,15.99,,red,1,20.59,0,-15.99
663,22.122,red,observed,1.0,16.14,,red,1,21.83,0,-16.14
666,22.222,red,observed,1.0,16.14,,red,1,21.62,0,-16.14
669,22.322,red,observed,1.0,15.92,,red,1,22.34,0,-15.92
672,22.422,red,observed,1.0,15.92,,red,1,21.52,0,-15.92
675,22.522,red,observed,1.0,16.44,,red,1,21.0,0,-16.44
678,22.623,red,observed,1.0,15.99,,red,1,22.34,0,-15.99
681,22.723,red,observed,1.0,15.92,,red,1,21.72,0,-15.92
684,22.823,red,observed,1.0,15.54,,red,1,21.72,0,-15.54
687,22.923,red,observed,1.0,14.56,,red,1,19.34,0,-14.56
690,23.023,red,observed,1.0,15.69,,red,1,23.48,0,-15.69
693,23.123,red,observed,1.0,15.62,,red,1,23.17,0,-15.62
696,23.223,red,observed,1.0,15.69,,red,1,23.69,0,-15.69
699,23.323,red,observed,1.0,16.07,,red,1,22.55,0,-16.07
702,23.423,red,observed,1.0,15.77,,red,1,22.76,0,-15.77
705,23.524,red,observed,1.0,15.69,,red,1,23.59,0,-15.69
708,23.624,red,observed,1.0,16.07,,red,1,21.83,0,-16.07
711,23.724,red,observed,1.0,16.22,,red,1,23.07,0,-16.22
714,23.824,red,observed,1.0,15.77,,red,1,23.9,0,-15.77
717,23.924,red,observed,1.0,15.62,,red,1,22.55,0,-15.62
720,24.024,red,observed,1.0,15.84,,red,1,22.24,0,-15.84
723,24.124,red,observed,1.0,15.54,,red,1,22.96,0,-15.54
726,24.224,red,observed,1.0,16.52,,red,1,23.69,0,-16.52
729,24.324,red,observed,1.0,15.47,,red,1,22.65,0,-15.47
732,24.424,red,observed,1.0,16.07,,red,1,22.86,0,-16.07
735,24.524,red,observed,1.0,15.24,,red,1,22.76,0,-15.24
738,24.625,red,observed,1.0,15.32,,red,1,23.17,0,-15.32
741,24.725,red,observed,1.0,15.47,,red,1,22.86,0,-15.47
744,24.825,red,observed,1.0,15.54,,red,1,24.1,0,-15.54
747,24.925,red,observed,1.0,16.14,,red,1,22.76,0,-16.14
750,25.025,red,observed,1.0,15.99,,red,1,22.14,0,-15.99
753,25.125,red,observed,1.0,15.77,,red,1,23.28,0,-15.77
756,25.225,red,observed,1.0,15.69,,red,1,22.45,0,-15.69
759,25.325,red,observed,1.0,15.69,,red,1,23.07,0,-15.69
762,25.425,red,observed,1.0,15.54,,red,1,23.9,0,-15.54
765,25.526,red,observed,1.0,15.32,,red,1,23.07,0,-15.32
768,25.626,red,observed,1.0,15.17,,red,1,24.72,0,-15.17
771,25.726,red,observed,1.0,15.09,,red,1,23.07,0,-15.09
774,25.826,red,observed,1.0,15.24,,red,1,23.48,0,-15.24
777,25.926,red,observed,1.0,15.32,,red,1,24.1,0,-15.32
780,26.026,red,observed,1.0,15.39,,red,1,24.21,0,-15.39
783,26.126,red,observed,1.0,15.77,,red,1,23.9,0,-15.77
786,26.226,red,observed,1.0,15.62,,red,1,23.17,0,-15.62
789,26.326,red,observed,1.0,15.99,,red,1,23.69,0,-15.99
792,26.426,red,observed,1.0,15.84,,red,1,24.1,0,-15.84
795,26.527,red,observed,1.0,15.99,,red,1,24.31,0,-15.99
798,26.627,red,observed,1.0,15.39,,red,1,23.28,0,-15.39
801,26.727,red,observed,1.0,15.17,,red,1,22.65,0,-15.17
804,26.827,red,observed,1.0,15.32,,red,1,22.45,0,-15.32
807,26.927,red,observed,1.0,15.54,,red,1,23.48,0,-15.54
810,27.027,red,observed,1.0,15.02,,red,1,21.93,0,-15.02
813,27.127,green,observed,1.0,16.29,,green,0,-23.9,1,16.29
816,27.227,green,observed,1.0,16.67,,green,0,-23.9,1,16.67
819,27.327,green,observed,1.0,16.07,,green,0,-23.9,1,16.07
822,27.427,green,observed,1.0,15.54,,green,0,-24.0,1,15.54
825,27.528,green,observed,1.0,16.07,,green,0,-23.9,1,16.07
828,27.628,green,observed,1.0,15.17,,green,0,-23.69,1,15.17
831,27.728,green,observed,1.0,15.69,,green,0,-23.9,1,15.69
834,27.828,green,observed,1.0,15.32,,green,0,-24.52,1,15.32
837,27.928,green,observed,1.0,14.79,,green,0,-23.79,1,14.79
840,28.028,green,observed,1.0,14.64,,green,0,-24.1,1,14.64
843,28.128,green,observed,1.0,14.71,,green,0,-24.21,1,14.71
846,28.228,green,observed,1.0,14.56,,green,0,-24.31,1,14.56
849,28.328,green,observed,1.0,14.71,,green,0,-24.72,1,14.71
852,28.428,green,observed,1.0,15.17,,green,0,-24.31,1,15.17
855,28.528,green,observed,1.0,14.79,,green,0,-24.62,1,14.79
858,28.629,green,observed,1.0,14.64,,green,0,-24.41,1,14.64
861,28.729,green,observed,1.0,14.87,,green,0,-23.17,1,14.87
864,28.829,green,observed,1.0,13.96,,green,0,-24.1,1,13.96
867,28.929,green,observed,1.0,14.49,,green,0,-24.21,1,14.49
870,29.029,green,observed,1.0,14.04,,green,0,-24.41,1,14.04
873,29.129,green,observed,1.0,13.66,,green,0,-24.52,1,13.66
876,29.229,green,observed,1.0,14.71,,green,0,-24.0,1,14.71
879,29.329,green,observed,1.0,14.11,,green,0,-24.21,1,14.11
882,29.429,green,observed,1.0,14.19,,green,0,-24.31,1,14.19
885,29.53,green,observed,1.0,14.26,,green,0,-24.1,1,14.26
888,29.63,green,observed,1.0,14.26,,green,0,-24.31,1,14.26
891,29.73,green,observed,1.0,15.17,,green,0,-24.1,1,15.17
894,29.83,green,observed,1.0,14.71,,green,0,-24.1,1,14.71
897,29.93,green,observed,1.0,13.59,,green,0,-24.31,1,13.59
900,30.03,green,observed,1.0,14.19,,green,0,-23.69,1,14.19
903,30.13,green,observed,1.0,13.66,,green,0,-23.69,1,13.66
906,30.23,green,observed,1.0,14.41,,green,0,-23.9,1,14.41
909,30.33,green,observed,1.0,13.59,,green,0,-24.0,1,13.59
912,30.43,green,observed,1.0,14.26,,green,0,-24.72,1,14.26
915,30.53,green,observed,1.0,14.49,,green,0,-24.31,1,14.49
918,30.631,green,observed,1.0,13.96,,green,0,-24.41,1,13.96
921,30.731,green,observed,1.0,14.64,,green,0,-24.72,1,14.64
924,30.831,green,observed,1.0,14.04,,green,0,-24.72,1,14.04
927,30.931,green,observed,1.0,14.64,,green,0,-24.93,1,14.64
930,31.031,green,observed,1.0,15.02,,green,0,-24.52,1,15.02
933,31.131,green,observed,1.0,14.11,,green,0,-24.0,1,14.11
936,31.231,green,observed,1.0,14.64,,green,0,-24.1,1,14.64
939,31.331,green,observed,1.0,14.41,,green,0,-24.93,1,14.41
942,31.431,green,observed,1.0,14.94,,green,0,-24.72,1,14.94
945,31.532,green,observed,1.0,14.94,,green,0,-24.52,1,14.94
948,31.632,green,observed,1.0,15.24,,green,0,-24.83,1,15.24
951,31.732,green,observed,1.0,15.62,,green,0,-24.21,1,15.62
954,31.832,green,observed,1.0,14.34,,green,0,-23.79,1,14.34
957,31.932,green,observed,1.0,16.29,,green,0,-24.52,1,16.29
960,32.032,green,observed,1.0,16.07,,green,0,-24.21,1,16.07
963,32.132,green,observed,1.0,15.54,,green,0,-23.9,1,15.54
966,32.232,green,observed,1.0,16.14,,green,0,-23.9,1,16.14
969,32.332,green,observed,1.0,16.22,,green,0,-24.31,1,16.22
972,32.432,green,observed,1.0,16.22,,green,0,-24.41,1,16.22
975,32.532,green,observed,1.0,16.29,,green,0,-24.21,1,16.29
978,32.633,green,observed,1.0,16.14,,green,0,-23.79,1,16.14
981,32.733,green,observed,1.0,16.07,,green,0,-23.79,1,16.07
984,32.833,green,observed,1.0,16.82,,green,0,-24.41,1,16.82
987,32.933,green,observed,1.0,18.02,,green,0,-24.21,1,18.02
990,33.033,green,observed,1.0,16.37,,green,0,-24.1,1,16.37
993,33.133,green,observed,1.0,16.59,,green,0,-24.31,1,16.59
996,33.233,green,observed,1.0,17.04,,green,0,-24.0,1,17.04
999,33.333,green,observed,1.0,17.79,,green,0,-24.21,1,17.79
1002,33.433,green,observed,1.0,17.79,,green,0,-24.21,1,17.79
1005,33.534,green,observed,1.0,16.52,,green,0,-23.9,1,16.52
1008,33.634,green,observed,1.0,17.49,,green,0,-24.41,1,17.49
1011,33.734,green,observed,1.0,17.42,,green,0,-23.69,1,17.42
1014,33.834,green,observed,1.0,17.04,,green,0,-23.48,1,17.04
1017,33.934,green,observed,1.0,17.34,,green,0,-23.9,1,17.34
1020,34.034,green,observed,1.0,17.64,,green,0,-24.41,1,17.64
1023,34.134,green,observed,1.0,17.49,,green,0,-24.41,1,17.49
1026,34.234,green,observed,1.0,17.87,,green,0,-24.21,1,17.87
1029,34.334,green,observed,1.0,18.02,,green,0,-23.79,1,18.02
1032,34.434,green,observed,1.0,17.57,,green,0,-23.9,1,17.57
1035,34.534,green,observed,1.0,17.49,,green,0,-23.79,1,17.49
1038,34.635,green,observed,1.0,17.64,,green,0,-24.52,1,17.64
1041,34.735,green,observed,1.0,17.64,,green,0,-24.62,1,17.64
1044,34.835,green,observed,1.0,17.94,,green,0,-23.07,1,17.94
1047,34.935,green,observed,1.0,17.79,,green,0,-23.9,1,17.79
1050,35.035,green,observed,1.0,17.72,,green,0,-24.21,1,17.72
1053,35.135,green,observed,1.0,16.89,,green,0,-24.21,1,16.89
1056,35.235,green,observed,1.0,17.49,,green,0,-24.31,1,17.49
1059,35.335,green,observed,1.0,17.57,,green,0,-23.59,1,17.57
1062,35.435,green,observed,1.0,17.64,,green,0,-24.52,1,17.64
1065,35.536,green,observed,1.0,17.12,,green,0,-23.9,1,17.12
1068,35.636,green,observed,1.0,16.89,,green,0,-24.1,1,16.89
1071,35.736,green,observed,1.0,17.04,,green,0,-24.41,1,17.04
1074,35.836,green,observed,1.0,16.97,,green,0,-24.1,1,16.97
1077,35.936,green,observed,1.0,17.57,,green,0,-24.0,1,17.57
1080,36.036,green,observed,1.0,16.89,,green,0,-22.86,1,16.89
1083,36.136,green,observed,1.0,16.97,,green,0,-23.59,1,16.97
1086,36.236,green,observed,1.0,17.19,,green,0,-22.96,1,17.19
1089,36.336,green,observed,1.0,17.12,,green,0,-23.48,1,17.12
1092,36.436,green,observed,1.0,16.97,,green,0,-23.38,1,16.97
1095,36.537,green,observed,1.0,17.34,,green,0,-23.79,1,17.34
1098,36.637,green,observed,1.0,15.62,,green,0,-24.31,1,15.62
1101,36.737,green,observed,1.0,17.04,,green,0,-24.52,1,17.04
1104,36.837,green,observed,1.0,16.44,,green,0,-24.1,1,16.44
1107,36.937,green,observed,1.0,16.52,,green,0,-24.1,1,16.52
1110,37.037,green,observed,1.0,15.99,,green,0,-24.21,1,15.99
1113,37.137,green,observed,1.0,15.32,,green,0,-24.1,1,15.32
1116,37.237,green,observed,1.0,15.62,,green,0,-23.48,1,15.62
1119,37.337,green,observed,1.0,15.32,,green,0,-23.17,1,15.32
1122,37.437,green,observed,1.0,15.99,,green,0,-23.79,1,15.99
1125,37.538,green,observed,1.0,15.54,,green,0,-24.1,1,15.54
1128,37.638,green,observed,1.0,15.24,,green,0,-23.59,1,15.24
1131,37.738,green,observed,1.0,15.62,,green,0,-23.28,1,15.62
1134,37.838,green,observed,1.0,14.04,,green,0,-23.07,1,14.04
1137,37.938,green,observed,1.0,13.81,,green,0,-23.9,1,13.81
1140,38.038,green,observed,1.0,15.02,,green,0,-24.83,1,15.02
1143,38.138,green,observed,1.0,14.04,,green,0,-23.9,1,14.04
1146,38.238,green,observed,1.0,14.64,,green,0,-23.48,1,14.64
1149,38.338,green,observed,1.0,15.24,,green,0,-24.72,1,15.24
1152,38.438,green,observed,1.0,13.81,,green,0,-24.1,1,13.81
1155,38.538,green,observed,1.0,14.19,,green,0,-24.0,1,14.19
1158,38.639,green,observed,1.0,15.24,,green,0,-23.9,1,15.24
1161,38.739,green,observed,1.0,14.49,,green,0,-23.9,1,14.49
1164,38.839,green,observed,1.0,14.34,,green,0,-23.9,1,14.34
1167,38.939,green,observed,1.0,14.19,,green,0,-24.21,1,14.19
1170,39.039,green,observed,1.0,14.71,,green,0,-23.59,1,14.71
1173,39.139,green,observed,1.0,14.26,,green,0,-23.69,1,14.26
1176,39.239,green,observed,1.0,14.71,,green,0,-23.69,1,14.71
1179,39.339,green,observed,1.0,14.41,,green,0,-23.38,1,14.41
1182,39.439,green,observed,1.0,14.04,,green,0,-23.79,1,14.04
1185,39.54,green,observed,1.0,14.04,,green,0,-23.48,1,14.04
1188,39.64,green,observed,1.0,13.74,,green,0,-23.69,1,13.74
1191,39.74,green,observed,1.0,14.04,,green,0,-23.38,1,14.04
1194,39.84,green,observed,1.0,14.19,,green,0,-23.48,1,14.19
1197,39.94,green,observed,1.0,14.04,,green,0,-23.28,1,14.04
1200,40.04,green,observed,1.0,13.96,,green,0,-24.0,1,13.96
1203,40.14,green,observed,1.0,14.19,,green,0,-24.0,1,14.19
1206,40.24,green,observed,1.0,13.59,,green,0,-22.86,1,13.59
1209,40.34,green,observed,1.0,14.49,,green,0,-23.48,1,14.49
1212,40.44,green,observed,1.0,14.79,,green,0,-23.48,1,14.79
1215,40.54,green,observed,1.0,14.64,,green,0,-24.21,1,14.64
1218,40.641,green,observed,1.0,14.26,,green,0,-23.38,1,14.26
1221,40.741,green,observed,1.0,15.02,,green,0,-24.0,1,15.02
1224,40.841,green,observed,1.0,14.79,,green,0,-23.79,1,14.79
1227,40.941,green,observed,1.0,14.34,,green,0,-23.9,1,14.34
1230,41.041,green,observed,1.0,14.64,,green,0,-24.0,1,14.64
1233,41.141,green,observed,1.0,14.64,,green,0,-23.9,1,14.64
1236,41.241,green,observed,1.0,15.17,,green,0,-24.21,1,15.17
1239,41.341,green,observed,1.0,15.09,,green,0,-23.38,1,15.09
1242,41.441,green,observed,1.0,14.94,,green,0,-23.28,1,14.94
1245,41.542,green,observed,1.0,15.47,,green,0,-24.21,1,15.47
1248,41.642,green,observed,1.0,15.62,,green,0,-24.41,1,15.62
1251,41.742,green,observed,1.0,16.07,,green,0,-23.69,1,16.07
1254,41.842,green,observed,1.0,15.99,,green,0,-24.83,1,15.99
1257,41.942,green,observed,1.0,15.32,,green,0,-23.59,1,15.32
1260,42.042,green,observed,1.0,15.99,,green,0,-24.0,1,15.99
1263,42.142,green,observed,1.0,14.87,,green,0,-23.9,1,14.87
1266,42.242,green,observed,1.0,14.79,,green,0,-23.59,1,14.79
1269,42.342,green,observed,1.0,16.07,,green,0,-23.9,1,16.07
1272,42.442,green,observed,1.0,16.67,,green,0,-23.59,1,16.67
1275,42.543,green,observed,1.0,15.69,,green,0,-23.07,1,15.69
1278,42.643,green,observed,1.0,16.29,,green,0,-23.79,1,16.29
1281,42.743,green,observed,1.0,16.67,,green,0,-23.69,1,16.67
1284,42.843,green,observed,1.0,16.74,,green,0,-23.69,1,16.74
1287,42.943,green,observed,1.0,17.19,,green,0,-24.21,1,17.19
1290,43.043,green,observed,1.0,16.44,,green,0,-24.21,1,16.44
1293,43.143,green,observed,1.0,17.34,,green,0,-24.41,1,17.34
1296,43.243,green,observed,1.0,17.42,,green,0,-24.62,1,17.42
1299,43.343,green,observed,1.0,16.07,,green,0,-22.86,1,16.07
1302,43.443,green,observed,1.0,17.04,,green,0,-24.1,1,17.04
1305,43.544,green,observed,1.0,16.44,,green,0,-23.79,1,16.44
1308,43.644,green,observed,1.0,16.89,,green,0,-23.59,1,16.89
1311,43.744,green,observed,1.0,18.09,,green,0,-23.59,1,18.09
1314,43.844,green,observed,1.0,17.19,,green,0,-24.31,1,17.19
1317,43.944,green,observed,1.0,17.49,,green,0,-23.79,1,17.49
1320,44.044,green,observed,1.0,17.72,,green,0,-23.38,1,17.72
1323,44.144,green,observed,1.0,16.59,,green,0,-23.38,1,16.59
1326,44.244,green,observed,1.0,17.49,,green,0,-23.59,1,17.49
1329,44.344,green,observed,1.0,18.32,,green,0,-23.38,1,18.32
1332,44.444,green,observed,1.0,17.87,,green,0,-23.28,1,17.87
1335,44.544,green,observed,1.0,17.49,,green,0,-23.38,1,17.49
1338,44.645,green,observed,1.0,17.19,,green,0,-24.1,1,17.19
1341,44.745,green,observed,1.0,17.87,,green,0,-24.0,1,17.87
1344,44.845,green,observed,1.0,16.74,,green,0,-23.9,1,16.74
1347,44.945,green,observed,1.0,18.17,,green,0,-23.9,1,18.17
1350,45.045,green,observed,1.0,18.02,,green,0,-23.59,1,18.02
1353,45.145,green,observed,1.0,18.47,,green,0,-23.48,1,18.47
1356,45.245,green,observed,1.0,18.17,,green,0,-23.69,1,18.17
1359,45.345,green,observed,1.0,18.32,,green,0,-23.28,1,18.32
1362,45.445,green,observed,1.0,18.02,,green,0,-22.55,1,18.02
1365,45.546,green,observed,1.0,17.79,,green,0,-23.79,1,17.79
1368,45.646,green,observed,1.0,17.72,,green,0,-24.1,1,17.72
1371,45.746,green,observed,1.0,18.47,,green,0,-24.1,1,18.47
1374,45.846,green,observed,1.0,18.24,,green,0,-23.59,1,18.24
1377,45.946,green,observed,1.0,17.64,,green,0,-23.69,1,17.64
1380,46.046,green,observed,1.0,17.79,,green,0,-23.17,1,17.79
1383,46.146,green,observed,1.0,17.72,,green,0,-22.55,1,17.72
1386,46.246,green,observed,1.0,17.87,,green,0,-23.38,1,17.87
1389,46.346,green,observed,1.0,17.57,,green,0,-23.59,1,17.57
1392,46.446,green,observed,1.0,17.94,,green,0,-24.1,1,17.94
1395,46.546,green,observed,1.0,17.04,,green,0,-24.31,1,17.04
1398,46.647,green,observed,1.0,17.79,,green,0,-24.0,1,17.79
1401,46.747,green,observed,1.0,16.97,,green,0,-23.69,1,16.97
1404,46.847,green,observed,1.0,16.74,,green,0,-23.28,1,16.74
1407,46.947,green,observed,1.0,16.67,,green,0,-23.79,1,16.67
1410,47.047,green,observed,1.0,16.29,,green,0,-24.1,1,16.29
1413,47.147,green,observed,1.0,17.49,,green,0,-24.21,1,17.49
1416,47.247,green,observed,1.0,17.64,,green,0,-23.9,1,17.64
1419,47.347,green,observed,1.0,17.19,,green,0,-23.69,1,17.19
1422,47.447,green,observed,1.0,16.22,,green,0,-22.96,1,16.22
1425,47.548,green,observed,1.0,16.44,,green,0,-24.1,1,16.44
1428,47.648,green,observed,1.0,16.07,,green,0,-23.69,1,16.07
1431,47.748,green,observed,1.0,15.69,,green,0,-23.38,1,15.69
1434,47.848,green,observed,1.0,16.37,,green,0,-23.59,1,16.37
1437,47.948,green,observed,1.0,15.84,,green,0,-23.59,1,15.84
1440,48.048,green,observed,1.0,15.54,,green,0,-23.79,1,15.54
1443,48.148,green,observed,1.0,15.54,,green,0,-23.9,1,15.54
1446,48.248,green,observed,1.0,15.24,,green,0,-23.69,1,15.24
1449,48.348,green,observed,1.0,15.77,,green,0,-23.79,1,15.77
1452,48.448,green,observed,1.0,14.64,,green,0,-24.31,1,14.64
1455,48.549,green,observed,1.0,14.56,,green,0,-24.52,1,14.56
1458,48.649,green,observed,1.0,15.99,,green,0,-24.0,1,15.99
1461,48.749,green,observed,1.0,15.32,,green,0,-24.21,1,15.32
1464,48.849,green,observed,1.0,15.39,,green,0,-24.1,1,15.39
1467,48.949,green,observed,1.0,14.56,,green,0,-23.59,1,14.56
1470,49.049,green,observed,1.0,14.64,,green,0,-23.69,1,14.64
1473,49.149,green,observed,1.0,15.39,,green,0,-23.79,1,15.39
1476,49.249,green,observed,1.0,14.94,,green,0,-23.07,1,14.94
1479,49.349,green,observed,1.0,14.94,,green,0,-23.9,1,14.94
1482,49.449,green,observed,1.0,14.71,,green,0,-23.9,1,14.71
1485,49.55,green,observed,1.0,15.17,,green,0,-24.0,1,15.17
1488,49.65,green,observed,1.0,14.64,,green,0,-23.79,1,14.64
1491,49.75,green,observed,1.0,14.19,,green,0,-23.9,1,14.19
1494,49.85,green,observed,1.0,14.41,,green,0,-23.69,1,14.41
1497,49.95,green,observed,1.0,15.32,,green,0,-22.65,1,15.32
1500,50.05,green,observed,1.0,14.56,,green,0,-24.72,1,14.56
1503,50.15,green,observed,1.0,14.64,,green,0,-24.31,1,14.64
1506,50.25,green,observed,1.0,14.71,,green,0,-24.21,1,14.71
1509,50.35,green,observed,1.0,14.41,,green,0,-24.41,1,14.41
1512,50.45,green,observed,1.0,13.81,,green,0,-23.79,1,13.81
1515,50.55,green,observed,1.0,14.79,,green,0,-23.59,1,14.79
1518,50.651,green,observed,1.0,14.34,,green,0,-24.1,1,14.34
1521,50.751,green,observed,1.0,14.26,,green,0,-23.07,1,14.26
1524,50.851,green,observed,1.0,14.49,,green,0,-23.9,1,14.49
1527,50.951,green,observed,1.0,14.79,,green,0,-23.59,1,14.79
1530,51.051,green,observed,1.0,14.19,,green,0,-23.9,1,14.19
1533,51.151,green,observed,1.0,14.79,,green,0,-23.17,1,14.79
1536,51.251,green,observed,1.0,15.24,,green,0,-23.69,1,15.24
1539,51.351,green,observed,1.0,13.89,,green,0,-23.59,1,13.89
1542,51.451,green,observed,1.0,14.34,,green,0,-24.41,1,14.34
1545,51.552,green,observed,1.0,14.79,,green,0,-24.21,1,14.79
1548,51.652,green,observed,1.0,15.17,,green,0,-22.55,1,15.17
1551,51.752,green,observed,1.0,14.26,,green,0,-23.48,1,14.26
1554,51.852,green,observed,1.0,14.94,,green,0,-23.69,1,14.94
1557,51.952,green,observed,1.0,15.02,,green,0,-23.28,1,15.02
1560,52.052,green,observed,1.0,14.11,,green,0,-23.59,1,14.11
1563,52.152,green,observed,1.0,15.09,,green,0,-23.48,1,15.09
1566,52.252,green,observed,1.0,14.34,,green,0,-24.0,1,14.34
1569,52.352,green,observed,1.0,14.41,,green,0,-23.38,1,14.41
1572,52.452,green,observed,1.0,14.56,,green,0,-23.69,1,14.56
1575,52.552,green,observed,1.0,15.17,,green,0,-23.9,1,15.17
1578,52.653,green,observed,1.0,15.39,,green,0,-24.31,1,15.39
1581,52.753,green,observed,1.0,14.71,,green,0,-24.31,1,14.71
1584,52.853,green,observed,1.0,14.87,,green,0,-22.96,1,14.87
1587,52.953,green,observed,1.0,14.56,,green,0,-24.31,1,14.56
1590,53.053,green,observed,1.0,15.84,,green,0,-24.31,1,15.84
1593,53.153,green,observed,1.0,15.09,,green,0,-24.41,1,15.09
1596,53.253,green,observed,1.0,15.47,,green,0,-23.79,1,15.47
1599,53.353,green,observed,1.0,15.77,,green,0,-23.17,1,15.77
1602,53.453,green,observed,1.0,16.14,,green,0,-24.21,1,16.14
1605,53.554,green,observed,1.0,15.92,,green,0,-24.1,1,15.92
1608,53.654,green,observed,1.0,15.99,,green,0,-24.52,1,15.99
1611,53.754,green,observed,1.0,15.24,,green,0,-24.21,1,15.24
1614,53.854,green,observed,1.0,16.97,,green,0,-23.79,1,16.97
1617,53.954,green,observed,1.0,15.62,,green,0,-23.07,1,15.62
1620,54.054,green,observed,1.0,15.69,,green,0,-24.1,1,15.69
1623,54.154,green,observed,1.0,15.99,,green,0,-23.28,1,15.99
1626,54.254,green,observed,1.0,17.49,,green,0,-23.59,1,17.49
1629,54.354,green,observed,1.0,17.12,,green,0,-24.72,1,17.12
1632,54.454,green,observed,1.0,17.49,,green,0,-23.59,1,17.49
1635,54.555,green,observed,1.0,16.97,,green,0,-23.9,1,16.97
1638,54.655,green,observed,1.0,16.74,,green,0,-23.59,1,16.74
1641,54.755,green,observed,1.0,15.99,,green,0,-24.0,1,15.99
1644,54.855,green,observed,1.0,16.89,,green,0,-22.86,1,16.89
1647,54.955,green,observed,1.0,17.27,,green,0,-24.31,1,17.27
1650,55.055,green,observed,1.0,16.67,,green,0,-24.31,1,16.67
1653,55.155,green,observed,1.0,16.89,,green,0,-23.17,1,16.89
1656,55.255,green,observed,1.0,17.19,,green,0,-23.38,1,17.19
1659,55.355,green,observed,1.0,17.34,,green,0,-23.48,1,17.34
1662,55.455,green,observed,1.0,17.27,,green,0,-23.59,1,17.27
1665,55.556,green,observed,1.0,17.19,,green,0,-22.76,1,17.19
1668,55.656,green,observed,1.0,16.89,,green,0,-23.28,1,16.89
1671,55.756,green,observed,1.0,17.34,,green,0,-23.59,1,17.34
1674,55.856,green,observed,1.0,18.17,,green,0,-24.52,1,18.17
1677,55.956,green,observed,1.0,17.57,,green,0,-24.41,1,17.57
1680,56.056,green,observed,1.0,17.94,,green,0,-24.21,1,17.94
1683,56.156,green,observed,1.0,17.79,,green,0,-24.1,1,17.79
1686,56.256,green,observed,1.0,17.79,,green,0,-24.0,1,17.79
1689,56.356,green,observed,1.0,17.42,,green,0,-23.07,1,17.42
1692,56.456,green,observed,1.0,16.82,,green,0,-23.59,1,16.82
1695,56.556,green,observed,1.0,18.32,,green,0,-22.86,1,18.32
1698,56.657,green,observed,1.0,18.17,,green,0,-23.59,1,18.17
1701,56.757,green,observed,1.0,17.87,,green,0,-23.07,1,17.87
1704,56.857,green,observed,1.0,17.34,,green,0,-23.59,1,17.34
1707,56.957,green,observed,1.0,17.87,,green,0,-23.9,1,17.87
1710,57.057,green_blink,observed,1.0,14.49,,green_flash,0,-23.59,0,-14.49
1713,57.157,green_blink,observed,1.0,15.32,,green_flash,0,-24.41,0,-15.32
1716,57.257,green_blink,observed,1.0,16.07,,green_flash,0,-24.0,0,-16.07
1719,57.357,green_blink,observed,1.0,15.77,,green_flash,0,-24.0,0,-15.77
1722,57.457,green_blink,observed,1.0,15.69,,green_flash,0,-23.69,0,-15.69
1725,57.558,green_blink,observed,1.0,9.23,,green,0,-23.48,1,9.23
1728,57.658,green_blink,observed,1.0,17.94,,green,0,-23.69,1,17.94
1731,57.758,green_blink,observed,1.0,16.97,,green,0,-23.48,1,16.97
1734,57.858,green_blink,observed,1.0,17.72,,green,0,-23.48,1,17.72
1737,57.958,green_blink,observed,1.0,17.57,,green,0,-24.1,1,17.57
1740,58.058,green_blink,observed,1.0,13.81,,green_flash,0,-24.62,0,-13.81
1743,58.158,green_blink,observed,1.0,15.32,,green_flash,0,-24.0,0,-15.32
1746,58.258,green_blink,observed,1.0,15.17,,green_flash,0,-24.21,0,-15.17
1749,58.358,green_blink,observed,1.0,15.99,,green_flash,0,-23.9,0,-15.99
1752,58.458,green_blink,observed,1.0,16.14,,green_flash,0,-23.69,0,-16.14
1755,58.558,green_blink,observed,1.0,9.31,,green,0,-23.48,1,9.31
1758,58.659,green_blink,observed,1.0,16.37,,green,0,-23.9,1,16.37
1761,58.759,green_blink,observed,1.0,16.82,,green,0,-24.21,1,16.82
1764,58.859,green_blink,observed,1.0,17.12,,green,0,-23.59,1,17.12
1767,58.959,green_blink,observed,1.0,16.74,,green,0,-23.59,1,16.74
1770,59.059,green_blink,observed,1.0,14.49,,green_flash,0,-24.0,0,-14.49
1773,59.159,green_blink,observed,1.0,15.54,,green_flash,0,-23.38,0,-15.54
1776,59.259,green_blink,observed,1.0,16.14,,green_flash,0,-24.1,0,-16.14
1779,59.359,green_blink,observed,1.0,16.29,,green_flash,0,-24.52,0,-16.29
1782,59.459,green_blink,observed,1.0,15.77,,green_flash,0,-24.21,0,-15.77
1785,59.56,green_blink,observed,1.0,9.68,,green,0,-23.59,1,9.68
1788,59.66,green_blink,observed,1.0,15.84,,green,0,-23.07,1,15.84
1791,59.76,green_blink,observed,1.0,17.42,,green,0,-24.1,1,17.42
1794,59.86,green_blink,observed,1.0,15.69,,green,0,-24.21,1,15.69
1797,59.96,green_blink,observed,1.0,16.22,,green,0,-23.69,1,16.22
1800,60.06,red,observed,1.0,13.55,,red,1,13.55,0,-15.09
1803,60.16,red,observed,1.0,16.14,,red,1,27.83,0,-16.14
1806,60.26,red,observed,1.0,16.22,,red,1,27.1,0,-16.22
1809,60.36,red,observed,1.0,16.22,,red,1,26.69,0,-16.22
1812,60.46,red,observed,1.0,16.14,,red,1,27.62,0,-16.14
1815,60.56,red,observed,1.0,16.22,,red,1,26.69,0,-16.22
1818,60.661,red,observed,1.0,15.99,,red,1,26.07,0,-15.99
1821,60.761,red,observed,1.0,15.69,,red,1,25.96,0,-15.69
1824,60.861,red,observed,1.0,15.92,,red,1,27.1,0,-15.92
1827,60.961,red,observed,1.0,15.84,,red,1,25.96,0,-15.84
1830,61.061,red,observed,1.0,15.69,,red,1,26.38,0,-15.69
1833,61.161,red,observed,1.0,15.47,,red,1,26.27,0,-15.47
1836,61.261,red,observed,1.0,15.62,,red,1,25.96,0,-15.62
1839,61.361,red,observed,1.0,15.69,,red,1,25.55,0,-15.69
1842,61.461,red,observed,1.0,16.07,,red,1,25.34,0,-16.07
1845,61.562,red,observed,1.0,15.99,,red,1,27.0,0,-15.99
1848,61.662,red,observed,1.0,15.92,,red,1,25.14,0,-15.92
1851,61.762,red,observed,1.0,15.54,,red,1,25.86,0,-15.54
1854,61.862,red,observed,1.0,16.22,,red,1,25.65,0,-16.22
1857,61.962,red,observed,1.0,15.99,,red,1,25.86,0,-15.99
1860,62.062,red,observed,1.0,15.17,,red,1,25.03,0,-15.17
1863,62.162,red,observed,1.0,15.99,,red,1,25.14,0,-15.99
1866,62.262,red,observed,1.0,16.07,,red,1,25.34,0,-16.07
1869,62.362,red,observed,1.0,15.84,,red,1,24.72,0,-15.84
1872,62.462,red,observed,1.0,15.77,,red,1,24.31,0,-15.77
1875,62.562,red,observed,1.0,16.07,,red,1,24.0,0,-16.07
1878,62.663,red,observed,1.0,15.84,,red,1,24.83,0,-15.84
1881,62.763,red,observed,1.0,16.14,,red,1,24.31,0,-16.14
1884,62.863,red,observed,1.0,16.29,,red,1,23.9,0,-16.29
1887,62.963,red,observed,1.0,15.77,,red,1,25.45,0,-15.77
1890,63.063,red,observed,1.0,15.62,,red,1,25.24,0,-15.62
1893,63.163,red,observed,1.0,15.39,,red,1,24.52,0,-15.39
1896,63.263,red,observed,1.0,15.62,,red,1,24.31,0,-15.62
1899,63.363,red,observed,1.0,15.32,,red,1,24.31,0,-15.32
1902,63.463,red,observed,1.0,15.69,,red,1,25.24,0,-15.69
1905,63.564,red,observed,1.0,16.07,,red,1,23.9,0,-16.07
1908,63.664,red,observed,1.0,16.07,,red,1,24.31,0,-16.07
1911,63.764,red,observed,1.0,16.22,,red,1,23.59,0,-16.22
1914,63.864,red,observed,1.0,15.77,,red,1,24.0,0,-15.77
1917,63.964,red,observed,1.0,15.69,,red,1,22.96,0,-15.69
1920,64.064,red,observed,1.0,15.69,,red,1,23.79,0,-15.69
1923,64.164,red,observed,1.0,15.62,,red,1,24.72,0,-15.62
1926,64.264,red,observed,1.0,16.07,,red,1,24.31,0,-16.07
1929,64.364,red,observed,1.0,15.92,,red,1,23.17,0,-15.92
1932,64.464,red,observed,1.0,16.44,,red,1,24.72,0,-16.44
1935,64.564,red,observed,1.0,15.77,,red,1,24.83,0,-15.77
1938,64.665,red,observed,1.0,15.32,,red,1,24.41,0,-15.32
1941,64.765,red,observed,1.0,15.69,,red,1,23.59,0,-15.69
1944,64.865,red,observed,1.0,15.47,,red,1,24.1,0,-15.47
1947,64.965,red,observed,1.0,16.37,,red,1,24.31,0,-16.37
1950,65.065,red,observed,1.0,15.77,,red,1,24.21,0,-15.77
1953,65.165,red,observed,1.0,15.84,,red,1,24.83,0,-15.84
1956,65.265,red,observed,1.0,16.07,,red,1,24.0,0,-16.07
1959,65.365,red,observed,1.0,15.17,,red,1,22.86,0,-15.17
1962,65.465,red,observed,1.0,16.07,,red,1,24.31,0,-16.07
1965,65.566,red,observed,1.0,16.37,,red,1,24.31,0,-16.37
1968,65.666,red,observed,1.0,16.14,,red,1,24.93,0,-16.14
1971,65.766,red,observed,1.0,15.99,,red,1,24.83,0,-15.99
1974,65.866,red,observed,1.0,15.99,,red,1,22.14,0,-15.99
1977,65.966,red,observed,1.0,16.07,,red,1,24.72,0,-16.07
1980,66.066,red,observed,1.0,15.77,,red,1,24.21,0,-15.77
1983,66.166,red,observed,1.0,15.77,,red,1,24.1,0,-15.77
1986,66.266,red,observed,1.0,15.77,,red,1,23.79,0,-15.77
1989,66.366,red,observed,1.0,15.32,,red,1,24.21,0,-15.32
1992,66.466,red,observed,1.0,15.54,,red,1,23.17,0,-15.54
1995,66.566,red,observed,1.0,15.62,,red,1,24.41,0,-15.62
1998,66.667,red,observed,1.0,16.29,,red,1,23.38,0,-16.29
2001,66.767,red,observed,1.0,16.29,,red,1,24.62,0,-16.29
2004,66.867,red,observed,1.0,15.92,,red,1,25.45,0,-15.92
2007,66.967,red,observed,1.0,16.22,,red,1,25.65,0,-16.22
2010,67.067,red,observed,1.0,15.84,,red,1,25.55,0,-15.84
2013,67.167,red,observed,1.0,15.92,,red,1,22.86,0,-15.92
2016,67.267,red,observed,1.0,16.14,,red,1,25.34,0,-16.14
2019,67.367,red,observed,1.0,16.52,,red,1,25.34,0,-16.52
2022,67.467,red,observed,1.0,15.77,,red,1,24.21,0,-15.77
2025,67.568,red,observed,1.0,15.92,,red,1,25.03,0,-15.92
2028,67.668,red,observed,1.0,15.84,,red,1,23.48,0,-15.84
2031,67.768,red,observed,1.0,16.07,,red,1,23.07,0,-16.07
2034,67.868,red,observed,1.0,15.99,,red,1,24.0,0,-15.99
2037,67.968,red,observed,1.0,15.32,,red,1,24.52,0,-15.32
2040,68.068,red,observed,1.0,15.69,,red,1,23.79,0,-15.69
2043,68.168,red,observed,1.0,16.22,,red,1,24.0,0,-16.22
2046,68.268,red,observed,1.0,15.92,,red,1,24.41,0,-15.92
2049,68.368,red,observed,1.0,15.47,,red,1,25.24,0,-15.47
2052,68.468,red,observed,1.0,16.07,,red,1,24.93,0,-16.07
2055,68.568,red,observed,1.0,15.77,,red,1,25.14,0,-15.77
2058,68.669,red,observed,1.0,15.69,,red,1,25.24,0,-15.69
2061,68.769,red,observed,1.0,15.69,,red,1,25.34,0,-15.69
2064,68.869,red,observed,1.0,15.62,,red,1,25.03,0,-15.62
2067,68.969,red,observed,1.0,15.69,,red,1,25.34,0,-15.69
2070,69.069,red,observed,1.0,15.84,,red,1,24.21,0,-15.84
2073,69.169,red,observed,1.0,15.54,,red,1,23.28,0,-15.54
2076,69.269,red,observed,1.0,15.92,,red,1,25.76,0,-15.92
2079,69.369,red,observed,1.0,15.84,,red,1,25.76,0,-15.84
2082,69.469,red,observed,1.0,15.32,,red,1,23.48,0,-15.32
2085,69.57,red,observed,1.0,15.92,,red,1,25.14,0,-15.92
2088,69.67,red,observed,1.0,15.17,,red,1,25.14,0,-15.17
2091,69.77,red,observed,1.0,15.99,,red,1,25.14,0,-15.99
2094,69.87,red,observed,1.0,15.99,,red,1,23.38,0,-15.99
2097,69.97,red,observed,1.0,15.92,,red,1,25.55,0,-15.92
2100,70.07,red,observed,1.0,15.47,,red,1,25.76,0,-15.47
2103,70.17,red,observed,1.0,16.07,,red,1,25.96,0,-16.07
2106,70.27,red,observed,1.0,15.99,,red,1,26.17,0,-15.99
2109,70.37,red,observed,1.0,15.99,,red,1,25.24,0,-15.99
2112,70.47,red,observed,1.0,16.22,,red,1,24.83,0,-16.22
2115,70.57,red,observed,1.0,15.62,,red,1,24.1,0,-15.62
2118,70.671,red,observed,1.0,16.52,,red,1,26.07,0,-16.52
2121,70.771,red,observed,1.0,15.54,,red,1,23.79,0,-15.54
2124,70.871,red,observed,1.0,16.07,,red,1,24.52,0,-16.07
2127,70.971,red,observed,1.0,15.54,,red,1,24.21,0,-15.54
2130,71.071,red,observed,1.0,16.07,,red,1,25.65,0,-16.07
2133,71.171,red,observed,1.0,15.62,,red,1,26.79,0,-15.62
2136,71.271,red,observed,1.0,15.62,,red,1,25.55,0,-15.62
2139,71.371,red,observed,1.0,16.07,,red,1,24.31,0,-16.07
2142,71.471,red,observed,1.0,15.92,,red,1,22.86,0,-15.92
2145,71.572,red,observed,1.0,15.77,,red,1,25.24,0,-15.77
2148,71.672,red,observed,1.0,15.39,,red,1,25.34,0,-15.39
2151,71.772,red,observed,1.0,15.77,,red,1,25.24,0,-15.77
2154,71.872,red,observed,1.0,16.07,,red,1,25.24,0,-16.07
2157,71.972,red,observed,1.0,15.47,,red,1,24.52,0,-15.47
2160,72.072,red,observed,1.0,15.69,,red,1,25.03,0,-15.69
2163,72.172,red,observed,1.0,15.77,,red,1,24.72,0,-15.77
2166,72.272,red,observed,1.0,16.14,,red,1,24.83,0,-16.14
2169,72.372,red,observed,1.0,15.77,,red,1,24.31,0,-15.77
2172,72.472,red,observed,1.0,15.69,,red,1,24.41,0,-15.69
2175,72.572,red,observed,1.0,15.62,,red,1,23.17,0,-15.62
2178,72.673,red,observed,1.0,15.99,,red,1,23.59,0,-15.99
2181,72.773,red,observed,1.0,15.69,,red,1,25.14,0,-15.69
2184,72.873,red,observed,1.0,16.07,,red,1,24.72,0,-16.07
2187,72.973,red,observed,1.0,15.77,,red,1,26.27,0,-15.77
2190,73.073,red,observed,1.0,15.84,,red,1,25.65,0,-15.84
2193,73.173,red,observed,1.0,16.14,,red,1,24.21,0,-16.14
2196,73.273,red,observed,1.0,15.69,,red,1,23.59,0,-15.69
2199,73.373,red,observed,1.0,15.77,,red,1,23.59,0,-15.77
2202,73.473,red,observed,1.0,16.29,,red,1,23.07,0,-16.29
2205,73.574,red,observed,1.0,15.77,,red,1,24.72,0,-15.77
2208,73.674,red,observed,1.0,15.54,,red,1,24.83,0,-15.54
2211,73.774,red,observed,1.0,15.77,,red,1,22.45,0,-15.77
2214,73.874,red,observed,1.0,15.99,,red,1,22.96,0,-15.99
2217,73.974,red,observed,1.0,15.84,,red,1,24.21,0,-15.84
2220,74.074,red,observed,1.0,15.84,,red,1,23.69,0,-15.84
2223,74.174,red,observed,1.0,16.14,,red,1,23.79,0,-16.14
2226,74.274,red,observed,1.0,15.54,,red,1,26.07,0,-15.54
2229,74.374,red,observed,1.0,15.47,,red,1,25.24,0,-15.47
2232,74.474,red,observed,1.0,15.62,,red,1,23.79,0,-15.62
2235,74.574,red,observed,1.0,16.07,,red,1,23.79,0,-16.07
2238,74.675,red,observed,1.0,15.99,,red,1,25.34,0,-15.99
2241,74.775,red,observed,1.0,15.99,,red,1,24.21,0,-15.99
2244,74.875,red,observed,1.0,15.84,,red,1,24.31,0,-15.84
2247,74.975,red,observed,1.0,15.77,,red,1,25.65,0,-15.77
2250,75.075,red,observed,1.0,15.69,,red,1,23.17,0,-15.69
2253,75.175,red,observed,1.0,15.62,,red,1,25.65,0,-15.62
2256,75.275,red,observed,1.0,15.69,,red,1,23.69,0,-15.69
2259,75.375,red,observed,1.0,15.92,,red,1,25.03,0,-15.92
2262,75.475,red,observed,1.0,16.07,,red,1,23.17,0,-16.07
2265,75.576,red,observed,1.0,15.62,,red,1,22.76,0,-15.62
2268,75.676,red,observed,1.0,16.37,,red,1,23.17,0,-16.37
2271,75.776,red,observed,1.0,15.92,,red,1,23.59,0,-15.92
2274,75.876,red,observed,1.0,16.22,,red,1,24.93,0,-16.22
2277,75.976,red,observed,1.0,15.62,,red,1,24.31,0,-15.62
2280,76.076,red,observed,1.0,15.69,,red,1,23.69,0,-15.69
2283,76.176,red,observed,1.0,15.69,,red,1,23.59,0,-15.69
2286,76.276,red,observed,1.0,15.32,,red,1,24.72,0,-15.32
2289,76.376,red,observed,1.0,15.99,,red,1,24.21,0,-15.99
2292,76.476,red,observed,1.0,15.17,,red,1,23.17,0,-15.17
2295,76.576,red,observed,1.0,15.69,,red,1,24.62,0,-15.69
2298,76.677,red,observed,1.0,16.22,,red,1,22.55,0,-16.22
2301,76.777,red,observed,1.0,15.24,,red,1,25.24,0,-15.24
2304,76.877,red,observed,1.0,15.24,,red,1,22.65,0,-15.24
2307,76.977,red,observed,1.0,15.99,,red,1,24.41,0,-15.99
2310,77.077,red,observed,1.0,15.92,,red,1,24.1,0,-15.92
2313,77.177,red,observed,1.0,15.84,,red,1,24.1,0,-15.84
2316,77.277,red,observed,1.0,15.84,,red,1,22.45,0,-15.84
2319,77.377,red,observed,1.0,16.14,,red,1,23.69,0,-16.14
2322,77.477,red,observed,1.0,15.69,,red,1,24.1,0,-15.69
2325,77.578,red,observed,1.0,15.32,,red,1,22.96,0,-15.32
2328,77.678,red,observed,1.0,15.92,,red,1,22.34,0,-15.92
2331,77.778,red,observed,1.0,15.69,,red,1,22.55,0,-15.69
2334,77.878,red,observed,1.0,16.07,,red,1,23.17,0,-16.07
2337,77.978,red,observed,1.0,15.54,,red,1,24.21,0,-15.54
2340,78.078,red,observed,1.0,15.84,,red,1,23.07,0,-15.84
2343,78.178,red,observed,1.0,15.84,,red,1,23.07,0,-15.84
2346,78.278,red,observed,1.0,15.84,,red,1,20.9,0,-15.84
2349,78.378,red,observed,1.0,15.39,,red,1,23.17,0,-15.39
2352,78.478,red,observed,1.0,15.32,,red,1,20.69,0,-15.32
2355,78.578,red,observed,1.0,15.99,,red,1,22.24,0,-15.99
2358,78.679,red,observed,1.0,15.92,,red,1,21.62,0,-15.92
2361,78.779,red,observed,1.0,15.62,,red,1,22.96,0,-15.62
2364,78.879,red,observed,1.0,15.84,,red,1,23.17,0,-15.84
2367,78.979,red,observed,1.0,15.39,,red,1,24.31,0,-15.39
2370,79.079,red,observed,1.0,15.77,,red,1,23.17,0,-15.77
2373,79.179,red,observed,1.0,16.14,,red,1,23.69,0,-16.14
2376,79.279,red,observed,1.0,15.92,,red,1,22.24,0,-15.92
2379,79.379,red,observed,1.0,16.14,,red,1,22.55,0,-16.14
2382,79.479,red,observed,1.0,15.69,,red,1,22.34,0,-15.69
2385,79.58,red,observed,1.0,16.22,,red,1,22.45,0,-16.22
2388,79.68,red,observed,1.0,15.84,,red,1,21.31,0,-15.84
2391,79.78,red,observed,1.0,15.99,,red,1,22.86,0,-15.99
2394,79.88,red,observed,1.0,15.92,,red,1,23.17,0,-15.92
2397,79.98,red,observed,1.0,15.99,,red,1,22.14,0,-15.99
2400,80.08,red,observed,1.0,15.92,,red,1,22.65,0,-15.92
2403,80.18,red,observed,1.0,16.22,,red,1,22.96,0,-16.22
2406,80.28,red,observed,1.0,16.82,,red,1,22.03,0,-16.82
2409,80.38,red,observed,1.0,16.29,,red,1,23.59,0,-16.29
2412,80.48,red,observed,1.0,15.99,,red,1,23.38,0,-15.99
2415,80.58,red,observed,1.0,16.14,,red,1,23.38,0,-16.14
2418,80.681,red,observed,1.0,16.14,,red,1,22.34,0,-16.14
2421,80.781,red,observed,1.0,15.92,,red,1,22.55,0,-15.92
2424,80.881,red,observed,1.0,15.77,,red,1,21.72,0,-15.77
2427,80.981,red,observed,1.0,15.84,,red,1,20.79,0,-15.84
2430,81.081,red,observed,1.0,16.37,,red,1,22.14,0,-16.37
2433,81.181,red,observed,1.0,15.47,,red,1,23.48,0,-15.47
2436,81.281,red,observed,1.0,15.39,,red,1,23.28,0,-15.39
2439,81.381,red,observed,1.0,15.62,,red,1,22.34,0,-15.62
2442,81.481,red,observed,1.0,15.69,,red,1,19.76,0,-15.69
2445,81.582,red,observed,1.0,15.47,,red,1,22.34,0,-15.47
2448,81.682,red,observed,1.0,16.22,,red,1,21.83,0,-16.22
2451,81.782,red,observed,1.0,16.44,,red,1,22.55,0,-16.44
2454,81.882,red,observed,1.0,15.69,,red,1,20.9,0,-15.69
2457,81.982,red,observed,1.0,16.37,,red,1,22.86,0,-16.37
2460,82.082,red,observed,1.0,16.22,,red,1,23.28,0,-16.22
2463,82.182,red,observed,1.0,15.39,,red,1,22.96,0,-15.39
2466,82.282,red,observed,1.0,16.22,,red,1,22.24,0,-16.22
2469,82.382,red,observed,1.0,15.92,,red,1,22.24,0,-15.92
2472,82.482,red,observed,1.0,16.37,,red,1,22.96,0,-16.37
2475,82.582,red,observed,1.0,15.62,,red,1,22.14,0,-15.62
2478,82.683,red,observed,1.0,15.69,,red,1,23.38,0,-15.69
2481,82.783,red,observed,1.0,15.92,,red,1,22.03,0,-15.92
2484,82.883,red,observed,1.0,16.22,,red,1,21.93,0,-16.22
2487,82.983,red,observed,1.0,16.29,,red,1,21.83,0,-16.29
2490,83.083,red,observed,1.0,15.39,,red,1,22.55,0,-15.39
2493,83.183,red,observed,1.0,15.69,,red,1,21.52,0,-15.69
2496,83.283,red,observed,1.0,15.77,,red,1,22.96,0,-15.77
2499,83.383,red,observed,1.0,15.92,,red,1,22.65,0,-15.92
2502,83.483,red,observed,1.0,15.84,,red,1,23.28,0,-15.84
2505,83.584,red,observed,1.0,16.07,,red,1,22.24,0,-16.07
2508,83.684,red,observed,1.0,15.77,,red,1,21.93,0,-15.77
2511,83.784,red,observed,1.0,16.07,,red,1,23.79,0,-16.07
2514,83.884,red,observed,1.0,15.84,,red,1,21.72,0,-15.84
2517,83.984,red,observed,1.0,15.54,,red,1,22.96,0,-15.54
2520,84.084,red,observed,1.0,15.47,,red,1,22.76,0,-15.47
2523,84.184,red,observed,1.0,15.62,,red,1,22.86,0,-15.62
2526,84.284,red,observed,1.0,15.54,,red,1,23.28,0,-15.54
2529,84.384,red,observed,1.0,16.07,,red,1,22.03,0,-16.07
2532,84.484,red,observed,1.0,15.92,,red,1,21.93,0,-15.92
2535,84.584,red,observed,1.0,16.22,,red,1,22.55,0,-16.22
2538,84.685,red,observed,1.0,16.07,,red,1,22.76,0,-16.07
2541,84.785,red,observed,1.0,15.84,,red,1,21.62,0,-15.84
2544,84.885,red,observed,1.0,15.92,,red,1,22.65,0,-15.92
2547,84.985,red,observed,1.0,15.24,,red,1,22.55,0,-15.24
2550,85.085,red,observed,1.0,15.47,,red,1,21.21,0,-15.47
2553,85.185,red,observed,1.0,15.54,,red,1,22.55,0,-15.54
2556,85.285,red,observed,1.0,15.84,,red,1,20.79,0,-15.84
2559,85.385,red,observed,1.0,16.14,,red,1,21.31,0,-16.14
2562,85.485,red,observed,1.0,15.54,,red,1,21.72,0,-15.54
2565,85.586,red,observed,1.0,15.77,,red,1,23.07,0,-15.77
2568,85.686,red,observed,1.0,15.62,,red,1,21.62,0,-15.62
2571,85.786,red,observed,1.0,15.92,,red,1,23.48,0,-15.92
2574,85.886,red,observed,1.0,15.92,,red,1,21.83,0,-15.92
2577,85.986,red,observed,1.0,15.99,,red,1,21.72,0,-15.99
2580,86.086,red,observed,1.0,15.39,,red,1,21.93,0,-15.39
2583,86.186,red,observed,1.0,16.07,,red,1,22.96,0,-16.07
2586,86.286,red,observed,1.0,15.92,,red,1,21.62,0,-15.92
2589,86.386,red,observed,1.0,15.54,,red,1,22.76,0,-15.54
2592,86.486,red,observed,1.0,15.54,,red,1,21.72,0,-15.54
2595,86.586,red,observed,1.0,15.54,,red,1,21.31,0,-15.54
2598,86.687,red,observed,1.0,15.24,,red,1,21.83,0,-15.24
2601,86.787,red,observed,1.0,15.99,,red,1,21.83,0,-15.99
2604,86.887,red,observed,1.0,15.32,,red,1,21.83,0,-15.32
2607,86.987,red,observed,1.0,16.29,,red,1,23.17,0,-16.29
2610,87.087,red,observed,1.0,15.69,,red,1,22.14,0,-15.69
2613,87.187,red,observed,1.0,15.69,,red,1,22.55,0,-15.69
2616,87.287,red,observed,1.0,16.14,,red,1,22.86,0,-16.14
2619,87.387,red,observed,1.0,15.77,,red,1,22.76,0,-15.77
2622,87.487,red,observed,1.0,15.84,,red,1,23.07,0,-15.84
2625,87.588,red,observed,1.0,15.92,,red,1,22.96,0,-15.92
2628,87.688,red,observed,1.0,15.54,,red,1,23.38,0,-15.54
2631,87.788,red,observed,1.0,16.14,,red,1,23.28,0,-16.14
2634,87.888,red,observed,1.0,16.29,,red,1,22.14,0,-16.29
2637,87.988,red,observed,1.0,15.92,,red,1,22.34,0,-15.92
2640,88.088,red,observed,1.0,15.32,,red,1,22.76,0,-15.32
2643,88.188,red,observed,1.0,15.84,,red,1,21.1,0,-15.84
2646,88.288,red,observed,1.0,15.99,,red,1,22.14,0,-15.99
2649,88.388,red,observed,1.0,16.44,,red,1,22.45,0,-16.44
2652,88.488,red,observed,1.0,15.84,,red,1,21.83,0,-15.84
2655,88.588,red,observed,1.0,15.54,,red,1,23.28,0,-15.54
2658,88.689,red,observed,1.0,15.92,,red,1,22.03,0,-15.92
2661,88.789,red,observed,1.0,15.92,,red,1,22.45,0,-15.92
2664,88.889,red,observed,1.0,15.69,,red,1,20.9,0,-15.69
2667,88.989,red,observed,1.0,15.92,,red,1,22.86,0,-15.92
2670,89.089,red,observed,1.0,15.77,,red,1,22.45,0,-15.77
2673,89.189,red,observed,1.0,15.77,,red,1,23.79,0,-15.77
2676,89.289,red,observed,1.0,15.77,,red,1,23.59,0,-15.77
2679,89.389,red,observed,1.0,15.77,,red,1,23.38,0,-15.77
2682,89.489,red,observed,1.0,15.92,,red,1,23.07,0,-15.92
2685,89.59,red,observed,1.0,15.84,,red,1,24.1,0,-15.84
2688,89.69,red,observed,1.0,15.54,,red,1,22.14,0,-15.54
2691,89.79,red,observed,1.0,15.39,,red,1,22.45,0,-15.39
2694,89.89,red,observed,1.0,15.92,,red,1,22.76,0,-15.92
2697,89.99,red,observed,1.0,15.69,,red,1,21.52,0,-15.69
2700,90.09,red,observed,1.0,15.92,,red,1,23.9,0,-15.92
2703,90.19,red,observed,1.0,15.84,,red,1,21.72,0,-15.84
2706,90.29,red,observed,1.0,16.22,,red,1,23.38,0,-16.22
2709,90.39,red,observed,1.0,15.69,,red,1,23.59,0,-15.69
2712,90.49,red,observed,1.0,15.84,,red,1,23.9,0,-15.84
2715,90.59,red,observed,1.0,16.14,,red,1,23.38,0,-16.14
2718,90.691,red,observed,1.0,15.77,,red,1,22.65,0,-15.77
2721,90.791,red,observed,1.0,15.09,,red,1,22.55,0,-15.09
2724,90.891,red,observed,1.0,15.84,,red,1,23.28,0,-15.84
2727,90.991,red,observed,1.0,15.92,,red,1,22.45,0,-15.92
2730,91.091,red,observed,1.0,15.69,,red,1,24.31,0,-15.69
2733,91.191,red,observed,1.0,15.62,,red,1,24.0,0,-15.62
2736,91.291,red,observed,1.0,15.69,,red,1,24.0,0,-15.69
2739,91.391,red,observed,1.0,16.59,,red,1,23.17,0,-16.59
2742,91.491,red,observed,1.0,15.62,,red,1,23.59,0,-15.62
2745,91.592,red,observed,1.0,15.62,,red,1,24.31,0,-15.62
2748,91.692,red,observed,1.0,16.29,,red,1,23.48,0,-16.29
2751,91.792,red,observed,1.0,15.84,,red,1,23.17,0,-15.84
2754,91.892,red,observed,1.0,15.54,,red,1,22.76,0,-15.54
2757,91.992,red,observed,1.0,15.54,,red,1,23.79,0,-15.54
2760,92.092,red,observed,1.0,15.92,,red,1,22.96,0,-15.92
2763,92.192,red,observed,1.0,15.77,,red,1,22.76,0,-15.77
2766,92.292,red,observed,1.0,16.22,,red,1,23.38,0,-16.22
2769,92.392,red,observed,1.0,16.07,,red,1,23.79,0,-16.07
2772,92.492,red,observed,1.0,15.62,,red,1,22.55,0,-15.62
2775,92.592,red,observed,1.0,15.69,,red,1,22.24,0,-15.69
2778,92.693,red,observed,1.0,15.54,,red,1,23.48,0,-15.54
2781,92.793,red,observed,1.0,15.54,,red,1,23.59,0,-15.54
2784,92.893,red,observed,1.0,15.69,,red,1,23.48,0,-15.69
2787,92.993,red,observed,1.0,15.62,,red,1,23.79,0,-15.62
2790,93.093,red,observed,1.0,15.92,,red,1,23.59,0,-15.92
2793,93.193,red,observed,1.0,16.07,,red,1,23.38,0,-16.07
2796,93.293,red,observed,1.0,15.39,,red,1,22.96,0,-15.39
2799,93.393,red,observed,1.0,15.99,,red,1,23.59,0,-15.99
2802,93.493,red,observed,1.0,15.84,,red,1,23.07,0,-15.84
2805,93.594,red,observed,1.0,16.29,,red,1,22.34,0,-16.29
2808,93.694,red,observed,1.0,16.52,,red,1,22.55,0,-16.52
2811,93.794,red,observed,1.0,15.92,,red,1,23.79,0,-15.92
2814,93.894,red,observed,1.0,15.84,,red,1,22.34,0,-15.84
2817,93.994,red,observed,1.0,15.99,,red,1,23.17,0,-15.99
2820,94.094,red,observed,1.0,15.84,,red,1,22.86,0,-15.84
2823,94.194,red,observed,1.0,15.92,,red,1,21.72,0,-15.92
2826,94.294,red,observed,1.0,15.84,,red,1,24.1,0,-15.84
2829,94.394,red,observed,1.0,15.54,,red,1,22.24,0,-15.54
2832,94.494,red,observed,1.0,15.69,,red,1,22.45,0,-15.69
2835,94.594,red,observed,1.0,15.84,,red,1,22.76,0,-15.84
2838,94.695,red,observed,1.0,16.14,,red,1,23.69,0,-16.14
2841,94.795,red,observed,1.0,16.52,,red,1,24.0,0,-16.52
2844,94.895,red,observed,1.0,15.84,,red,1,23.17,0,-15.84
2847,94.995,red,observed,1.0,15.77,,red,1,22.03,0,-15.77
2850,95.095,red,observed,1.0,16.22,,red,1,22.65,0,-16.22
2853,95.195,red,observed,1.0,15.69,,red,1,23.9,0,-15.69
2856,95.295,red,observed,1.0,15.69,,red,1,21.83,0,-15.69
2859,95.395,red,observed,1.0,16.07,,red,1,21.83,0,-16.07
2862,95.495,red,observed,1.0,15.54,,red,1,22.34,0,-15.54
2865,95.596,red,observed,1.0,16.14,,red,1,21.93,0,-16.14
2868,95.696,red,observed,1.0,15.47,,red,1,21.21,0,-15.47
2871,95.796,red,observed,1.0,16.22,,red,1,22.86,0,-16.22
2874,95.896,red,observed,1.0,16.14,,red,1,22.45,0,-16.14
2877,95.996,red,observed,1.0,15.39,,red,1,23.38,0,-15.39
2880,96.096,red,observed,1.0,15.99,,red,1,23.07,0,-15.99
2883,96.196,red,observed,1.0,15.92,,red,1,23.07,0,-15.92
2886,96.296,red,observed,1.0,15.77,,red,1,23.38,0,-15.77
2889,96.396,red,observed,1.0,15.62,,red,1,23.69,0,-15.62
2892,96.496,red,observed,1.0,15.47,,red,1,22.14,0,-15.47
2895,96.596,red,observed,1.0,16.07,,red,1,22.34,0,-16.07
2898,96.697,red,observed,1.0,15.99,,red,1,22.86,0,-15.99
2901,96.797,red,observed,1.0,15.69,,red,1,21.72,0,-15.69
2904,96.897,red,observed,1.0,15.69,,red,1,23.38,0,-15.69
2907,96.997,red,observed,1.0,15.92,,red,1,23.59,0,-15.92
2910,97.097,red,observed,1.0,15.84,,red,1,22.45,0,-15.84
2913,97.197,red,observed,1.0,15.84,,red,1,22.45,0,-15.84
2916,97.297,red,observed,1.0,15.84,,red,1,22.45,0,-15.84
2919,97.397,red,observed,1.0,15.32,,red,1,22.24,0,-15.32
2922,97.497,red,observed,1.0,15.47,,red,1,22.03,0,-15.47
2925,97.598,red,observed,1.0,15.39,,red,1,22.76,0,-15.39
2928,97.698,red,observed,1.0,15.92,,red,1,23.17,0,-15.92
2931,97.798,red,observed,1.0,15.92,,red,1,22.14,0,-15.92
2934,97.898,red,observed,1.0,15.69,,red,1,22.24,0,-15.69
2937,97.998,red,observed,1.0,16.14,,red,1,22.65,0,-16.14
2940,98.098,red,observed,1.0,15.84,,red,1,22.24,0,-15.84
2943,98.198,red,observed,1.0,15.99,,red,1,21.1,0,-15.99
2946,98.298,red,observed,1.0,15.99,,red,1,22.03,0,-15.99
2949,98.398,red,observed,1.0,16.07,,red,1,22.45,0,-16.07
2952,98.498,red,observed,1.0,16.14,,red,1,22.34,0,-16.14
2955,98.598,red,observed,1.0,15.92,,red,1,23.69,0,-15.92
2958,98.699,red,observed,1.0,16.59,,red,1,21.52,0,-16.59
2961,98.799,red,observed,1.0,15.92,,red,1,22.14,0,-15.92
2964,98.899,red,observed,1.0,15.92,,red,1,22.03,0,-15.92
2967,98.999,red,observed,1.0,16.29,,red,1,21.83,0,-16.29
2970,99.099,red,observed,1.0,16.14,,red,1,22.45,0,-16.14
2973,99.199,red,observed,1.0,16.14,,red,1,22.55,0,-16.14
2976,99.299,red,observed,1.0,15.99,,red,1,21.1,0,-15.99
2979,99.399,red,observed,1.0,16.37,,red,1,21.31,0,-16.37
2982,99.499,red,observed,1.0,15.54,,red,1,21.0,0,-15.54
2985,99.6,red,observed,1.0,15.92,,red,1,21.72,0,-15.92
2988,99.7,red,observed,1.0,16.44,,red,1,22.24,0,-16.44
2991,99.8,red,observed,1.0,16.14,,red,1,22.86,0,-16.14
2994,99.9,red,observed,1.0,15.62,,red,1,22.55,0,-15.62
2997,100.0,red,observed,1.0,16.14,,red,1,22.45,0,-16.14
3000,100.1,red,observed,1.0,16.22,,red,1,21.52,0,-16.22
3003,100.2,red,observed,1.0,16.29,,red,1,21.62,0,-16.29
3006,100.3,red,observed,1.0,15.77,,red,1,20.79,0,-15.77
3009,100.4,red,observed,1.0,15.84,,red,1,21.31,0,-15.84
3012,100.5,red,observed,1.0,15.09,,red,1,20.28,0,-15.09
3015,100.6,red,observed,1.0,15.99,,red,1,22.14,0,-15.99
3018,100.701,red,observed,1.0,16.29,,red,1,21.41,0,-16.29
3021,100.801,red,observed,1.0,15.54,,red,1,21.72,0,-15.54
3024,100.901,red,observed,1.0,16.07,,red,1,23.07,0,-16.07
3027,101.001,red,observed,1.0,15.54,,red,1,21.62,0,-15.54
3030,101.101,red,observed,1.0,15.47,,red,1,22.76,0,-15.47
3033,101.201,red,observed,1.0,15.99,,red,1,21.83,0,-15.99
3036,101.301,red,observed,1.0,16.67,,red,1,21.62,0,-16.67
3039,101.401,red,observed,1.0,15.77,,red,1,21.62,0,-15.77
3042,101.501,red,observed,1.0,15.47,,red,1,21.62,0,-15.47
3045,101.602,red,observed,1.0,15.69,,red,1,22.45,0,-15.69
3048,101.702,red,observed,1.0,15.77,,red,1,22.14,0,-15.77
3051,101.802,red,observed,1.0,15.77,,red,1,21.62,0,-15.77
3054,101.902,red,observed,1.0,15.99,,red,1,21.1,0,-15.99
3057,102.002,red,observed,1.0,16.37,,red,1,22.45,0,-16.37
3060,102.102,green,observed,1.0,15.99,,green,0,-22.45,1,15.99
3063,102.202,green,observed,1.0,15.39,,green,0,-23.48,1,15.39
3066,102.302,green,observed,1.0,15.47,,green,0,-24.1,1,15.47
3069,102.402,green,observed,1.0,15.47,,green,0,-24.1,1,15.47
3072,102.502,green,observed,1.0,16.07,,green,0,-23.48,1,16.07
3075,102.602,green,observed,1.0,16.22,,green,0,-23.9,1,16.22
3078,102.703,green,observed,1.0,16.22,,green,0,-23.9,1,16.22
3081,102.803,green,observed,1.0,16.14,,green,0,-23.79,1,16.14
3084,102.903,green,observed,1.0,16.59,,green,0,-23.69,1,16.59
3087,103.003,green,observed,1.0,16.89,,green,0,-23.59,1,16.89
3090,103.103,green,observed,1.0,16.97,,green,0,-24.1,1,16.97
3093,103.203,green,observed,1.0,16.52,,green,0,-23.69,1,16.52
3096,103.303,green,observed,1.0,16.22,,green,0,-23.48,1,16.22
3099,103.403,green,observed,1.0,16.74,,green,0,-23.17,1,16.74
3102,103.503,green,observed,1.0,16.89,,green,0,-24.0,1,16.89
3105,103.604,green,observed,1.0,17.12,,green,0,-25.03,1,17.12
3108,103.704,green,observed,1.0,17.42,,green,0,-23.38,1,17.42
3111,103.804,green,observed,1.0,16.44,,green,0,-24.72,1,16.44
3114,103.904,green,observed,1.0,16.59,,green,0,-23.28,1,16.59
3117,104.004,green,observed,1.0,17.49,,green,0,-24.31,1,17.49
3120,104.104,green,observed,1.0,16.52,,green,0,-24.62,1,16.52
3123,104.204,green,observed,1.0,16.89,,green,0,-23.79,1,16.89
3126,104.304,green,observed,1.0,16.67,,green,0,-24.0,1,16.67
3129,104.404,green,observed,1.0,16.97,,green,0,-24.0,1,16.97
3132,104.504,green,observed,1.0,17.87,,green,0,-24.1,1,17.87
3135,104.604,green,observed,1.0,17.04,,green,0,-23.9,1,17.04
3138,104.705,green,observed,1.0,17.04,,green,0,-24.0,1,17.04
3141,104.805,green,observed,1.0,16.97,,green,0,-24.1,1,16.97
3144,104.905,green,observed,1.0,16.74,,green,0,-24.72,1,16.74
3147,105.005,green,observed,1.0,16.67,,green,0,-23.48,1,16.67
3150,105.105,green,observed,1.0,17.19,,green,0,-24.1,1,17.19
3153,105.205,green,observed,1.0,17.12,,green,0,-23.48,1,17.12
3156,105.305,green,observed,1.0,17.49,,green,0,-23.79,1,17.49
3159,105.405,green,observed,1.0,17.27,,green,0,-23.59,1,17.27
3162,105.505,green,observed,1.0,17.04,,green,0,-24.31,1,17.04
3165,105.606,green,observed,1.0,17.42,,green,0,-24.0,1,17.42
3168,105.706,green,observed,1.0,17.12,,green,0,-24.31,1,17.12
3171,105.806,green,observed,1.0,16.74,,green,0,-23.9,1,16.74
3174,105.906,green,observed,1.0,17.42,,green,0,-24.21,1,17.42
3177,106.006,green,observed,1.0,16.82,,green,0,-23.28,1,16.82
3180,106.106,green,observed,1.0,17.42,,green,0,-23.79,1,17.42
3183,106.206,green,observed,1.0,16.67,,green,0,-24.0,1,16.67
3186,106.306,green,observed,1.0,17.12,,green,0,-23.69,1,17.12
3189,106.406,green,observed,1.0,16.59,,green,0,-24.21,1,16.59
3192,106.506,green,observed,1.0,17.49,,green,0,-24.21,1,17.49
3195,106.606,green,observed,1.0,17.12,,green,0,-24.0,1,17.12
3198,106.707,green,observed,1.0,16.82,,green,0,-24.52,1,16.82
3201,106.807,green,observed,1.0,17.49,,green,0,-23.59,1,17.49
3204,106.907,green,observed,1.0,17.94,,green,0,-24.21,1,17.94
3207,107.007,green,observed,1.0,16.97,,green,0,-24.21,1,16.97
3210,107.107,green,observed,1.0,16.82,,green,0,-24.0,1,16.82
3213,107.207,green,observed,1.0,16.37,,green,0,-24.21,1,16.37
3216,107.307,green,observed,1.0,16.82,,green,0,-24.62,1,16.82
3219,107.407,green,observed,1.0,17.27,,green,0,-23.59,1,17.27
3222,107.507,green,observed,1.0,16.89,,green,0,-22.96,1,16.89
3225,107.608,green,observed,1.0,16.22,,green,0,-23.48,1,16.22
3228,107.708,green,observed,1.0,16.59,,green,0,-23.48,1,16.59
3231,107.808,green,observed,1.0,16.37,,green,0,-23.69,1,16.37
3234,107.908,green,observed,1.0,16.37,,green,0,-23.59,1,16.37
3237,108.008,green,observed,1.0,16.29,,green,0,-23.69,1,16.29
3240,108.108,green,observed,1.0,16.14,,green,0,-23.79,1,16.14
3243,108.208,green,observed,1.0,16.74,,green,0,-23.79,1,16.74
3246,108.308,green,observed,1.0,16.44,,green,0,-23.59,1,16.44
3249,108.408,green,observed,1.0,16.74,,green,0,-25.14,1,16.74
3252,108.508,green,observed,1.0,15.69,,green,0,-23.9,1,15.69
3255,108.608,green,observed,1.0,15.92,,green,0,-24.1,1,15.92
3258,108.709,green,observed,1.0,15.77,,green,0,-24.0,1,15.77
3261,108.809,green,observed,1.0,14.79,,green,0,-23.59,1,14.79
3264,108.909,green,observed,1.0,16.22,,green,0,-24.0,1,16.22
3267,109.009,green,observed,1.0,15.54,,green,0,-24.1,1,15.54
3270,109.109,green,observed,1.0,15.02,,green,0,-23.69,1,15.02
3273,109.209,green,observed,1.0,15.84,,green,0,-23.59,1,15.84
3276,109.309,green,observed,1.0,15.54,,green,0,-24.31,1,15.54
3279,109.409,green,observed,1.0,15.24,,green,0,-24.31,1,15.24
3282,109.509,green,observed,1.0,15.32,,green,0,-23.9,1,15.32
3285,109.61,green,observed,1.0,15.32,,green,0,-23.79,1,15.32
3288,109.71,green,observed,1.0,15.17,,green,0,-25.03,1,15.17
3291,109.81,green,observed,1.0,15.02,,green,0,-24.83,1,15.02
3294,109.91,green,observed,1.0,15.69,,green,0,-24.21,1,15.69
3297,110.01,green,observed,1.0,15.17,,green,0,-24.41,1,15.17
3300,110.11,green,observed,1.0,15.32,,green,0,-24.52,1,15.32
3303,110.21,green,observed,1.0,15.02,,green,0,-23.79,1,15.02
3306,110.31,green,observed,1.0,14.26,,green,0,-23.17,1,14.26
3309,110.41,green,observed,1.0,15.17,,green,0,-23.9,1,15.17
3312,110.51,green,observed,1.0,14.71,,green,0,-24.0,1,14.71
3315,110.61,green,observed,1.0,14.26,,green,0,-23.9,1,14.26
3318,110.711,green,observed,1.0,14.26,,green,0,-24.0,1,14.26
3321,110.811,green,observed,1.0,14.34,,green,0,-24.0,1,14.34
3324,110.911,green,observed,1.0,13.89,,green,0,-24.0,1,13.89
3327,111.011,green,observed,1.0,13.81,,green,0,-23.9,1,13.81
3330,111.111,green,observed,1.0,14.94,,green,0,-24.62,1,14.94
3333,111.211,green,observed,1.0,14.26,,green,0,-23.9,1,14.26
3336,111.311,green,observed,1.0,14.41,,green,0,-24.52,1,14.41
3339,111.411,green,observed,1.0,14.34,,green,0,-23.59,1,14.34
3342,111.511,green,observed,1.0,13.66,,green,0,-24.41,1,13.66
3345,111.612,green,observed,1.0,14.64,,green,0,-24.31,1,14.64
3348,111.712,green,observed,1.0,14.34,,green,0,-24.41,1,14.34
3351,111.812,green,observed,1.0,13.96,,green,0,-24.21,1,13.96
3354,111.912,green,observed,1.0,14.19,,green,0,-24.21,1,14.19
3357,112.012,green,observed,1.0,14.49,,green,0,-24.62,1,14.49
3360,112.112,green,observed,1.0,14.34,,green,0,-23.69,1,14.34
3363,112.212,green,observed,1.0,13.89,,green,0,-23.69,1,13.89
3366,112.312,green,observed,1.0,14.04,,green,0,-23.79,1,14.04
3369,112.412,green,observed,1.0,14.04,,green,0,-23.48,1,14.04
3372,112.512,green,observed,1.0,14.34,,green,0,-24.1,1,14.34
3375,112.612,green,observed,1.0,14.87,,green,0,-23.9,1,14.87
3378,112.713,green,observed,1.0,14.11,,green,0,-23.79,1,14.11
3381,112.813,green,observed,1.0,15.02,,green,0,-24.0,1,15.02
3384,112.913,green,observed,1.0,14.56,,green,0,-23.48,1,14.56
3387,113.013,green,observed,1.0,14.56,,green,0,-24.0,1,14.56
3390,113.113,green,observed,1.0,15.17,,green,0,-24.21,1,15.17
3393,113.213,green,observed,1.0,14.41,,green,0,-23.59,1,14.41
3396,113.313,green,observed,1.0,15.62,,green,0,-23.48,1,15.62
3399,113.413,green,observed,1.0,14.87,,green,0,-23.59,1,14.87
3402,113.513,green,observed,1.0,14.79,,green,0,-23.59,1,14.79
3405,113.614,green,observed,1.0,15.69,,green,0,-23.69,1,15.69
3408,113.714,green,observed,1.0,14.64,,green,0,-23.17,1,14.64
3411,113.814,green,observed,1.0,14.71,,green,0,-23.17,1,14.71
3414,113.914,green,observed,1.0,15.77,,green,0,-23.9,1,15.77
3417,114.014,green,observed,1.0,16.59,,green,0,-23.9,1,16.59
3420,114.114,green,observed,1.0,15.62,,green,0,-22.65,1,15.62
3423,114.214,green,observed,1.0,15.17,,green,0,-23.48,1,15.17
3426,114.314,green,observed,1.0,14.94,,green,0,-23.38,1,14.94
3429,114.414,green,observed,1.0,15.99,,green,0,-24.21,1,15.99
3432,114.514,green,observed,1.0,15.77,,green,0,-23.69,1,15.77
3435,114.614,green,observed,1.0,15.24,,green,0,-23.28,1,15.24
3438,114.715,green,observed,1.0,16.44,,green,0,-23.38,1,16.44
3441,114.815,green,observed,1.0,15.84,,green,0,-23.48,1,15.84
3444,114.915,green,observed,1.0,17.57,,green,0,-24.1,1,17.57
3447,115.015,green,observed,1.0,16.37,,green,0,-24.21,1,16.37
3450,115.115,green,observed,1.0,17.12,,green,0,-23.79,1,17.12
3453,115.215,green,observed,1.0,16.97,,green,0,-24.0,1,16.97
3456,115.315,green,observed,1.0,16.97,,green,0,-23.59,1,16.97
3459,115.415,green,observed,1.0,16.29,,green,0,-24.0,1,16.29
3462,115.515,green,observed,1.0,16.97,,green,0,-23.07,1,16.97
3465,115.616,green,observed,1.0,16.97,,green,0,-22.76,1,16.97
3468,115.716,green,observed,1.0,18.02,,green,0,-23.48,1,18.02
3471,115.816,green,observed,1.0,17.42,,green,0,-23.79,1,17.42
3474,115.916,green,observed,1.0,18.39,,green,0,-23.79,1,18.39
3477,116.016,green,observed,1.0,17.12,,green,0,-23.48,1,17.12
3480,116.116,green,observed,1.0,17.94,,green,0,-24.0,1,17.94
3483,116.216,green,observed,1.0,17.72,,green,0,-24.1,1,17.72
3486,116.316,green,observed,1.0,17.79,,green,0,-23.69,1,17.79
3489,116.416,green,observed,1.0,18.77,,green,0,-24.0,1,18.77
3492,116.516,green,observed,1.0,18.69,,green,0,-23.38,1,18.69
3495,116.616,green,observed,1.0,17.49,,green,0,-23.38,1,17.49
3498,116.717,green,observed,1.0,17.79,,green,0,-23.48,1,17.79
3501,116.817,green,observed,1.0,17.72,,green,0,-23.28,1,17.72
3504,116.917,green,observed,1.0,18.02,,green,0,-24.72,1,18.02
3507,117.017,green,observed,1.0,18.17,,green,0,-23.59,1,18.17
3510,117.117,green,observed,1.0,18.24,,green,0,-23.69,1,18.24
3513,117.217,green,observed,1.0,17.57,,green,0,-23.48,1,17.57
3516,117.317,green,observed,1.0,17.87,,green,0,-24.21,1,17.87
3519,117.417,green,observed,1.0,17.27,,green,0,-22.86,1,17.27
3522,117.517,green,observed,1.0,17.57,,green,0,-23.38,1,17.57
3525,117.618,green,observed,1.0,17.42,,green,0,-23.38,1,17.42
3528,117.718,green,observed,1.0,17.79,,green,0,-23.79,1,17.79
3531,117.818,green,observed,1.0,16.97,,green,0,-24.31,1,16.97
3534,117.918,green,observed,1.0,18.24,,green,0,-23.17,1,18.24
3537,118.018,green,observed,1.0,17.94,,green,0,-23.48,1,17.94
3540,118.118,green,observed,1.0,17.19,,green,0,-23.48,1,17.19
3543,118.218,green,observed,1.0,17.34,,green,0,-22.76,1,17.34
3546,118.318,green,observed,1.0,17.72,,green,0,-23.17,1,17.72
3549,118.418,green,observed,1.0,18.39,,green,0,-23.17,1,18.39
3552,118.518,green,observed,1.0,17.04,,green,0,-23.79,1,17.04
3555,118.618,green,observed,1.0,17.42,,green,0,-23.17,1,17.42
3558,118.719,green,observed,1.0,17.04,,green,0,-23.48,1,17.04
3561,118.819,green,observed,1.0,16.59,,green,0,-24.0,1,16.59
3564,118.919,green,observed,1.0,17.12,,green,0,-23.28,1,17.12
3567,119.019,green,observed,1.0,16.82,,green,0,-23.38,1,16.82
3570,119.119,green,observed,1.0,17.34,,green,0,-23.59,1,17.34
3573,119.219,green,observed,1.0,16.22,,green,0,-23.28,1,16.22
3576,119.319,green,observed,1.0,16.74,,green,0,-23.38,1,16.74
3579,119.419,green,observed,1.0,16.59,,green,0,-23.48,1,16.59
3582,119.519,green,observed,1.0,16.52,,green,0,-23.79,1,16.52
3585,119.62,green,observed,1.0,16.22,,green,0,-23.38,1,16.22
3588,119.72,green,observed,1.0,16.22,,green,0,-23.17,1,16.22
3591,119.82,green,observed,1.0,16.52,,green,0,-23.48,1,16.52
3594,119.92,green,observed,1.0,15.62,,green,0,-23.69,1,15.62
3597,120.02,green,observed,1.0,16.44,,green,0,-23.48,1,16.44
3600,120.12,green,observed,1.0,15.39,,green,0,-23.59,1,15.39
3603,120.22,green,observed,1.0,16.29,,green,0,-23.48,1,16.29
3606,120.32,green,observed,1.0,15.77,,green,0,-23.38,1,15.77
3609,120.42,green,observed,1.0,16.22,,green,0,-23.28,1,16.22
3612,120.52,green,observed,1.0,15.32,,green,0,-24.72,1,15.32
3615,120.62,green,observed,1.0,15.32,,green,0,-23.17,1,15.32
3618,120.721,green,observed,1.0,15.84,,green,0,-23.59,1,15.84
3621,120.821,green,observed,1.0,15.09,,green,0,-22.76,1,15.09
3624,120.921,green,observed,1.0,15.47,,green,0,-23.17,1,15.47
3627,121.021,green,observed,1.0,14.79,,green,0,-22.86,1,14.79
3630,121.121,green,observed,1.0,15.02,,green,0,-23.48,1,15.02
3633,121.221,green,observed,1.0,15.02,,green,0,-24.1,1,15.02
3636,121.321,green,observed,1.0,15.17,,green,0,-23.79,1,15.17
3639,121.421,green,observed,1.0,15.32,,green,0,-23.59,1,15.32
3642,121.521,green,observed,1.0,14.94,,green,0,-23.48,1,14.94
3645,121.622,green,observed,1.0,15.02,,green,0,-23.59,1,15.02
3648,121.722,green,observed,1.0,13.96,,green,0,-23.48,1,13.96
3651,121.822,green,observed,1.0,14.41,,green,0,-23.17,1,14.41
3654,121.922,green,observed,1.0,14.26,,green,0,-24.52,1,14.26
3657,122.022,green,observed,1.0,14.56,,green,0,-23.48,1,14.56
3660,122.122,green,observed,1.0,14.41,,green,0,-23.48,1,14.41
3663,122.222,green,observed,1.0,13.66,,green,0,-23.79,1,13.66
3666,122.322,green,observed,1.0,14.56,,green,0,-24.0,1,14.56
3669,122.422,green,observed,1.0,13.66,,green,0,-23.79,1,13.66
3672,122.522,green,observed,1.0,14.26,,green,0,-23.69,1,14.26
3675,122.622,green,observed,1.0,14.79,,green,0,-24.41,1,14.79
3678,122.723,green,observed,1.0,13.21,,green,0,-23.38,1,13.21
3681,122.823,green,observed,1.0,14.34,,green,0,-23.59,1,14.34
3684,122.923,green,observed,1.0,13.96,,green,0,-23.38,1,13.96
3687,123.023,green,observed,1.0,14.04,,green,0,-23.07,1,14.04
3690,123.123,green,observed,1.0,15.17,,green,0,-23.79,1,15.17
3693,123.223,green,observed,1.0,15.32,,green,0,-23.9,1,15.32
3696,123.323,green,observed,1.0,13.96,,green,0,-24.0,1,13.96
3699,123.423,green,observed,1.0,14.71,,green,0,-23.07,1,14.71
3702,123.523,green,observed,1.0,15.32,,green,0,-24.0,1,15.32
3705,123.624,green,observed,1.0,14.94,,green,0,-22.96,1,14.94
3708,123.724,green,observed,1.0,14.94,,green,0,-23.69,1,14.94
3711,123.824,green,observed,1.0,15.09,,green,0,-22.65,1,15.09
3714,123.924,green,observed,1.0,15.62,,green,0,-23.48,1,15.62
3717,124.024,green,observed,1.0,15.24,,green,0,-23.28,1,15.24
3720,124.124,green,observed,1.0,16.22,,green,0,-23.69,1,16.22
3723,124.224,green,observed,1.0,15.84,,green,0,-23.59,1,15.84
3726,124.324,green,observed,1.0,14.79,,green,0,-23.9,1,14.79
3729,124.424,green,observed,1.0,15.77,,green,0,-23.07,1,15.77
3732,124.524,green,observed,1.0,15.24,,green,0,-23.28,1,15.24
3735,124.624,green,observed,1.0,15.24,,green,0,-23.38,1,15.24
3738,124.725,green,observed,1.0,15.32,,green,0,-24.31,1,15.32
3741,124.825,green,observed,1.0,15.09,,green,0,-24.1,1,15.09
3744,124.925,green,observed,1.0,16.44,,green,0,-23.9,1,16.44
3747,125.025,green,observed,1.0,15.47,,green,0,-24.62,1,15.47
3750,125.125,green,observed,1.0,15.32,,green,0,-23.38,1,15.32
3753,125.225,green,observed,1.0,14.79,,green,0,-24.21,1,14.79
3756,125.325,green,observed,1.0,15.32,,green,0,-24.0,1,15.32
3759,125.425,green,observed,1.0,15.17,,green,0,-23.79,1,15.17
3762,125.525,green,observed,1.0,15.99,,green,0,-24.72,1,15.99
3765,125.626,green,observed,1.0,15.62,,green,0,-23.69,1,15.62
3768,125.726,green,observed,1.0,15.39,,green,0,-23.69,1,15.39
3771,125.826,green,observed,1.0,15.99,,green,0,-23.48,1,15.99
3774,125.926,green,observed,1.0,16.07,,green,0,-24.41,1,16.07
3777,126.026,green,observed,1.0,15.09,,green,0,-24.31,1,15.09
3780,126.126,green,observed,1.0,15.62,,green,0,-23.48,1,15.62
3783,126.226,green,observed,1.0,15.84,,green,0,-23.69,1,15.84
3786,126.326,green,observed,1.0,17.04,,green,0,-23.59,1,17.04
3789,126.426,green,observed,1.0,16.29,,green,0,-23.48,1,16.29
3792,126.526,green,observed,1.0,17.04,,green,0,-22.45,1,17.04
3795,126.626,green,observed,1.0,15.92,,green,0,-23.69,1,15.92
3798,126.727,green,observed,1.0,17.42,,green,0,-24.0,1,17.42
3801,126.827,green,observed,1.0,15.84,,green,0,-23.79,1,15.84
3804,126.927,green,observed,1.0,16.59,,green,0,-23.17,1,16.59
3807,127.027,green,observed,1.0,17.19,,green,0,-23.59,1,17.19
3810,127.127,green,observed,1.0,16.59,,green,0,-23.59,1,16.59
3813,127.227,green,observed,1.0,16.89,,green,0,-23.69,1,16.89
3816,127.327,green,observed,1.0,15.92,,green,0,-23.17,1,15.92
3819,127.427,green,observed,1.0,16.89,,green,0,-23.38,1,16.89
3822,127.527,green,observed,1.0,16.82,,green,0,-23.9,1,16.82
3825,127.628,green,observed,1.0,17.42,,green,0,-24.0,1,17.42
3828,127.728,green,observed,1.0,18.02,,green,0,-23.79,1,18.02
3831,127.828,green,observed,1.0,17.04,,green,0,-23.38,1,17.04
3834,127.928,green,observed,1.0,17.42,,green,0,-24.41,1,17.42
3837,128.028,green,observed,1.0,18.09,,green,0,-24.0,1,18.09
3840,128.128,green,observed,1.0,17.57,,green,0,-23.9,1,17.57
3843,128.228,green,observed,1.0,18.32,,green,0,-23.9,1,18.32
3846,128.328,green,observed,1.0,17.87,,green,0,-24.52,1,17.87
3849,128.428,green,observed,1.0,18.17,,green,0,-23.79,1,18.17
3852,128.528,green,observed,1.0,18.92,,green,0,-23.79,1,18.92
3855,128.628,green,observed,1.0,17.79,,green,0,-24.21,1,17.79
3858,128.729,green,observed,1.0,17.72,,green,0,-23.48,1,17.72
3861,128.829,green,observed,1.0,17.34,,green,0,-23.38,1,17.34
3864,128.929,green,observed,1.0,17.27,,green,0,-22.55,1,17.27
3867,129.029,green,observed,1.0,17.49,,green,0,-22.76,1,17.49
3870,129.129,green,observed,1.0,17.94,,green,0,-22.76,1,17.94
3873,129.229,green,observed,1.0,18.09,,green,0,-23.28,1,18.09
3876,129.329,green,observed,1.0,18.69,,green,0,-23.69,1,18.69
3879,129.429,green,observed,1.0,16.14,,green,0,-24.21,1,16.14
3882,129.529,green,observed,1.0,16.82,,green,0,-24.52,1,16.82
3885,129.63,green,observed,1.0,17.64,,green,0,-22.76,1,17.64
3888,129.73,green,observed,1.0,18.77,,green,0,-23.38,1,18.77
3891,129.83,green,observed,1.0,17.57,,green,0,-23.59,1,17.57
3894,129.93,green,observed,1.0,17.57,,green,0,-23.48,1,17.57
3897,130.03,green,observed,1.0,17.12,,green,0,-23.38,1,17.12
3900,130.13,green,observed,1.0,17.72,,green,0,-24.0,1,17.72
3903,130.23,green,observed,1.0,16.82,,green,0,-23.69,1,16.82
3906,130.33,green,observed,1.0,17.79,,green,0,-23.69,1,17.79
3909,130.43,green,observed,1.0,18.99,,green,0,-23.69,1,18.99
3912,130.53,green,observed,1.0,17.79,,green,0,-23.59,1,17.79
3915,130.631,green,observed,1.0,18.54,,green,0,-23.38,1,18.54
3918,130.731,green,observed,1.0,17.72,,green,0,-23.59,1,17.72
3921,130.831,green,observed,1.0,17.72,,green,0,-22.96,1,17.72
3924,130.931,green,observed,1.0,18.09,,green,0,-23.48,1,18.09
3927,131.031,green,observed,1.0,17.42,,green,0,-23.79,1,17.42
3930,131.131,green,observed,1.0,17.94,,green,0,-23.48,1,17.94
3933,131.231,green,observed,1.0,17.19,,green,0,-23.59,1,17.19
3936,131.331,green,observed,1.0,17.12,,green,0,-23.48,1,17.12
3939,131.431,green,observed,1.0,17.27,,green,0,-23.79,1,17.27
3942,131.531,green,observed,1.0,17.12,,green,0,-23.9,1,17.12
3945,131.632,green,observed,1.0,17.04,,green,0,-23.9,1,17.04
3948,131.732,green,observed,1.0,16.74,,green,0,-23.79,1,16.74
3951,131.832,green,observed,1.0,17.19,,green,0,-23.69,1,17.19
3954,131.932,green,observed,1.0,16.14,,green,0,-23.79,1,16.14
3957,132.032,green,observed,1.0,17.34,,green,0,-23.07,1,17.34
3960,132.132,green_blink,observed,1.0,15.69,,green_flash,0,-23.28,0,-15.69
3963,132.232,green_blink,observed,1.0,16.22,,green_flash,0,-22.76,0,-16.22
3966,132.332,green_blink,observed,1.0,15.99,,green_flash,0,-22.55,0,-15.99
3969,132.432,green_blink,observed,1.0,15.62,,green_flash,0,-23.07,0,-15.62
3972,132.532,green_blink,observed,1.0,15.84,,green_flash,0,-22.65,0,-15.84
3975,132.632,green_blink,observed,1.0,16.52,,green,0,-23.07,1,16.52
3978,132.733,green_blink,observed,1.0,16.74,,green,0,-23.9,1,16.74
3981,132.833,green_blink,observed,1.0,16.52,,green,0,-24.0,1,16.52
3984,132.933,green_blink,observed,1.0,16.37,,green,0,-24.62,1,16.37
3987,133.033,green_blink,observed,1.0,15.99,,green,0,-22.86,1,15.99
3990,133.133,green_blink,observed,1.0,16.07,,green_flash,0,-23.69,0,-16.07
3993,133.233,green_blink,observed,1.0,15.69,,green_flash,0,-24.0,0,-15.69
3996,133.333,green_blink,observed,1.0,15.62,,green_flash,0,-23.38,0,-15.62
3999,133.433,green_blink,observed,1.0,15.84,,green_flash,0,-23.69,0,-15.84
4002,133.533,green_blink,observed,1.0,15.84,,green_flash,0,-24.1,0,-15.84
4005,133.634,green_blink,observed,1.0,15.47,,green,0,-24.0,1,15.47
4008,133.734,green_blink,observed,1.0,15.92,,green,0,-23.07,1,15.92
4011,133.834,green_blink,observed,1.0,15.84,,green,0,-22.86,1,15.84
4014,133.934,green_blink,observed,1.0,16.22,,green,0,-23.79,1,16.22
4017,134.034,green_blink,observed,1.0,15.32,,green,0,-23.38,1,15.32
4020,134.134,green_blink,observed,1.0,16.22,,green_flash,0,-23.17,0,-16.22
4023,134.234,green_blink,observed,1.0,15.32,,green_flash,0,-23.07,0,-15.32
4026,134.334,green_blink,observed,1.0,15.77,,green_flash,0,-23.69,0,-15.77
4029,134.434,green_blink,observed,1.0,15.47,,green_flash,0,-23.69,0,-15.47
4032,134.534,green_blink,observed,1.0,15.54,,green_flash,0,-23.69,0,-15.54
4035,134.634,green_blink,observed,1.0,15.84,,green,0,-23.69,1,15.84
4038,134.735,green_blink,observed,1.0,15.09,,green,0,-23.38,1,15.09
4041,134.835,green_blink,observed,1.0,15.02,,green,0,-23.28,1,15.02
4044,134.935,green_blink,observed,1.0,15.84,,green,0,-23.28,1,15.84
4047,135.035,green_blink,observed,1.0,14.87,,green,0,-23.17,1,14.87
4050,135.135,red,observed,1.0,16.37,,red,1,27.52,0,-16.37
4053,135.235,red,observed,1.0,15.69,,red,1,26.48,0,-15.69
4056,135.335,red,observed,1.0,15.84,,red,1,28.86,0,-15.84
4059,135.435,red,observed,1.0,15.32,,red,1,26.07,0,-15.32
4062,135.535,red,observed,1.0,16.07,,red,1,26.9,0,-16.07
4065,135.636,red,observed,1.0,16.14,,red,1,25.96,0,-16.14
4068,135.736,red,observed,1.0,15.69,,red,1,27.52,0,-15.69
4071,135.836,red,observed,1.0,15.47,,red,1,25.76,0,-15.47
4074,135.936,red,observed,1.0,15.54,,red,1,27.41,0,-15.54
4077,136.036,red,observed,1.0,15.92,,red,1,26.17,0,-15.92
4080,136.136,red,observed,1.0,15.84,,red,1,25.76,0,-15.84
4083,136.236,red,observed,1.0,15.92,,red,1,25.55,0,-15.92
4086,136.336,red,observed,1.0,15.84,,red,1,25.55,0,-15.84
4089,136.436,red,observed,1.0,15.99,,red,1,25.34,0,-15.99
4092,136.536,red,observed,1.0,15.77,,red,1,25.24,0,-15.77
4095,136.636,red,observed,1.0,15.99,,red,1,25.65,0,-15.99
4098,136.737,red,observed,1.0,15.32,,red,1,26.17,0,-15.32
4101,136.837,red,observed,1.0,15.09,,red,1,25.55,0,-15.09
4104,136.937,red,observed,1.0,15.62,,red,1,26.07,0,-15.62
4107,137.037,red,observed,1.0,16.67,,red,1,26.48,0,-16.67
4110,137.137,red,observed,1.0,16.22,,red,1,25.34,0,-16.22
4113,137.237,red,observed,1.0,16.14,,red,1,25.65,0,-16.14
4116,137.337,red,observed,1.0,15.99,,red,1,24.41,0,-15.99
4119,137.437,red,observed,1.0,15.84,,red,1,25.86,0,-15.84
4122,137.537,red,observed,1.0,15.84,,red,1,26.17,0,-15.84
4125,137.638,red,observed,1.0,15.84,,red,1,25.55,0,-15.84
4128,137.738,red,observed,1.0,16.37,,red,1,24.21,0,-16.37
4131,137.838,red,observed,1.0,15.99,,red,1,24.21,0,-15.99
4134,137.938,red,observed,1.0,16.52,,red,1,24.72,0,-16.52
4137,138.038,red,observed,1.0,15.84,,red,1,25.96,0,-15.84
4140,138.138,red,observed,1.0,16.14,,red,1,26.27,0,-16.14
4143,138.238,red,observed,1.0,15.77,,red,1,22.24,0,-15.77
4146,138.338,red,observed,1.0,15.84,,red,1,24.72,0,-15.84
4149,138.438,red,observed,1.0,16.37,,red,1,25.24,0,-16.37
4152,138.538,red,observed,1.0,15.84,,red,1,25.45,0,-15.84
4155,138.638,red,observed,1.0,15.54,,red,1,25.96,0,-15.54
4158,138.739,red,observed,1.0,16.29,,red,1,23.79,0,-16.29
4161,138.839,red,observed,1.0,15.54,,red,1,25.34,0,-15.54
4164,138.939,red,observed,1.0,15.84,,red,1,24.1,0,-15.84
4167,139.039,red,observed,1.0,15.84,,red,1,24.62,0,-15.84
4170,139.139,red,observed,1.0,16.52,,red,1,25.76,0,-16.52
4173,139.239,red,observed,1.0,15.92,,red,1,25.45,0,-15.92
4176,139.339,red,observed,1.0,15.69,,red,1,23.48,0,-15.69
4179,139.439,red,observed,1.0,16.14,,red,1,23.79,0,-16.14
4182,139.539,red,observed,1.0,15.84,,red,1,24.31,0,-15.84
4185,139.64,red,observed,1.0,15.99,,red,1,23.07,0,-15.99
4188,139.74,red,observed,1.0,16.22,,red,1,22.86,0,-16.22
4191,139.84,red,observed,1.0,16.07,,red,1,24.83,0,-16.07
4194,139.94,red,observed,1.0,15.77,,red,1,23.79,0,-15.77
4197,140.04,red,observed,1.0,15.54,,red,1,25.55,0,-15.54
4200,140.14,red,observed,1.0,15.84,,red,1,24.62,0,-15.84
4203,140.24,red,observed,1.0,15.84,,red,1,22.34,0,-15.84
4206,140.34,red,observed,1.0,15.77,,red,1,23.79,0,-15.77
4209,140.44,red,observed,1.0,16.29,,red,1,24.41,0,-16.29
4212,140.54,red,observed,1.0,15.69,,red,1,25.14,0,-15.69
4215,140.64,red,observed,1.0,15.84,,red,1,25.24,0,-15.84
4218,140.741,red,observed,1.0,15.84,,red,1,23.48,0,-15.84
4221,140.841,red,observed,1.0,15.62,,red,1,24.0,0,-15.62
4224,140.941,red,observed,1.0,15.99,,red,1,24.62,0,-15.99
4227,141.041,red,observed,1.0,15.92,,red,1,23.59,0,-15.92
4230,141.141,red,observed,1.0,15.47,,red,1,25.55,0,-15.47
4233,141.241,red,observed,1.0,15.32,,red,1,24.21,0,-15.32
4236,141.341,red,observed,1.0,15.69,,red,1,24.83,0,-15.69
4239,141.441,red,observed,1.0,16.07,,red,1,24.1,0,-16.07
4242,141.541,red,observed,1.0,15.17,,red,1,23.9,0,-15.17
4245,141.642,red,observed,1.0,15.84,,red,1,24.62,0,-15.84
4248,141.742,red,observed,1.0,15.69,,red,1,25.65,0,-15.69
4251,141.842,red,observed,1.0,16.14,,red,1,25.65,0,-16.14
4254,141.942,red,observed,1.0,16.07,,red,1,25.55,0,-16.07
4257,142.042,red,observed,1.0,15.99,,red,1,24.0,0,-15.99
4260,142.142,red,observed,1.0,16.14,,red,1,24.31,0,-16.14
4263,142.242,red,observed,1.0,15.84,,red,1,25.55,0,-15.84
4266,142.342,red,observed,1.0,16.07,,red,1,26.07,0,-16.07
4269,142.442,red,observed,1.0,16.14,,red,1,25.55,0,-16.14
4272,142.542,red,observed,1.0,15.39,,red,1,25.65,0,-15.39
4275,142.642,red,observed,1.0,16.07,,red,1,24.62,0,-16.07
4278,142.743,red,observed,1.0,16.22,,red,1,24.52,0,-16.22
4281,142.843,red,observed,1.0,16.07,,red,1,24.31,0,-16.07
4284,142.943,red,observed,1.0,15.99,,red,1,25.55,0,-15.99
4287,143.043,red,observed,1.0,16.14,,red,1,24.31,0,-16.14
4290,143.143,red,observed,1.0,16.67,,red,1,24.62,0,-16.67
4293,143.243,red,observed,1.0,16.29,,red,1,24.72,0,-16.29
4296,143.343,red,observed,1.0,15.84,,red,1,24.1,0,-15.84
4299,143.443,red,observed,1.0,15.92,,red,1,25.03,0,-15.92
4302,143.543,red,observed,1.0,15.99,,red,1,25.76,0,-15.99
4305,143.644,red,observed,1.0,16.29,,red,1,25.45,0,-16.29
4308,143.744,red,observed,1.0,15.62,,red,1,24.41,0,-15.62
4311,143.844,red,observed,1.0,15.84,,red,1,24.93,0,-15.84
4314,143.944,red,observed,1.0,15.62,,red,1,24.93,0,-15.62
4317,144.044,red,observed,1.0,15.99,,red,1,23.9,0,-15.99
4320,144.144,red,observed,1.0,15.92,,red,1,23.69,0,-15.92
4323,144.244,red,observed,1.0,16.22,,red,1,25.24,0,-16.22
4326,144.344,red,observed,1.0,15.69,,red,1,24.0,0,-15.69
4329,144.444,red,observed,1.0,15.99,,red,1,24.72,0,-15.99
4332,144.544,red,observed,1.0,15.62,,red,1,24.41,0,-15.62
4335,144.644,red,observed,1.0,15.62,,red,1,24.72,0,-15.62
4338,144.745,red,observed,1.0,15.92,,red,1,23.59,0,-15.92
4341,144.845,red,observed,1.0,15.17,,red,1,25.14,0,-15.17
4344,144.945,red,observed,1.0,15.69,,red,1,25.45,0,-15.69
4347,145.045,red,observed,1.0,15.77,,red,1,24.83,0,-15.77
4350,145.145,red,observed,1.0,15.92,,red,1,25.34,0,-15.92
4353,145.245,red,observed,1.0,15.92,,red,1,24.0,0,-15.92
4356,145.345,red,observed,1.0,15.99,,red,1,23.17,0,-15.99
4359,145.445,red,observed,1.0,16.44,,red,1,24.0,0,-16.44
4362,145.545,red,observed,1.0,15.39,,red,1,25.65,0,-15.39
4365,145.646,red,observed,1.0,15.24,,red,1,25.14,0,-15.24
4368,145.746,red,observed,1.0,16.67,,red,1,25.24,0,-16.67
4371,145.846,red,observed,1.0,15.99,,red,1,25.24,0,-15.99
4374,145.946,red,observed,1.0,15.92,,red,1,24.0,0,-15.92
4377,146.046,red,observed,1.0,15.32,,red,1,24.83,0,-15.32
4380,146.146,red,observed,1.0,15.69,,red,1,23.69,0,-15.69
4383,146.246,red,observed,1.0,16.29,,red,1,24.83,0,-16.29
4386,146.346,red,observed,1.0,16.07,,red,1,24.21,0,-16.07
4389,146.446,red,observed,1.0,15.99,,red,1,25.34,0,-15.99
4392,146.546,red,observed,1.0,15.77,,red,1,25.96,0,-15.77
4395,146.646,red,observed,1.0,16.52,,red,1,25.14,0,-16.52
4398,146.747,red,observed,1.0,15.84,,red,1,25.45,0,-15.84
4401,146.847,red,observed,1.0,15.77,,red,1,24.62,0,-15.77
4404,146.947,red,observed,1.0,15.24,,red,1,25.96,0,-15.24
4407,147.047,red,observed,1.0,15.62,,red,1,26.17,0,-15.62
4410,147.147,red,observed,1.0,15.92,,red,1,25.45,0,-15.92
4413,147.247,red,observed,1.0,16.14,,red,1,24.72,0,-16.14
4416,147.347,red,observed,1.0,15.92,,red,1,26.07,0,-15.92
4419,147.447,red,observed,1.0,16.07,,red,1,25.96,0,-16.07
4422,147.547,red,observed,1.0,15.92,,red,1,24.52,0,-15.92
4425,147.648,red,observed,1.0,15.62,,red,1,25.55,0,-15.62
4428,147.748,red,observed,1.0,15.92,,red,1,24.62,0,-15.92
4431,147.848,red,observed,1.0,15.84,,red,1,24.41,0,-15.84
4434,147.948,red,observed,1.0,15.84,,red,1,25.65,0,-15.84
4437,148.048,red,observed,1.0,15.84,,red,1,24.62,0,-15.84
4440,148.148,red,observed,1.0,15.54,,red,1,25.45,0,-15.54
4443,148.248,red,observed,1.0,15.84,,red,1,25.24,0,-15.84
4446,148.348,red,observed,1.0,15.39,,red,1,25.65,0,-15.39
4449,148.448,red,observed,1.0,15.84,,red,1,24.62,0,-15.84
4452,148.548,red,observed,1.0,15.17,,red,1,24.83,0,-15.17
4455,148.648,red,observed,1.0,15.99,,red,1,23.79,0,-15.99
4458,148.749,red,observed,1.0,15.47,,red,1,25.65,0,-15.47
4461,148.849,red,observed,1.0,15.92,,red,1,24.31,0,-15.92
4464,148.949,red,observed,1.0,15.39,,red,1,25.24,0,-15.39
4467,149.049,red,observed,1.0,15.84,,red,1,25.34,0,-15.84
4470,149.149,red,observed,1.0,16.29,,red,1,25.24,0,-16.29
4473,149.249,red,observed,1.0,16.14,,red,1,24.83,0,-16.14
4476,149.349,red,observed,1.0,16.14,,red,1,25.65,0,-16.14
4479,149.449,red,observed,1.0,15.62,,red,1,24.41,0,-15.62
4482,149.549,red,observed,1.0,15.62,,red,1,24.41,0,-15.62
4485,149.65,red,observed,1.0,15.62,,red,1,26.38,0,-15.62
4488,149.75,red,observed,1.0,15.77,,red,1,25.14,0,-15.77
4491,149.85,red,observed,1.0,16.22,,red,1,25.34,0,-16.22
4494,149.95,red,observed,1.0,16.14,,red,1,24.41,0,-16.14
4497,150.05,red,observed,1.0,16.07,,red,1,24.21,0,-16.07
4500,150.15,red,observed,1.0,16.37,,red,1,23.48,0,-16.37
4503,150.25,red,observed,1.0,16.29,,red,1,24.52,0,-16.29
4506,150.35,red,observed,1.0,15.62,,red,1,25.86,0,-15.62
4509,150.45,red,observed,1.0,15.77,,red,1,25.03,0,-15.77
4512,150.55,red,observed,1.0,16.22,,red,1,24.41,0,-16.22
4515,150.65,red,observed,1.0,15.47,,red,1,24.41,0,-15.47
4518,150.751,red,observed,1.0,14.94,,red,1,23.48,0,-14.94
4521,150.851,red,observed,1.0,15.84,,red,1,24.1,0,-15.84
4524,150.951,red,observed,1.0,15.69,,red,1,23.07,0,-15.69
4527,151.051,red,observed,1.0,15.69,,red,1,23.59,0,-15.69
4530,151.151,red,observed,1.0,15.92,,red,1,24.83,0,-15.92
4533,151.251,red,observed,1.0,15.69,,red,1,25.86,0,-15.69
4536,151.351,red,observed,1.0,15.99,,red,1,23.69,0,-15.99
4539,151.451,red,observed,1.0,16.14,,red,1,24.83,0,-16.14
4542,151.551,red,observed,1.0,16.14,,red,1,23.69,0,-16.14
4545,151.652,red,observed,1.0,15.84,,red,1,25.03,0,-15.84
4548,151.752,red,observed,1.0,16.07,,red,1,25.03,0,-16.07
4551,151.852,red,observed,1.0,15.24,,red,1,24.62,0,-15.24
4554,151.952,red,observed,1.0,16.44,,red,1,23.48,0,-16.44
4557,152.052,red,observed,1.0,15.92,,red,1,24.31,0,-15.92
4560,152.152,red,observed,1.0,15.69,,red,1,24.52,0,-15.69
4563,152.252,red,observed,1.0,15.92,,red,1,24.62,0,-15.92
4566,152.352,red,observed,1.0,15.77,,red,1,24.62,0,-15.77
4569,152.452,red,observed,1.0,15.99,,red,1,23.9,0,-15.99
4572,152.552,red,observed,1.0,15.47,,red,1,23.59,0,-15.47
4575,152.652,red,observed,1.0,15.92,,red,1,22.96,0,-15.92
4578,152.753,red,observed,1.0,15.92,,red,1,24.52,0,-15.92
4581,152.853,red,observed,1.0,15.54,,red,1,24.31,0,-15.54
4584,152.953,red,observed,1.0,15.47,,red,1,25.03,0,-15.47
4587,153.053,red,observed,1.0,15.39,,red,1,23.48,0,-15.39
4590,153.153,red,observed,1.0,15.69,,red,1,23.38,0,-15.69
4593,153.253,red,observed,1.0,15.99,,red,1,25.03,0,-15.99
4596,153.353,red,observed,1.0,16.22,,red,1,24.52,0,-16.22
4599,153.453,red,observed,1.0,15.92,,red,1,22.24,0,-15.92
4602,153.553,red,observed,1.0,15.62,,red,1,23.69,0,-15.62
4605,153.654,red,observed,1.0,15.69,,red,1,23.79,0,-15.69
4608,153.754,red,observed,1.0,16.07,,red,1,21.83,0,-16.07
4611,153.854,red,observed,1.0,15.62,,red,1,21.83,0,-15.62
4614,153.954,red,observed,1.0,15.54,,red,1,24.0,0,-15.54
4617,154.054,red,observed,1.0,15.54,,red,1,23.69,0,-15.54
4620,154.154,red,observed,1.0,15.62,,red,1,22.24,0,-15.62
4623,154.254,red,observed,1.0,16.14,,red,1,23.69,0,-16.14
4626,154.354,red,observed,1.0,15.84,,red,1,22.86,0,-15.84
4629,154.454,red,observed,1.0,15.84,,red,1,22.96,0,-15.84
4632,154.554,red,observed,1.0,15.54,,red,1,23.69,0,-15.54
4635,154.654,red,observed,1.0,15.92,,red,1,24.52,0,-15.92
4638,154.755,red,observed,1.0,15.47,,red,1,21.83,0,-15.47
4641,154.855,red,observed,1.0,15.77,,red,1,22.76,0,-15.77
4644,154.955,red,observed,1.0,16.07,,red,1,22.96,0,-16.07
4647,155.055,red,observed,1.0,15.99,,red,1,23.07,0,-15.99
4650,155.155,red,observed,1.0,16.14,,red,1,22.76,0,-16.14
4653,155.255,red,observed,1.0,16.14,,red,1,23.79,0,-16.14
4656,155.355,red,observed,1.0,16.14,,red,1,23.17,0,-16.14
4659,155.455,red,observed,1.0,15.77,,red,1,23.9,0,-15.77
4662,155.555,red,observed,1.0,15.47,,red,1,22.96,0,-15.47
4665,155.656,red,observed,1.0,16.37,,red,1,22.96,0,-16.37
4668,155.756,red,observed,1.0,15.54,,red,1,22.65,0,-15.54
4671,155.856,red,observed,1.0,15.54,,red,1,22.14,0,-15.54
4674,155.956,red,observed,1.0,15.62,,red,1,23.59,0,-15.62
4677,156.056,red,observed,1.0,15.99,,red,1,23.07,0,-15.99
4680,156.156,red,observed,1.0,15.39,,red,1,23.48,0,-15.39
4683,156.256,red,observed,1.0,15.39,,red,1,22.24,0,-15.39
4686,156.356,red,observed,1.0,15.54,,red,1,24.83,0,-15.54
4689,156.456,red,observed,1.0,15.54,,red,1,22.24,0,-15.54
4692,156.556,red,observed,1.0,15.92,,red,1,23.59,0,-15.92
4695,156.656,red,observed,1.0,15.92,,red,1,24.1,0,-15.92
4698,156.757,red,observed,1.0,15.62,,red,1,23.28,0,-15.62
4701,156.857,red,observed,1.0,15.99,,red,1,22.76,0,-15.99
4704,156.957,red,observed,1.0,16.07,,red,1,23.48,0,-16.07
4707,157.057,red,observed,1.0,16.22,,red,1,23.17,0,-16.22
4710,157.157,red,observed,1.0,15.99,,red,1,22.65,0,-15.99
4713,157.257,red,observed,1.0,16.14,,red,1,22.55,0,-16.14
4716,157.357,red,observed,1.0,15.84,,red,1,21.72,0,-15.84
4719,157.457,red,observed,1.0,16.37,,red,1,22.86,0,-16.37
4722,157.557,red,observed,1.0,16.22,,red,1,24.0,0,-16.22
4725,157.658,red,observed,1.0,15.84,,red,1,23.28,0,-15.84
4728,157.758,red,observed,1.0,15.47,,red,1,23.69,0,-15.47
4731,157.858,red,observed,1.0,15.62,,red,1,22.86,0,-15.62
4734,157.958,red,observed,1.0,15.77,,red,1,22.76,0,-15.77
4737,158.058,red,observed,1.0,15.92,,red,1,22.86,0,-15.92
4740,158.158,red,observed,1.0,16.07,,red,1,22.76,0,-16.07
4743,158.258,red,observed,1.0,15.77,,red,1,22.14,0,-15.77
4746,158.358,red,observed,1.0,15.99,,red,1,23.17,0,-15.99
4749,158.458,red,observed,1.0,15.62,,red,1,24.21,0,-15.62
4752,158.558,red,observed,1.0,15.92,,red,1,22.96,0,-15.92
4755,158.658,red,observed,1.0,15.62,,red,1,24.83,0,-15.62
4758,158.759,red,observed,1.0,15.54,,red,1,24.0,0,-15.54
4761,158.859,red,observed,1.0,15.92,,red,1,23.59,0,-15.92
4764,158.959,red,observed,1.0,15.54,,red,1,23.17,0,-15.54
4767,159.059,red,observed,1.0,15.54,,red,1,22.34,0,-15.54
4770,159.159,red,observed,1.0,15.99,,red,1,22.03,0,-15.99
4773,159.259,red,observed,1.0,15.47,,red,1,23.28,0,-15.47
4776,159.359,red,observed,1.0,15.47,,red,1,24.0,0,-15.47
4779,159.459,red,observed,1.0,15.99,,red,1,23.48,0,-15.99
4782,159.559,red,observed,1.0,15.99,,red,1,23.48,0,-15.99
4785,159.66,red,observed,1.0,16.59,,red,1,24.21,0,-16.59
4788,159.76,red,observed,1.0,15.69,,red,1,24.31,0,-15.69
4791,159.86,red,observed,1.0,15.84,,red,1,24.21,0,-15.84
4794,159.96,red,observed,1.0,15.92,,red,1,23.79,0,-15.92
4797,160.06,red,observed,1.0,15.77,,red,1,24.62,0,-15.77
4800,160.16,red,observed,1.0,15.54,,red,1,24.0,0,-15.54
4803,160.26,red,observed,1.0,15.84,,red,1,23.07,0,-15.84
4806,160.36,red,observed,1.0,15.32,,red,1,24.93,0,-15.32
4809,160.46,red,observed,1.0,15.39,,red,1,23.79,0,-15.39
4812,160.56,red,observed,1.0,16.22,,red,1,23.59,0,-16.22
4815,160.66,red,observed,1.0,15.77,,red,1,23.79,0,-15.77
4818,160.761,red,observed,1.0,16.37,,red,1,22.45,0,-16.37
4821,160.861,red,observed,1.0,15.84,,red,1,24.21,0,-15.84
4824,160.961,red,observed,1.0,15.84,,red,1,23.38,0,-15.84
4827,161.061,red,observed,1.0,15.54,,red,1,24.52,0,-15.54
4830,161.161,red,observed,1.0,16.07,,red,1,23.9,0,-16.07
4833,161.261,red,observed,1.0,16.52,,red,1,24.1,0,-16.52
4836,161.361,red,observed,1.0,16.37,,red,1,24.31,0,-16.37
4839,161.461,red,observed,1.0,15.84,,red,1,25.03,0,-15.84
4842,161.561,red,observed,1.0,15.47,,red,1,24.0,0,-15.47
4845,161.662,red,observed,1.0,16.14,,red,1,23.69,0,-16.14
4848,161.762,red,observed,1.0,16.22,,red,1,24.1,0,-16.22
4851,161.862,red,observed,1.0,15.69,,red,1,22.86,0,-15.69
4854,161.962,red,observed,1.0,15.77,,red,1,23.28,0,-15.77
4857,162.062,red,observed,1.0,16.14,,red,1,24.0,0,-16.14
4860,162.162,red,observed,1.0,15.84,,red,1,23.28,0,-15.84
4863,162.262,red,observed,1.0,15.69,,red,1,22.96,0,-15.69
4866,162.362,red,observed,1.0,15.54,,red,1,24.52,0,-15.54
4869,162.462,red,observed,1.0,15.77,,red,1,23.38,0,-15.77
4872,162.562,red,observed,1.0,15.39,,red,1,24.41,0,-15.39
4875,162.662,red,observed,1.0,16.07,,red,1,24.0,0,-16.07
4878,162.763,red,observed,1.0,16.37,,red,1,25.14,0,-16.37
4881,162.863,red,observed,1.0,15.24,,red,1,24.52,0,-15.24
4884,162.963,red,observed,1.0,15.92,,red,1,25.14,0,-15.92
4887,163.063,red,observed,1.0,15.17,,red,1,22.86,0,-15.17
4890,163.163,red,observed,1.0,15.69,,red,1,24.52,0,-15.69
4893,163.263,red,observed,1.0,15.77,,red,1,24.41,0,-15.77
4896,163.363,red,observed,1.0,16.07,,red,1,24.0,0,-16.07
4899,163.463,red,observed,1.0,15.69,,red,1,25.03,0,-15.69
4902,163.563,red,observed,1.0,15.69,,red,1,23.69,0,-15.69
4905,163.664,red,observed,1.0,16.07,,red,1,23.9,0,-16.07
4908,163.764,red,observed,1.0,15.84,,red,1,23.48,0,-15.84
4911,163.864,red,observed,1.0,15.84,,red,1,22.96,0,-15.84
4914,163.964,red,observed,1.0,16.44,,red,1,23.59,0,-16.44
4917,164.064,red,observed,1.0,15.47,,red,1,24.93,0,-15.47
4920,164.164,red,observed,1.0,15.84,,red,1,23.07,0,-15.84
4923,164.264,red,observed,1.0,15.17,,red,1,23.48,0,-15.17
4926,164.364,red,observed,1.0,16.22,,red,1,22.96,0,-16.22
4929,164.464,red,observed,1.0,15.69,,red,1,24.21,0,-15.69
4932,164.564,red,observed,1.0,16.52,,red,1,23.17,0,-16.52
4935,164.664,red,observed,1.0,15.62,,red,1,22.24,0,-15.62
4938,164.765,red,observed,1.0,15.92,,red,1,22.76,0,-15.92
4941,164.865,red,observed,1.0,15.92,,red,1,23.38,0,-15.92
4944,164.965,red,observed,1.0,15.69,,red,1,22.76,0,-15.69
4947,165.065,red,observed,1.0,15.77,,red,1,23.28,0,-15.77
4950,165.165,red,observed,1.0,15.54,,red,1,22.34,0,-15.54
4953,165.265,red,observed,1.0,15.92,,red,1,22.34,0,-15.92
4956,165.365,red,observed,1.0,16.29,,red,1,22.76,0,-16.29
4959,165.465,red,observed,1.0,15.54,,red,1,21.72,0,-15.54
4962,165.565,red,observed,1.0,16.07,,red,1,22.24,0,-16.07
4965,165.666,red,observed,1.0,16.14,,red,1,23.48,0,-16.14
4968,165.766,red,observed,1.0,15.47,,red,1,22.45,0,-15.47
4971,165.866,red,observed,1.0,16.14,,red,1,22.96,0,-16.14
4974,165.966,red,observed,1.0,15.99,,red,1,22.45,0,-15.99
4977,166.066,red,observed,1.0,15.69,,red,1,22.86,0,-15.69
4980,166.166,red,observed,1.0,15.84,,red,1,23.79,0,-15.84
4983,166.266,red,observed,1.0,16.14,,red,1,22.55,0,-16.14
4986,166.366,red,observed,1.0,15.69,,red,1,22.55,0,-15.69
4989,166.466,red,observed,1.0,16.07,,red,1,21.21,0,-16.07
4992,166.566,red,observed,1.0,16.14,,red,1,22.03,0,-16.14
4995,166.666,red,observed,1.0,15.92,,red,1,22.03,0,-15.92
4998,166.767,red,observed,1.0,15.24,,red,1,22.14,0,-15.24
5001,166.867,red,observed,1.0,15.69,,red,1,22.76,0,-15.69
5004,166.967,red,observed,1.0,16.07,,red,1,22.86,0,-16.07
5007,167.067,red,observed,1.0,15.54,,red,1,23.38,0,-15.54
5010,167.167,red,observed,1.0,16.14,,red,1,22.96,0,-16.14
5013,167.267,red,observed,1.0,15.47,,red,1,23.48,0,-15.47
5016,167.367,red,observed,1.0,15.84,,red,1,23.79,0,-15.84
5019,167.467,red,observed,1.0,16.29,,red,1,22.14,0,-16.29
5022,167.567,red,observed,1.0,15.92,,red,1,23.07,0,-15.92
5025,167.668,red,observed,1.0,15.69,,red,1,23.07,0,-15.69
5028,167.768,red,observed,1.0,15.54,,red,1,23.48,0,-15.54
5031,167.868,red,observed,1.0,15.02,,red,1,23.59,0,-15.02
5034,167.968,red,observed,1.0,15.62,,red,1,22.55,0,-15.62
5037,168.068,red,observed,1.0,15.62,,red,1,22.55,0,-15.62
5040,168.168,red,observed,1.0,15.39,,red,1,22.14,0,-15.39
5043,168.268,red,observed,1.0,15.32,,red,1,22.34,0,-15.32
5046,168.368,red,observed,1.0,15.54,,red,1,23.07,0,-15.54
5049,168.468,red,observed,1.0,15.17,,red,1,23.28,0,-15.17
5052,168.568,red,observed,1.0,16.07,,red,1,22.76,0,-16.07
5055,168.668,red,observed,1.0,16.14,,red,1,23.28,0,-16.14
5058,168.769,red,observed,1.0,15.54,,red,1,23.38,0,-15.54
5061,168.869,red,observed,1.0,16.22,,red,1,22.45,0,-16.22
5064,168.969,red,observed,1.0,15.47,,red,1,22.34,0,-15.47
5067,169.069,red,observed,1.0,15.62,,red,1,22.24,0,-15.62
5070,169.169,red,observed,1.0,15.84,,red,1,23.79,0,-15.84
5073,169.269,red,observed,1.0,15.84,,red,1,23.59,0,-15.84
5076,169.369,red,observed,1.0,16.07,,red,1,22.86,0,-16.07
5079,169.469,red,observed,1.0,15.62,,red,1,22.96,0,-15.62
5082,169.569,red,observed,1.0,15.02,,red,1,21.52,0,-15.02
5085,169.67,red,observed,1.0,15.54,,red,1,22.14,0,-15.54
5088,169.77,red,observed,1.0,16.29,,red,1,22.55,0,-16.29
5091,169.87,red,observed,1.0,15.92,,red,1,21.93,0,-15.92
5094,169.97,red,observed,1.0,15.99,,red,1,23.07,0,-15.99
5097,170.07,red,observed,1.0,15.84,,red,1,22.03,0,-15.84
5100,170.17,red,observed,1.0,15.39,,red,1,23.07,0,-15.39
5103,170.27,red,observed,1.0,15.99,,red,1,24.0,0,-15.99
5106,170.37,red,observed,1.0,16.29,,red,1,23.07,0,-16.29
5109,170.47,red,observed,1.0,15.62,,red,1,23.28,0,-15.62
5112,170.57,red,observed,1.0,15.62,,red,1,23.59,0,-15.62
5115,170.67,red,observed,1.0,16.07,,red,1,23.59,0,-16.07
5118,170.771,red,observed,1.0,15.99,,red,1,22.76,0,-15.99
5121,170.871,red,observed,1.0,15.99,,red,1,23.17,0,-15.99
5124,170.971,red,observed,1.0,15.32,,red,1,23.59,0,-15.32
5127,171.071,red,observed,1.0,15.92,,red,1,23.69,0,-15.92
5130,171.171,red,observed,1.0,15.92,,red,1,22.86,0,-15.92
5133,171.271,red,observed,1.0,15.99,,red,1,23.69,0,-15.99
5136,171.371,red,observed,1.0,15.32,,red,1,23.17,0,-15.32
5139,171.471,red,observed,1.0,15.39,,red,1,25.03,0,-15.39
5142,171.571,red,observed,1.0,15.92,,red,1,23.59,0,-15.92
5145,171.672,red,observed,1.0,15.69,,red,1,24.93,0,-15.69
5148,171.772,red,observed,1.0,16.29,,red,1,23.17,0,-16.29
5151,171.872,red,observed,1.0,15.62,,red,1,23.79,0,-15.62
5154,171.972,red,observed,1.0,15.54,,red,1,24.21,0,-15.54
5157,172.072,red,observed,1.0,15.84,,red,1,24.21,0,-15.84
5160,172.172,red,observed,1.0,15.39,,red,1,24.83,0,-15.39
5163,172.272,red,observed,1.0,15.84,,red,1,24.72,0,-15.84
5166,172.372,red,observed,1.0,15.77,,red,1,23.69,0,-15.77
5169,172.472,red,observed,1.0,15.99,,red,1,23.69,0,-15.99
5172,172.572,red,observed,1.0,15.47,,red,1,24.72,0,-15.47
5175,172.672,red,observed,1.0,15.77,,red,1,23.48,0,-15.77
5178,172.773,red,observed,1.0,15.77,,red,1,23.59,0,-15.77
5181,172.873,red,observed,1.0,16.22,,red,1,23.79,0,-16.22
5184,172.973,red,observed,1.0,15.39,,red,1,24.21,0,-15.39
5187,173.073,red,observed,1.0,15.62,,red,1,23.38,0,-15.62
5190,173.173,red,observed,1.0,15.92,,red,1,24.83,0,-15.92
5193,173.273,red,observed,1.0,15.92,,red,1,23.59,0,-15.92
5196,173.373,red,observed,1.0,15.84,,red,1,23.38,0,-15.84
5199,173.473,red,observed,1.0,15.99,,red,1,23.9,0,-15.99
5202,173.573,red,observed,1.0,15.69,,red,1,23.79,0,-15.69
5205,173.674,red,observed,1.0,15.84,,red,1,23.9,0,-15.84
5208,173.774,red,observed,1.0,15.84,,red,1,22.86,0,-15.84
5211,173.874,red,observed,1.0,15.84,,red,1,24.0,0,-15.84
5214,173.974,red,observed,1.0,15.69,,red,1,23.07,0,-15.69
5217,174.074,red,observed,1.0,15.92,,red,1,23.79,0,-15.92
5220,174.174,red,observed,1.0,15.69,,red,1,23.48,0,-15.69
5223,174.274,red,observed,1.0,15.69,,red,1,22.34,0,-15.69
5226,174.374,red,observed,1.0,15.54,,red,1,23.69,0,-15.54
5229,174.474,red,observed,1.0,15.47,,red,1,23.48,0,-15.47
5232,174.574,red,observed,1.0,15.54,,red,1,21.93,0,-15.54
5235,174.674,red,observed,1.0,15.69,,red,1,22.86,0,-15.69
5238,174.775,red,observed,1.0,15.69,,red,1,22.65,0,-15.69
5241,174.875,red,observed,1.0,15.84,,red,1,22.96,0,-15.84
5244,174.975,red,observed,1.0,15.77,,red,1,22.55,0,-15.77
5247,175.075,red,observed,1.0,15.69,,red,1,22.34,0,-15.69
5250,175.175,red,observed,1.0,15.99,,red,1,22.14,0,-15.99
5253,175.275,red,observed,1.0,15.47,,red,1,22.96,0,-15.47
5256,175.375,red,observed,1.0,15.92,,red,1,23.59,0,-15.92
5259,175.475,red,observed,1.0,15.77,,red,1,22.03,0,-15.77
5262,175.575,red,observed,1.0,15.99,,red,1,23.59,0,-15.99
5265,175.676,red,observed,1.0,16.52,,red,1,22.86,0,-16.52
5268,175.776,red,observed,1.0,15.92,,red,1,21.93,0,-15.92
5271,175.876,red,observed,1.0,16.07,,red,1,22.86,0,-16.07
5274,175.976,red,observed,1.0,15.69,,red,1,23.07,0,-15.69
5277,176.076,red,observed,1.0,15.47,,red,1,23.28,0,-15.47
5280,176.176,red,observed,1.0,15.69,,red,1,21.0,0,-15.69
5283,176.276,red,observed,1.0,15.69,,red,1,21.72,0,-15.69
5286,176.376,red,observed,1.0,15.92,,red,1,22.86,0,-15.92
5289,176.476,red,observed,1.0,16.44,,red,1,21.21,0,-16.44
5292,176.576,red,observed,1.0,15.77,,red,1,21.83,0,-15.77
5295,176.676,red,observed,1.0,15.69,,red,1,22.76,0,-15.69
5298,176.777,red,observed,1.0,15.69,,red,1,20.69,0,-15.69
5301,176.877,red,observed,1.0,15.54,,red,1,21.93,0,-15.54
5304,176.977,red,observed,1.0,15.54,,red,1,21.83,0,-15.54
5307,177.077,green,observed,1.0,12.54,,green,0,-15.41,1,12.54
5310,177.177,green,observed,1.0,14.71,,green,0,-24.1,1,14.71
5313,177.277,green,observed,1.0,14.79,,green,0,-23.59,1,14.79
5316,177.377,green,observed,1.0,14.26,,green,0,-23.79,1,14.26
5319,177.477,green,observed,1.0,14.19,,green,0,-23.9,1,14.19
5322,177.577,green,observed,1.0,15.54,,green,0,-22.96,1,15.54
5325,177.678,green,observed,1.0,14.64,,green,0,-23.69,1,14.64
5328,177.778,green,observed,1.0,14.94,,green,0,-23.38,1,14.94
5331,177.878,green,observed,1.0,15.32,,green,0,-23.69,1,15.32
5334,177.978,green,observed,1.0,15.99,,green,0,-24.0,1,15.99
5337,178.078,green,observed,1.0,16.52,,green,0,-24.0,1,16.52
5340,178.178,green,observed,1.0,16.07,,green,0,-23.9,1,16.07
5343,178.278,green,observed,1.0,15.99,,green,0,-23.79,1,15.99
5346,178.378,green,observed,1.0,15.92,,green,0,-23.79,1,15.92
5349,178.478,green,observed,1.0,15.99,,green,0,-24.0,1,15.99
5352,178.578,green,observed,1.0,17.19,,green,0,-24.0,1,17.19
5355,178.678,green,observed,1.0,16.59,,green,0,-23.79,1,16.59
5358,178.779,green,observed,1.0,16.37,,green,0,-23.79,1,16.37
5361,178.879,green,observed,1.0,16.59,,green,0,-23.69,1,16.59
5364,178.979,green,observed,1.0,17.19,,green,0,-24.21,1,17.19
5367,179.079,green,observed,1.0,16.82,,green,0,-23.59,1,16.82
5370,179.179,green,observed,1.0,17.19,,green,0,-23.17,1,17.19
5373,179.279,green,observed,1.0,17.27,,green,0,-23.17,1,17.27
5376,179.379,green,observed,1.0,17.04,,green,0,-23.28,1,17.04
5379,179.479,green,observed,1.0,17.49,,green,0,-24.0,1,17.49
5382,179.579,green,observed,1.0,18.24,,green,0,-24.31,1,18.24
5385,179.68,green,observed,1.0,17.34,,green,0,-23.9,1,17.34
5388,179.78,green,observed,1.0,17.49,,green,0,-23.17,1,17.49
5391,179.88,green,observed,1.0,17.34,,green,0,-23.59,1,17.34
5394,179.98,green,observed,1.0,17.72,,green,0,-23.79,1,17.72
5397,180.08,green,observed,1.0,18.02,,green,0,-23.59,1,18.02
5400,180.18,green,observed,1.0,16.89,,green,0,-23.28,1,16.89
5403,180.28,green,observed,1.0,17.72,,green,0,-23.48,1,17.72
5406,180.38,green,observed,1.0,17.04,,green,0,-23.9,1,17.04
5409,180.48,green,observed,1.0,17.72,,green,0,-24.31,1,17.72
5412,180.58,green,observed,1.0,17.27,,green,0,-24.1,1,17.27
5415,180.68,green,observed,1.0,17.49,,green,0,-24.1,1,17.49
5418,180.781,green,observed,1.0,17.49,,green,0,-24.52,1,17.49
5421,180.881,green,observed,1.0,16.52,,green,0,-23.69,1,16.52
5424,180.981,green,observed,1.0,16.89,,green,0,-24.1,1,16.89
5427,181.081,green,observed,1.0,16.97,,green,0,-23.28,1,16.97
5430,181.181,green,observed,1.0,16.67,,green,0,-23.48,1,16.67
5433,181.281,green,observed,1.0,16.52,,green,0,-22.86,1,16.52
5436,181.381,green,observed,1.0,17.12,,green,0,-24.1,1,17.12
5439,181.481,green,observed,1.0,16.29,,green,0,-23.17,1,16.29
5442,181.581,green,observed,1.0,15.99,,green,0,-24.31,1,15.99
5445,181.682,green,observed,1.0,15.84,,green,0,-23.69,1,15.84
5448,181.782,green,observed,1.0,15.32,,green,0,-23.48,1,15.32
5451,181.882,green,observed,1.0,15.24,,green,0,-24.21,1,15.24
5454,181.982,green,observed,1.0,15.54,,green,0,-24.0,1,15.54
5457,182.082,green,observed,1.0,14.64,,green,0,-23.9,1,14.64
5460,182.182,green,observed,1.0,14.94,,green,0,-23.07,1,14.94
5463,182.282,green,observed,1.0,15.47,,green,0,-22.96,1,15.47
5466,182.382,green,observed,1.0,15.09,,green,0,-23.38,1,15.09
5469,182.482,green,observed,1.0,14.34,,green,0,-23.17,1,14.34
5472,182.582,green,observed,1.0,14.41,,green,0,-22.65,1,14.41
5475,182.682,green,observed,1.0,14.56,,green,0,-23.48,1,14.56
5478,182.783,green,observed,1.0,15.17,,green,0,-23.38,1,15.17
5481,182.883,green,observed,1.0,13.81,,green,0,-23.69,1,13.81
5484,182.983,green,observed,1.0,13.51,,green,0,-23.69,1,13.51
5487,183.083,green,observed,1.0,14.26,,green,0,-24.31,1,14.26
5490,183.183,green,observed,1.0,14.04,,green,0,-23.79,1,14.04
5493,183.283,green,observed,1.0,13.66,,green,0,-24.0,1,13.66
5496,183.383,green,observed,1.0,14.04,,green,0,-23.48,1,14.04
5499,183.483,green,observed,1.0,13.74,,green,0,-23.48,1,13.74
5502,183.583,green,observed,1.0,13.59,,green,0,-23.38,1,13.59
5505,183.684,green,observed,1.0,13.36,,green,0,-23.48,1,13.36
5508,183.784,green,observed,1.0,12.99,,green,0,-23.69,1,12.99
5511,183.884,green,observed,1.0,13.51,,green,0,-23.79,1,13.51
5514,183.984,green,observed,1.0,13.59,,green,0,-23.69,1,13.59
5517,184.084,green,observed,1.0,13.89,,green,0,-23.59,1,13.89
5520,184.184,green,observed,1.0,13.66,,green,0,-23.28,1,13.66
5523,184.284,green,observed,1.0,13.59,,green,0,-23.28,1,13.59
5526,184.384,green,observed,1.0,14.19,,green,0,-23.79,1,14.19
5529,184.484,green,observed,1.0,13.74,,green,0,-23.9,1,13.74
5532,184.584,green,observed,1.0,14.11,,green,0,-23.79,1,14.11
5535,184.684,green,observed,1.0,14.11,,green,0,-23.38,1,14.11
5538,184.785,green,observed,1.0,14.64,,green,0,-23.07,1,14.64
5541,184.885,green,observed,1.0,14.26,,green,0,-23.38,1,14.26
5544,184.985,green,observed,1.0,13.89,,green,0,-23.28,1,13.89
5547,185.085,green,observed,1.0,14.49,,green,0,-23.79,1,14.49
5550,185.185,green,observed,1.0,14.11,,green,0,-23.59,1,14.11
5553,185.285,green,observed,1.0,14.41,,green,0,-23.38,1,14.41
5556,185.385,green,observed,1.0,15.39,,green,0,-23.59,1,15.39
5559,185.485,green,observed,1.0,14.94,,green,0,-23.69,1,14.94
5562,185.585,green,observed,1.0,14.64,,green,0,-24.21,1,14.64
5565,185.686,green,observed,1.0,15.24,,green,0,-23.38,1,15.24
5568,185.786,green,observed,1.0,14.49,,green,0,-23.07,1,14.49
5571,185.886,green,observed,1.0,15.24,,green,0,-23.48,1,15.24
5574,185.986,green,observed,1.0,15.39,,green,0,-23.48,1,15.39
5577,186.086,green,observed,1.0,15.39,,green,0,-22.65,1,15.39
5580,186.186,green,observed,1.0,16.37,,green,0,-23.9,1,16.37
5583,186.286,green,observed,1.0,16.07,,green,0,-23.69,1,16.07
5586,186.386,green,observed,1.0,15.77,,green,0,-23.79,1,15.77
5589,186.486,green,observed,1.0,15.99,,green,0,-23.38,1,15.99
5592,186.586,green,observed,1.0,16.14,,green,0,-23.17,1,16.14
5595,186.686,green,observed,1.0,16.67,,green,0,-22.96,1,16.67
5598,186.787,green,observed,1.0,16.89,,green,0,-23.59,1,16.89
5601,186.887,green,observed,1.0,17.34,,green,0,-23.07,1,17.34
5604,186.987,green,observed,1.0,17.12,,green,0,-23.38,1,17.12
5607,187.087,green,observed,1.0,16.37,,green,0,-23.17,1,16.37
5610,187.187,green,observed,1.0,17.94,,green,0,-24.0,1,17.94
5613,187.287,green,observed,1.0,17.12,,green,0,-24.0,1,17.12
5616,187.387,green,observed,1.0,17.49,,green,0,-23.17,1,17.49
5619,187.487,green,observed,1.0,16.52,,green,0,-24.1,1,16.52
5622,187.587,green,observed,1.0,17.49,,green,0,-23.79,1,17.49
5625,187.688,green,observed,1.0,17.42,,green,0,-24.52,1,17.42
5628,187.788,green,observed,1.0,18.24,,green,0,-24.21,1,18.24
5631,187.888,green,observed,1.0,17.64,,green,0,-23.38,1,17.64
5634,187.988,green,observed,1.0,17.64,,green,0,-23.79,1,17.64
5637,188.088,green,observed,1.0,17.87,,green,0,-23.59,1,17.87
5640,188.188,green,observed,1.0,17.27,,green,0,-24.1,1,17.27
5643,188.288,green,observed,1.0,18.77,,green,0,-24.21,1,18.77
5646,188.388,green,observed,1.0,18.02,,green,0,-23.48,1,18.02
5649,188.488,green,observed,1.0,18.09,,green,0,-24.21,1,18.09
5652,188.588,green,observed,1.0,18.02,,green,0,-23.9,1,18.02
5655,188.688,green,observed,1.0,17.72,,green,0,-24.1,1,17.72
5658,188.789,green,observed,1.0,16.74,,green,0,-23.69,1,16.74
5661,188.889,green,observed,1.0,17.57,,green,0,-23.48,1,17.57
5664,188.989,green,observed,1.0,18.09,,green,0,-23.38,1,18.09
5667,189.089,green,observed,1.0,17.34,,green,0,-23.48,1,17.34
5670,189.189,green,observed,1.0,17.64,,green,0,-23.28,1,17.64
5673,189.289,green,observed,1.0,17.79,,green,0,-23.38,1,17.79
5676,189.389,green,observed,1.0,17.27,,green,0,-23.28,1,17.27
5679,189.489,green,observed,1.0,17.04,,green,0,-23.69,1,17.04
5682,189.589,green,observed,1.0,17.34,,green,0,-23.38,1,17.34
5685,189.69,green,observed,1.0,16.89,,green,0,-23.28,1,16.89
5688,189.79,green,observed,1.0,16.67,,green,0,-23.79,1,16.67
5691,189.89,green,observed,1.0,16.52,,green,0,-23.79,1,16.52
5694,189.99,green,observed,1.0,16.44,,green,0,-23.69,1,16.44
5697,190.09,green,observed,1.0,17.34,,green,0,-22.96,1,17.34
5700,190.19,green,observed,1.0,16.74,,green,0,-24.1,1,16.74
5703,190.29,green,observed,1.0,16.14,,green,0,-24.1,1,16.14
5706,190.39,green,observed,1.0,16.29,,green,0,-23.48,1,16.29
5709,190.49,green,observed,1.0,15.77,,green,0,-23.17,1,15.77
5712,190.59,green,observed,1.0,15.47,,green,0,-23.9,1,15.47
5715,190.69,green,observed,1.0,15.32,,green,0,-23.17,1,15.32
5718,190.791,green,observed,1.0,16.22,,green,0,-23.9,1,16.22
5721,190.891,green,observed,1.0,16.07,,green,0,-23.38,1,16.07
5724,190.991,green,observed,1.0,15.92,,green,0,-23.48,1,15.92
5727,191.091,green,observed,1.0,15.39,,green,0,-23.07,1,15.39
5730,191.191,green,observed,1.0,14.64,,green,0,-24.0,1,14.64
5733,191.291,green,observed,1.0,15.77,,green,0,-23.48,1,15.77
5736,191.391,green,observed,1.0,14.94,,green,0,-23.9,1,14.94
5739,191.491,green,observed,1.0,15.54,,green,0,-23.17,1,15.54
5742,191.591,green,observed,1.0,14.49,,green,0,-21.93,1,14.49
5745,191.692,green,observed,1.0,15.02,,green,0,-24.93,1,15.02
5748,191.792,green,observed,1.0,14.41,,green,0,-23.79,1,14.41
5751,191.892,green,observed,1.0,14.79,,green,0,-24.41,1,14.79
5754,191.992,green,observed,1.0,14.56,,green,0,-22.96,1,14.56
5757,192.092,green,observed,1.0,14.26,,green,0,-22.96,1,14.26
5760,192.192,green,observed,1.0,13.29,,green,0,-23.69,1,13.29
5763,192.292,green,observed,1.0,14.87,,green,0,-23.69,1,14.87
5766,192.392,green,observed,1.0,14.41,,green,0,-24.62,1,14.41
5769,192.492,green,observed,1.0,14.19,,green,0,-22.96,1,14.19
5772,192.592,green,observed,1.0,14.19,,green,0,-22.24,1,14.19
5775,192.692,green,observed,1.0,14.11,,green,0,-23.69,1,14.11
5778,192.793,green,observed,1.0,14.49,,green,0,-23.9,1,14.49
5781,192.893,green,observed,1.0,14.11,,green,0,-24.21,1,14.11
5784,192.993,green,observed,1.0,14.19,,green,0,-23.17,1,14.19
5787,193.093,green,observed,1.0,13.36,,green,0,-24.31,1,13.36
5790,193.193,green,observed,1.0,14.87,,green,0,-23.59,1,14.87
5793,193.293,green,observed,1.0,14.41,,green,0,-23.17,1,14.41
5796,193.393,green,observed,1.0,14.41,,green,0,-23.79,1,14.41
5799,193.493,green,observed,1.0,14.49,,green,0,-23.28,1,14.49
5802,193.593,green,observed,1.0,15.17,,green,0,-23.48,1,15.17
5805,193.694,green,observed,1.0,15.54,,green,0,-24.52,1,15.54
5808,193.794,green,observed,1.0,15.62,,green,0,-22.86,1,15.62
5811,193.894,green,observed,1.0,16.07,,green,0,-24.31,1,16.07
5814,193.994,green,observed,1.0,15.54,,green,0,-23.17,1,15.54
5817,194.094,green,observed,1.0,15.47,,green,0,-23.79,1,15.47
5820,194.194,green,observed,1.0,15.32,,green,0,-23.48,1,15.32
5823,194.294,green,observed,1.0,15.32,,green,0,-22.76,1,15.32
5826,194.394,green,observed,1.0,15.84,,green,0,-23.69,1,15.84
5829,194.494,green,observed,1.0,15.09,,green,0,-22.76,1,15.09
5832,194.594,green,observed,1.0,16.52,,green,0,-23.59,1,16.52
5835,194.694,green,observed,1.0,15.69,,green,0,-23.59,1,15.69
5838,194.795,green,observed,1.0,16.22,,green,0,-22.96,1,16.22
5841,194.895,green,observed,1.0,15.99,,green,0,-23.07,1,15.99
5844,194.995,green,observed,1.0,17.12,,green,0,-23.07,1,17.12
5847,195.095,green,observed,1.0,16.37,,green,0,-22.86,1,16.37
5850,195.195,green,observed,1.0,16.52,,green,0,-23.07,1,16.52
5853,195.295,green,observed,1.0,17.49,,green,0,-22.55,1,17.49
5856,195.395,green,observed,1.0,17.19,,green,0,-23.17,1,17.19
5859,195.495,green,observed,1.0,16.89,,green,0,-23.38,1,16.89
5862,195.595,green,observed,1.0,17.04,,green,0,-23.79,1,17.04
5865,195.696,green,observed,1.0,17.72,,green,0,-23.28,1,17.72
5868,195.796,green,observed,1.0,16.97,,green,0,-24.1,1,16.97
5871,195.896,green,observed,1.0,17.34,,green,0,-23.17,1,17.34
5874,195.996,green,observed,1.0,17.79,,green,0,-23.69,1,17.79
5877,196.096,green,observed,1.0,17.42,,green,0,-23.59,1,17.42
5880,196.196,green,observed,1.0,18.24,,green,0,-23.38,1,18.24
5883,196.296,green,observed,1.0,16.89,,green,0,-23.48,1,16.89
5886,196.396,green,observed,1.0,17.04,,green,0,-23.48,1,17.04
5889,196.496,green,observed,1.0,16.89,,green,0,-23.17,1,16.89
5892,196.596,green,observed,1.0,18.02,,green,0,-23.79,1,18.02
5895,196.696,green,observed,1.0,17.57,,green,0,-23.38,1,17.57
5898,196.797,green,observed,1.0,18.32,,green,0,-23.69,1,18.32
5901,196.897,green,observed,1.0,18.09,,green,0,-23.9,1,18.09
5904,196.997,green,observed,1.0,17.42,,green,0,-23.38,1,17.42
5907,197.097,green,observed,1.0,18.09,,green,0,-23.48,1,18.09
5910,197.197,green,observed,1.0,18.02,,green,0,-22.65,1,18.02
5913,197.297,green,observed,1.0,17.72,,green,0,-23.59,1,17.72
5916,197.397,green,observed,1.0,17.79,,green,0,-23.69,1,17.79
5919,197.497,green,observed,1.0,18.32,,green,0,-23.69,1,18.32
5922,197.597,green,observed,1.0,17.57,,green,0,-22.76,1,17.57
5925,197.698,green,observed,1.0,17.49,,green,0,-23.79,1,17.49
5928,197.798,green,observed,1.0,17.49,,green,0,-23.38,1,17.49
5931,197.898,green,observed,1.0,17.27,,green,0,-23.69,1,17.27
5934,197.998,green,observed,1.0,17.64,,green,0,-23.28,1,17.64
5937,198.098,green,observed,1.0,17.27,,green,0,-22.96,1,17.27
5940,198.198,green,observed,1.0,17.64,,green,0,-23.28,1,17.64
5943,198.298,green,observed,1.0,16.67,,green,0,-23.17,1,16.67
5946,198.398,green,observed,1.0,16.22,,green,0,-23.9,1,16.22
5949,198.498,green,observed,1.0,17.12,,green,0,-24.21,1,17.12
5952,198.598,green,observed,1.0,16.44,,green,0,-24.83,1,16.44
5955,198.698,green,observed,1.0,17.34,,green,0,-23.69,1,17.34
5958,198.799,green,observed,1.0,16.97,,green,0,-23.9,1,16.97
5961,198.899,green,observed,1.0,17.42,,green,0,-23.38,1,17.42
5964,198.999,green,observed,1.0,16.89,,green,0,-23.28,1,16.89
5967,199.099,green,observed,1.0,15.99,,green,0,-23.59,1,15.99
5970,199.199,green,observed,1.0,17.04,,green,0,-23.28,1,17.04
5973,199.299,green,observed,1.0,16.59,,green,0,-24.1,1,16.59
5976,199.399,green,observed,1.0,16.14,,green,0,-23.28,1,16.14
5979,199.499,green,observed,1.0,16.07,,green,0,-23.38,1,16.07
5982,199.599,green,observed,1.0,15.47,,green,0,-23.38,1,15.47
5985,199.7,green,observed,1.0,15.17,,green,0,-23.17,1,15.17
5988,199.8,green,observed,1.0,16.22,,green,0,-23.79,1,16.22
5991,199.9,green,observed,1.0,15.32,,green,0,-23.48,1,15.32
5994,200.0,green,observed,1.0,15.39,,green,0,-23.28,1,15.39
5997,200.1,green,observed,1.0,15.17,,green,0,-23.59,1,15.17
6000,200.2,green,observed,1.0,15.24,,green,0,-23.79,1,15.24
6003,200.3,green,observed,1.0,15.39,,green,0,-23.69,1,15.39
6006,200.4,green,observed,1.0,14.34,,green,0,-23.17,1,14.34
6009,200.5,green,observed,1.0,15.39,,green,0,-22.45,1,15.39
6012,200.6,green,observed,1.0,14.64,,green,0,-22.96,1,14.64
6015,200.7,green,observed,1.0,14.71,,green,0,-23.69,1,14.71
6018,200.801,green,observed,1.0,14.49,,green,0,-24.0,1,14.49
6021,200.901,green,observed,1.0,14.79,,green,0,-23.69,1,14.79
6024,201.001,green,observed,1.0,14.49,,green,0,-24.21,1,14.49
6027,201.101,green,observed,1.0,14.41,,green,0,-24.31,1,14.41
6030,201.201,green,observed,1.0,13.74,,green,0,-23.79,1,13.74
6033,201.301,green,observed,1.0,13.89,,green,0,-23.79,1,13.89
6036,201.401,green,observed,1.0,14.94,,green,0,-23.9,1,14.94
6039,201.501,green,observed,1.0,14.41,,green,0,-23.79,1,14.41
6042,201.601,green,observed,1.0,14.64,,green,0,-23.17,1,14.64
6045,201.702,green,observed,1.0,13.96,,green,0,-23.28,1,13.96
6048,201.802,green,observed,1.0,14.56,,green,0,-23.38,1,14.56
6051,201.902,green,observed,1.0,13.96,,green,0,-24.31,1,13.96
6054,202.002,green,observed,1.0,14.79,,green,0,-23.17,1,14.79
6057,202.102,green,observed,1.0,14.34,,green,0,-23.9,1,14.34
6060,202.202,green,observed,1.0,14.11,,green,0,-23.28,1,14.11
6063,202.302,green,observed,1.0,14.34,,green,0,-24.21,1,14.34
6066,202.402,green,observed,1.0,14.04,,green,0,-23.07,1,14.04
6069,202.502,green,observed,1.0,14.19,,green,0,-23.07,1,14.19
6072,202.602,green,observed,1.0,14.41,,green,0,-22.65,1,14.41
6075,202.703,green,observed,1.0,14.34,,green,0,-23.38,1,14.34
6078,202.803,green,observed,1.0,14.34,,green,0,-24.72,1,14.34
6081,202.903,green,observed,1.0,13.89,,green,0,-22.96,1,13.89
6084,203.003,green,observed,1.0,14.41,,green,0,-22.65,1,14.41
6087,203.103,green,observed,1.0,14.04,,green,0,-23.38,1,14.04
6090,203.203,green,observed,1.0,14.87,,green,0,-23.38,1,14.87
6093,203.303,green,observed,1.0,14.49,,green,0,-23.69,1,14.49
6096,203.403,green,observed,1.0,14.79,,green,0,-23.69,1,14.79
6099,203.503,green,observed,1.0,14.79,,green,0,-23.79,1,14.79
6102,203.603,green,observed,1.0,14.41,,green,0,-23.48,1,14.41
6105,203.704,green,observed,1.0,15.39,,green,0,-23.69,1,15.39
6108,203.804,green,observed,1.0,14.64,,green,0,-24.31,1,14.64
6111,203.904,green,observed,1.0,15.17,,green,0,-24.21,1,15.17
6114,204.004,green,observed,1.0,15.24,,green,0,-24.21,1,15.24
6117,204.104,green,observed,1.0,15.02,,green,0,-23.9,1,15.02
6120,204.204,green,observed,1.0,15.47,,green,0,-23.38,1,15.47
6123,204.304,green,observed,1.0,15.54,,green,0,-23.38,1,15.54
6126,204.404,green,observed,1.0,15.62,,green,0,-22.55,1,15.62
6129,204.504,green,observed,1.0,15.17,,green,0,-23.48,1,15.17
6132,204.604,green,observed,1.0,15.69,,green,0,-23.59,1,15.69
6135,204.704,green,observed,1.0,15.77,,green,0,-22.86,1,15.77
6138,204.805,green,observed,1.0,16.07,,green,0,-23.07,1,16.07
6141,204.905,green,observed,1.0,16.14,,green,0,-23.59,1,16.14
6144,205.005,green,observed,1.0,15.84,,green,0,-22.55,1,15.84
6147,205.105,green,observed,1.0,15.99,,green,0,-23.48,1,15.99
6150,205.205,green,observed,1.0,15.84,,green,0,-24.41,1,15.84
6153,205.305,green,observed,1.0,16.29,,green,0,-23.79,1,16.29
6156,205.405,green,observed,1.0,16.67,,green,0,-23.79,1,16.67
6159,205.505,green,observed,1.0,16.29,,green,0,-23.59,1,16.29
6162,205.605,green,observed,1.0,16.22,,green,0,-23.69,1,16.22
6165,205.706,green,observed,1.0,15.99,,green,0,-23.79,1,15.99
6168,205.806,green,observed,1.0,16.52,,green,0,-23.28,1,16.52
6171,205.906,green,observed,1.0,16.89,,green,0,-22.86,1,16.89
6174,206.006,green,observed,1.0,16.59,,green,0,-23.28,1,16.59
6177,206.106,green,observed,1.0,16.37,,green,0,-23.07,1,16.37
6180,206.206,green,observed,1.0,16.97,,green,0,-23.69,1,16.97
6183,206.306,green,observed,1.0,17.49,,green,0,-23.69,1,17.49
6186,206.406,green,observed,1.0,17.19,,green,0,-23.69,1,17.19
6189,206.506,green,observed,1.0,16.74,,green,0,-22.86,1,16.74
6192,206.606,green,observed,1.0,16.74,,green,0,-23.59,1,16.74
6195,206.706,green,observed,1.0,16.44,,green,0,-24.0,1,16.44
6198,206.807,green,observed,1.0,17.42,,green,0,-23.79,1,17.42
6201,206.907,green,observed,1.0,17.49,,green,0,-24.41,1,17.49
6204,207.007,green,observed,1.0,17.42,,green,0,-23.69,1,17.42
6207,207.107,green_blink,observed,1.0,15.39,,green_flash,0,-23.17,0,-15.39
6210,207.207,green_blink,observed,1.0,16.52,,green_flash,0,-23.69,0,-16.52
6213,207.307,green_blink,observed,1.0,16.44,,green_flash,0,-23.48,0,-16.44
6216,207.407,green_blink,observed,1.0,16.14,,green_flash,0,-23.28,0,-16.14
6219,207.507,green_blink,observed,1.0,16.22,,green_flash,0,-23.07,0,-16.22
6222,207.607,green_blink,observed,1.0,16.29,,green,0,-22.96,1,16.29
6225,207.708,green_blink,observed,1.0,16.14,,green,0,-23.59,1,16.14
6228,207.808,green_blink,observed,1.0,17.04,,green,0,-23.38,1,17.04
6231,207.908,green_blink,observed,1.0,17.94,,green,0,-23.17,1,17.94
6234,208.008,green_blink,observed,1.0,17.49,,green,0,-23.69,1,17.49
6237,208.108,green_blink,observed,1.0,15.39,,green_flash,0,-23.59,0,-15.39
6240,208.208,green_blink,observed,1.0,15.77,,green_flash,0,-23.28,0,-15.77
6243,208.308,green_blink,observed,1.0,15.69,,green_flash,0,-22.65,0,-15.69
6246,208.408,green_blink,observed,1.0,15.39,,green_flash,0,-23.07,0,-15.39
6249,208.508,green_blink,observed,1.0,15.62,,green_flash,0,-23.07,0,-15.62
6252,208.608,green_blink,observed,1.0,18.02,,green,0,-24.1,1,18.02
6255,208.709,green_blink,observed,1.0,17.34,,green,0,-23.07,1,17.34
6258,208.809,green_blink,observed,1.0,17.72,,green,0,-24.21,1,17.72
6261,208.909,green_blink,observed,1.0,17.27,,green,0,-24.21,1,17.27
6264,209.009,green_blink,observed,1.0,17.42,,green,0,-24.0,1,17.42
6267,209.109,green_blink,observed,1.0,15.09,,green_flash,0,-23.9,0,-15.09
6270,209.209,green_blink,observed,1.0,15.99,,green_flash,0,-24.0,0,-15.99
6273,209.309,green_blink,observed,1.0,16.07,,green_flash,0,-24.1,0,-16.07
6276,209.409,green_blink,observed,1.0,16.07,,green_flash,0,-24.1,0,-16.07
6279,209.509,green_blink,observed,1.0,16.07,,green_flash,0,-23.79,0,-16.07
6282,209.609,green_blink,observed,1.0,17.72,,green,0,-23.59,1,17.72
6285,209.71,green_blink,observed,1.0,17.19,,green,0,-23.48,1,17.19
6288,209.81,green_blink,observed,1.0,16.82,,green,0,-24.0,1,16.82
6291,209.91,green_blink,observed,1.0,16.52,,green,0,-23.59,1,16.52
6294,210.01,green_blink,observed,1.0,16.67,,green,0,-23.07,1,16.67
6297,210.11,red,observed,1.0,16.67,,red,1,27.93,0,-16.67
6300,210.21,red,observed,1.0,16.22,,red,1,27.83,0,-16.22
6303,210.31,red,observed,1.0,15.99,,red,1,27.72,0,-15.99
6306,210.41,red,observed,1.0,16.44,,red,1,27.83,0,-16.44
6309,210.51,red,observed,1.0,16.22,,red,1,27.72,0,-16.22
6312,210.61,red,observed,1.0,16.07,,red,1,26.59,0,-16.07
6315,210.71,red,observed,1.0,15.99,,red,1,27.83,0,-15.99
6318,210.811,red,observed,1.0,15.62,,red,1,26.48,0,-15.62
6321,210.911,red,observed,1.0,15.92,,red,1,26.38,0,-15.92
6324,211.011,red,observed,1.0,15.92,,red,1,26.69,0,-15.92
6327,211.111,red,observed,1.0,15.92,,red,1,26.69,0,-15.92
6330,211.211,red,observed,1.0,15.92,,red,1,25.86,0,-15.92
6333,211.311,red,observed,1.0,16.14,,red,1,25.96,0,-16.14
6336,211.411,red,observed,1.0,16.14,,red,1,25.86,0,-16.14
6339,211.511,red,observed,1.0,15.77,,red,1,25.96,0,-15.77
6342,211.611,red,observed,1.0,15.24,,red,1,25.86,0,-15.24
6345,211.712,red,observed,1.0,16.22,,red,1,26.69,0,-16.22
6348,211.812,red,observed,1.0,15.69,,red,1,24.93,0,-15.69
6351,211.912,red,observed,1.0,15.54,,red,1,25.14,0,-15.54
6354,212.012,red,observed,1.0,15.69,,red,1,25.14,0,-15.69
6357,212.112,red,observed,1.0,16.14,,red,1,25.03,0,-16.14
6360,212.212,red,observed,1.0,15.77,,red,1,25.86,0,-15.77
6363,212.312,red,observed,1.0,15.84,,red,1,24.41,0,-15.84
6366,212.412,red,observed,1.0,15.92,,red,1,25.03,0,-15.92
6369,212.512,red,observed,1.0,15.69,,red,1,25.86,0,-15.69
6372,212.612,red,observed,1.0,15.99,,red,1,24.62,0,-15.99
6375,212.712,red,observed,1.0,15.99,,red,1,24.52,0,-15.99
6378,212.813,red,observed,1.0,16.59,,red,1,24.52,0,-16.59
6381,212.913,red,observed,1.0,15.39,,red,1,25.76,0,-15.39
6384,213.013,red,observed,1.0,15.62,,red,1,25.86,0,-15.62
6387,213.113,red,observed,1.0,16.07,,red,1,24.83,0,-16.07
6390,213.213,red,observed,1.0,16.37,,red,1,27.1,0,-16.37
6393,213.313,red,observed,1.0,15.84,,red,1,24.93,0,-15.84
6396,213.413,red,observed,1.0,16.14,,red,1,25.55,0,-16.14
6399,213.513,red,observed,1.0,16.37,,red,1,24.0,0,-16.37
6402,213.613,red,observed,1.0,15.77,,red,1,25.65,0,-15.77
6405,213.714,red,observed,1.0,15.84,,red,1,26.27,0,-15.84
6408,213.814,red,observed,1.0,15.77,,red,1,25.86,0,-15.77
6411,213.914,red,observed,1.0,16.07,,red,1,25.34,0,-16.07
6414,214.014,red,observed,1.0,15.99,,red,1,23.48,0,-15.99
6417,214.114,red,observed,1.0,15.99,,red,1,25.45,0,-15.99
6420,214.214,red,observed,1.0,16.44,,red,1,24.0,0,-16.44
6423,214.314,red,observed,1.0,15.84,,red,1,24.41,0,-15.84
6426,214.414,red,observed,1.0,15.84,,red,1,24.52,0,-15.84
6429,214.514,red,observed,1.0,15.77,,red,1,25.86,0,-15.77
6432,214.614,red,observed,1.0,15.77,,red,1,25.55,0,-15.77
6435,214.715,red,observed,1.0,15.99,,red,1,24.1,0,-15.99
6438,214.815,red,observed,1.0,16.14,,red,1,24.31,0,-16.14
6441,214.915,red,observed,1.0,15.99,,red,1,25.45,0,-15.99
6444,215.015,red,observed,1.0,16.14,,red,1,24.31,0,-16.14
6447,215.115,red,observed,1.0,16.52,,red,1,24.0,0,-16.52
6450,215.215,red,observed,1.0,16.14,,red,1,24.21,0,-16.14
6453,215.315,red,observed,1.0,16.44,,red,1,24.1,0,-16.44
6456,215.415,red,observed,1.0,16.07,,red,1,25.14,0,-16.07
6459,215.515,red,observed,1.0,15.92,,red,1,25.24,0,-15.92
6462,215.615,red,observed,1.0,15.84,,red,1,24.1,0,-15.84
6465,215.716,red,observed,1.0,16.22,,red,1,24.0,0,-16.22
6468,215.816,red,observed,1.0,15.77,,red,1,24.0,0,-15.77
6471,215.916,red,observed,1.0,16.22,,red,1,23.79,0,-16.22
6474,216.016,red,observed,1.0,15.99,,red,1,24.83,0,-15.99
6477,216.116,red,observed,1.0,15.77,,red,1,24.1,0,-15.77
6480,216.216,red,observed,1.0,15.77,,red,1,23.9,0,-15.77
6483,216.316,red,observed,1.0,16.22,,red,1,23.79,0,-16.22
6486,216.416,red,observed,1.0,15.47,,red,1,23.9,0,-15.47
6489,216.516,red,observed,1.0,16.14,,red,1,23.9,0,-16.14
6492,216.616,red,observed,1.0,16.14,,red,1,25.03,0,-16.14
6495,216.716,red,observed,1.0,15.62,,red,1,24.62,0,-15.62
6498,216.817,red,observed,1.0,15.47,,red,1,25.34,0,-15.47
6501,216.917,red,observed,1.0,16.14,,red,1,24.41,0,-16.14
6504,217.017,red,observed,1.0,16.22,,red,1,24.1,0,-16.22
6507,217.117,red,observed,1.0,15.92,,red,1,23.69,0,-15.92
6510,217.217,red,observed,1.0,16.37,,red,1,24.52,0,-16.37
6513,217.317,red,observed,1.0,16.14,,red,1,23.9,0,-16.14
6516,217.417,red,observed,1.0,15.69,,red,1,23.59,0,-15.69
6519,217.517,red,observed,1.0,16.22,,red,1,24.41,0,-16.22
6522,217.617,red,observed,1.0,16.14,,red,1,23.48,0,-16.14
6525,217.718,red,observed,1.0,16.44,,red,1,24.52,0,-16.44
6528,217.818,red,observed,1.0,16.37,,red,1,25.24,0,-16.37
6531,217.918,red,observed,1.0,15.77,,red,1,23.48,0,-15.77
6534,218.018,red,observed,1.0,15.99,,red,1,23.17,0,-15.99
6537,218.118,red,observed,1.0,16.07,,red,1,23.28,0,-16.07
6540,218.218,red,observed,1.0,16.22,,red,1,23.79,0,-16.22
6543,218.318,red,observed,1.0,16.82,,red,1,25.14,0,-16.82
6546,218.418,red,observed,1.0,16.44,,red,1,24.31,0,-16.44
6549,218.518,red,observed,1.0,16.07,,red,1,23.9,0,-16.07
6552,218.618,red,observed,1.0,16.52,,red,1,25.14,0,-16.52
6555,218.718,red,observed,1.0,15.47,,red,1,25.03,0,-15.47
6558,218.819,red,observed,1.0,15.77,,red,1,23.17,0,-15.77
6561,218.919,red,observed,1.0,15.77,,red,1,23.07,0,-15.77
6564,219.019,red,observed,1.0,15.62,,red,1,24.52,0,-15.62
6567,219.119,red,observed,1.0,15.99,,red,1,23.69,0,-15.99
6570,219.219,red,observed,1.0,15.99,,red,1,24.31,0,-15.99
6573,219.319,red,observed,1.0,16.07,,red,1,23.28,0,-16.07
6576,219.419,red,observed,1.0,16.14,,red,1,24.72,0,-16.14
6579,219.519,red,observed,1.0,16.29,,red,1,24.52,0,-16.29
6582,219.619,red,observed,1.0,16.29,,red,1,23.38,0,-16.29
6585,219.72,red,observed,1.0,16.22,,red,1,23.79,0,-16.22
6588,219.82,red,observed,1.0,17.04,,red,1,23.48,0,-17.04
6591,219.92,red,observed,1.0,16.44,,red,1,25.24,0,-16.44
6594,220.02,red,observed,1.0,15.77,,red,1,23.28,0,-15.77
6597,220.12,red,observed,1.0,15.92,,red,1,24.93,0,-15.92
6600,220.22,red,observed,1.0,16.14,,red,1,23.59,0,-16.14
6603,220.32,red,observed,1.0,15.99,,red,1,24.62,0,-15.99
6606,220.42,red,observed,1.0,15.99,,red,1,24.72,0,-15.99
6609,220.52,red,observed,1.0,16.22,,red,1,24.62,0,-16.22
6612,220.62,red,observed,1.0,15.77,,red,1,24.72,0,-15.77
6615,220.721,red,observed,1.0,15.92,,red,1,24.72,0,-15.92
6618,220.821,red,observed,1.0,16.59,,red,1,24.62,0,-16.59
6621,220.921,red,observed,1.0,15.92,,red,1,25.76,0,-15.92
6624,221.021,red,observed,1.0,15.99,,red,1,24.52,0,-15.99
6627,221.121,red,observed,1.0,16.22,,red,1,24.52,0,-16.22
6630,221.221,red,observed,1.0,15.99,,red,1,24.62,0,-15.99
6633,221.321,red,observed,1.0,15.47,,red,1,24.83,0,-15.47
6636,221.421,red,observed,1.0,15.77,,red,1,24.31,0,-15.77
6639,221.521,red,observed,1.0,16.14,,red,1,23.38,0,-16.14
6642,221.621,red,observed,1.0,16.29,,red,1,25.14,0,-16.29
6645,221.722,red,observed,1.0,16.14,,red,1,24.83,0,-16.14
6648,221.822,red,observed,1.0,15.84,,red,1,23.9,0,-15.84
6651,221.922,red,observed,1.0,15.99,,red,1,24.0,0,-15.99
6654,222.022,red,observed,1.0,15.84,,red,1,24.21,0,-15.84
6657,222.122,red,observed,1.0,16.22,,red,1,24.21,0,-16.22
6660,222.222,red,observed,1.0,15.39,,red,1,23.9,0,-15.39
6663,222.322,red,observed,1.0,15.54,,red,1,24.93,0,-15.54
6666,222.422,red,observed,1.0,15.77,,red,1,24.31,0,-15.77
6669,222.522,red,observed,1.0,15.84,,red,1,23.79,0,-15.84
6672,222.622,red,observed,1.0,16.37,,red,1,23.9,0,-16.37
6675,222.722,red,observed,1.0,16.22,,red,1,23.28,0,-16.22
6678,222.823,red,observed,1.0,16.59,,red,1,23.9,0,-16.59
6681,222.923,red,observed,1.0,16.37,,red,1,25.03,0,-16.37
6684,223.023,red,observed,1.0,16.29,,red,1,24.31,0,-16.29
6687,223.123,red,observed,1.0,16.74,,red,1,24.72,0,-16.74
6690,223.223,red,observed,1.0,15.62,,red,1,24.72,0,-15.62
6693,223.323,red,observed,1.0,15.54,,red,1,24.62,0,-15.54
6696,223.423,red,observed,1.0,15.54,,red,1,24.21,0,-15.54
6699,223.523,red,observed,1.0,15.84,,red,1,25.34,0,-15.84
6702,223.623,red,observed,1.0,16.37,,red,1,24.83,0,-16.37
6705,223.724,red,observed,1.0,16.07,,red,1,24.93,0,-16.07
6708,223.824,red,observed,1.0,16.07,,red,1,25.76,0,-16.07
6711,223.924,red,observed,1.0,15.77,,red,1,23.38,0,-15.77
6714,224.024,red,observed,1.0,16.07,,red,1,24.83,0,-16.07
6717,224.124,red,observed,1.0,15.84,,red,1,23.59,0,-15.84
6720,224.224,red,observed,1.0,15.62,,red,1,23.28,0,-15.62
6723,224.324,red,observed,1.0,15.69,,red,1,25.76,0,-15.69
6726,224.424,red,observed,1.0,15.99,,red,1,24.72,0,-15.99
6729,224.524,red,observed,1.0,15.84,,red,1,24.72,0,-15.84
6732,224.624,red,observed,1.0,15.77,,red,1,25.55,0,-15.77
6735,224.724,red,observed,1.0,16.07,,red,1,24.21,0,-16.07
6738,224.825,red,observed,1.0,15.84,,red,1,25.96,0,-15.84
6741,224.925,red,observed,1.0,15.47,,red,1,24.72,0,-15.47
6744,225.025,red,observed,1.0,15.47,,red,1,24.72,0,-15.47
6747,225.125,red,observed,1.0,15.54,,red,1,24.62,0,-15.54
6750,225.225,red,observed,1.0,15.54,,red,1,24.21,0,-15.54
6753,225.325,red,observed,1.0,15.77,,red,1,24.83,0,-15.77
6756,225.425,red,observed,1.0,15.84,,red,1,25.03,0,-15.84
6759,225.525,red,observed,1.0,16.44,,red,1,23.79,0,-16.44
6762,225.625,red,observed,1.0,16.52,,red,1,24.41,0,-16.52
6765,225.726,red,observed,1.0,15.54,,red,1,24.31,0,-15.54
6768,225.826,red,observed,1.0,15.92,,red,1,24.72,0,-15.92
6771,225.926,red,observed,1.0,15.99,,red,1,23.9,0,-15.99
6774,226.026,red,observed,1.0,15.77,,red,1,24.31,0,-15.77
6777,226.126,red,observed,1.0,15.84,,red,1,24.52,0,-15.84
6780,226.226,red,observed,1.0,15.47,,red,1,24.62,0,-15.47
6783,226.326,red,observed,1.0,16.29,,red,1,24.83,0,-16.29
6786,226.426,red,observed,1.0,16.07,,red,1,25.96,0,-16.07
6789,226.526,red,observed,1.0,15.92,,red,1,25.65,0,-15.92
6792,226.626,red,observed,1.0,15.92,,red,1,24.31,0,-15.92
6795,226.727,red,observed,1.0,15.77,,red,1,25.03,0,-15.77
6798,226.827,red,observed,1.0,16.07,,red,1,23.48,0,-16.07
6801,226.927,red,observed,1.0,15.92,,red,1,25.03,0,-15.92
6804,227.027,red,observed,1.0,15.54,,red,1,23.9,0,-15.54
6807,227.127,red,observed,1.0,15.92,,red,1,25.03,0,-15.92
6810,227.227,red,observed,1.0,15.69,,red,1,23.9,0,-15.69
6813,227.327,red,observed,1.0,15.62,,red,1,25.14,0,-15.62
6816,227.427,red,observed,1.0,15.69,,red,1,23.9,0,-15.69
6819,227.527,red,observed,1.0,15.92,,red,1,25.65,0,-15.92
6822,227.627,red,observed,1.0,16.22,,red,1,25.14,0,-16.22
6825,227.728,red,observed,1.0,16.22,,red,1,25.14,0,-16.22
6828,227.828,red,observed,1.0,15.69,,red,1,24.83,0,-15.69
6831,227.928,red,observed,1.0,16.74,,red,1,24.62,0,-16.74
6834,228.028,red,observed,1.0,16.22,,red,1,24.52,0,-16.22
6837,228.128,red,observed,1.0,16.59,,red,1,23.79,0,-16.59
6840,228.228,red,observed,1.0,15.99,,red,1,24.62,0,-15.99
6843,228.328,red,observed,1.0,15.99,,red,1,24.72,0,-15.99
6846,228.428,red,observed,1.0,16.07,,red,1,24.72,0,-16.07
6849,228.528,red,observed,1.0,15.24,,red,1,24.0,0,-15.24
6852,228.628,red,observed,1.0,15.54,,red,1,25.24,0,-15.54
6855,228.728,red,observed,1.0,15.84,,red,1,23.69,0,-15.84
6858,228.829,red,observed,1.0,16.37,,red,1,24.31,0,-16.37
6861,228.929,red,observed,1.0,15.99,,red,1,24.41,0,-15.99
6864,229.029,red,observed,1.0,15.99,,red,1,24.1,0,-15.99
6867,229.129,red,observed,1.0,15.99,,red,1,25.45,0,-15.99
6870,229.229,red,observed,1.0,16.07,,red,1,23.9,0,-16.07
6873,229.329,red,observed,1.0,16.14,,red,1,22.96,0,-16.14
6876,229.429,red,observed,1.0,16.14,,red,1,24.41,0,-16.14
6879,229.529,red,observed,1.0,16.07,,red,1,24.72,0,-16.07
6882,229.629,red,observed,1.0,15.92,,red,1,24.0,0,-15.92
6885,229.73,red,observed,1.0,15.99,,red,1,23.69,0,-15.99
6888,229.83,red,observed,1.0,15.84,,red,1,25.03,0,-15.84
6891,229.93,red,observed,1.0,15.99,,red,1,23.9,0,-15.99
6894,230.03,red,observed,1.0,16.07,,red,1,23.69,0,-16.07
6897,230.13,red,observed,1.0,16.07,,red,1,24.72,0,-16.07
6900,230.23,red,observed,1.0,15.69,,red,1,23.38,0,-15.69
6903,230.33,red,observed,1.0,15.62,,red,1,23.28,0,-15.62
6906,230.43,red,observed,1.0,16.22,,red,1,23.48,0,-16.22
6909,230.53,red,observed,1.0,15.84,,red,1,23.17,0,-15.84
6912,230.63,red,observed,1.0,15.84,,red,1,23.69,0,-15.84
6915,230.73,red,observed,1.0,16.29,,red,1,25.34,0,-16.29
6918,230.831,red,observed,1.0,15.77,,red,1,23.07,0,-15.77
6921,230.931,red,observed,1.0,15.62,,red,1,24.62,0,-15.62
6924,231.031,red,observed,1.0,15.69,,red,1,24.21,0,-15.69
6927,231.131,red,observed,1.0,15.32,,red,1,24.93,0,-15.32
6930,231.231,red,observed,1.0,16.07,,red,1,24.72,0,-16.07
6933,231.331,red,observed,1.0,15.92,,red,1,23.48,0,-15.92
6936,231.431,red,observed,1.0,15.32,,red,1,22.14,0,-15.32
6939,231.531,red,observed,1.0,15.92,,red,1,22.76,0,-15.92
6942,231.631,red,observed,1.0,15.77,,red,1,24.1,0,-15.77
6945,231.732,red,observed,1.0,15.69,,red,1,23.48,0,-15.69
6948,231.832,red,observed,1.0,15.62,,red,1,21.72,0,-15.62
6951,231.932,red,observed,1.0,16.22,,red,1,23.17,0,-16.22
6954,232.032,red,observed,1.0,15.62,,red,1,23.59,0,-15.62
6957,232.132,red,observed,1.0,15.69,,red,1,24.52,0,-15.69
6960,232.232,red,observed,1.0,16.07,,red,1,23.07,0,-16.07
6963,232.332,red,observed,1.0,15.99,,red,1,21.83,0,-15.99
6966,232.432,red,observed,1.0,15.09,,red,1,22.55,0,-15.09
6969,232.532,red,observed,1.0,16.07,,red,1,23.9,0,-16.07
6972,232.632,red,observed,1.0,15.54,,red,1,23.28,0,-15.54
6975,232.733,red,observed,1.0,16.14,,red,1,22.65,0,-16.14
6978,232.833,red,observed,1.0,16.59,,red,1,23.48,0,-16.59
6981,232.933,red,observed,1.0,16.14,,red,1,22.24,0,-16.14
6984,233.033,red,observed,1.0,15.77,,red,1,23.59,0,-15.77
6987,233.133,red,observed,1.0,16.07,,red,1,22.65,0,-16.07
6990,233.233,red,observed,1.0,15.77,,red,1,23.38,0,-15.77
6993,233.333,red,observed,1.0,16.07,,red,1,23.17,0,-16.07
6996,233.433,red,observed,1.0,16.14,,red,1,24.31,0,-16.14
6999,233.533,red,observed,1.0,15.84,,red,1,23.28,0,-15.84
7002,233.633,red,observed,1.0,15.92,,red,1,22.96,0,-15.92
7005,233.734,red,observed,1.0,15.92,,red,1,23.79,0,-15.92
7008,233.834,red,observed,1.0,16.44,,red,1,23.48,0,-16.44
7011,233.934,red,observed,1.0,15.69,,red,1,23.48,0,-15.69
7014,234.034,red,observed,1.0,16.37,,red,1,22.96,0,-16.37
7017,234.134,red,observed,1.0,16.29,,red,1,23.9,0,-16.29
7020,234.234,red,observed,1.0,16.44,,red,1,23.38,0,-16.44
7023,234.334,red,observed,1.0,15.99,,red,1,23.38,0,-15.99
7026,234.434,red,observed,1.0,16.29,,red,1,24.62,0,-16.29
7029,234.534,red,observed,1.0,16.37,,red,1,24.41,0,-16.37
7032,234.634,red,observed,1.0,15.69,,red,1,24.41,0,-15.69
7035,234.734,red,observed,1.0,16.29,,red,1,23.59,0,-16.29
7038,234.835,red,observed,1.0,16.44,,red,1,24.83,0,-16.44
7041,234.935,red,observed,1.0,15.92,,red,1,22.96,0,-15.92
7044,235.035,red,observed,1.0,15.39,,red,1,23.59,0,-15.39
7047,235.135,red,observed,1.0,15.69,,red,1,24.72,0,-15.69
7050,235.235,red,observed,1.0,15.47,,red,1,24.21,0,-15.47
7053,235.335,red,observed,1.0,15.69,,red,1,23.28,0,-15.69
7056,235.435,red,observed,1.0,15.77,,red,1,23.69,0,-15.77
7059,235.535,red,observed,1.0,15.77,,red,1,23.79,0,-15.77
7062,235.635,red,observed,1.0,16.37,,red,1,23.59,0,-16.37
7065,235.736,red,observed,1.0,16.37,,red,1,23.38,0,-16.37
7068,235.836,red,observed,1.0,15.77,,red,1,23.28,0,-15.77
7071,235.936,red,observed,1.0,16.44,,red,1,24.72,0,-16.44
7074,236.036,red,observed,1.0,16.52,,red,1,23.69,0,-16.52
7077,236.136,red,observed,1.0,15.84,,red,1,23.38,0,-15.84
7080,236.236,red,observed,1.0,15.77,,red,1,24.21,0,-15.77
7083,236.336,red,observed,1.0,16.07,,red,1,25.14,0,-16.07
7086,236.436,red,observed,1.0,15.77,,red,1,23.9,0,-15.77
7089,236.536,red,observed,1.0,15.62,,red,1,25.03,0,-15.62
7092,236.636,red,observed,1.0,15.99,,red,1,25.76,0,-15.99
7095,236.736,red,observed,1.0,16.07,,red,1,25.03,0,-16.07
7098,236.837,red,observed,1.0,15.92,,red,1,25.24,0,-15.92
7101,236.937,red,observed,1.0,16.29,,red,1,23.9,0,-16.29
7104,237.037,red,observed,1.0,15.84,,red,1,26.17,0,-15.84
7107,237.137,red,observed,1.0,16.07,,red,1,23.9,0,-16.07
7110,237.237,red,observed,1.0,15.77,,red,1,24.72,0,-15.77
7113,237.337,red,observed,1.0,15.69,,red,1,25.86,0,-15.69
7116,237.437,red,observed,1.0,15.99,,red,1,25.03,0,-15.99
7119,237.537,red,observed,1.0,15.99,,red,1,23.38,0,-15.99
7122,237.637,red,observed,1.0,16.52,,red,1,24.52,0,-16.52
7125,237.738,red,observed,1.0,16.22,,red,1,25.76,0,-16.22
7128,237.838,red,observed,1.0,16.14,,red,1,23.48,0,-16.14
7131,237.938,red,observed,1.0,15.77,,red,1,25.45,0,-15.77
7134,238.038,red,observed,1.0,16.37,,red,1,24.62,0,-16.37
7137,238.138,red,observed,1.0,15.77,,red,1,25.55,0,-15.77
7140,238.238,red,observed,1.0,16.07,,red,1,24.31,0,-16.07
7143,238.338,red,observed,1.0,16.22,,red,1,23.79,0,-16.22
7146,238.438,red,observed,1.0,15.69,,red,1,23.9,0,-15.69
7149,238.538,red,observed,1.0,16.22,,red,1,24.52,0,-16.22
7152,238.638,red,observed,1.0,15.77,,red,1,24.21,0,-15.77
7155,238.739,red,observed,1.0,16.07,,red,1,25.45,0,-16.07
7158,238.839,red,observed,1.0,15.99,,red,1,24.1,0,-15.99
7161,238.939,red,observed,1.0,15.92,,red,1,24.0,0,-15.92
7164,239.039,red,observed,1.0,16.14,,red,1,24.1,0,-16.14
7167,239.139,red,observed,1.0,16.14,,red,1,24.52,0,-16.14
7170,239.239,red,observed,1.0,16.22,,red,1,24.31,0,-16.22
7173,239.339,red,observed,1.0,15.62,,red,1,25.65,0,-15.62
7176,239.439,red,observed,1.0,16.22,,red,1,25.34,0,-16.22
7179,239.539,red,observed,1.0,15.62,,red,1,25.03,0,-15.62
7182,239.639,red,observed,1.0,15.54,,red,1,25.34,0,-15.54
7185,239.74,red,observed,1.0,16.22,,red,1,25.45,0,-16.22
7188,239.84,red,observed,1.0,15.99,,red,1,25.14,0,-15.99
7191,239.94,red,observed,1.0,15.54,,red,1,23.9,0,-15.54
7194,240.04,red,observed,1.0,15.84,,red,1,24.72,0,-15.84
7197,240.14,red,observed,1.0,15.99,,red,1,24.41,0,-15.99
7200,240.24,red,observed,1.0,16.37,,red,1,24.41,0,-16.37
7203,240.34,red,observed,1.0,15.47,,red,1,23.07,0,-15.47
7206,240.44,red,observed,1.0,15.99,,red,1,24.1,0,-15.99
7209,240.54,red,observed,1.0,15.47,,red,1,23.9,0,-15.47
7212,240.64,red,observed,1.0,16.22,,red,1,25.24,0,-16.22
7215,240.74,red,observed,1.0,16.22,,red,1,24.1,0,-16.22
7218,240.841,red,observed,1.0,15.69,,red,1,23.48,0,-15.69
7221,240.941,red,observed,1.0,15.99,,red,1,24.41,0,-15.99
7224,241.041,red,observed,1.0,15.92,,red,1,24.41,0,-15.92
7227,241.141,red,observed,1.0,15.99,,red,1,24.21,0,-15.99
7230,241.241,red,observed,1.0,16.07,,red,1,23.48,0,-16.07
7233,241.341,red,observed,1.0,15.99,,red,1,23.38,0,-15.99
7236,241.441,red,observed,1.0,15.77,,red,1,23.38,0,-15.77
7239,241.541,red,observed,1.0,16.14,,red,1,23.69,0,-16.14
7242,241.641,red,observed,1.0,15.77,,red,1,23.28,0,-15.77
7245,241.742,red,observed,1.0,16.14,,red,1,22.14,0,-16.14
7248,241.842,red,observed,1.0,15.92,,red,1,23.17,0,-15.92
7251,241.942,red,observed,1.0,15.84,,red,1,22.86,0,-15.84
7254,242.042,red,observed,1.0,15.77,,red,1,24.41,0,-15.77
7257,242.142,red,observed,1.0,15.92,,red,1,24.93,0,-15.92
7260,242.242,red,observed,1.0,15.99,,red,1,24.83,0,-15.99
7263,242.342,red,observed,1.0,15.99,,red,1,23.59,0,-15.99
7266,242.442,red,observed,1.0,16.29,,red,1,23.59,0,-16.29
7269,242.542,red,observed,1.0,15.92,,red,1,23.59,0,-15.92
7272,242.642,red,observed,1.0,16.29,,red,1,22.65,0,-16.29
7275,242.742,red,observed,1.0,16.07,,red,1,23.79,0,-16.07
7278,242.843,red,observed,1.0,16.44,,red,1,22.96,0,-16.44
7281,242.943,red,observed,1.0,16.07,,red,1,23.69,0,-16.07
7284,243.043,red,observed,1.0,16.29,,red,1,22.55,0,-16.29
7287,243.143,red,observed,1.0,15.99,,red,1,23.69,0,-15.99
7290,243.243,red,observed,1.0,16.22,,red,1,24.0,0,-16.22
7293,243.343,red,observed,1.0,16.29,,red,1,22.65,0,-16.29
7296,243.443,red,observed,1.0,15.17,,red,1,22.86,0,-15.17
7299,243.543,red,observed,1.0,15.39,,red,1,22.65,0,-15.39
7302,243.643,red,observed,1.0,15.62,,red,1,23.48,0,-15.62
7305,243.744,red,observed,1.0,16.29,,red,1,21.93,0,-16.29
7308,243.844,red,observed,1.0,16.37,,red,1,24.1,0,-16.37
7311,243.944,red,observed,1.0,15.77,,red,1,23.48,0,-15.77
7314,244.044,red,observed,1.0,16.07,,red,1,22.65,0,-16.07
7317,244.144,red,observed,1.0,15.99,,red,1,22.96,0,-15.99
7320,244.244,red,observed,1.0,15.92,,red,1,22.65,0,-15.92
7323,244.344,red,observed,1.0,15.77,,red,1,23.48,0,-15.77
7326,244.444,red,observed,1.0,15.32,,red,1,23.69,0,-15.32
7329,244.544,red,observed,1.0,16.44,,red,1,22.24,0,-16.44
7332,244.644,red,observed,1.0,16.07,,red,1,22.34,0,-16.07
7335,244.745,red,observed,1.0,16.29,,red,1,23.28,0,-16.29
7338,244.845,red,observed,1.0,15.17,,red,1,23.59,0,-15.17
7341,244.945,red,observed,1.0,15.92,,red,1,23.38,0,-15.92
7344,245.045,red,observed,1.0,15.84,,red,1,22.86,0,-15.84
7347,245.145,red,observed,1.0,15.84,,red,1,23.17,0,-15.84
7350,245.245,red,observed,1.0,15.77,,red,1,23.07,0,-15.77
7353,245.345,red,observed,1.0,16.07,,red,1,22.03,0,-16.07
7356,245.445,red,observed,1.0,15.84,,red,1,23.07,0,-15.84
7359,245.545,red,observed,1.0,16.22,,red,1,23.79,0,-16.22
7362,245.645,red,observed,1.0,15.92,,red,1,22.96,0,-15.92
7365,245.746,red,observed,1.0,15.47,,red,1,23.69,0,-15.47
7368,245.846,red,observed,1.0,16.07,,red,1,23.69,0,-16.07
7371,245.946,red,observed,1.0,16.07,,red,1,22.96,0,-16.07
7374,246.046,red,observed,1.0,15.99,,red,1,23.69,0,-15.99
7377,246.146,red,observed,1.0,16.14,,red,1,23.48,0,-16.14
7380,246.246,red,observed,1.0,15.47,,red,1,23.38,0,-15.47
7383,246.346,red,observed,1.0,15.69,,red,1,24.52,0,-15.69
7386,246.446,red,observed,1.0,15.62,,red,1,24.1,0,-15.62
7389,246.546,red,observed,1.0,16.07,,red,1,24.62,0,-16.07
7392,246.646,red,observed,1.0,15.62,,red,1,24.31,0,-15.62
7395,246.746,red,observed,1.0,15.69,,red,1,25.24,0,-15.69
7398,246.847,red,observed,1.0,15.54,,red,1,23.9,0,-15.54
7401,246.947,red,observed,1.0,16.37,,red,1,24.0,0,-16.37
7404,247.047,red,observed,1.0,15.77,,red,1,24.21,0,-15.77
7407,247.147,red,observed,1.0,15.32,,red,1,23.07,0,-15.32
7410,247.247,red,observed,1.0,15.62,,red,1,23.69,0,-15.62
7413,247.347,red,observed,1.0,15.62,,red,1,23.48,0,-15.62
7416,247.447,red,observed,1.0,15.99,,red,1,24.41,0,-15.99
7419,247.547,red,observed,1.0,15.99,,red,1,23.79,0,-15.99
7422,247.647,red,observed,1.0,15.77,,red,1,23.79,0,-15.77
7425,247.748,red,observed,1.0,15.92,,red,1,24.72,0,-15.92
7428,247.848,red,observed,1.0,16.22,,red,1,23.9,0,-16.22
7431,247.948,red,observed,1.0,16.44,,red,1,23.69,0,-16.44
7434,248.048,red,observed,1.0,15.99,,red,1,24.31,0,-15.99
7437,248.148,red,observed,1.0,16.07,,red,1,23.38,0,-16.07
7440,248.248,red,observed,1.0,15.92,,red,1,23.38,0,-15.92
7443,248.348,red,observed,1.0,16.29,,red,1,23.79,0,-16.29
7446,248.448,red,observed,1.0,16.14,,red,1,24.41,0,-16.14
7449,248.548,red,observed,1.0,15.84,,red,1,23.79,0,-15.84
7452,248.648,red,observed,1.0,15.24,,red,1,25.14,0,-15.24
7455,248.748,red,observed,1.0,16.07,,red,1,22.96,0,-16.07
7458,248.849,red,observed,1.0,15.99,,red,1,25.03,0,-15.99
7461,248.949,red,observed,1.0,15.92,,red,1,24.0,0,-15.92
7464,249.049,red,observed,1.0,16.29,,red,1,24.21,0,-16.29
7467,249.149,red,observed,1.0,15.62,,red,1,24.0,0,-15.62
7470,249.249,red,observed,1.0,16.07,,red,1,24.62,0,-16.07
7473,249.349,red,observed,1.0,15.84,,red,1,22.96,0,-15.84
7476,249.449,red,observed,1.0,15.84,,red,1,25.03,0,-15.84
7479,249.549,red,observed,1.0,15.84,,red,1,24.31,0,-15.84
7482,249.649,red,observed,1.0,16.07,,red,1,24.31,0,-16.07
7485,249.75,red,observed,1.0,15.92,,red,1,25.14,0,-15.92
7488,249.85,red,observed,1.0,15.77,,red,1,24.83,0,-15.77
7491,249.95,red,observed,1.0,16.22,,red,1,24.93,0,-16.22
7494,250.05,red,observed,1.0,15.92,,red,1,25.55,0,-15.92
7497,250.15,red,observed,1.0,15.99,,red,1,25.34,0,-15.99
7500,250.25,red,observed,1.0,16.29,,red,1,25.76,0,-16.29
7503,250.35,red,observed,1.0,15.77,,red,1,24.62,0,-15.77
7506,250.45,red,observed,1.0,15.84,,red,1,25.76,0,-15.84
7509,250.55,red,observed,1.0,15.47,,red,1,24.21,0,-15.47
7512,250.65,red,observed,1.0,15.84,,red,1,24.1,0,-15.84
7515,250.751,red,observed,1.0,15.54,,red,1,24.31,0,-15.54
7518,250.851,red,observed,1.0,15.39,,red,1,24.41,0,-15.39
7521,250.951,red,observed,1.0,15.32,,red,1,24.1,0,-15.32
7524,251.051,red,observed,1.0,16.22,,red,1,25.14,0,-16.22
7527,251.151,red,observed,1.0,15.92,,red,1,23.69,0,-15.92
7530,251.251,red,observed,1.0,15.77,,red,1,24.0,0,-15.77
7533,251.351,red,observed,1.0,15.54,,red,1,25.14,0,-15.54
7536,251.451,red,observed,1.0,15.69,,red,1,23.28,0,-15.69
7539,251.551,red,observed,1.0,15.92,,red,1,24.83,0,-15.92
7542,251.651,red,observed,1.0,16.07,,red,1,24.62,0,-16.07
7545,251.752,red,observed,1.0,16.07,,red,1,24.72,0,-16.07
7548,251.852,red,observed,1.0,15.69,,red,1,24.31,0,-15.69
7551,251.952,red,observed,1.0,15.39,,red,1,25.45,0,-15.39
7554,252.052,red,observed,1.0,11.69,,red,1,11.69,0,-15.17
7557,252.152,green,observed,1.0,14.64,,green,0,-23.28,1,14.64
7560,252.252,green,observed,1.0,15.17,,green,0,-23.79,1,15.17
7563,252.352,green,observed,1.0,14.71,,green,0,-23.79,1,14.71
7566,252.452,green,observed,1.0,14.04,,green,0,-23.79,1,14.04
7569,252.552,green,observed,1.0,14.56,,green,0,-23.79,1,14.56
7572,252.652,green,observed,1.0,14.04,,green,0,-23.28,1,14.04
7575,252.752,green,observed,1.0,15.47,,green,0,-23.48,1,15.47
7578,252.853,green,observed,1.0,14.87,,green,0,-23.48,1,14.87
7581,252.953,green,observed,1.0,14.19,,green,0,-23.17,1,14.19
7584,253.053,green,observed,1.0,15.84,,green,0,-23.28,1,15.84
7587,253.153,green,observed,1.0,14.34,,green,0,-23.79,1,14.34
7590,253.253,green,observed,1.0,14.19,,green,0,-23.69,1,14.19
7593,253.353,green,observed,1.0,14.41,,green,0,-23.79,1,14.41
7596,253.453,green,observed,1.0,13.89,,green,0,-23.48,1,13.89
7599,253.553,green,observed,1.0,14.19,,green,0,-23.48,1,14.19
7602,253.653,green,observed,1.0,14.34,,green,0,-24.31,1,14.34
7605,253.754,green,observed,1.0,13.59,,green,0,-23.28,1,13.59
7608,253.854,green,observed,1.0,13.59,,green,0,-23.59,1,13.59
7611,253.954,green,observed,1.0,14.04,,green,0,-23.79,1,14.04
7614,254.054,green,observed,1.0,14.26,,green,0,-23.28,1,14.26
7617,254.154,green,observed,1.0,14.04,,green,0,-22.96,1,14.04
7620,254.254,green,observed,1.0,14.19,,green,0,-23.38,1,14.19
7623,254.354,green,observed,1.0,14.04,,green,0,-24.0,1,14.04
7626,254.454,green,observed,1.0,14.71,,green,0,-24.0,1,14.71
7629,254.554,green,observed,1.0,13.66,,green,0,-22.96,1,13.66
7632,254.654,green,observed,1.0,13.29,,green,0,-23.17,1,13.29
7635,254.754,green,observed,1.0,13.36,,green,0,-23.69,1,13.36
7638,254.855,green,observed,1.0,13.36,,green,0,-23.79,1,13.36
7641,254.955,green,observed,1.0,13.51,,green,0,-23.69,1,13.51
7644,255.055,green,observed,1.0,14.19,,green,0,-23.9,1,14.19
7647,255.155,green,observed,1.0,13.66,,green,0,-24.1,1,13.66
7650,255.255,green,observed,1.0,13.51,,green,0,-23.28,1,13.51
7653,255.355,green,observed,1.0,13.74,,green,0,-23.69,1,13.74
7656,255.455,green,observed,1.0,14.26,,green,0,-24.21,1,14.26
7659,255.555,green,observed,1.0,15.02,,green,0,-23.69,1,15.02
7662,255.655,green,observed,1.0,14.19,,green,0,-23.79,1,14.19
7665,255.756,green,observed,1.0,15.09,,green,0,-23.79,1,15.09
7668,255.856,green,observed,1.0,14.04,,green,0,-23.59,1,14.04
7671,255.956,green,observed,1.0,15.09,,green,0,-24.0,1,15.09
7674,256.056,green,observed,1.0,14.04,,green,0,-23.28,1,14.04
7677,256.156,green,observed,1.0,14.49,,green,0,-23.38,1,14.49
7680,256.256,green,observed,1.0,14.41,,green,0,-23.59,1,14.41
7683,256.356,green,observed,1.0,14.26,,green,0,-23.59,1,14.26
7686,256.456,green,observed,1.0,15.47,,green,0,-23.59,1,15.47
7689,256.556,green,observed,1.0,14.71,,green,0,-24.21,1,14.71
7692,256.656,green,observed,1.0,15.39,,green,0,-23.59,1,15.39
7695,256.757,green,observed,1.0,15.39,,green,0,-23.59,1,15.39
7698,256.857,green,observed,1.0,14.94,,green,0,-23.79,1,14.94
7701,256.957,green,observed,1.0,14.41,,green,0,-24.1,1,14.41
7704,257.057,green,observed,1.0,14.49,,green,0,-23.59,1,14.49
7707,257.157,green,observed,1.0,15.54,,green,0,-23.48,1,15.54
7710,257.257,green,observed,1.0,15.24,,green,0,-24.0,1,15.24
7713,257.357,green,observed,1.0,16.22,,green,0,-23.9,1,16.22
7716,257.457,green,observed,1.0,15.99,,green,0,-23.69,1,15.99
7719,257.557,green,observed,1.0,16.14,,green,0,-24.52,1,16.14
7722,257.657,green,observed,1.0,15.39,,green,0,-23.79,1,15.39
7725,257.758,green,observed,1.0,16.29,,green,0,-23.28,1,16.29
7728,257.858,green,observed,1.0,16.82,,green,0,-23.9,1,16.82
7731,257.958,green,observed,1.0,16.74,,green,0,-23.79,1,16.74
7734,258.058,green,observed,1.0,16.29,,green,0,-23.59,1,16.29
7737,258.158,green,observed,1.0,16.82,,green,0,-23.9,1,16.82
7740,258.258,green,observed,1.0,16.29,,green,0,-23.9,1,16.29
7743,258.358,green,observed,1.0,16.29,,green,0,-23.9,1,16.29
7746,258.458,green,observed,1.0,16.14,,green,0,-23.69,1,16.14
7749,258.558,green,observed,1.0,16.52,,green,0,-23.69,1,16.52
7752,258.658,green,observed,1.0,16.07,,green,0,-24.41,1,16.07
7755,258.759,green,observed,1.0,17.12,,green,0,-22.96,1,17.12
7758,258.859,green,observed,1.0,17.42,,green,0,-23.48,1,17.42
7761,258.959,green,observed,1.0,16.82,,green,0,-23.07,1,16.82
7764,259.059,green,observed,1.0,17.42,,green,0,-24.0,1,17.42
7767,259.159,green,observed,1.0,18.47,,green,0,-23.69,1,18.47
7770,259.259,green,observed,1.0,17.49,,green,0,-23.28,1,17.49
7773,259.359,green,observed,1.0,16.97,,green,0,-23.9,1,16.97
7776,259.459,green,observed,1.0,17.49,,green,0,-23.9,1,17.49
7779,259.559,green,observed,1.0,18.09,,green,0,-23.9,1,18.09
7782,259.659,green,observed,1.0,17.79,,green,0,-24.31,1,17.79
7785,259.76,green,observed,1.0,17.57,,green,0,-22.96,1,17.57
7788,259.86,green,observed,1.0,17.79,,green,0,-23.79,1,17.79
7791,259.96,green,observed,1.0,18.02,,green,0,-24.1,1,18.02
7794,260.06,green,observed,1.0,18.09,,green,0,-23.48,1,18.09
7797,260.16,green,observed,1.0,17.64,,green,0,-23.9,1,17.64
7800,260.26,green,observed,1.0,17.57,,green,0,-24.62,1,17.57
7803,260.36,green,observed,1.0,17.87,,green,0,-24.0,1,17.87
7806,260.46,green,observed,1.0,17.34,,green,0,-23.9,1,17.34
7809,260.56,green,observed,1.0,17.49,,green,0,-23.59,1,17.49
7812,260.66,green,observed,1.0,18.09,,green,0,-24.41,1,18.09
7815,260.76,green,observed,1.0,17.64,,green,0,-23.79,1,17.64
7818,260.861,green,observed,1.0,18.09,,green,0,-23.69,1,18.09
7821,260.961,green,observed,1.0,17.12,,green,0,-24.0,1,17.12
7824,261.061,green,observed,1.0,16.82,,green,0,-23.79,1,16.82
7827,261.161,green,observed,1.0,16.97,,green,0,-23.9,1,16.97
7830,261.261,green,observed,1.0,17.27,,green,0,-23.79,1,17.27
7833,261.361,green,observed,1.0,16.52,,green,0,-23.9,1,16.52
7836,261.461,green,observed,1.0,16.44,,green,0,-24.0,1,16.44
7839,261.561,green,observed,1.0,17.49,,green,0,-23.59,1,17.49
7842,261.661,green,observed,1.0,16.89,,green,0,-23.59,1,16.89
7845,261.762,green,observed,1.0,17.42,,green,0,-23.69,1,17.42
7848,261.862,green,observed,1.0,16.67,,green,0,-23.38,1,16.67
7851,261.962,green,observed,1.0,16.37,,green,0,-23.28,1,16.37
7854,262.062,green,observed,1.0,16.82,,green,0,-23.79,1,16.82
7857,262.162,green,observed,1.0,16.52,,green,0,-22.86,1,16.52
7860,262.262,green,observed,1.0,16.89,,green,0,-24.41,1,16.89
7863,262.362,green,observed,1.0,16.29,,green,0,-23.59,1,16.29
7866,262.462,green,observed,1.0,17.04,,green,0,-24.21,1,17.04
7869,262.562,green,observed,1.0,17.04,,green,0,-23.17,1,17.04
7872,262.662,green,observed,1.0,16.22,,green,0,-23.69,1,16.22
7875,262.762,green,observed,1.0,17.04,,green,0,-23.28,1,17.04
7878,262.863,green,observed,1.0,15.92,,green,0,-23.69,1,15.92
7881,262.963,green,observed,1.0,16.14,,green,0,-23.38,1,16.14
7884,263.063,green,observed,1.0,15.99,,green,0,-23.38,1,15.99
7887,263.163,green,observed,1.0,15.47,,green,0,-23.38,1,15.47
7890,263.263,green,observed,1.0,15.84,,green,0,-23.48,1,15.84
7893,263.363,green,observed,1.0,15.77,,green,0,-22.76,1,15.77
7896,263.463,green,observed,1.0,15.17,,green,0,-24.0,1,15.17
7899,263.563,green,observed,1.0,15.77,,green,0,-24.41,1,15.77
7902,263.663,green,observed,1.0,15.24,,green,0,-23.17,1,15.24
7905,263.764,green,observed,1.0,15.77,,green,0,-23.28,1,15.77
7908,263.864,green,observed,1.0,14.87,,green,0,-24.21,1,14.87
7911,263.964,green,observed,1.0,14.64,,green,0,-23.28,1,14.64
7914,264.064,green,observed,1.0,14.71,,green,0,-23.17,1,14.71
7917,264.164,green,observed,1.0,14.94,,green,0,-24.21,1,14.94
7920,264.264,green,observed,1.0,15.09,,green,0,-23.79,1,15.09
7923,264.364,green,observed,1.0,14.41,,green,0,-23.9,1,14.41
7926,264.464,green,observed,1.0,14.49,,green,0,-23.38,1,14.49
7929,264.564,green,observed,1.0,13.81,,green,0,-23.9,1,13.81
7932,264.664,green,observed,1.0,14.04,,green,0,-23.69,1,14.04
7935,264.764,green,observed,1.0,14.19,,green,0,-24.1,1,14.19
7938,264.865,green,observed,1.0,13.59,,green,0,-23.28,1,13.59
7941,264.965,green,observed,1.0,14.41,,green,0,-23.9,1,14.41
7944,265.065,green,observed,1.0,14.34,,green,0,-23.9,1,14.34
7947,265.165,green,observed,1.0,14.04,,green,0,-24.0,1,14.04
7950,265.265,green,observed,1.0,14.79,,green,0,-23.79,1,14.79
7953,265.365,green,observed,1.0,13.74,,green,0,-23.79,1,13.74
7956,265.465,green,observed,1.0,14.34,,green,0,-23.07,1,14.34
7959,265.565,green,observed,1.0,13.81,,green,0,-23.59,1,13.81
7962,265.665,green,observed,1.0,14.87,,green,0,-23.48,1,14.87
7965,265.766,green,observed,1.0,13.66,,green,0,-23.48,1,13.66
7968,265.866,green,observed,1.0,13.59,,green,0,-23.38,1,13.59
7971,265.966,green,observed,1.0,14.19,,green,0,-23.38,1,14.19
7974,266.066,green,observed,1.0,14.19,,green,0,-23.28,1,14.19
7977,266.166,green,observed,1.0,13.81,,green,0,-23.38,1,13.81
7980,266.266,green,observed,1.0,14.49,,green,0,-23.48,1,14.49
7983,266.366,green,observed,1.0,14.41,,green,0,-23.48,1,14.41
7986,266.466,green,observed,1.0,13.44,,green,0,-23.38,1,13.44
7989,266.566,green,observed,1.0,14.41,,green,0,-23.38,1,14.41
7992,266.666,green,observed,1.0,14.04,,green,0,-23.38,1,14.04
7995,266.766,green,observed,1.0,14.34,,green,0,-23.17,1,14.34
7998,266.867,green,observed,1.0,13.74,,green,0,-23.59,1,13.74
8001,266.967,green,observed,1.0,13.44,,green,0,-22.76,1,13.44
8004,267.067,green,observed,1.0,13.44,,green,0,-23.59,1,13.44
8007,267.167,green,observed,1.0,14.34,,green,0,-23.28,1,14.34
8010,267.267,green,observed,1.0,14.41,,green,0,-23.69,1,14.41
8013,267.367,green,observed,1.0,14.19,,green,0,-23.59,1,14.19
8016,267.467,green,observed,1.0,14.26,,green,0,-23.28,1,14.26
8019,267.567,green,observed,1.0,14.19,,green,0,-23.48,1,14.19
8022,267.667,green,observed,1.0,13.96,,green,0,-23.38,1,13.96
8025,267.768,green,observed,1.0,14.41,,green,0,-23.48,1,14.41
8028,267.868,green,observed,1.0,14.41,,green,0,-23.59,1,14.41
8031,267.968,green,observed,1.0,14.26,,green,0,-23.9,1,14.26
8034,268.068,green,observed,1.0,14.49,,green,0,-23.17,1,14.49
8037,268.168,green,observed,1.0,15.02,,green,0,-23.9,1,15.02
8040,268.268,green,observed,1.0,15.39,,green,0,-23.79,1,15.39
8043,268.368,green,observed,1.0,14.41,,green,0,-24.0,1,14.41
8046,268.468,green,observed,1.0,16.14,,green,0,-24.21,1,16.14
8049,268.568,green,observed,1.0,15.39,,green,0,-23.9,1,15.39
8052,268.668,green,observed,1.0,15.47,,green,0,-23.9,1,15.47
8055,268.768,green,observed,1.0,15.39,,green,0,-23.48,1,15.39
8058,268.869,green,observed,1.0,15.84,,green,0,-23.38,1,15.84
8061,268.969,green,observed,1.0,16.07,,green,0,-22.86,1,16.07
8064,269.069,green,observed,1.0,16.07,,green,0,-22.76,1,16.07
8067,269.169,green,observed,1.0,16.29,,green,0,-23.9,1,16.29
8070,269.269,green,observed,1.0,16.22,,green,0,-24.52,1,16.22
8073,269.369,green,observed,1.0,15.99,,green,0,-23.69,1,15.99
8076,269.469,green,observed,1.0,15.99,,green,0,-23.28,1,15.99
8079,269.569,green,observed,1.0,15.54,,green,0,-24.21,1,15.54
8082,269.669,green,observed,1.0,16.29,,green,0,-24.31,1,16.29
8085,269.77,green,observed,1.0,16.74,,green,0,-23.28,1,16.74
8088,269.87,green,observed,1.0,16.89,,green,0,-24.0,1,16.89
8091,269.97,green,observed,1.0,17.12,,green,0,-23.9,1,17.12
8094,270.07,green,observed,1.0,16.44,,green,0,-23.79,1,16.44
8097,270.17,green,observed,1.0,17.94,,green,0,-23.28,1,17.94
8100,270.27,green,observed,1.0,17.42,,green,0,-22.96,1,17.42
8103,270.37,green,observed,1.0,16.44,,green,0,-24.0,1,16.44
8106,270.47,green,observed,1.0,16.82,,green,0,-23.69,1,16.82
8109,270.57,green,observed,1.0,17.04,,green,0,-22.76,1,17.04
8112,270.67,green,observed,1.0,17.04,,green,0,-24.1,1,17.04
8115,270.77,green,observed,1.0,17.04,,green,0,-23.59,1,17.04
8118,270.871,green,observed,1.0,17.42,,green,0,-23.59,1,17.42
8121,270.971,green,observed,1.0,16.97,,green,0,-23.59,1,16.97
8124,271.071,green,observed,1.0,16.74,,green,0,-22.55,1,16.74
8127,271.171,green,observed,1.0,17.42,,green,0,-23.38,1,17.42
8130,271.271,green,observed,1.0,17.57,,green,0,-23.48,1,17.57
8133,271.371,green,observed,1.0,17.79,,green,0,-23.17,1,17.79
8136,271.471,green,observed,1.0,17.27,,green,0,-22.86,1,17.27
8139,271.571,green,observed,1.0,17.12,,green,0,-23.69,1,17.12
8142,271.671,green,observed,1.0,17.87,,green,0,-23.59,1,17.87
8145,271.772,green,observed,1.0,16.52,,green,0,-23.07,1,16.52
8148,271.872,green,observed,1.0,17.27,,green,0,-23.07,1,17.27
8151,271.972,green,observed,1.0,17.04,,green,0,-22.86,1,17.04
8154,272.072,green,observed,1.0,17.42,,green,0,-24.0,1,17.42
8157,272.172,green,observed,1.0,16.97,,green,0,-24.1,1,16.97
8160,272.272,green,observed,1.0,17.79,,green,0,-24.1,1,17.79
8163,272.372,green,observed,1.0,17.12,,green,0,-23.28,1,17.12
8166,272.472,green,observed,1.0,17.34,,green,0,-22.65,1,17.34
8169,272.572,green,observed,1.0,17.04,,green,0,-22.86,1,17.04
8172,272.672,green,observed,1.0,17.04,,green,0,-23.9,1,17.04
8175,272.772,green,observed,1.0,17.19,,green,0,-23.38,1,17.19
8178,272.873,green,observed,1.0,17.04,,green,0,-24.21,1,17.04
8181,272.973,green,observed,1.0,16.89,,green,0,-23.59,1,16.89
8184,273.073,green,observed,1.0,16.29,,green,0,-23.38,1,16.29
8187,273.173,green,observed,1.0,16.82,,green,0,-24.1,1,16.82
8190,273.273,green,observed,1.0,16.29,,green,0,-23.69,1,16.29
8193,273.373,green,observed,1.0,17.27,,green,0,-23.59,1,17.27
8196,273.473,green,observed,1.0,16.82,,green,0,-23.59,1,16.82
8199,273.573,green,observed,1.0,17.19,,green,0,-23.07,1,17.19
8202,273.673,green,observed,1.0,17.34,,green,0,-23.79,1,17.34
8205,273.774,green,observed,1.0,16.37,,green,0,-23.69,1,16.37
8208,273.874,green,observed,1.0,16.82,,green,0,-23.38,1,16.82
8211,273.974,green,observed,1.0,17.04,,green,0,-23.9,1,17.04
8214,274.074,green,observed,1.0,15.99,,green,0,-23.07,1,15.99
8217,274.174,green,observed,1.0,16.22,,green,0,-24.0,1,16.22
8220,274.274,green,observed,1.0,15.32,,green,0,-23.28,1,15.32
8223,274.374,green,observed,1.0,15.84,,green,0,-23.48,1,15.84
8226,274.474,green,observed,1.0,15.39,,green,0,-23.28,1,15.39
8229,274.574,green,observed,1.0,15.62,,green,0,-23.59,1,15.62
8232,274.674,green,observed,1.0,15.69,,green,0,-23.69,1,15.69
8235,274.774,green,observed,1.0,15.54,,green,0,-22.96,1,15.54
8238,274.875,green,observed,1.0,15.09,,green,0,-22.86,1,15.09
8241,274.975,green,observed,1.0,15.02,,green,0,-23.59,1,15.02
8244,275.075,green,observed,1.0,14.64,,green,0,-23.28,1,14.64
8247,275.175,green,observed,1.0,14.19,,green,0,-23.28,1,14.19
8250,275.275,green,observed,1.0,14.19,,green,0,-22.86,1,14.19
8253,275.375,green,observed,1.0,14.87,,green,0,-24.0,1,14.87
8256,275.475,green,observed,1.0,14.19,,green,0,-22.86,1,14.19
8259,275.575,green,observed,1.0,14.64,,green,0,-22.96,1,14.64
8262,275.675,green,observed,1.0,15.09,,green,0,-23.59,1,15.09
8265,275.776,green,observed,1.0,14.19,,green,0,-24.31,1,14.19
8268,275.876,green,observed,1.0,14.19,,green,0,-24.41,1,14.19
8271,275.976,green,observed,1.0,14.19,,green,0,-24.31,1,14.19
8274,276.076,green,observed,1.0,13.66,,green,0,-22.55,1,13.66
8277,276.176,green,observed,1.0,14.64,,green,0,-23.9,1,14.64
8280,276.276,green,observed,1.0,14.19,,green,0,-23.28,1,14.19
8283,276.376,green,observed,1.0,14.49,,green,0,-23.28,1,14.49
8286,276.476,green,observed,1.0,13.66,,green,0,-23.28,1,13.66
8289,276.576,green,observed,1.0,14.26,,green,0,-23.28,1,14.26
8292,276.676,green,observed,1.0,13.89,,green,0,-24.41,1,13.89
8295,276.776,green,observed,1.0,13.59,,green,0,-24.0,1,13.59
8298,276.877,green,observed,1.0,14.19,,green,0,-23.38,1,14.19
8301,276.977,green,observed,1.0,12.84,,green,0,-23.9,1,12.84
8304,277.077,green,observed,1.0,13.74,,green,0,-23.07,1,13.74
8307,277.177,green,observed,1.0,14.41,,green,0,-23.9,1,14.41
8310,277.277,green,observed,1.0,14.26,,green,0,-23.48,1,14.26
8313,277.377,green,observed,1.0,14.26,,green,0,-23.38,1,14.26
8316,277.477,green,observed,1.0,13.81,,green,0,-23.38,1,13.81
8319,277.577,green,observed,1.0,14.87,,green,0,-23.07,1,14.87
8322,277.677,green,observed,1.0,13.89,,green,0,-22.96,1,13.89
8325,277.778,green,observed,1.0,13.74,,green,0,-23.79,1,13.74
8328,277.878,green,observed,1.0,13.06,,green,0,-23.69,1,13.06
8331,277.978,green,observed,1.0,14.41,,green,0,-24.0,1,14.41
8334,278.078,green,observed,1.0,14.19,,green,0,-23.69,1,14.19
8337,278.178,green,observed,1.0,14.04,,green,0,-23.48,1,14.04
8340,278.278,green,observed,1.0,15.02,,green,0,-23.59,1,15.02
8343,278.378,green,observed,1.0,14.11,,green,0,-23.38,1,14.11
8346,278.478,green,observed,1.0,14.56,,green,0,-22.76,1,14.56
8349,278.578,green,observed,1.0,15.47,,green,0,-24.52,1,15.47
8352,278.678,green,observed,1.0,14.41,,green,0,-23.38,1,14.41
8355,278.778,green,observed,1.0,14.26,,green,0,-23.69,1,14.26
8358,278.879,green,observed,1.0,15.17,,green,0,-23.28,1,15.17
8361,278.979,green,observed,1.0,14.41,,green,0,-23.17,1,14.41
8364,279.079,green,observed,1.0,14.71,,green,0,-23.59,1,14.71
8367,279.179,green,observed,1.0,15.24,,green,0,-24.0,1,15.24
8370,279.279,green,observed,1.0,14.87,,green,0,-24.0,1,14.87
8373,279.379,green,observed,1.0,14.71,,green,0,-23.17,1,14.71
8376,279.479,green,observed,1.0,15.09,,green,0,-23.48,1,15.09
8379,279.579,green,observed,1.0,14.87,,green,0,-23.69,1,14.87
8382,279.679,green,observed,1.0,15.77,,green,0,-24.21,1,15.77
8385,279.78,green,observed,1.0,16.37,,green,0,-23.9,1,16.37
8388,279.88,green,observed,1.0,15.54,,green,0,-23.59,1,15.54
8391,279.98,green,observed,1.0,16.97,,green,0,-23.48,1,16.97
8394,280.08,green,observed,1.0,16.44,,green,0,-23.48,1,16.44
8397,280.18,green,observed,1.0,15.99,,green,0,-22.03,1,15.99
8400,280.28,green,observed,1.0,16.59,,green,0,-23.48,1,16.59
8403,280.38,green,observed,1.0,16.44,,green,0,-23.59,1,16.44
8406,280.48,green,observed,1.0,16.89,,green,0,-24.0,1,16.89
8409,280.58,green,observed,1.0,16.89,,green,0,-23.79,1,16.89
8412,280.68,green,observed,1.0,16.07,,green,0,-23.79,1,16.07
8415,280.78,green,observed,1.0,16.89,,green,0,-23.79,1,16.89
8418,280.881,green,observed,1.0,16.44,,green,0,-23.59,1,16.44
8421,280.981,green,observed,1.0,16.74,,green,0,-23.48,1,16.74
8424,281.081,green,observed,1.0,17.57,,green,0,-23.59,1,17.57
8427,281.181,green,observed,1.0,17.79,,green,0,-24.1,1,17.79
8430,281.281,green,observed,1.0,16.74,,green,0,-23.9,1,16.74
8433,281.381,green,observed,1.0,17.94,,green,0,-23.48,1,17.94
8436,281.481,green,observed,1.0,17.04,,green,0,-23.79,1,17.04
8439,281.581,green,observed,1.0,17.34,,green,0,-24.21,1,17.34
8442,281.681,green,observed,1.0,17.57,,green,0,-24.93,1,17.57
8445,281.782,green,observed,1.0,18.02,,green,0,-24.21,1,18.02
8448,281.882,green,observed,1.0,16.59,,green,0,-24.21,1,16.59
8451,281.982,green,observed,1.0,16.89,,green,0,-23.59,1,16.89
8454,282.082,green,observed,1.0,17.27,,green,0,-23.69,1,17.27
8457,282.182,green,observed,1.0,17.72,,green,0,-23.69,1,17.72
8460,282.282,green_blink,observed,1.0,15.99,,green_flash,0,-23.07,0,-15.99
8463,282.382,green_blink,observed,1.0,16.07,,green_flash,0,-23.69,0,-16.07
8466,282.482,green_blink,observed,1.0,15.69,,green_flash,0,-23.69,0,-15.69
8469,282.582,green_blink,observed,1.0,16.14,,green_flash,0,-23.38,0,-16.14
8472,282.682,green_blink,observed,1.0,16.07,,green_flash,0,-23.9,0,-16.07
8475,282.782,green_blink,observed,1.0,17.72,,green,0,-23.48,1,17.72
8478,282.883,green_blink,observed,1.0,17.49,,green,0,-22.76,1,17.49
8481,282.983,green_blink,observed,1.0,18.09,,green,0,-22.86,1,18.09
8484,283.083,green_blink,observed,1.0,18.17,,green,0,-23.9,1,18.17
8487,283.183,green_blink,observed,1.0,17.34,,green,0,-22.96,1,17.34
8490,283.283,green_blink,observed,1.0,15.39,,green_flash,0,-24.41,0,-15.39
8493,283.383,green_blink,observed,1.0,15.32,,green_flash,0,-24.52,0,-15.32
8496,283.483,green_blink,observed,1.0,15.92,,green_flash,0,-23.28,0,-15.92
8499,283.583,green_blink,observed,1.0,16.14,,green_flash,0,-24.52,0,-16.14
8502,283.683,green_blink,observed,1.0,15.39,,green_flash,0,-23.59,0,-15.39
8505,283.784,green_blink,observed,1.0,17.12,,green,0,-23.17,1,17.12
8508,283.884,green_blink,observed,1.0,17.19,,green,0,-23.48,1,17.19
8511,283.984,green_blink,observed,1.0,16.74,,green,0,-23.69,1,16.74
8514,284.084,green_blink,observed,1.0,16.52,,green,0,-23.28,1,16.52
8517,284.184,green_blink,observed,1.0,16.14,,green,0,-24.1,1,16.14
8520,284.284,green_blink,observed,1.0,16.14,,green_flash,0,-23.79,0,-16.14
8523,284.384,green_blink,observed,1.0,15.77,,green_flash,0,-23.79,0,-15.77
8526,284.484,green_blink,observed,1.0,16.22,,green_flash,0,-23.79,0,-16.22
8529,284.584,green_blink,observed,1.0,15.47,,green_flash,0,-23.17,0,-15.47
8532,284.684,green_blink,observed,1.0,16.44,,green_flash,0,-23.69,0,-16.44
8535,284.784,green_blink,observed,1.0,16.37,,green,0,-23.59,1,16.37
8538,284.885,green_blink,observed,1.0,16.52,,green,0,-24.21,1,16.52
8541,284.985,green_blink,observed,1.0,16.74,,green,0,-23.9,1,16.74
8544,285.085,green_blink,observed,1.0,16.82,,green,0,-24.21,1,16.82
8547,285.185,green_blink,observed,1.0,16.29,,green,0,-23.59,1,16.29
8550,285.285,red,observed,1.0,15.69,,red,1,33.83,0,-15.69
8553,285.385,red,observed,1.0,15.69,,red,1,28.55,0,-15.69
8556,285.485,red,observed,1.0,16.22,,red,1,27.62,0,-16.22
8559,285.585,red,observed,1.0,16.37,,red,1,27.52,0,-16.37
8562,285.685,red,observed,1.0,15.99,,red,1,27.31,0,-15.99
8565,285.786,red,observed,1.0,16.07,,red,1,27.52,0,-16.07
8568,285.886,red,observed,1.0,16.67,,red,1,26.38,0,-16.67
8571,285.986,red,observed,1.0,16.07,,red,1,26.17,0,-16.07
8574,286.086,red,observed,1.0,16.67,,red,1,26.59,0,-16.67
8577,286.186,red,observed,1.0,16.67,,red,1,26.9,0,-16.67
8580,286.286,red,observed,1.0,16.07,,red,1,27.1,0,-16.07
8583,286.386,red,observed,1.0,15.77,,red,1,25.86,0,-15.77
8586,286.486,red,observed,1.0,15.92,,red,1,25.55,0,-15.92
8589,286.586,red,observed,1.0,16.29,,red,1,26.27,0,-16.29
8592,286.686,red,observed,1.0,16.22,,red,1,26.17,0,-16.22
8595,286.786,red,observed,1.0,16.22,,red,1,24.93,0,-16.22
8598,286.887,red,observed,1.0,15.54,,red,1,25.76,0,-15.54
8601,286.987,red,observed,1.0,16.52,,red,1,25.55,0,-16.52
8604,287.087,red,observed,1.0,15.92,,red,1,26.59,0,-15.92
8607,287.187,red,observed,1.0,15.77,,red,1,26.48,0,-15.77
8610,287.287,red,observed,1.0,15.99,,red,1,24.93,0,-15.99
8613,287.387,red,observed,1.0,16.37,,red,1,26.17,0,-16.37
8616,287.487,red,observed,1.0,15.77,,red,1,24.21,0,-15.77
8619,287.587,red,observed,1.0,16.52,,red,1,25.14,0,-16.52
8622,287.687,red,observed,1.0,15.84,,red,1,25.03,0,-15.84
8625,287.788,red,observed,1.0,15.92,,red,1,25.24,0,-15.92
8628,287.888,red,observed,1.0,15.54,,red,1,23.38,0,-15.54
8631,287.988,red,observed,1.0,15.92,,red,1,24.52,0,-15.92
8634,288.088,red,observed,1.0,15.77,,red,1,24.52,0,-15.77
8637,288.188,red,observed,1.0,15.99,,red,1,25.14,0,-15.99
8640,288.288,red,observed,1.0,15.77,,red,1,25.34,0,-15.77
8643,288.388,red,observed,1.0,15.69,,red,1,25.76,0,-15.69
8646,288.488,red,observed,1.0,15.62,,red,1,24.0,0,-15.62
8649,288.588,red,observed,1.0,15.77,,red,1,23.38,0,-15.77
8652,288.688,red,observed,1.0,15.62,,red,1,23.9,0,-15.62
8655,288.788,red,observed,1.0,15.09,,red,1,25.55,0,-15.09
8658,288.889,red,observed,1.0,15.62,,red,1,25.14,0,-15.62
8661,288.989,red,observed,1.0,15.62,,red,1,23.79,0,-15.62
8664,289.089,red,observed,1.0,15.54,,red,1,23.48,0,-15.54
8667,289.189,red,observed,1.0,15.77,,red,1,25.45,0,-15.77
8670,289.289,red,observed,1.0,15.77,,red,1,25.24,0,-15.77
8673,289.389,red,observed,1.0,15.77,,red,1,24.31,0,-15.77
8676,289.489,red,observed,1.0,15.54,,red,1,24.21,0,-15.54
8679,289.589,red,observed,1.0,16.29,,red,1,24.62,0,-16.29
8682,289.689,red,observed,1.0,16.14,,red,1,23.9,0,-16.14
8685,289.79,red,observed,1.0,15.77,,red,1,26.27,0,-15.77
8688,289.89,red,observed,1.0,15.62,,red,1,24.83,0,-15.62
8691,289.99,red,observed,1.0,15.84,,red,1,23.9,0,-15.84
8694,290.09,red,observed,1.0,16.07,,red,1,25.24,0,-16.07
8697,290.19,red,observed,1.0,15.69,,red,1,24.21,0,-15.69
8700,290.29,red,observed,1.0,15.62,,red,1,25.34,0,-15.62
8703,290.39,red,observed,1.0,15.84,,red,1,23.79,0,-15.84
8706,290.49,red,observed,1.0,15.99,,red,1,24.41,0,-15.99
8709,290.59,red,observed,1.0,15.32,,red,1,24.41,0,-15.32
8712,290.69,red,observed,1.0,16.22,,red,1,24.41,0,-16.22
8715,290.79,red,observed,1.0,16.59,,red,1,24.83,0,-16.59
8718,290.891,red,observed,1.0,15.99,,red,1,24.0,0,-15.99
8721,290.991,red,observed,1.0,15.77,,red,1,23.59,0,-15.77
8724,291.091,red,observed,1.0,15.62,,red,1,23.79,0,-15.62
8727,291.191,red,observed,1.0,16.29,,red,1,23.69,0,-16.29
8730,291.291,red,observed,1.0,15.99,,red,1,24.41,0,-15.99
8733,291.391,red,observed,1.0,16.14,,red,1,24.62,0,-16.14
8736,291.491,red,observed,1.0,15.92,,red,1,23.9,0,-15.92
8739,291.591,red,observed,1.0,15.69,,red,1,23.28,0,-15.69
8742,291.691,red,observed,1.0,15.77,,red,1,24.1,0,-15.77
8745,291.792,red,observed,1.0,15.84,,red,1,24.0,0,-15.84
8748,291.892,red,observed,1.0,15.92,,red,1,25.45,0,-15.92
8751,291.992,red,observed,1.0,15.62,,red,1,22.14,0,-15.62
8754,292.092,red,observed,1.0,16.14,,red,1,24.83,0,-16.14
8757,292.192,red,observed,1.0,15.54,,red,1,23.17,0,-15.54
8760,292.292,red,observed,1.0,16.07,,red,1,24.31,0,-16.07
8763,292.392,red,observed,1.0,15.99,,red,1,23.38,0,-15.99
8766,292.492,red,observed,1.0,15.77,,red,1,23.9,0,-15.77
8769,292.592,red,observed,1.0,15.99,,red,1,23.07,0,-15.99
8772,292.692,red,observed,1.0,16.07,,red,1,24.72,0,-16.07
8775,292.792,red,observed,1.0,16.82,,red,1,23.07,0,-16.82
8778,292.893,red,observed,1.0,16.14,,red,1,22.96,0,-16.14
8781,292.993,red,observed,1.0,16.14,,red,1,23.79,0,-16.14
8784,293.093,red,observed,1.0,15.84,,red,1,23.38,0,-15.84
8787,293.193,red,observed,1.0,15.99,,red,1,23.79,0,-15.99
8790,293.293,red,observed,1.0,16.07,,red,1,23.17,0,-16.07
8793,293.393,red,observed,1.0,15.69,,red,1,24.0,0,-15.69
8796,293.493,red,observed,1.0,15.99,,red,1,22.55,0,-15.99
8799,293.593,red,observed,1.0,15.84,,red,1,24.21,0,-15.84
8802,293.693,red,observed,1.0,15.69,,red,1,24.31,0,-15.69
8805,293.794,red,observed,1.0,16.14,,red,1,22.86,0,-16.14
8808,293.894,red,observed,1.0,16.74,,red,1,23.59,0,-16.74
8811,293.994,red,observed,1.0,15.62,,red,1,24.0,0,-15.62
8814,294.094,red,observed,1.0,15.84,,red,1,23.9,0,-15.84
8817,294.194,red,observed,1.0,15.39,,red,1,22.55,0,-15.39
8820,294.294,red,observed,1.0,16.52,,red,1,24.1,0,-16.52
8823,294.394,red,observed,1.0,15.62,,red,1,23.9,0,-15.62
8826,294.494,red,observed,1.0,15.77,,red,1,25.45,0,-15.77
8829,294.594,red,observed,1.0,16.07,,red,1,24.21,0,-16.07
8832,294.694,red,observed,1.0,15.77,,red,1,23.28,0,-15.77
8835,294.794,red,observed,1.0,16.52,,red,1,24.41,0,-16.52
8838,294.895,red,observed,1.0,16.29,,red,1,22.76,0,-16.29
8841,294.995,red,observed,1.0,16.07,,red,1,24.31,0,-16.07
8844,295.095,red,observed,1.0,16.14,,red,1,24.31,0,-16.14
8847,295.195,red,observed,1.0,15.92,,red,1,25.14,0,-15.92
8850,295.295,red,observed,1.0,16.22,,red,1,22.55,0,-16.22
8853,295.395,red,observed,1.0,16.22,,red,1,24.31,0,-16.22
8856,295.495,red,observed,1.0,15.17,,red,1,24.21,0,-15.17
8859,295.595,red,observed,1.0,16.22,,red,1,23.17,0,-16.22
8862,295.695,red,observed,1.0,16.74,,red,1,22.96,0,-16.74
8865,295.796,red,observed,1.0,15.77,,red,1,23.79,0,-15.77
8868,295.896,red,observed,1.0,15.54,,red,1,23.07,0,-15.54
8871,295.996,red,observed,1.0,15.47,,red,1,23.59,0,-15.47
8874,296.096,red,observed,1.0,15.62,,red,1,23.9,0,-15.62
8877,296.196,red,observed,1.0,15.54,,red,1,22.96,0,-15.54
8880,296.296,red,observed,1.0,16.37,,red,1,23.07,0,-16.37
8883,296.396,red,observed,1.0,15.92,,red,1,23.07,0,-15.92
8886,296.496,red,observed,1.0,15.99,,red,1,24.62,0,-15.99
8889,296.596,red,observed,1.0,15.54,,red,1,24.41,0,-15.54
8892,296.696,red,observed,1.0,15.62,,red,1,24.21,0,-15.62
8895,296.796,red,observed,1.0,15.77,,red,1,23.17,0,-15.77
8898,296.897,red,observed,1.0,16.82,,red,1,24.62,0,-16.82
8901,296.997,red,observed,1.0,16.22,,red,1,23.17,0,-16.22
8904,297.097,red,observed,1.0,15.84,,red,1,24.62,0,-15.84
8907,297.197,red,observed,1.0,16.14,,red,1,24.0,0,-16.14
8910,297.297,red,observed,1.0,16.59,,red,1,24.41,0,-16.59
8913,297.397,red,observed,1.0,16.14,,red,1,23.79,0,-16.14
8916,297.497,red,observed,1.0,16.37,,red,1,22.86,0,-16.37
8919,297.597,red,observed,1.0,16.52,,red,1,22.55,0,-16.52
8922,297.697,red,observed,1.0,16.52,,red,1,23.69,0,-16.52
8925,297.798,red,observed,1.0,15.99,,red,1,23.69,0,-15.99
8928,297.898,red,observed,1.0,15.62,,red,1,22.45,0,-15.62
8931,297.998,red,observed,1.0,15.92,,red,1,23.17,0,-15.92
8934,298.098,red,observed,1.0,16.29,,red,1,23.59,0,-16.29
8937,298.198,red,observed,1.0,15.17,,red,1,24.0,0,-15.17
8940,298.298,red,observed,1.0,16.37,,red,1,24.0,0,-16.37
8943,298.398,red,observed,1.0,15.54,,red,1,22.86,0,-15.54
8946,298.498,red,observed,1.0,16.07,,red,1,23.38,0,-16.07
8949,298.598,red,observed,1.0,15.77,,red,1,24.83,0,-15.77
8952,298.698,red,observed,1.0,15.77,,red,1,23.79,0,-15.77
8955,298.798,red,observed,1.0,15.54,,red,1,24.41,0,-15.54
8958,298.899,red,observed,1.0,15.24,,red,1,22.96,0,-15.24
8961,298.999,red,observed,1.0,16.07,,red,1,23.28,0,-16.07
8964,299.099,red,observed,1.0,15.69,,red,1,23.48,0,-15.69
8967,299.199,red,observed,1.0,16.37,,red,1,23.59,0,-16.37
8970,299.299,red,observed,1.0,15.99,,red,1,24.0,0,-15.99
8973,299.399,red,observed,1.0,16.07,,red,1,22.96,0,-16.07
8976,299.499,red,observed,1.0,15.69,,red,1,23.38,0,-15.69
8979,299.599,red,observed,1.0,15.84,,red,1,23.07,0,-15.84
8982,299.699,red,observed,1.0,15.54,,red,1,23.79,0,-15.54
8985,299.8,red,observed,1.0,15.62,,red,1,22.65,0,-15.62
8988,299.9,red,observed,1.0,15.77,,red,1,23.28,0,-15.77
8991,300.0,red,observed,1.0,15.84,,red,1,23.48,0,-15.84
8994,300.1,red,observed,1.0,15.99,,red,1,23.48,0,-15.99
8997,300.2,red,observed,1.0,16.44,,red,1,25.14,0,-16.44
9000,300.3,red,observed,1.0,15.92,,red,1,24.72,0,-15.92
9003,300.4,red,observed,1.0,15.84,,red,1,24.72,0,-15.84
9006,300.5,red,observed,1.0,15.77,,red,1,23.38,0,-15.77
9009,300.6,red,observed,1.0,15.99,,red,1,23.9,0,-15.99
9012,300.7,red,observed,1.0,16.52,,red,1,23.48,0,-16.52
9015,300.8,red,observed,1.0,16.07,,red,1,24.72,0,-16.07
9018,300.901,red,observed,1.0,15.92,,red,1,24.31,0,-15.92
9021,301.001,red,observed,1.0,16.14,,red,1,23.69,0,-16.14
9024,301.101,red,observed,1.0,15.84,,red,1,23.69,0,-15.84
9027,301.201,red,observed,1.0,16.07,,red,1,23.17,0,-16.07
9030,301.301,red,observed,1.0,15.84,,red,1,23.38,0,-15.84
9033,301.401,red,observed,1.0,15.92,,red,1,24.31,0,-15.92
9036,301.501,red,observed,1.0,16.07,,red,1,24.21,0,-16.07
9039,301.601,red,observed,1.0,16.14,,red,1,23.69,0,-16.14
9042,301.701,red,observed,1.0,16.14,,red,1,23.69,0,-16.14
9045,301.802,red,observed,1.0,15.47,,red,1,24.31,0,-15.47
9048,301.902,red,observed,1.0,16.22,,red,1,24.83,0,-16.22
9051,302.002,red,observed,1.0,15.84,,red,1,24.62,0,-15.84
9054,302.102,red,observed,1.0,16.44,,red,1,23.69,0,-16.44
9057,302.202,red,observed,1.0,16.07,,red,1,24.0,0,-16.07
9060,302.302,red,observed,1.0,15.69,,red,1,23.79,0,-15.69
9063,302.402,red,observed,1.0,15.54,,red,1,23.69,0,-15.54
9066,302.502,red,observed,1.0,15.92,,red,1,25.14,0,-15.92
9069,302.602,red,observed,1.0,16.07,,red,1,24.1,0,-16.07
9072,302.702,red,observed,1.0,15.69,,red,1,25.03,0,-15.69
9075,302.802,red,observed,1.0,15.62,,red,1,24.72,0,-15.62
9078,302.903,red,observed,1.0,15.99,,red,1,23.79,0,-15.99
9081,303.003,red,observed,1.0,15.39,,red,1,24.1,0,-15.39
9084,303.103,red,observed,1.0,15.54,,red,1,24.72,0,-15.54
9087,303.203,red,observed,1.0,15.92,,red,1,24.83,0,-15.92
9090,303.303,red,observed,1.0,15.99,,red,1,24.0,0,-15.99
9093,303.403,red,observed,1.0,15.92,,red,1,24.31,0,-15.92
9096,303.503,red,observed,1.0,16.22,,red,1,25.76,0,-16.22
9099,303.603,red,observed,1.0,15.54,,red,1,23.9,0,-15.54
9102,303.703,red,observed,1.0,15.77,,red,1,23.48,0,-15.77
9105,303.804,red,observed,1.0,16.82,,red,1,25.03,0,-16.82
9108,303.904,red,observed,1.0,15.84,,red,1,24.72,0,-15.84
9111,304.004,red,observed,1.0,16.07,,red,1,24.62,0,-16.07
9114,304.104,red,observed,1.0,15.84,,red,1,24.93,0,-15.84
9117,304.204,red,observed,1.0,16.07,,red,1,25.24,0,-16.07
9120,304.304,red,observed,1.0,16.07,,red,1,24.72,0,-16.07
9123,304.404,red,observed,1.0,16.22,,red,1,24.83,0,-16.22
9126,304.504,red,observed,1.0,16.14,,red,1,24.1,0,-16.14
9129,304.604,red,observed,1.0,16.59,,red,1,24.93,0,-16.59
9132,304.704,red,observed,1.0,16.07,,red,1,23.48,0,-16.07
9135,304.804,red,observed,1.0,15.09,,red,1,25.65,0,-15.09
9138,304.905,red,observed,1.0,15.69,,red,1,23.79,0,-15.69
9141,305.005,red,observed,1.0,15.62,,red,1,23.79,0,-15.62
9144,305.105,red,observed,1.0,15.84,,red,1,23.48,0,-15.84
9147,305.205,red,observed,1.0,15.32,,red,1,24.41,0,-15.32
9150,305.305,red,observed,1.0,16.14,,red,1,23.48,0,-16.14
9153,305.405,red,observed,1.0,15.99,,red,1,24.52,0,-15.99
9156,305.505,red,observed,1.0,16.22,,red,1,23.59,0,-16.22
9159,305.605,red,observed,1.0,15.62,,red,1,23.59,0,-15.62
9162,305.705,red,observed,1.0,15.84,,red,1,24.31,0,-15.84
9165,305.806,red,observed,1.0,16.29,,red,1,23.38,0,-16.29
9168,305.906,red,observed,1.0,15.62,,red,1,24.52,0,-15.62
9171,306.006,red,observed,1.0,16.52,,red,1,24.41,0,-16.52
9174,306.106,red,observed,1.0,15.92,,red,1,23.38,0,-15.92
9177,306.206,red,observed,1.0,15.77,,red,1,24.83,0,-15.77
9180,306.306,red,observed,1.0,15.47,,red,1,24.83,0,-15.47
9183,306.406,red,observed,1.0,15.54,,red,1,24.52,0,-15.54
9186,306.506,red,observed,1.0,15.47,,red,1,24.93,0,-15.47
9189,306.606,red,observed,1.0,16.14,,red,1,23.79,0,-16.14
9192,306.706,red,observed,1.0,15.54,,red,1,23.59,0,-15.54
9195,306.806,red,observed,1.0,16.14,,red,1,24.72,0,-16.14
9198,306.907,red,observed,1.0,15.92,,red,1,24.72,0,-15.92
9201,307.007,red,observed,1.0,15.84,,red,1,23.48,0,-15.84
9204,307.107,red,observed,1.0,15.99,,red,1,24.0,0,-15.99
9207,307.207,red,observed,1.0,15.99,,red,1,23.69,0,-15.99
9210,307.307,red,observed,1.0,15.84,,red,1,24.62,0,-15.84
9213,307.407,red,observed,1.0,15.69,,red,1,24.31,0,-15.69
9216,307.507,red,observed,1.0,16.37,,red,1,23.69,0,-16.37
9219,307.607,red,observed,1.0,15.62,,red,1,23.9,0,-15.62
9222,307.707,red,observed,1.0,15.99,,red,1,23.9,0,-15.99
9225,307.808,red,observed,1.0,15.69,,red,1,24.0,0,-15.69
9228,307.908,red,observed,1.0,15.77,,red,1,24.93,0,-15.77
9231,308.008,red,observed,1.0,15.92,,red,1,24.83,0,-15.92
9234,308.108,red,observed,1.0,15.84,,red,1,23.79,0,-15.84
9237,308.208,red,observed,1.0,16.22,,red,1,24.0,0,-16.22
9240,308.308,red,observed,1.0,15.39,,red,1,24.1,0,-15.39
9243,308.408,red,observed,1.0,15.47,,red,1,24.1,0,-15.47
9246,308.508,red,observed,1.0,15.62,,red,1,22.86,0,-15.62
9249,308.608,red,observed,1.0,15.69,,red,1,23.17,0,-15.69
9252,308.708,red,observed,1.0,15.77,,red,1,24.21,0,-15.77
9255,308.808,red,observed,1.0,16.07,,red,1,24.0,0,-16.07
9258,308.909,red,observed,1.0,16.14,,red,1,24.31,0,-16.14
9261,309.009,red,observed,1.0,15.99,,red,1,23.79,0,-15.99
9264,309.109,red,observed,1.0,15.84,,red,1,23.48,0,-15.84
9267,309.209,red,observed,1.0,16.22,,red,1,24.93,0,-16.22
9270,309.309,red,observed,1.0,16.52,,red,1,23.69,0,-16.52
9273,309.409,red,observed,1.0,16.44,,red,1,24.83,0,-16.44
9276,309.509,red,observed,1.0,16.22,,red,1,23.9,0,-16.22
9279,309.609,red,observed,1.0,15.69,,red,1,24.0,0,-15.69
9282,309.709,red,observed,1.0,16.29,,red,1,22.86,0,-16.29
9285,309.81,red,observed,1.0,15.92,,red,1,24.41,0,-15.92
9288,309.91,red,observed,1.0,15.24,,red,1,23.28,0,-15.24
9291,310.01,red,observed,1.0,16.37,,red,1,23.17,0,-16.37
9294,310.11,red,observed,1.0,15.92,,red,1,23.17,0,-15.92
9297,310.21,red,observed,1.0,15.77,,red,1,23.69,0,-15.77
9300,310.31,red,observed,1.0,15.84,,red,1,24.1,0,-15.84
9303,310.41,red,observed,1.0,15.84,,red,1,24.0,0,-15.84
9306,310.51,red,observed,1.0,16.37,,red,1,22.14,0,-16.37
9309,310.61,red,observed,1.0,15.84,,red,1,22.14,0,-15.84
9312,310.71,red,observed,1.0,15.69,,red,1,22.03,0,-15.69
9315,310.81,red,observed,1.0,15.54,,red,1,24.21,0,-15.54
9318,310.911,red,observed,1.0,15.62,,red,1,22.55,0,-15.62
9321,311.011,red,observed,1.0,16.07,,red,1,23.9,0,-16.07
9324,311.111,red,observed,1.0,16.44,,red,1,23.28,0,-16.44
9327,311.211,red,observed,1.0,16.14,,red,1,24.0,0,-16.14
9330,311.311,red,observed,1.0,15.92,,red,1,21.93,0,-15.92
9333,311.411,red,observed,1.0,15.99,,red,1,21.93,0,-15.99
9336,311.511,red,observed,1.0,15.62,,red,1,23.07,0,-15.62
9339,311.611,red,observed,1.0,16.22,,red,1,23.17,0,-16.22
9342,311.711,red,observed,1.0,15.09,,red,1,21.62,0,-15.09
9345,311.812,red,observed,1.0,16.37,,red,1,22.76,0,-16.37
9348,311.912,red,observed,1.0,15.69,,red,1,23.28,0,-15.69
9351,312.012,red,observed,1.0,15.84,,red,1,22.65,0,-15.84
9354,312.112,red,observed,1.0,16.07,,red,1,21.31,0,-16.07
9357,312.212,red,observed,1.0,15.77,,red,1,23.59,0,-15.77
9360,312.312,red,observed,1.0,15.77,,red,1,22.45,0,-15.77
9363,312.412,red,observed,1.0,15.69,,red,1,21.93,0,-15.69
9366,312.512,red,observed,1.0,16.14,,red,1,22.03,0,-16.14
9369,312.612,red,observed,1.0,16.37,,red,1,22.03,0,-16.37
9372,312.712,red,observed,1.0,15.54,,red,1,21.83,0,-15.54
9375,312.812,red,observed,1.0,15.62,,red,1,22.65,0,-15.62
9378,312.913,red,observed,1.0,16.22,,red,1,21.52,0,-16.22
9381,313.013,red,observed,1.0,15.99,,red,1,22.45,0,-15.99
9384,313.113,red,observed,1.0,16.29,,red,1,22.14,0,-16.29
9387,313.213,red,observed,1.0,16.59,,red,1,21.83,0,-16.59
9390,313.313,red,observed,1.0,15.69,,red,1,23.17,0,-15.69
9393,313.413,red,observed,1.0,15.77,,red,1,21.83,0,-15.77
9396,313.513,red,observed,1.0,15.62,,red,1,22.65,0,-15.62
9399,313.613,red,observed,1.0,15.77,,red,1,21.52,0,-15.77
9402,313.713,red,observed,1.0,16.37,,red,1,22.86,0,-16.37
9405,313.814,red,observed,1.0,15.77,,red,1,23.48,0,-15.77
9408,313.914,red,observed,1.0,16.14,,red,1,22.34,0,-16.14
9411,314.014,red,observed,1.0,16.07,,red,1,22.96,0,-16.07
9414,314.114,red,observed,1.0,16.29,,red,1,24.1,0,-16.29
9417,314.214,red,observed,1.0,15.84,,red,1,21.31,0,-15.84
9420,314.314,red,observed,1.0,15.99,,red,1,23.28,0,-15.99
9423,314.414,red,observed,1.0,16.07,,red,1,22.55,0,-16.07
9426,314.514,red,observed,1.0,15.54,,red,1,22.14,0,-15.54
9429,314.614,red,observed,1.0,15.69,,red,1,23.69,0,-15.69
9432,314.714,red,observed,1.0,16.22,,red,1,22.96,0,-16.22
9435,314.814,red,observed,1.0,15.54,,red,1,21.72,0,-15.54
9438,314.915,red,observed,1.0,15.92,,red,1,23.07,0,-15.92
9441,315.015,red,observed,1.0,15.92,,red,1,22.96,0,-15.92
9444,315.115,red,observed,1.0,15.92,,red,1,23.79,0,-15.92
9447,315.215,red,observed,1.0,15.92,,red,1,22.65,0,-15.92
9450,315.315,red,observed,1.0,15.54,,red,1,23.69,0,-15.54
9453,315.415,red,observed,1.0,15.62,,red,1,23.59,0,-15.62
9456,315.515,red,observed,1.0,15.32,,red,1,22.14,0,-15.32
9459,315.615,red,observed,1.0,16.29,,red,1,23.17,0,-16.29
9462,315.715,red,observed,1.0,15.62,,red,1,22.14,0,-15.62
9465,315.816,red,observed,1.0,15.47,,red,1,23.59,0,-15.47
9468,315.916,red,observed,1.0,15.54,,red,1,23.07,0,-15.54
9471,316.016,red,observed,1.0,15.92,,red,1,23.38,0,-15.92
9474,316.116,red,observed,1.0,15.62,,red,1,23.9,0,-15.62
9477,316.216,red,observed,1.0,15.54,,red,1,22.34,0,-15.54
9480,316.316,red,observed,1.0,15.32,,red,1,22.34,0,-15.32
9483,316.416,red,observed,1.0,15.99,,red,1,22.55,0,-15.99
9486,316.516,red,observed,1.0,15.77,,red,1,22.55,0,-15.77
9489,316.616,red,observed,1.0,15.09,,red,1,23.07,0,-15.09
9492,316.716,red,observed,1.0,16.07,,red,1,23.69,0,-16.07
9495,316.816,red,observed,1.0,15.69,,red,1,24.0,0,-15.69
9498,316.917,red,observed,1.0,15.99,,red,1,22.86,0,-15.99
9501,317.017,red,observed,1.0,16.14,,red,1,23.69,0,-16.14
9504,317.117,red,observed,1.0,16.14,,red,1,23.9,0,-16.14
9507,317.217,red,observed,1.0,15.39,,red,1,24.0,0,-15.39
9510,317.317,red,observed,1.0,16.44,,red,1,23.48,0,-16.44
9513,317.417,red,observed,1.0,15.99,,red,1,24.41,0,-15.99
9516,317.517,red,observed,1.0,15.77,,red,1,23.17,0,-15.77
9519,317.617,red,observed,1.0,16.07,,red,1,23.17,0,-16.07
9522,317.717,red,observed,1.0,15.69,,red,1,24.52,0,-15.69
9525,317.818,red,observed,1.0,15.69,,red,1,23.07,0,-15.69
9528,317.918,red,observed,1.0,15.77,,red,1,24.31,0,-15.77
9531,318.018,red,observed,1.0,16.14,,red,1,25.34,0,-16.14
9534,318.118,red,observed,1.0,15.69,,red,1,24.83,0,-15.69
9537,318.218,red,observed,1.0,15.99,,red,1,23.79,0,-15.99
9540,318.318,red,observed,1.0,15.69,,red,1,23.79,0,-15.69
9543,318.418,red,observed,1.0,15.39,,red,1,26.07,0,-15.39
9546,318.518,red,observed,1.0,15.62,,red,1,23.28,0,-15.62
9549,318.618,red,observed,1.0,16.14,,red,1,24.93,0,-16.14
9552,318.718,red,observed,1.0,15.92,,red,1,24.72,0,-15.92
9555,318.818,red,observed,1.0,15.99,,red,1,25.03,0,-15.99
9558,318.919,red,observed,1.0,15.47,,red,1,23.59,0,-15.47
9561,319.019,red,observed,1.0,16.07,,red,1,23.38,0,-16.07
9564,319.119,red,observed,1.0,15.24,,red,1,23.48,0,-15.24
9567,319.219,red,observed,1.0,15.62,,red,1,23.79,0,-15.62
9570,319.319,red,observed,1.0,15.99,,red,1,24.1,0,-15.99
9573,319.419,red,observed,1.0,16.67,,red,1,25.24,0,-16.67
9576,319.519,red,observed,1.0,15.84,,red,1,24.0,0,-15.84
9579,319.619,red,observed,1.0,15.84,,red,1,24.52,0,-15.84
9582,319.719,red,observed,1.0,16.14,,red,1,23.07,0,-16.14
9585,319.82,red,observed,1.0,16.22,,red,1,24.1,0,-16.22
9588,319.92,red,observed,1.0,15.62,,red,1,23.48,0,-15.62
9591,320.02,red,observed,1.0,16.14,,red,1,26.27,0,-16.14
9594,320.12,red,observed,1.0,16.89,,red,1,24.72,0,-16.89
9597,320.22,red,observed,1.0,15.84,,red,1,23.17,0,-15.84
9600,320.32,red,observed,1.0,15.69,,red,1,24.83,0,-15.69
9603,320.42,red,observed,1.0,15.77,,red,1,25.03,0,-15.77
9606,320.52,red,observed,1.0,15.47,,red,1,25.65,0,-15.47
9609,320.62,red,observed,1.0,16.14,,red,1,24.83,0,-16.14
9612,320.72,red,observed,1.0,16.14,,red,1,24.72,0,-16.14
9615,320.82,red,observed,1.0,15.92,,red,1,24.52,0,-15.92
9618,320.921,red,observed,1.0,15.84,,red,1,24.72,0,-15.84
9621,321.021,red,observed,1.0,15.77,,red,1,24.0,0,-15.77
9624,321.121,red,observed,1.0,15.92,,red,1,23.9,0,-15.92
9627,321.221,red,observed,1.0,15.84,,red,1,23.69,0,-15.84
9630,321.321,red,observed,1.0,15.84,,red,1,24.31,0,-15.84
9633,321.421,red,observed,1.0,15.84,,red,1,23.17,0,-15.84
9636,321.521,red,observed,1.0,15.54,,red,1,23.9,0,-15.54
9639,321.621,red,observed,1.0,15.99,,red,1,24.62,0,-15.99
9642,321.721,red,observed,1.0,16.22,,red,1,25.14,0,-16.22
9645,321.822,red,observed,1.0,15.99,,red,1,24.0,0,-15.99
9648,321.922,red,observed,1.0,15.54,,red,1,24.0,0,-15.54
9651,322.022,red,observed,1.0,16.37,,red,1,23.38,0,-16.37
9654,322.122,red,observed,1.0,16.59,,red,1,23.59,0,-16.59
9657,322.222,red,observed,1.0,16.37,,red,1,25.14,0,-16.37
9660,322.322,red,observed,1.0,15.84,,red,1,24.41,0,-15.84
9663,322.422,red,observed,1.0,15.69,,red,1,24.72,0,-15.69
9666,322.522,red,observed,1.0,15.99,,red,1,24.21,0,-15.99
9669,322.622,red,observed,1.0,15.99,,red,1,24.72,0,-15.99
9672,322.722,red,observed,1.0,15.24,,red,1,23.38,0,-15.24
9675,322.822,red,observed,1.0,16.07,,red,1,24.0,0,-16.07
9678,322.923,red,observed,1.0,15.92,,red,1,23.59,0,-15.92
9681,323.023,red,observed,1.0,16.14,,red,1,24.93,0,-16.14
9684,323.123,red,observed,1.0,15.99,,red,1,23.69,0,-15.99
9687,323.223,red,observed,1.0,15.47,,red,1,22.65,0,-15.47
9690,323.323,red,observed,1.0,15.62,,red,1,22.76,0,-15.62
9693,323.423,red,observed,1.0,15.62,,red,1,23.17,0,-15.62
9696,323.523,red,observed,1.0,15.77,,red,1,23.28,0,-15.77
9699,323.623,red,observed,1.0,15.99,,red,1,24.41,0,-15.99
9702,323.723,red,observed,1.0,16.29,,red,1,23.28,0,-16.29
9705,323.824,red,observed,1.0,15.99,,red,1,23.07,0,-15.99
9708,323.924,red,observed,1.0,15.84,,red,1,22.86,0,-15.84
9711,324.024,red,observed,1.0,15.77,,red,1,22.65,0,-15.77
9714,324.124,red,observed,1.0,16.44,,red,1,22.65,0,-16.44
9717,324.224,red,observed,1.0,15.24,,red,1,22.45,0,-15.24
9720,324.324,red,observed,1.0,15.09,,red,1,23.79,0,-15.09
9723,324.424,red,observed,1.0,15.84,,red,1,22.65,0,-15.84
9726,324.524,red,observed,1.0,15.92,,red,1,22.76,0,-15.92
9729,324.624,red,observed,1.0,15.84,,red,1,23.07,0,-15.84
9732,324.724,red,observed,1.0,15.69,,red,1,23.48,0,-15.69
9735,324.824,red,observed,1.0,15.92,,red,1,23.9,0,-15.92
9738,324.925,red,observed,1.0,15.62,,red,1,23.69,0,-15.62
9741,325.025,red,observed,1.0,15.54,,red,1,23.69,0,-15.54
9744,325.125,red,observed,1.0,15.62,,red,1,23.79,0,-15.62
9747,325.225,red,observed,1.0,16.52,,red,1,22.65,0,-16.52
9750,325.325,red,observed,1.0,16.44,,red,1,21.21,0,-16.44
9753,325.425,red,observed,1.0,16.44,,red,1,22.96,0,-16.44
9756,325.525,red,observed,1.0,16.07,,red,1,23.69,0,-16.07
9759,325.625,red,observed,1.0,15.62,,red,1,22.45,0,-15.62
9762,325.725,red,observed,1.0,16.44,,red,1,22.65,0,-16.44
9765,325.826,red,observed,1.0,15.77,,red,1,22.45,0,-15.77
9768,325.926,red,observed,1.0,15.99,,red,1,22.24,0,-15.99
9771,326.026,red,observed,1.0,16.14,,red,1,24.41,0,-16.14
9774,326.126,red,observed,1.0,16.14,,red,1,23.28,0,-16.14
9777,326.226,red,observed,1.0,15.69,,red,1,22.14,0,-15.69
9780,326.326,red,observed,1.0,16.14,,red,1,23.59,0,-16.14
9783,326.426,red,observed,1.0,16.07,,red,1,22.86,0,-16.07
9786,326.526,red,observed,1.0,15.92,,red,1,23.59,0,-15.92
9789,326.626,red,observed,1.0,15.99,,red,1,23.17,0,-15.99
9792,326.726,red,observed,1.0,16.14,,red,1,23.38,0,-16.14
9795,326.826,red,observed,1.0,16.44,,red,1,22.14,0,-16.44
9798,326.927,red,observed,1.0,15.17,,red,1,22.24,0,-15.17
9801,327.027,red,observed,1.0,16.22,,red,1,23.17,0,-16.22
9804,327.127,red,observed,1.0,15.77,,red,1,23.07,0,-15.77
9807,327.227,red,observed,1.0,15.92,,red,1,23.48,0,-15.92
9810,327.327,green,observed,1.0,15.69,,green,0,-23.28,1,15.69
9813,327.427,green,observed,1.0,15.62,,green,0,-23.9,1,15.62
9816,327.527,green,observed,1.0,15.24,,green,0,-23.38,1,15.24
9819,327.627,green,observed,1.0,16.29,,green,0,-23.38,1,16.29
9822,327.727,green,observed,1.0,15.54,,green,0,-23.17,1,15.54
9825,327.828,green,observed,1.0,15.62,,green,0,-24.31,1,15.62
9828,327.928,green,observed,1.0,15.99,,green,0,-23.59,1,15.99
9831,328.028,green,observed,1.0,16.44,,green,0,-23.79,1,16.44
9834,328.128,green,observed,1.0,16.82,,green,0,-23.48,1,16.82
9837,328.228,green,observed,1.0,16.37,,green,0,-22.86,1,16.37
9840,328.328,green,observed,1.0,15.77,,green,0,-23.38,1,15.77
9843,328.428,green,observed,1.0,17.04,,green,0,-23.48,1,17.04
9846,328.528,green,observed,1.0,16.89,,green,0,-23.59,1,16.89
9849,328.628,green,observed,1.0,16.67,,green,0,-23.59,1,16.67
9852,328.728,green,observed,1.0,16.82,,green,0,-23.79,1,16.82
9855,328.828,green,observed,1.0,16.67,,green,0,-23.17,1,16.67
9858,328.929,green,observed,1.0,16.97,,green,0,-23.48,1,16.97
9861,329.029,green,observed,1.0,17.19,,green,0,-23.38,1,17.19
9864,329.129,green,observed,1.0,17.27,,green,0,-23.28,1,17.27
9867,329.229,green,observed,1.0,16.82,,green,0,-23.48,1,16.82
9870,329.329,green,observed,1.0,17.12,,green,0,-23.69,1,17.12
9873,329.429,green,observed,1.0,17.04,,green,0,-23.69,1,17.04
9876,329.529,green,observed,1.0,16.97,,green,0,-24.41,1,16.97
9879,329.629,green,observed,1.0,17.19,,green,0,-23.9,1,17.19
9882,329.729,green,observed,1.0,17.49,,green,0,-23.28,1,17.49
9885,329.83,green,observed,1.0,17.27,,green,0,-23.38,1,17.27
9888,329.93,green,observed,1.0,17.72,,green,0,-23.38,1,17.72
9891,330.03,green,observed,1.0,17.42,,green,0,-24.0,1,17.42
9894,330.13,green,observed,1.0,17.27,,green,0,-23.07,1,17.27
9897,330.23,green,observed,1.0,17.34,,green,0,-23.48,1,17.34
9900,330.33,green,observed,1.0,17.19,,green,0,-22.86,1,17.19
9903,330.43,green,observed,1.0,16.89,,green,0,-22.96,1,16.89
9906,330.53,green,observed,1.0,17.27,,green,0,-23.07,1,17.27
9909,330.63,green,observed,1.0,17.49,,green,0,-22.24,1,17.49
9912,330.73,green,observed,1.0,16.44,,green,0,-23.28,1,16.44
9915,330.83,green,observed,1.0,17.79,,green,0,-23.48,1,17.79
9918,330.931,green,observed,1.0,17.72,,green,0,-23.69,1,17.72
9921,331.031,green,observed,1.0,17.34,,green,0,-23.38,1,17.34
9924,331.131,green,observed,1.0,17.79,,green,0,-23.28,1,17.79
9927,331.231,green,observed,1.0,17.12,,green,0,-23.07,1,17.12
9930,331.331,green,observed,1.0,17.34,,green,0,-24.41,1,17.34
9933,331.431,green,observed,1.0,17.34,,green,0,-23.28,1,17.34
9936,331.531,green,observed,1.0,17.04,,green,0,-23.48,1,17.04
9939,331.631,green,observed,1.0,17.27,,green,0,-23.28,1,17.27
9942,331.731,green,observed,1.0,16.82,,green,0,-23.59,1,16.82
9945,331.832,green,observed,1.0,17.57,,green,0,-23.38,1,17.57
9948,331.932,green,observed,1.0,16.97,,green,0,-24.21,1,16.97
9951,332.032,green,observed,1.0,16.52,,green,0,-24.0,1,16.52
9954,332.132,green,observed,1.0,16.37,,green,0,-24.0,1,16.37
9957,332.232,green,observed,1.0,16.67,,green,0,-23.79,1,16.67
9960,332.332,green,observed,1.0,16.74,,green,0,-23.48,1,16.74
9963,332.432,green,observed,1.0,16.89,,green,0,-23.28,1,16.89
9966,332.532,green,observed,1.0,15.84,,green,0,-23.38,1,15.84
9969,332.632,green,observed,1.0,16.74,,green,0,-23.69,1,16.74
9972,332.732,green,observed,1.0,15.84,,green,0,-23.79,1,15.84
9975,332.832,green,observed,1.0,15.39,,green,0,-23.28,1,15.39
9978,332.933,green,observed,1.0,16.14,,green,0,-23.17,1,16.14
9981,333.033,green,observed,1.0,16.44,,green,0,-23.59,1,16.44
9984,333.133,green,observed,1.0,14.79,,green,0,-23.28,1,14.79
9987,333.233,green,observed,1.0,16.14,,green,0,-23.38,1,16.14
9990,333.333,green,observed,1.0,14.34,,green,0,-23.38,1,14.34
9993,333.433,green,observed,1.0,15.32,,green,0,-23.48,1,15.32
9996,333.533,green,observed,1.0,14.87,,green,0,-23.38,1,14.87
9999,333.633,green,observed,1.0,14.49,,green,0,-24.0,1,14.49
10002,333.733,green,observed,1.0,15.09,,green,0,-23.48,1,15.09
10005,333.834,green,observed,1.0,14.19,,green,0,-23.9,1,14.19
10008,333.934,green,observed,1.0,14.34,,green,0,-23.79,1,14.34
10011,334.034,green,observed,1.0,14.64,,green,0,-24.1,1,14.64
10014,334.134,green,observed,1.0,14.56,,green,0,-24.0,1,14.56
10017,334.234,green,observed,1.0,14.11,,green,0,-23.48,1,14.11
10020,334.334,green,observed,1.0,13.66,,green,0,-23.07,1,13.66
10023,334.434,green,observed,1.0,14.71,,green,0,-23.59,1,14.71
10026,334.534,green,observed,1.0,14.79,,green,0,-23.38,1,14.79
10029,334.634,green,observed,1.0,13.59,,green,0,-23.48,1,13.59
10032,334.734,green,observed,1.0,14.56,,green,0,-23.17,1,14.56
10035,334.834,green,observed,1.0,13.36,,green,0,-23.17,1,13.36
10038,334.935,green,observed,1.0,14.26,,green,0,-23.69,1,14.26
10041,335.035,green,observed,1.0,13.96,,green,0,-23.69,1,13.96
10044,335.135,green,observed,1.0,14.04,,green,0,-23.9,1,14.04
10047,335.235,green,observed,1.0,14.11,,green,0,-23.9,1,14.11
10050,335.335,green,observed,1.0,13.21,,green,0,-23.48,1,13.21
10053,335.435,green,observed,1.0,13.44,,green,0,-23.28,1,13.44
10056,335.535,green,observed,1.0,13.44,,green,0,-23.9,1,13.44
10059,335.635,green,observed,1.0,13.66,,green,0,-23.07,1,13.66
10062,335.735,green,observed,1.0,13.66,,green,0,-23.17,1,13.66
10065,335.836,green,observed,1.0,13.74,,green,0,-23.28,1,13.74
10068,335.936,green,observed,1.0,13.89,,green,0,-23.07,1,13.89
10071,336.036,green,observed,1.0,13.06,,green,0,-23.48,1,13.06
10074,336.136,green,observed,1.0,14.04,,green,0,-23.38,1,14.04
10077,336.236,green,observed,1.0,14.49,,green,0,-23.17,1,14.49
10080,336.336,green,observed,1.0,14.34,,green,0,-23.59,1,14.34
10083,336.436,green,observed,1.0,14.87,,green,0,-24.0,1,14.87
10086,336.536,green,observed,1.0,14.79,,green,0,-23.48,1,14.79
10089,336.636,green,observed,1.0,15.02,,green,0,-23.69,1,15.02
10092,336.736,green,observed,1.0,14.56,,green,0,-22.65,1,14.56
10095,336.836,green,observed,1.0,15.17,,green,0,-22.96,1,15.17
10098,336.937,green,observed,1.0,14.71,,green,0,-23.9,1,14.71
10101,337.037,green,observed,1.0,15.32,,green,0,-23.9,1,15.32
10104,337.137,green,observed,1.0,14.71,,green,0,-24.0,1,14.71
10107,337.237,green,observed,1.0,14.94,,green,0,-24.0,1,14.94
10110,337.337,green,observed,1.0,15.17,,green,0,-23.79,1,15.17
10113,337.437,green,observed,1.0,14.94,,green,0,-22.76,1,14.94
10116,337.537,green,observed,1.0,15.24,,green,0,-24.31,1,15.24
10119,337.637,green,observed,1.0,15.47,,green,0,-24.21,1,15.47
10122,337.737,green,observed,1.0,14.94,,green,0,-23.28,1,14.94
10125,337.838,green,observed,1.0,15.17,,green,0,-23.17,1,15.17
10128,337.938,green,observed,1.0,15.62,,green,0,-23.59,1,15.62
10131,338.038,green,observed,1.0,14.94,,green,0,-23.28,1,14.94
10134,338.138,green,observed,1.0,15.62,,green,0,-23.17,1,15.62
10137,338.238,green,observed,1.0,16.59,,green,0,-23.79,1,16.59
10140,338.338,green,observed,1.0,15.54,,green,0,-22.96,1,15.54
10143,338.438,green,observed,1.0,15.92,,green,0,-23.59,1,15.92
10146,338.538,green,observed,1.0,15.92,,green,0,-23.07,1,15.92
10149,338.638,green,observed,1.0,15.47,,green,0,-22.55,1,15.47
10152,338.738,green,observed,1.0,16.52,,green,0,-22.34,1,16.52
10155,338.838,green,observed,1.0,17.72,,green,0,-23.17,1,17.72
10158,338.939,green,observed,1.0,16.44,,green,0,-22.76,1,16.44
10161,339.039,green,observed,1.0,16.97,,green,0,-23.48,1,16.97
10164,339.139,green,observed,1.0,16.44,,green,0,-23.59,1,16.44
10167,339.239,green,observed,1.0,16.97,,green,0,-23.38,1,16.97
10170,339.339,green,observed,1.0,17.12,,green,0,-24.31,1,17.12
10173,339.439,green,observed,1.0,16.89,,green,0,-23.79,1,16.89
10176,339.539,green,observed,1.0,17.57,,green,0,-24.1,1,17.57
10179,339.639,green,observed,1.0,18.02,,green,0,-23.59,1,18.02
10182,339.739,green,observed,1.0,17.72,,green,0,-23.28,1,17.72
10185,339.84,green,observed,1.0,17.27,,green,0,-23.48,1,17.27
10188,339.94,green,observed,1.0,17.94,,green,0,-23.79,1,17.94
10191,340.04,green,observed,1.0,18.24,,green,0,-23.28,1,18.24
10194,340.14,green,observed,1.0,17.42,,green,0,-23.17,1,17.42
10197,340.24,green,observed,1.0,17.57,,green,0,-22.86,1,17.57
