frame,t_sec,state,observation,confidence,margin_sd,reason,v3_label,red_on,red_z,green_on,green_z
0,0.0,red,observed,1.0,25.82,,red,1,41.64,0,-25.82
3,0.1,red,observed,1.0,25.93,,red,1,40.76,0,-25.93
6,0.2,red,observed,1.0,26.03,,red,1,42.67,0,-26.03
9,0.3,red,observed,1.0,26.29,,red,1,43.55,0,-26.29
12,0.4,red,observed,1.0,26.45,,red,1,41.96,0,-26.45
15,0.501,red,observed,1.0,25.93,,red,1,43.23,0,-25.93
18,0.601,red,observed,1.0,26.08,,red,1,42.67,0,-26.08
21,0.701,red,observed,1.0,26.24,,red,1,42.67,0,-26.24
24,0.801,red,observed,1.0,26.03,,red,1,42.44,0,-26.03
27,0.901,red,observed,1.0,26.03,,red,1,41.96,0,-26.03
30,1.001,red,observed,1.0,26.24,,red,1,40.92,0,-26.24
33,1.101,red,observed,1.0,26.14,,red,1,40.84,0,-26.14
36,1.201,red,observed,1.0,26.56,,red,1,43.63,0,-26.56
39,1.301,red,observed,1.0,25.82,,red,1,43.71,0,-25.82
42,1.401,red,observed,1.0,25.61,,red,1,42.83,0,-25.61
45,1.502,red,observed,1.0,25.56,,red,1,42.59,0,-25.56
48,1.602,red,observed,1.0,25.98,,red,1,41.4,0,-25.98
51,1.702,red,observed,1.0,26.08,,red,1,42.2,0,-26.08
54,1.802,red,observed,1.0,25.66,,red,1,41.88,0,-25.66
57,1.902,red,observed,1.0,26.29,,red,1,42.04,0,-26.29
60,2.002,red,observed,1.0,25.66,,red,1,42.2,0,-25.66
63,2.102,red,observed,1.0,25.61,,red,1,41.96,0,-25.61
66,2.202,red,observed,1.0,25.35,,red,1,42.36,0,-25.35
69,2.302,red,observed,1.0,26.56,,red,1,42.67,0,-26.56
72,2.402,red,observed,1.0,26.08,,red,1,42.67,0,-26.08
75,2.502,red,observed,1.0,26.08,,red,1,42.28,0,-26.08
78,2.603,red,observed,1.0,26.29,,red,1,41.96,0,-26.29
81,2.703,red,observed,1.0,26.14,,red,1,41.88,0,-26.14
84,2.803,red,observed,1.0,26.45,,red,1,42.12,0,-26.45
87,2.903,red,observed,1.0,26.19,,red,1,41.88,0,-26.19
90,3.003,red,observed,1.0,26.4,,red,1,41.8,0,-26.4
93,3.103,red,observed,1.0,25.98,,red,1,41.64,0,-25.98
96,3.203,red,observed,1.0,26.03,,red,1,40.92,0,-26.03
99,3.303,red,observed,1.0,25.4,,red,1,41.32,0,-25.4
102,3.403,red,observed,1.0,25.72,,red,1,41.88,0,-25.72
105,3.504,red,observed,1.0,25.77,,red,1,41.16,0,-25.77
108,3.604,red,observed,1.0,25.82,,red,1,42.12,0,-25.82
111,3.704,red,observed,1.0,25.82,,red,1,41.64,0,-25.82
114,3.804,red,observed,1.0,26.61,,red,1,41.56,0,-26.61
117,3.904,red,observed,1.0,26.19,,red,1,42.44,0,-26.19
120,4.004,red,observed,1.0,25.87,,red,1,42.83,0,-25.87
123,4.104,red,observed,1.0,26.24,,red,1,41.72,0,-26.24
126,4.204,red,observed,1.0,25.87,,red,1,42.75,0,-25.87
129,4.304,red,observed,1.0,26.14,,red,1,42.36,0,-26.14
132,4.404,red,observed,1.0,25.82,,red,1,42.36,0,-25.82
135,4.504,red,observed,1.0,26.24,,red,1,42.44,0,-26.24
138,4.605,red,observed,1.0,25.77,,red,1,41.0,0,-25.77
141,4.705,red,observed,1.0,25.77,,red,1,43.31,0,-25.77
144,4.805,red,observed,1.0,26.03,,red,1,42.51,0,-26.03
147,4.905,red,observed,1.0,25.66,,red,1,42.67,0,-25.66
150,5.005,red,observed,1.0,26.03,,red,1,42.51,0,-26.03
153,5.105,red,observed,1.0,25.82,,red,1,43.15,0,-25.82
156,5.205,red,observed,1.0,25.77,,red,1,43.31,0,-25.77
159,5.305,red,observed,1.0,26.08,,red,1,42.59,0,-26.08
162,5.405,red,observed,1.0,26.08,,red,1,43.63,0,-26.08
165,5.506,red,observed,1.0,25.61,,red,1,43.15,0,-25.61
168,5.606,red,observed,1.0,25.66,,red,1,43.23,0,-25.66
171,5.706,red,observed,1.0,26.14,,red,1,42.67,0,-26.14
174,5.806,red,observed,1.0,25.93,,red,1,42.99,0,-25.93
177,5.906,red,observed,1.0,26.14,,red,1,43.39,0,-26.14
180,6.006,red,observed,1.0,25.93,,red,1,43.95,0,-25.93
183,6.106,red,observed,1.0,25.82,,red,1,43.79,0,-25.82
186,6.206,red,observed,1.0,26.19,,red,1,43.47,0,-26.19
189,6.306,red,observed,1.0,26.08,,red,1,43.07,0,-26.08
192,6.406,red,observed,1.0,25.93,,red,1,42.99,0,-25.93
195,6.506,red,observed,1.0,25.82,,red,1,43.15,0,-25.82
198,6.607,red,observed,1.0,26.14,,red,1,42.51,0,-26.14
201,6.707,red,observed,1.0,26.19,,red,1,43.15,0,-26.19
204,6.807,red,observed,1.0,26.66,,red,1,43.55,0,-26.66
207,6.907,red,observed,1.0,26.03,,red,1,43.23,0,-26.03
210,7.007,red,observed,1.0,26.14,,red,1,42.67,0,-26.14
213,7.107,red,observed,1.0,26.19,,red,1,43.39,0,-26.19
216,7.207,red,observed,1.0,25.61,,red,1,42.51,0,-25.61
219,7.307,red,observed,1.0,26.24,,red,1,42.67,0,-26.24
222,7.407,red,observed,1.0,26.03,,red,1,42.83,0,-26.03
225,7.508,red,observed,1.0,26.08,,red,1,43.07,0,-26.08
228,7.608,red,observed,1.0,25.87,,red,1,43.31,0,-25.87
231,7.708,red,observed,1.0,26.03,,red,1,43.87,0,-26.03
234,7.808,red,observed,1.0,25.93,,red,1,43.79,0,-25.93
237,7.908,red,observed,1.0,25.51,,red,1,42.83,0,-25.51
240,8.008,red,observed,1.0,26.19,,red,1,43.39,0,-26.19
243,8.108,red,observed,1.0,25.87,,red,1,43.15,0,-25.87
246,8.208,red,observed,1.0,26.35,,red,1,43.79,0,-26.35
249,8.308,red,observed,1.0,26.03,,red,1,43.63,0,-26.03
252,8.408,red,observed,1.0,26.03,,red,1,43.87,0,-26.03
255,8.508,red,observed,1.0,26.19,,red,1,44.03,0,-26.19
258,8.609,red,observed,1.0,25.82,,red,1,42.99,0,-25.82
261,8.709,red,observed,1.0,25.61,,red,1,42.83,0,-25.61
264,8.809,red,observed,1.0,25.98,,red,1,43.47,0,-25.98
267,8.909,red,observed,1.0,26.03,,red,1,43.39,0,-26.03
270,9.009,red,observed,1.0,26.56,,red,1,43.07,0,-26.56
273,9.109,red,observed,1.0,26.5,,red,1,42.99,0,-26.5
276,9.209,red,observed,1.0,25.98,,red,1,43.23,0,-25.98
279,9.309,red,observed,1.0,26.19,,red,1,43.39,0,-26.19
282,9.409,red,observed,1.0,25.93,,red,1,43.95,0,-25.93
285,9.51,red,observed,1.0,25.87,,red,1,43.07,0,-25.87
288,9.61,red,observed,1.0,25.98,,red,1,43.79,0,-25.98
291,9.71,red,observed,1.0,26.14,,red,1,45.79,0,-26.14
294,9.81,red,observed,1.0,26.19,,red,1,45.39,0,-26.19
297,9.91,red,observed,1.0,26.4,,red,1,45.87,0,-26.4
300,10.01,red,observed,1.0,25.93,,red,1,45.39,0,-25.93
303,10.11,red,observed,1.0,26.24,,red,1,45.94,0,-26.24
306,10.21,red,observed,1.0,26.19,,red,1,45.87,0,-26.19
309,10.31,red,observed,1.0,26.24,,red,1,45.15,0,-26.24
312,10.41,red,observed,1.0,25.98,,red,1,45.55,0,-25.98
315,10.51,red,observed,1.0,25.35,,red,1,45.55,0,-25.35
318,10.611,red,observed,1.0,26.19,,red,1,44.91,0,-26.19
321,10.711,red,observed,1.0,25.61,,red,1,45.79,0,-25.61
324,10.811,red,observed,1.0,25.77,,red,1,46.1,0,-25.77
327,10.911,red,observed,1.0,25.98,,red,1,45.71,0,-25.98
330,11.011,red,observed,1.0,25.82,,red,1,45.63,0,-25.82
333,11.111,red,observed,1.0,26.03,,red,1,45.47,0,-26.03
336,11.211,red,observed,1.0,26.03,,red,1,46.02,0,-26.03
339,11.311,red,observed,1.0,25.98,,red,1,45.23,0,-25.98
342,11.411,red,observed,1.0,26.08,,red,1,45.31,0,-26.08
345,11.512,red,observed,1.0,25.87,,red,1,45.31,0,-25.87
348,11.612,red,observed,1.0,26.24,,red,1,45.23,0,-26.24
351,11.712,red,observed,1.0,25.77,,red,1,45.71,0,-25.77
354,11.812,red,observed,1.0,26.24,,red,1,45.39,0,-26.24
357,11.912,red,observed,1.0,25.82,,red,1,45.63,0,-25.82
360,12.012,red,observed,1.0,26.14,,red,1,45.31,0,-26.14
363,12.112,red,observed,1.0,26.29,,red,1,44.83,0,-26.29
366,12.212,red,observed,1.0,26.24,,red,1,45.87,0,-26.24
369,12.312,red,observed,1.0,25.87,,red,1,45.47,0,-25.87
372,12.412,red,observed,1.0,25.61,,red,1,45.94,0,-25.61
375,12.513,red,observed,1.0,25.66,,red,1,45.79,0,-25.66
378,12.613,red,observed,1.0,25.77,,red,1,46.02,0,-25.77
381,12.713,red,observed,1.0,25.61,,red,1,45.47,0,-25.61
384,12.813,red,observed,1.0,25.45,,red,1,45.87,0,-25.45
387,12.913,red,observed,1.0,25.61,,red,1,46.26,0,-25.61
390,13.013,red,observed,1.0,25.82,,red,1,44.51,0,-25.82
393,13.113,red,observed,1.0,26.14,,red,1,45.07,0,-26.14
396,13.213,red,observed,1.0,25.51,,red,1,45.07,0,-25.51
399,13.313,red,observed,1.0,26.14,,red,1,45.23,0,-26.14
402,13.413,red,observed,1.0,26.14,,red,1,45.15,0,-26.14
405,13.514,red,observed,1.0,25.72,,red,1,44.67,0,-25.72
408,13.614,red,observed,1.0,26.29,,red,1,45.07,0,-26.29
411,13.714,red,observed,1.0,25.51,,red,1,45.31,0,-25.51
414,13.814,red,observed,1.0,25.51,,red,1,45.23,0,-25.51
417,13.914,red,observed,1.0,26.14,,red,1,45.31,0,-26.14
420,14.014,red,observed,1.0,25.61,,red,1,45.39,0,-25.61
423,14.114,red,observed,1.0,25.56,,red,1,45.07,0,-25.56
426,14.214,red,observed,1.0,25.66,,red,1,44.67,0,-25.66
429,14.314,red,observed,1.0,25.61,,red,1,45.15,0,-25.61
432,14.414,red,observed,1.0,25.93,,red,1,44.83,0,-25.93
435,14.514,red,observed,1.0,26.19,,red,1,45.47,0,-26.19
438,14.615,red,observed,1.0,26.61,,red,1,44.43,0,-26.61
441,14.715,red,observed,1.0,25.93,,red,1,45.07,0,-25.93
444,14.815,red,observed,1.0,26.4,,red,1,44.75,0,-26.4
447,14.915,red,observed,1.0,26.08,,red,1,44.75,0,-26.08
450,15.015,red,observed,1.0,26.03,,red,1,44.43,0,-26.03
453,15.115,red,observed,1.0,26.56,,red,1,44.91,0,-26.56
456,15.215,red,observed,1.0,26.19,,red,1,45.63,0,-26.19
459,15.315,red,observed,1.0,25.82,,red,1,44.83,0,-25.82
462,15.415,red,observed,1.0,25.82,,red,1,45.63,0,-25.82
465,15.516,red,observed,1.0,26.03,,red,1,44.59,0,-26.03
468,15.616,red,observed,1.0,26.71,,red,1,44.35,0,-26.71
471,15.716,red,observed,1.0,26.35,,red,1,44.59,0,-26.35
474,15.816,red,observed,1.0,26.03,,red,1,44.75,0,-26.03
477,15.916,red,observed,1.0,26.24,,red,1,45.15,0,-26.24
480,16.016,red,observed,1.0,25.61,,red,1,45.07,0,-25.61
483,16.116,red,observed,1.0,25.72,,red,1,44.59,0,-25.72
486,16.216,red,observed,1.0,26.24,,red,1,44.83,0,-26.24
489,16.316,red,observed,1.0,25.98,,red,1,44.75,0,-25.98
492,16.416,red,observed,1.0,26.14,,red,1,44.99,0,-26.14
495,16.516,red,observed,1.0,25.19,,red,1,45.15,0,-25.19
498,16.617,red,observed,1.0,26.4,,red,1,44.59,0,-26.4
501,16.717,red,observed,1.0,26.19,,red,1,44.03,0,-26.19
504,16.817,red,observed,1.0,26.24,,red,1,44.91,0,-26.24
507,16.917,red,observed,1.0,25.77,,red,1,44.51,0,-25.77
510,17.017,red,observed,1.0,25.93,,red,1,43.79,0,-25.93
513,17.117,red,observed,1.0,25.98,,red,1,44.03,0,-25.98
516,17.217,red,observed,1.0,25.98,,red,1,44.67,0,-25.98
519,17.317,red,observed,1.0,26.08,,red,1,44.03,0,-26.08
522,17.417,red,observed,1.0,26.03,,red,1,43.87,0,-26.03
525,17.518,red,observed,1.0,25.56,,red,1,44.43,0,-25.56
528,17.618,red,observed,1.0,26.08,,red,1,43.47,0,-26.08
531,17.718,red,observed,1.0,26.29,,red,1,44.19,0,-26.29
534,17.818,red,observed,1.0,26.03,,red,1,44.83,0,-26.03
537,17.918,red,observed,1.0,26.4,,red,1,44.99,0,-26.4
540,18.018,red,observed,1.0,25.3,,red,1,44.27,0,-25.3
543,18.118,red,observed,1.0,26.24,,red,1,43.95,0,-26.24
546,18.218,red,observed,1.0,26.08,,red,1,43.95,0,-26.08
549,18.318,red,observed,1.0,25.72,,red,1,43.63,0,-25.72
552,18.418,red,observed,1.0,26.24,,red,1,43.31,0,-26.24
555,18.518,red,observed,1.0,25.87,,red,1,43.79,0,-25.87
558,18.619,red,observed,1.0,25.93,,red,1,43.63,0,-25.93
561,18.719,red,observed,1.0,25.66,,red,1,43.87,0,-25.66
564,18.819,red,observed,1.0,25.61,,red,1,43.63,0,-25.61
567,18.919,red,observed,1.0,25.98,,red,1,43.15,0,-25.98
570,19.019,red,observed,1.0,25.93,,red,1,42.59,0,-25.93
573,19.119,red,observed,1.0,25.93,,red,1,43.15,0,-25.93
576,19.219,red,observed,1.0,26.08,,red,1,43.23,0,-26.08
579,19.319,red,observed,1.0,25.72,,red,1,43.47,0,-25.72
582,19.419,red,observed,1.0,26.45,,red,1,42.36,0,-26.45
585,19.52,red,observed,1.0,25.98,,red,1,43.47,0,-25.98
588,19.62,red,observed,1.0,26.19,,red,1,43.47,0,-26.19
591,19.72,red,observed,1.0,25.98,,red,1,44.19,0,-25.98
594,19.82,red,observed,1.0,25.61,,red,1,42.91,0,-25.61
597,19.92,red,observed,1.0,25.98,,red,1,43.23,0,-25.98
600,20.02,red,observed,1.0,25.66,,red,1,42.28,0,-25.66
603,20.12,red,observed,1.0,26.08,,red,1,41.88,0,-26.08
606,20.22,red,observed,1.0,25.56,,red,1,42.59,0,-25.56
609,20.32,red,observed,1.0,25.87,,red,1,42.51,0,-25.87
612,20.42,red,observed,1.0,26.14,,red,1,42.83,0,-26.14
615,20.521,red,observed,1.0,25.66,,red,1,42.2,0,-25.66
618,20.621,red,observed,1.0,26.19,,red,1,42.51,0,-26.19
621,20.721,red,observed,1.0,26.14,,red,1,42.91,0,-26.14
624,20.821,red,observed,1.0,25.56,,red,1,42.04,0,-25.56
627,20.921,red,observed,1.0,26.14,,red,1,42.51,0,-26.14
630,21.021,red,observed,1.0,26.08,,red,1,43.39,0,-26.08
633,21.121,red,observed,1.0,26.03,,red,1,43.55,0,-26.03
636,21.221,red,observed,1.0,25.93,,red,1,42.91,0,-25.93
639,21.321,red,observed,1.0,26.03,,red,1,43.47,0,-26.03
642,21.421,red,observed,1.0,25.51,,red,1,42.99,0,-25.51
645,21.522,red,observed,1.0,26.87,,red,1,42.51,0,-26.87
648,21.622,red,observed,1.0,26.14,,red,1,43.71,0,-26.14
651,21.722,red,observed,1.0,25.93,,red,1,43.15,0,-25.93
654,21.822,red,observed,1.0,25.56,,red,1,43.71,0,-25.56
657,21.922,red,observed,1.0,26.5,,red,1,43.63,0,-26.5
660,22.022,red,observed,1.0,25.93,,red,1,42.83,0,-25.93
663,22.122,red,observed,1.0,26.56,,red,1,42.91,0,-26.56
666,22.222,red,observed,1.0,26.56,,red,1,42.75,0,-26.56
669,22.322,red,observed,1.0,26.29,,red,1,42.67,0,-26.29
672,22.422,red,observed,1.0,26.35,,red,1,43.23,0,-26.35
675,22.522,red,observed,1.0,26.35,,red,1,42.59,0,-26.35
678,22.623,red,observed,1.0,25.51,,red,1,43.39,0,-25.51
681,22.723,red,observed,1.0,26.24,,red,1,43.87,0,-26.24
684,22.823,red,observed,1.0,25.82,,red,1,43.87,0,-25.82
687,22.923,red,observed,1.0,25.98,,red,1,43.87,0,-25.98
690,23.023,red,observed,1.0,26.19,,red,1,42.99,0,-26.19
693,23.123,red,observed,1.0,25.87,,red,1,43.07,0,-25.87
696,23.223,red,observed,1.0,26.35,,red,1,42.99,0,-26.35
699,23.323,red,observed,1.0,25.3,,red,1,43.39,0,-25.3
702,23.423,red,observed,1.0,26.29,,red,1,42.75,0,-26.29
705,23.524,red,observed,1.0,25.87,,red,1,42.51,0,-25.87
708,23.624,red,observed,1.0,26.03,,red,1,43.31,0,-26.03
711,23.724,red,observed,1.0,26.24,,red,1,43.15,0,-26.24
714,23.824,red,observed,1.0,26.66,,red,1,43.55,0,-26.66
717,23.924,red,observed,1.0,26.4,,red,1,43.15,0,-26.4
720,24.024,red,observed,1.0,25.72,,red,1,42.59,0,-25.72
723,24.124,red,observed,1.0,25.98,,red,1,42.83,0,-25.98
726,24.224,red,observed,1.0,26.14,,red,1,42.51,0,-26.14
729,24.324,red,observed,1.0,25.35,,red,1,42.44,0,-25.35
732,24.424,red,observed,1.0,25.82,,red,1,43.23,0,-25.82
735,24.524,red,observed,1.0,26.5,,red,1,42.83,0,-26.5
738,24.625,red,observed,1.0,26.29,,red,1,42.99,0,-26.29
741,24.725,red,observed,1.0,25.56,,red,1,42.67,0,-25.56
744,24.825,red,observed,1.0,26.08,,red,1,42.44,0,-26.08
747,24.925,red,observed,1.0,25.98,,red,1,42.51,0,-25.98
750,25.025,red,observed,1.0,26.14,,red,1,43.23,0,-26.14
753,25.125,red,observed,1.0,25.98,,red,1,42.44,0,-25.98
756,25.225,red,observed,1.0,26.98,,red,1,42.51,0,-26.98
759,25.325,red,observed,1.0,26.66,,red,1,43.23,0,-26.66
762,25.425,red,observed,1.0,26.19,,red,1,43.15,0,-26.19
765,25.526,red,observed,1.0,25.87,,red,1,43.55,0,-25.87
768,25.626,red,observed,1.0,26.24,,red,1,43.39,0,-26.24
771,25.726,red,observed,1.0,25.98,,red,1,43.15,0,-25.98
774,25.826,red,observed,1.0,26.35,,red,1,42.59,0,-26.35
777,25.926,red,observed,1.0,25.82,,red,1,42.67,0,-25.82
780,26.026,red,observed,1.0,26.03,,red,1,43.07,0,-26.03
783,26.126,red,observed,1.0,26.03,,red,1,43.47,0,-26.03
786,26.226,red,observed,1.0,26.08,,red,1,42.2,0,-26.08
789,26.326,red,observed,1.0,26.14,,red,1,42.67,0,-26.14
792,26.426,red,observed,1.0,25.87,,red,1,42.04,0,-25.87
795,26.527,red,observed,1.0,26.29,,red,1,42.59,0,-26.29
798,26.627,red,observed,1.0,25.77,,red,1,42.59,0,-25.77
801,26.727,red,observed,1.0,26.24,,red,1,42.12,0,-26.24
804,26.827,red,observed,1.0,26.29,,red,1,41.96,0,-26.29
807,26.927,red,observed,1.0,25.98,,red,1,42.59,0,-25.98
810,27.027,red,observed,1.0,26.5,,red,1,42.51,0,-26.5
813,27.127,red,observed,1.0,26.5,,red,1,43.31,0,-26.5
816,27.227,red,observed,1.0,26.29,,red,1,42.04,0,-26.29
819,27.327,red,observed,1.0,26.35,,red,1,42.83,0,-26.35
822,27.427,red,observed,1.0,25.77,,red,1,42.28,0,-25.77
825,27.528,red,observed,1.0,26.03,,red,1,42.44,0,-26.03
828,27.628,red,observed,1.0,26.71,,red,1,41.24,0,-26.71
831,27.728,red,observed,1.0,26.03,,red,1,41.56,0,-26.03
834,27.828,red,observed,1.0,26.77,,red,1,42.2,0,-26.77
837,27.928,red,observed,1.0,25.77,,red,1,41.56,0,-25.77
840,28.028,red,observed,1.0,25.82,,red,1,42.67,0,-25.82
843,28.128,red,observed,1.0,26.03,,red,1,42.83,0,-26.03
846,28.228,red,observed,1.0,25.77,,red,1,42.04,0,-25.77
849,28.328,red,observed,1.0,25.77,,red,1,41.64,0,-25.77
852,28.428,red,observed,1.0,26.08,,red,1,41.96,0,-26.08
855,28.528,red,observed,1.0,26.35,,red,1,42.28,0,-26.35
858,28.629,red,observed,1.0,25.82,,red,1,41.72,0,-25.82
861,28.729,red,observed,1.0,26.08,,red,1,41.88,0,-26.08
864,28.829,red,observed,1.0,25.51,,red,1,42.75,0,-25.51
867,28.929,red,observed,1.0,26.56,,red,1,42.28,0,-26.56
870,29.029,red,observed,1.0,25.61,,red,1,42.91,0,-25.61
873,29.129,red,observed,1.0,26.08,,red,1,42.59,0,-26.08
876,29.229,red,observed,1.0,26.5,,red,1,42.2,0,-26.5
879,29.329,red,observed,1.0,26.35,,red,1,41.16,0,-26.35
882,29.429,red,observed,1.0,26.24,,red,1,41.8,0,-26.24
885,29.53,red,observed,1.0,26.35,,red,1,41.96,0,-26.35
888,29.63,red,observed,1.0,26.14,,red,1,42.2,0,-26.14
891,29.73,red,observed,1.0,26.5,,red,1,41.0,0,-26.5
894,29.83,red,observed,1.0,26.4,,red,1,41.72,0,-26.4
897,29.93,red,observed,1.0,26.35,,red,1,41.32,0,-26.35
900,30.03,red,observed,1.0,25.61,,red,1,41.88,0,-25.61
903,30.13,red,observed,1.0,26.19,,red,1,42.75,0,-26.19
906,30.23,red,observed,1.0,25.61,,red,1,42.28,0,-25.61
909,30.33,red,observed,1.0,26.08,,red,1,42.12,0,-26.08
912,30.43,red,observed,1.0,25.45,,red,1,42.12,0,-25.45
915,30.53,red,observed,1.0,26.29,,red,1,41.24,0,-26.29
918,30.631,red,observed,1.0,26.24,,red,1,41.64,0,-26.24
921,30.731,red,observed,1.0,25.82,,red,1,41.88,0,-25.82
924,30.831,red,observed,1.0,26.03,,red,1,41.4,0,-26.03
927,30.931,red,observed,1.0,25.98,,red,1,41.08,0,-25.98
930,31.031,red,observed,1.0,26.4,,red,1,40.84,0,-26.4
933,31.131,red,observed,1.0,25.98,,red,1,41.8,0,-25.98
936,31.231,red,observed,1.0,26.29,,red,1,42.2,0,-26.29
939,31.331,red,observed,1.0,26.14,,red,1,40.36,0,-26.14
942,31.431,red,observed,1.0,26.66,,red,1,41.72,0,-26.66
945,31.532,red,observed,1.0,26.71,,red,1,41.4,0,-26.71
948,31.632,red,observed,1.0,26.92,,red,1,41.96,0,-26.92
951,31.732,red,observed,1.0,26.35,,red,1,41.88,0,-26.35
954,31.832,red,observed,1.0,25.87,,red,1,40.36,0,-25.87
957,31.932,red,observed,1.0,26.08,,red,1,41.56,0,-26.08
960,32.032,red,observed,1.0,25.56,,red,1,42.12,0,-25.56
963,32.132,red,observed,1.0,26.82,,red,1,42.04,0,-26.82
966,32.232,red,observed,1.0,26.24,,red,1,42.83,0,-26.24
969,32.332,red,observed,1.0,26.08,,red,1,41.88,0,-26.08
972,32.432,red,observed,1.0,25.82,,red,1,41.0,0,-25.82
975,32.532,red,observed,1.0,26.03,,red,1,42.04,0,-26.03
978,32.633,red,observed,1.0,26.56,,red,1,42.28,0,-26.56
981,32.733,red,observed,1.0,26.5,,red,1,41.48,0,-26.5
984,32.833,red,observed,1.0,26.24,,red,1,41.08,0,-26.24
987,32.933,red,observed,1.0,26.29,,red,1,41.24,0,-26.29
990,33.033,red,observed,1.0,26.4,,red,1,41.32,0,-26.4
993,33.133,red,observed,1.0,26.45,,red,1,41.0,0,-26.45
996,33.233,red,observed,1.0,26.29,,red,1,41.08,0,-26.29
999,33.333,red,observed,1.0,26.61,,red,1,40.52,0,-26.61
1002,33.433,red,observed,1.0,26.4,,red,1,41.32,0,-26.4
1005,33.534,red,observed,1.0,26.5,,red,1,41.16,0,-26.5
1008,33.634,red,observed,1.0,26.19,,red,1,41.32,0,-26.19
1011,33.734,red,observed,1.0,26.14,,red,1,41.32,0,-26.14
1014,33.834,red,observed,1.0,26.19,,red,1,41.4,0,-26.19
1017,33.934,red,observed,1.0,25.98,,red,1,41.48,0,-25.98
1020,34.034,red,observed,1.0,26.19,,red,1,41.4,0,-26.19
1023,34.134,red,observed,1.0,25.98,,red,1,41.56,0,-25.98
1026,34.234,red,observed,1.0,26.19,,red,1,41.24,0,-26.19
1029,34.334,red,observed,1.0,26.19,,red,1,40.68,0,-26.19
1032,34.434,red,observed,1.0,26.35,,red,1,41.4,0,-26.35
1035,34.534,red,observed,1.0,26.08,,red,1,41.64,0,-26.08
1038,34.635,red,observed,1.0,26.56,,red,1,41.08,0,-26.56
1041,34.735,red,observed,1.0,26.19,,red,1,41.24,0,-26.19
1044,34.835,red,observed,1.0,26.24,,red,1,41.4,0,-26.24
1047,34.935,red,observed,1.0,25.56,,red,1,42.04,0,-25.56
1050,35.035,red,observed,1.0,26.4,,red,1,41.88,0,-26.4
1053,35.135,red,observed,1.0,26.14,,red,1,40.84,0,-26.14
1056,35.235,red,observed,1.0,25.66,,red,1,40.6,0,-25.66
1059,35.335,red,observed,1.0,26.45,,red,1,40.36,0,-26.45
1062,35.435,red,observed,1.0,26.35,,red,1,41.16,0,-26.35
1065,35.536,red,observed,1.0,26.29,,red,1,41.48,0,-26.29
1068,35.636,red,observed,1.0,26.71,,red,1,41.32,0,-26.71
1071,35.736,red,observed,1.0,26.19,,red,1,40.92,0,-26.19
1074,35.836,red,observed,1.0,26.45,,red,1,41.16,0,-26.45
1077,35.936,red,observed,1.0,26.29,,red,1,41.56,0,-26.29
1080,36.036,red,observed,1.0,25.93,,red,1,41.4,0,-25.93
1083,36.136,red,observed,1.0,26.61,,red,1,41.24,0,-26.61
1086,36.236,red,observed,1.0,26.45,,red,1,41.08,0,-26.45
1089,36.336,red,observed,1.0,26.45,,red,1,41.24,0,-26.45
1092,36.436,red,observed,1.0,26.29,,red,1,41.32,0,-26.29
1095,36.537,red,observed,1.0,26.5,,red,1,41.24,0,-26.5
1098,36.637,red,observed,1.0,26.14,,red,1,41.4,0,-26.14
1101,36.737,red,observed,1.0,26.29,,red,1,41.0,0,-26.29
1104,36.837,red,observed,1.0,25.77,,red,1,40.68,0,-25.77
1107,36.937,red,observed,1.0,25.93,,red,1,41.16,0,-25.93
1110,37.037,red,observed,1.0,25.82,,red,1,39.72,0,-25.82
1113,37.137,green,observed,1.0,26.29,,green,0,-30.95,1,26.29
1116,37.237,green,observed,1.0,26.82,,green,0,-42.51,1,26.82
1119,37.337,green,observed,1.0,26.29,,green,0,-44.11,1,26.29
1122,37.437,green,observed,1.0,26.5,,green,0,-44.43,1,26.5
1125,37.538,green,observed,1.0,26.35,,green,0,-44.83,1,26.35
1128,37.638,green,observed,1.0,26.56,,green,0,-45.07,1,26.56
1131,37.738,green,observed,1.0,26.24,,green,0,-44.35,1,26.24
1134,37.838,green,observed,1.0,26.24,,green,0,-43.63,1,26.24
1137,37.938,green,observed,1.0,26.56,,green,0,-44.67,1,26.56
1140,38.038,green,observed,1.0,26.29,,green,0,-44.59,1,26.29
1143,38.138,green,observed,1.0,26.14,,green,0,-44.51,1,26.14
1146,38.238,green,observed,1.0,26.24,,green,0,-44.59,1,26.24
1149,38.338,green,observed,1.0,26.19,,green,0,-44.75,1,26.19
1152,38.438,green,observed,1.0,26.35,,green,0,-44.75,1,26.35
1155,38.538,green,observed,1.0,26.08,,green,0,-44.43,1,26.08
1158,38.639,green,observed,1.0,26.19,,green,0,-44.83,1,26.19
1161,38.739,green,observed,1.0,26.24,,green,0,-44.83,1,26.24
1164,38.839,green,observed,1.0,26.5,,green,0,-44.43,1,26.5
1167,38.939,green,observed,1.0,26.14,,green,0,-44.75,1,26.14
1170,39.039,green,observed,1.0,25.93,,green,0,-44.67,1,25.93
1173,39.139,green,observed,1.0,25.19,,green,0,-44.27,1,25.19
1176,39.239,green,observed,1.0,25.45,,green,0,-44.67,1,25.45
1179,39.339,green,observed,1.0,25.98,,green,0,-44.19,1,25.98
1182,39.439,green,observed,1.0,25.93,,green,0,-44.03,1,25.93
1185,39.54,green,observed,1.0,25.82,,green,0,-44.11,1,25.82
1188,39.64,green,observed,1.0,25.82,,green,0,-44.59,1,25.82
1191,39.74,green,observed,1.0,25.56,,green,0,-44.43,1,25.56
1194,39.84,green,observed,1.0,25.61,,green,0,-44.67,1,25.61
1197,39.94,green,observed,1.0,25.61,,green,0,-44.27,1,25.61
1200,40.04,green,observed,1.0,25.61,,green,0,-45.07,1,25.61
1203,40.14,green,observed,1.0,25.3,,green,0,-44.59,1,25.3
1206,40.24,green,observed,1.0,25.82,,green,0,-44.83,1,25.82
1209,40.34,green,observed,1.0,25.66,,green,0,-44.99,1,25.66
1212,40.44,green,observed,1.0,25.24,,green,0,-44.11,1,25.24
1215,40.54,green,observed,1.0,25.14,,green,0,-44.59,1,25.14
1218,40.641,green,observed,1.0,25.56,,green,0,-44.59,1,25.56
1221,40.741,green,observed,1.0,25.77,,green,0,-44.75,1,25.77
1224,40.841,green,observed,1.0,25.51,,green,0,-44.43,1,25.51
1227,40.941,green,observed,1.0,25.82,,green,0,-44.83,1,25.82
1230,41.041,green,observed,1.0,25.87,,green,0,-44.51,1,25.87
1233,41.141,green,observed,1.0,25.35,,green,0,-45.07,1,25.35
1236,41.241,green,observed,1.0,26.03,,green,0,-44.91,1,26.03
1239,41.341,green,observed,1.0,25.72,,green,0,-44.75,1,25.72
1242,41.441,green,observed,1.0,25.4,,green,0,-44.35,1,25.4
1245,41.542,green,observed,1.0,25.87,,green,0,-44.19,1,25.87
1248,41.642,green,observed,1.0,25.35,,green,0,-45.47,1,25.35
1251,41.742,green,observed,1.0,25.3,,green,0,-45.39,1,25.3
1254,41.842,green,observed,1.0,25.45,,green,0,-45.31,1,25.45
1257,41.942,green,observed,1.0,25.56,,green,0,-44.99,1,25.56
1260,42.042,green,observed,1.0,25.72,,green,0,-44.19,1,25.72
1263,42.142,green,observed,1.0,25.35,,green,0,-44.99,1,25.35
1266,42.242,green,observed,1.0,25.35,,green,0,-44.99,1,25.35
1269,42.342,green,observed,1.0,24.98,,green,0,-45.15,1,24.98
1272,42.442,green,observed,1.0,25.45,,green,0,-44.67,1,25.45
1275,42.543,green,observed,1.0,25.4,,green,0,-44.59,1,25.4
1278,42.643,green,observed,1.0,25.61,,green,0,-44.91,1,25.61
1281,42.743,green,observed,1.0,25.87,,green,0,-44.83,1,25.87
1284,42.843,green,observed,1.0,25.51,,green,0,-44.51,1,25.51
1287,42.943,green,observed,1.0,25.45,,green,0,-44.67,1,25.45
1290,43.043,green,observed,1.0,25.61,,green,0,-44.43,1,25.61
1293,43.143,green,observed,1.0,25.3,,green,0,-44.75,1,25.3
1296,43.243,green,observed,1.0,25.35,,green,0,-44.35,1,25.35
1299,43.343,green,observed,1.0,25.45,,green,0,-44.27,1,25.45
1302,43.443,green,observed,1.0,25.87,,green,0,-44.27,1,25.87
1305,43.544,green,observed,1.0,25.24,,green,0,-44.19,1,25.24
1308,43.644,green,observed,1.0,25.3,,green,0,-44.91,1,25.3
1311,43.744,green,observed,1.0,25.61,,green,0,-44.59,1,25.61
1314,43.844,green,observed,1.0,25.72,,green,0,-44.43,1,25.72
1317,43.944,green,observed,1.0,25.82,,green,0,-44.83,1,25.82
1320,44.044,green,observed,1.0,25.87,,green,0,-45.15,1,25.87
1323,44.144,green,observed,1.0,25.72,,green,0,-44.19,1,25.72
1326,44.244,green,observed,1.0,25.82,,green,0,-44.03,1,25.82
1329,44.344,green,observed,1.0,25.35,,green,0,-44.43,1,25.35
1332,44.444,green,observed,1.0,25.35,,green,0,-44.51,1,25.35
1335,44.544,green,observed,1.0,25.4,,green,0,-44.91,1,25.4
1338,44.645,green,observed,1.0,25.82,,green,0,-44.91,1,25.82
1341,44.745,green,observed,1.0,25.14,,green,0,-44.35,1,25.14
1344,44.845,green,observed,1.0,25.45,,green,0,-44.83,1,25.45
1347,44.945,green,observed,1.0,25.87,,green,0,-44.99,1,25.87
1350,45.045,green,observed,1.0,25.45,,green,0,-44.59,1,25.45
1353,45.145,green,observed,1.0,25.61,,green,0,-44.83,1,25.61
1356,45.245,green,observed,1.0,25.82,,green,0,-44.59,1,25.82
1359,45.345,green,observed,1.0,25.3,,green,0,-44.27,1,25.3
1362,45.445,green,observed,1.0,26.08,,green,0,-44.19,1,26.08
1365,45.546,green,observed,1.0,26.03,,green,0,-44.83,1,26.03
1368,45.646,green,observed,1.0,25.77,,green,0,-44.27,1,25.77
1371,45.746,green,observed,1.0,25.56,,green,0,-44.75,1,25.56
1374,45.846,green,observed,1.0,25.72,,green,0,-44.43,1,25.72
1377,45.946,green,observed,1.0,25.93,,green,0,-44.11,1,25.93
1380,46.046,green,observed,1.0,26.19,,green,0,-44.83,1,26.19
1383,46.146,green,observed,1.0,26.19,,green,0,-44.51,1,26.19
1386,46.246,green,observed,1.0,26.19,,green,0,-44.27,1,26.19
1389,46.346,green,observed,1.0,26.35,,green,0,-45.23,1,26.35
1392,46.446,green,observed,1.0,25.72,,green,0,-46.02,1,25.72
1395,46.546,green,observed,1.0,26.03,,green,0,-44.91,1,26.03
1398,46.647,green,observed,1.0,25.61,,green,0,-44.11,1,25.61
1401,46.747,green,observed,1.0,25.4,,green,0,-44.43,1,25.4
1404,46.847,green,observed,1.0,25.77,,green,0,-43.55,1,25.77
1407,46.947,green,observed,1.0,26.5,,green,0,-44.43,1,26.5
1410,47.047,green,observed,1.0,25.98,,green,0,-45.23,1,25.98
1413,47.147,green,observed,1.0,25.77,,green,0,-44.75,1,25.77
1416,47.247,green,observed,1.0,25.93,,green,0,-45.15,1,25.93
1419,47.347,green,observed,1.0,26.08,,green,0,-44.67,1,26.08
1422,47.447,green,observed,1.0,25.87,,green,0,-44.75,1,25.87
1425,47.548,green,observed,1.0,25.87,,green,0,-44.83,1,25.87
1428,47.648,green,observed,1.0,26.03,,green,0,-44.99,1,26.03
1431,47.748,green,observed,1.0,25.82,,green,0,-44.83,1,25.82
1434,47.848,green,observed,1.0,25.87,,green,0,-44.99,1,25.87
1437,47.948,green,observed,1.0,26.29,,green,0,-44.75,1,26.29
1440,48.048,green,observed,1.0,26.24,,green,0,-45.47,1,26.24
1443,48.148,green,observed,1.0,25.87,,green,0,-45.47,1,25.87
1446,48.248,green,observed,1.0,26.08,,green,0,-45.23,1,26.08
1449,48.348,green,observed,1.0,26.66,,green,0,-45.15,1,26.66
1452,48.448,green,observed,1.0,25.82,,green,0,-45.39,1,25.82
1455,48.549,green,observed,1.0,25.93,,green,0,-44.19,1,25.93
1458,48.649,green,observed,1.0,25.87,,green,0,-45.15,1,25.87
1461,48.749,green,observed,1.0,26.29,,green,0,-44.99,1,26.29
1464,48.849,green,observed,1.0,25.72,,green,0,-44.03,1,25.72
1467,48.949,green,observed,1.0,26.4,,green,0,-44.27,1,26.4
1470,49.049,green,observed,1.0,25.93,,green,0,-44.59,1,25.93
1473,49.149,green,observed,1.0,26.66,,green,0,-44.99,1,26.66
1476,49.249,green,observed,1.0,26.29,,green,0,-45.07,1,26.29
1479,49.349,green,observed,1.0,26.19,,green,0,-44.67,1,26.19
1482,49.449,green,observed,1.0,25.87,,green,0,-44.75,1,25.87
1485,49.55,green,observed,1.0,26.14,,green,0,-45.07,1,26.14
1488,49.65,green,observed,1.0,26.08,,green,0,-45.31,1,26.08
1491,49.75,green,observed,1.0,25.82,,green,0,-45.07,1,25.82
1494,49.85,green,observed,1.0,26.14,,green,0,-44.83,1,26.14
1497,49.95,green,observed,1.0,25.77,,green,0,-44.27,1,25.77
1500,50.05,green,observed,1.0,26.08,,green,0,-45.07,1,26.08
1503,50.15,green,observed,1.0,26.35,,green,0,-44.59,1,26.35
1506,50.25,green,observed,1.0,25.93,,green,0,-44.27,1,25.93
1509,50.35,green,observed,1.0,26.14,,green,0,-45.31,1,26.14
1512,50.45,green,observed,1.0,25.72,,green,0,-44.43,1,25.72
1515,50.55,green,observed,1.0,26.03,,green,0,-44.75,1,26.03
1518,50.651,green,observed,1.0,25.66,,green,0,-44.51,1,25.66
1521,50.751,green,observed,1.0,25.77,,green,0,-44.27,1,25.77
1524,50.851,green,observed,1.0,25.77,,green,0,-44.43,1,25.77
1527,50.951,green,observed,1.0,25.82,,green,0,-44.19,1,25.82
1530,51.051,green,observed,1.0,25.87,,green,0,-44.43,1,25.87
1533,51.151,green,observed,1.0,25.24,,green,0,-45.23,1,25.24
1536,51.251,green,observed,1.0,25.66,,green,0,-44.99,1,25.66
1539,51.351,green,observed,1.0,25.82,,green,0,-45.94,1,25.82
1542,51.451,green,observed,1.0,25.82,,green,0,-44.59,1,25.82
1545,51.552,green,observed,1.0,25.82,,green,0,-44.51,1,25.82
1548,51.652,green,observed,1.0,25.77,,green,0,-44.83,1,25.77
1551,51.752,green,observed,1.0,25.87,,green,0,-44.27,1,25.87
1554,51.852,green,observed,1.0,26.14,,green,0,-44.83,1,26.14
1557,51.952,green,observed,1.0,25.77,,green,0,-44.99,1,25.77
1560,52.052,green,observed,1.0,26.29,,green,0,-45.15,1,26.29
1563,52.152,green,observed,1.0,26.03,,green,0,-45.07,1,26.03
1566,52.252,green,observed,1.0,26.24,,green,0,-45.15,1,26.24
1569,52.352,green,observed,1.0,25.87,,green,0,-45.15,1,25.87
1572,52.452,green,observed,1.0,25.72,,green,0,-45.23,1,25.72
1575,52.552,green,observed,1.0,25.93,,green,0,-45.55,1,25.93
1578,52.653,green,observed,1.0,26.03,,green,0,-44.43,1,26.03
1581,52.753,green,observed,1.0,26.4,,green,0,-44.03,1,26.4
1584,52.853,green,observed,1.0,25.4,,green,0,-45.15,1,25.4
1587,52.953,green,observed,1.0,25.82,,green,0,-44.35,1,25.82
1590,53.053,green,observed,1.0,25.77,,green,0,-45.31,1,25.77
1593,53.153,green,observed,1.0,25.72,,green,0,-45.15,1,25.72
1596,53.253,green,observed,1.0,26.19,,green,0,-45.31,1,26.19
1599,53.353,green,observed,1.0,25.4,,green,0,-44.99,1,25.4
1602,53.453,green,observed,1.0,25.61,,green,0,-45.07,1,25.61
1605,53.554,green,observed,1.0,25.61,,green,0,-45.31,1,25.61
1608,53.654,green,observed,1.0,25.45,,green,0,-44.83,1,25.45
1611,53.754,green,observed,1.0,25.82,,green,0,-45.15,1,25.82
1614,53.854,green,observed,1.0,25.35,,green,0,-44.51,1,25.35
1617,53.954,green,observed,1.0,25.87,,green,0,-44.19,1,25.87
1620,54.054,green,observed,1.0,25.56,,green,0,-44.35,1,25.56
1623,54.154,green,observed,1.0,25.4,,green,0,-44.27,1,25.4
1626,54.254,green,observed,1.0,25.66,,green,0,-44.11,1,25.66
1629,54.354,green,observed,1.0,25.45,,green,0,-44.03,1,25.45
1632,54.454,green,observed,1.0,25.56,,green,0,-44.27,1,25.56
1635,54.555,green,observed,1.0,25.56,,green,0,-43.47,1,25.56
1638,54.655,green,observed,1.0,25.45,,green,0,-44.99,1,25.45
1641,54.755,green,observed,1.0,25.93,,green,0,-44.75,1,25.93
1644,54.855,green,observed,1.0,25.87,,green,0,-44.59,1,25.87
1647,54.955,green,observed,1.0,25.93,,green,0,-44.99,1,25.93
1650,55.055,green,observed,1.0,25.87,,green,0,-44.51,1,25.87
1653,55.155,green,observed,1.0,26.03,,green,0,-44.51,1,26.03
1656,55.255,green,observed,1.0,25.77,,green,0,-45.55,1,25.77
1659,55.355,green,observed,1.0,25.35,,green,0,-44.67,1,25.35
1662,55.455,green,observed,1.0,25.87,,green,0,-44.67,1,25.87
1665,55.556,green,observed,1.0,26.08,,green,0,-44.19,1,26.08
1668,55.656,green,observed,1.0,25.66,,green,0,-44.19,1,25.66
1671,55.756,green,observed,1.0,25.4,,green,0,-44.59,1,25.4
1674,55.856,green,observed,1.0,25.77,,green,0,-44.51,1,25.77
1677,55.956,green,observed,1.0,25.87,,green,0,-44.75,1,25.87
1680,56.056,green,observed,1.0,25.4,,green,0,-44.99,1,25.4
1683,56.156,green,observed,1.0,25.45,,green,0,-44.83,1,25.45
1686,56.256,green,observed,1.0,25.61,,green,0,-44.99,1,25.61
1689,56.356,green,observed,1.0,25.72,,green,0,-45.31,1,25.72
1692,56.456,green,observed,1.0,25.4,,green,0,-45.31,1,25.4
1695,56.556,green,observed,1.0,25.24,,green,0,-44.11,1,25.24
1698,56.657,green,observed,1.0,25.35,,green,0,-44.51,1,25.35
1701,56.757,green,observed,1.0,25.19,,green,0,-44.99,1,25.19
1704,56.857,green,observed,1.0,25.51,,green,0,-43.87,1,25.51
1707,56.957,green,observed,1.0,25.35,,green,0,-44.51,1,25.35
1710,57.057,green,observed,1.0,25.14,,green,0,-44.51,1,25.14
1713,57.157,green,observed,1.0,25.51,,green,0,-44.75,1,25.51
1716,57.257,green,observed,1.0,25.3,,green,0,-44.51,1,25.3
1719,57.357,green,observed,1.0,25.66,,green,0,-45.07,1,25.66
1722,57.457,green,observed,1.0,26.08,,green,0,-44.03,1,26.08
1725,57.558,green,observed,1.0,25.51,,green,0,-44.11,1,25.51
1728,57.658,green,observed,1.0,25.19,,green,0,-44.43,1,25.19
1731,57.758,green,observed,1.0,25.51,,green,0,-44.91,1,25.51
1734,57.858,green,observed,1.0,25.51,,green,0,-44.75,1,25.51
1737,57.958,green,observed,1.0,25.03,,green,0,-44.99,1,25.03
1740,58.058,green,observed,1.0,25.77,,green,0,-45.15,1,25.77
1743,58.158,green,observed,1.0,25.24,,green,0,-44.27,1,25.24
1746,58.258,green,observed,1.0,24.93,,green,0,-44.67,1,24.93
1749,58.358,green,observed,1.0,25.19,,green,0,-44.67,1,25.19
1752,58.458,green,observed,1.0,25.09,,green,0,-43.95,1,25.09
1755,58.558,green,observed,1.0,25.09,,green,0,-43.95,1,25.09
1758,58.659,green,observed,1.0,24.88,,green,0,-45.31,1,24.88
1761,58.759,green,observed,1.0,25.3,,green,0,-43.39,1,25.3
1764,58.859,green,observed,1.0,25.66,,green,0,-43.95,1,25.66
1767,58.959,green,observed,1.0,25.66,,green,0,-44.27,1,25.66
1770,59.059,green,observed,1.0,25.51,,green,0,-45.15,1,25.51
1773,59.159,green,observed,1.0,25.4,,green,0,-44.67,1,25.4
1776,59.259,green,observed,1.0,24.98,,green,0,-44.59,1,24.98
1779,59.359,green,observed,1.0,25.35,,green,0,-44.91,1,25.35
1782,59.459,green,observed,1.0,25.09,,green,0,-44.91,1,25.09
1785,59.56,green,observed,1.0,25.45,,green,0,-44.75,1,25.45
1788,59.66,green,observed,1.0,25.35,,green,0,-45.15,1,25.35
1791,59.76,green,observed,1.0,25.3,,green,0,-44.67,1,25.3
1794,59.86,green,observed,1.0,25.24,,green,0,-44.03,1,25.24
1797,59.96,green,observed,1.0,24.67,,green,0,-44.83,1,24.67
1800,60.06,green,observed,1.0,24.82,,green,0,-44.19,1,24.82
1803,60.16,green,observed,1.0,25.03,,green,0,-44.67,1,25.03
1806,60.26,green,observed,1.0,25.24,,green,0,-45.07,1,25.24
1809,60.36,green,observed,1.0,25.24,,green,0,-44.03,1,25.24
1812,60.46,green,observed,1.0,25.09,,green,0,-44.35,1,25.09
1815,60.56,green,observed,1.0,24.77,,green,0,-44.91,1,24.77
1818,60.661,green,observed,1.0,25.19,,green,0,-44.35,1,25.19
1821,60.761,green,observed,1.0,25.35,,green,0,-45.23,1,25.35
1824,60.861,green,observed,1.0,25.19,,green,0,-44.51,1,25.19
1827,60.961,green,observed,1.0,24.93,,green,0,-44.83,1,24.93
1830,61.061,green,observed,1.0,25.09,,green,0,-45.15,1,25.09
1833,61.161,green,observed,1.0,25.14,,green,0,-44.91,1,25.14
1836,61.261,green,observed,1.0,25.19,,green,0,-45.15,1,25.19
1839,61.361,green,observed,1.0,24.93,,green,0,-45.07,1,24.93
1842,61.461,green,observed,1.0,24.98,,green,0,-45.15,1,24.98
1845,61.562,green,observed,1.0,25.35,,green,0,-44.27,1,25.35
1848,61.662,green,observed,1.0,25.09,,green,0,-44.67,1,25.09
1851,61.762,green,observed,1.0,24.98,,green,0,-45.15,1,24.98
1854,61.862,green,observed,1.0,25.19,,green,0,-44.35,1,25.19
1857,61.962,green,observed,1.0,24.67,,green,0,-44.59,1,24.67
1860,62.062,green,observed,1.0,24.46,,green,0,-45.39,1,24.46
1863,62.162,green,observed,1.0,24.72,,green,0,-45.39,1,24.72
1866,62.262,green,observed,1.0,24.77,,green,0,-44.75,1,24.77
1869,62.362,green,observed,1.0,24.46,,green,0,-45.07,1,24.46
1872,62.462,green,observed,1.0,24.46,,green,0,-44.51,1,24.46
1875,62.562,green,observed,1.0,24.51,,green,0,-45.55,1,24.51
1878,62.663,green,observed,1.0,24.82,,green,0,-45.07,1,24.82
1881,62.763,green,observed,1.0,24.98,,green,0,-44.27,1,24.98
1884,62.863,green,observed,1.0,25.09,,green,0,-44.59,1,25.09
1887,62.963,green,observed,1.0,25.24,,green,0,-44.19,1,25.24
1890,63.063,green,observed,1.0,25.35,,green,0,-43.87,1,25.35
1893,63.163,green,observed,1.0,25.03,,green,0,-44.19,1,25.03
1896,63.263,green,observed,1.0,24.77,,green,0,-44.35,1,24.77
1899,63.363,green,observed,1.0,24.93,,green,0,-43.95,1,24.93
1902,63.463,green,observed,1.0,25.03,,green,0,-44.19,1,25.03
1905,63.564,green,observed,1.0,24.98,,green,0,-44.27,1,24.98
1908,63.664,green,observed,1.0,24.93,,green,0,-44.67,1,24.93
1911,63.764,green,observed,1.0,24.77,,green,0,-44.83,1,24.77
1914,63.864,green,observed,1.0,24.72,,green,0,-44.51,1,24.72
1917,63.964,green,observed,1.0,25.14,,green,0,-45.15,1,25.14
1920,64.064,green,observed,1.0,24.77,,green,0,-44.91,1,24.77
1923,64.164,green,observed,1.0,24.72,,green,0,-44.43,1,24.72
1926,64.264,green,observed,1.0,25.35,,green,0,-45.07,1,25.35
1929,64.364,green,observed,1.0,24.77,,green,0,-44.75,1,24.77
1932,64.464,green,observed,1.0,24.77,,green,0,-44.99,1,24.77
1935,64.564,green,observed,1.0,24.88,,green,0,-45.55,1,24.88
1938,64.665,green,observed,1.0,24.98,,green,0,-44.99,1,24.98
1941,64.765,green,observed,1.0,24.88,,green,0,-44.35,1,24.88
1944,64.865,green,observed,1.0,24.77,,green,0,-45.31,1,24.77
1947,64.965,green,observed,1.0,24.56,,green,0,-44.27,1,24.56
1950,65.065,green,observed,1.0,24.72,,green,0,-44.75,1,24.72
1953,65.165,green,observed,1.0,24.82,,green,0,-44.99,1,24.82
1956,65.265,green,observed,1.0,25.03,,green,0,-44.27,1,25.03
1959,65.365,green,observed,1.0,25.19,,green,0,-44.83,1,25.19
1962,65.465,green,observed,1.0,25.45,,green,0,-44.11,1,25.45
1965,65.566,green,observed,1.0,25.24,,green,0,-44.75,1,25.24
1968,65.666,green,observed,1.0,25.09,,green,0,-45.31,1,25.09
1971,65.766,green,observed,1.0,24.72,,green,0,-44.91,1,24.72
1974,65.866,green,observed,1.0,24.51,,green,0,-44.27,1,24.51
1977,65.966,green,observed,1.0,24.72,,green,0,-44.59,1,24.72
1980,66.066,green,observed,1.0,24.72,,green,0,-45.23,1,24.72
1983,66.166,green,observed,1.0,24.93,,green,0,-44.91,1,24.93
1986,66.266,green,observed,1.0,24.77,,green,0,-44.35,1,24.77
1989,66.366,green,observed,1.0,25.35,,green,0,-43.63,1,25.35
1992,66.466,green,observed,1.0,25.14,,green,0,-44.35,1,25.14
1995,66.566,green,observed,1.0,25.03,,green,0,-44.59,1,25.03
1998,66.667,green,observed,1.0,25.4,,green,0,-44.43,1,25.4
2001,66.767,green,observed,1.0,24.93,,green,0,-45.23,1,24.93
2004,66.867,green,observed,1.0,25.14,,green,0,-44.59,1,25.14
2007,66.967,green,observed,1.0,25.24,,green,0,-44.51,1,25.24
2010,67.067,green,observed,1.0,25.3,,green,0,-44.91,1,25.3
2013,67.167,green,observed,1.0,25.09,,green,0,-45.47,1,25.09
2016,67.267,green,observed,1.0,25.09,,green,0,-44.75,1,25.09
2019,67.367,green,observed,1.0,25.09,,green,0,-44.67,1,25.09
2022,67.467,green,observed,1.0,25.09,,green,0,-44.99,1,25.09
2025,67.568,green,observed,1.0,25.03,,green,0,-44.83,1,25.03
2028,67.668,green,observed,1.0,25.09,,green,0,-44.35,1,25.09
2031,67.768,green,observed,1.0,25.03,,green,0,-44.19,1,25.03
2034,67.868,green,observed,1.0,24.93,,green,0,-44.91,1,24.93
2037,67.968,green,observed,1.0,25.35,,green,0,-44.91,1,25.35
2040,68.068,green,observed,1.0,24.88,,green,0,-44.35,1,24.88
2043,68.168,green,observed,1.0,25.19,,green,0,-44.43,1,25.19
2046,68.268,green,observed,1.0,25.19,,green,0,-44.99,1,25.19
2049,68.368,green,observed,1.0,25.14,,green,0,-44.43,1,25.14
2052,68.468,green,observed,1.0,25.09,,green,0,-44.43,1,25.09
2055,68.568,green,observed,1.0,25.19,,green,0,-44.51,1,25.19
2058,68.669,green,observed,1.0,25.14,,green,0,-44.99,1,25.14
2061,68.769,green,observed,1.0,25.09,,green,0,-44.75,1,25.09
2064,68.869,green,observed,1.0,24.93,,green,0,-44.03,1,24.93
2067,68.969,green,observed,1.0,25.24,,green,0,-45.55,1,25.24
2070,69.069,green,observed,1.0,25.09,,green,0,-44.11,1,25.09
2073,69.169,green_blink,observed,1.0,24.72,,green_flash,0,-44.59,0,-24.72
2076,69.269,green_blink,observed,1.0,26.08,,green_flash,0,-44.03,0,-26.08
2079,69.369,green_blink,observed,1.0,25.82,,green_flash,0,-45.07,0,-25.82
2082,69.469,green_blink,observed,1.0,25.87,,green_flash,0,-44.83,0,-25.87
2085,69.57,green_blink,observed,1.0,25.56,,green_flash,0,-44.35,0,-25.56
2088,69.67,green_blink,observed,1.0,25.98,,green,0,-44.27,1,25.98
2091,69.77,green_blink,observed,1.0,26.08,,green,0,-44.99,1,26.08
2094,69.87,green_blink,observed,1.0,25.87,,green,0,-44.35,1,25.87
2097,69.97,green_blink,observed,1.0,25.77,,green,0,-44.83,1,25.77
2100,70.07,green_blink,observed,1.0,25.66,,green,0,-44.83,1,25.66
2103,70.17,green_blink,observed,1.0,25.87,,green_flash,0,-44.67,0,-25.87
2106,70.27,green_blink,observed,1.0,25.77,,green_flash,0,-44.67,0,-25.77
2109,70.37,green_blink,observed,1.0,25.93,,green_flash,0,-44.03,0,-25.93
2112,70.47,green_blink,observed,1.0,25.72,,green_flash,0,-44.27,0,-25.72
2115,70.57,green_blink,observed,1.0,25.51,,green_flash,0,-44.43,0,-25.51
2118,70.671,green_blink,observed,1.0,25.77,,green,0,-44.75,1,25.77
2121,70.771,green_blink,observed,1.0,25.51,,green,0,-44.35,1,25.51
2124,70.871,green_blink,observed,1.0,25.72,,green,0,-44.51,1,25.72
2127,70.971,green_blink,observed,1.0,25.56,,green,0,-44.51,1,25.56
2130,71.071,green_blink,observed,1.0,25.82,,green,0,-44.11,1,25.82
2133,71.171,green_blink,observed,1.0,25.24,,green_flash,0,-44.11,0,-25.24
2136,71.271,green_blink,observed,1.0,26.08,,green_flash,0,-44.35,0,-26.08
2139,71.371,green_blink,observed,1.0,26.19,,green_flash,0,-44.19,0,-26.19
2142,71.471,green_blink,observed,1.0,25.61,,green_flash,0,-44.11,0,-25.61
2145,71.572,green_blink,observed,1.0,25.98,,green_flash,0,-44.59,0,-25.98
2148,71.672,green_blink,observed,1.0,26.19,,green,0,-44.67,1,26.19
2151,71.772,green_blink,observed,1.0,25.87,,green,0,-44.19,1,25.87
2154,71.872,green_blink,observed,1.0,26.03,,green,0,-44.43,1,26.03
2157,71.972,green_blink,observed,1.0,26.14,,green,0,-44.35,1,26.14
2160,72.072,green_blink,observed,1.0,26.35,,green,0,-43.23,1,26.35
2163,72.172,red,observed,1.0,25.77,,red,1,44.19,0,-25.77
2166,72.272,red,observed,1.0,25.56,,red,1,44.27,0,-25.56
2169,72.372,red,observed,1.0,25.56,,red,1,43.71,0,-25.56
2172,72.472,red,observed,1.0,25.93,,red,1,43.55,0,-25.93
2175,72.572,red,observed,1.0,26.19,,red,1,43.39,0,-26.19
2178,72.673,red,observed,1.0,26.4,,red,1,43.55,0,-26.4
2181,72.773,red,observed,1.0,26.35,,red,1,43.71,0,-26.35
2184,72.873,red,observed,1.0,26.24,,red,1,43.63,0,-26.24
2187,72.973,red,observed,1.0,26.14,,red,1,43.07,0,-26.14
2190,73.073,red,observed,1.0,25.98,,red,1,43.95,0,-25.98
2193,73.173,red,observed,1.0,26.24,,red,1,43.87,0,-26.24
2196,73.273,red,observed,1.0,25.93,,red,1,43.87,0,-25.93
2199,73.373,red,observed,1.0,26.19,,red,1,43.47,0,-26.19
2202,73.473,red,observed,1.0,25.98,,red,1,44.03,0,-25.98
2205,73.574,red,observed,1.0,26.08,,red,1,43.15,0,-26.08
2208,73.674,red,observed,1.0,26.35,,red,1,44.67,0,-26.35
2211,73.774,red,observed,1.0,26.5,,red,1,43.39,0,-26.5
2214,73.874,red,observed,1.0,25.98,,red,1,43.79,0,-25.98
2217,73.974,red,observed,1.0,25.98,,red,1,43.55,0,-25.98
2220,74.074,red,observed,1.0,25.98,,red,1,44.11,0,-25.98
2223,74.174,red,observed,1.0,26.24,,red,1,43.63,0,-26.24
2226,74.274,red,observed,1.0,26.61,,red,1,44.19,0,-26.61
2229,74.374,red,observed,1.0,26.24,,red,1,44.27,0,-26.24
2232,74.474,red,observed,1.0,25.87,,red,1,43.95,0,-25.87
2235,74.574,red,observed,1.0,26.14,,red,1,44.43,0,-26.14
2238,74.675,red,observed,1.0,26.61,,red,1,44.59,0,-26.61
2241,74.775,red,observed,1.0,26.24,,red,1,44.51,0,-26.24
2244,74.875,red,observed,1.0,26.56,,red,1,44.19,0,-26.56
2247,74.975,red,observed,1.0,25.93,,red,1,43.79,0,-25.93
2250,75.075,red,observed,1.0,26.24,,red,1,43.79,0,-26.24
2253,75.175,red,observed,1.0,26.03,,red,1,43.79,0,-26.03
2256,75.275,red,observed,1.0,26.24,,red,1,44.75,0,-26.24
2259,75.375,red,observed,1.0,26.4,,red,1,44.43,0,-26.4
2262,75.475,red,observed,1.0,25.82,,red,1,44.43,0,-25.82
2265,75.576,red,observed,1.0,26.08,,red,1,45.15,0,-26.08
2268,75.676,red,observed,1.0,25.4,,red,1,44.19,0,-25.4
2271,75.776,red,observed,1.0,26.03,,red,1,44.75,0,-26.03
2274,75.876,red,observed,1.0,25.72,,red,1,44.51,0,-25.72
2277,75.976,red,observed,1.0,25.82,,red,1,43.71,0,-25.82
2280,76.076,red,observed,1.0,25.93,,red,1,44.91,0,-25.93
2283,76.176,red,observed,1.0,26.03,,red,1,44.43,0,-26.03
2286,76.276,red,observed,1.0,26.19,,red,1,44.91,0,-26.19
2289,76.376,red,observed,1.0,26.56,,red,1,45.07,0,-26.56
2292,76.476,red,observed,1.0,26.14,,red,1,44.75,0,-26.14
2295,76.576,red,observed,1.0,26.19,,red,1,44.83,0,-26.19
2298,76.677,red,observed,1.0,26.29,,red,1,44.91,0,-26.29
2301,76.777,red,observed,1.0,25.93,,red,1,45.23,0,-25.93
2304,76.877,red,observed,1.0,25.87,,red,1,45.15,0,-25.87
2307,76.977,red,observed,1.0,26.35,,red,1,44.03,0,-26.35
2310,77.077,red,observed,1.0,26.08,,red,1,45.47,0,-26.08
2313,77.177,red,observed,1.0,26.29,,red,1,44.43,0,-26.29
2316,77.277,red,observed,1.0,25.82,,red,1,44.99,0,-25.82
2319,77.377,red,observed,1.0,26.29,,red,1,44.43,0,-26.29
2322,77.477,red,observed,1.0,26.87,,red,1,45.39,0,-26.87
2325,77.578,red,observed,1.0,26.35,,red,1,44.67,0,-26.35
2328,77.678,red,observed,1.0,25.87,,red,1,44.03,0,-25.87
2331,77.778,red,observed,1.0,26.5,,red,1,44.83,0,-26.5
2334,77.878,red,observed,1.0,26.19,,red,1,44.75,0,-26.19
2337,77.978,red,observed,1.0,26.03,,red,1,44.75,0,-26.03
2340,78.078,red,observed,1.0,26.08,,red,1,44.51,0,-26.08
2343,78.178,red,observed,1.0,26.14,,red,1,44.75,0,-26.14
2346,78.278,red,observed,1.0,26.03,,red,1,45.07,0,-26.03
2349,78.378,red,observed,1.0,25.87,,red,1,44.67,0,-25.87
2352,78.478,red,observed,1.0,25.66,,red,1,44.91,0,-25.66
2355,78.578,red,observed,1.0,25.66,,red,1,44.67,0,-25.66
2358,78.679,red,observed,1.0,26.24,,red,1,44.19,0,-26.24
2361,78.779,red,observed,1.0,26.45,,red,1,44.91,0,-26.45
2364,78.879,red,observed,1.0,26.14,,red,1,44.43,0,-26.14
2367,78.979,red,observed,1.0,26.19,,red,1,44.27,0,-26.19
2370,79.079,red,observed,1.0,25.77,,red,1,44.75,0,-25.77
2373,79.179,red,observed,1.0,25.77,,red,1,44.03,0,-25.77
2376,79.279,red,observed,1.0,26.29,,red,1,43.95,0,-26.29
2379,79.379,red,observed,1.0,26.24,,red,1,44.19,0,-26.24
2382,79.479,red,observed,1.0,26.08,,red,1,43.95,0,-26.08
2385,79.58,red,observed,1.0,25.87,,red,1,43.87,0,-25.87
2388,79.68,red,observed,1.0,26.4,,red,1,43.55,0,-26.4
2391,79.78,red,observed,1.0,25.98,,red,1,44.51,0,-25.98
2394,79.88,red,observed,1.0,26.5,,red,1,44.59,0,-26.5
2397,79.98,red,observed,1.0,25.77,,red,1,44.75,0,-25.77
2400,80.08,red,observed,1.0,25.56,,red,1,45.47,0,-25.56
2403,80.18,red,observed,1.0,25.61,,red,1,44.91,0,-25.61
2406,80.28,red,observed,1.0,26.03,,red,1,44.59,0,-26.03
2409,80.38,red,observed,1.0,26.5,,red,1,45.07,0,-26.5
2412,80.48,red,observed,1.0,25.98,,red,1,44.83,0,-25.98
2415,80.58,red,observed,1.0,26.24,,red,1,45.31,0,-26.24
2418,80.681,red,observed,1.0,26.19,,red,1,45.07,0,-26.19
2421,80.781,red,observed,1.0,26.45,,red,1,44.99,0,-26.45
2424,80.881,red,observed,1.0,25.98,,red,1,44.99,0,-25.98
2427,80.981,red,observed,1.0,25.98,,red,1,45.15,0,-25.98
2430,81.081,red,observed,1.0,25.87,,red,1,44.83,0,-25.87
2433,81.181,red,observed,1.0,26.4,,red,1,44.27,0,-26.4
2436,81.281,red,observed,1.0,25.4,,red,1,44.99,0,-25.4
2439,81.381,red,observed,1.0,26.08,,red,1,44.59,0,-26.08
2442,81.481,red,observed,1.0,26.5,,red,1,44.51,0,-26.5
2445,81.582,red,observed,1.0,25.56,,red,1,44.27,0,-25.56
2448,81.682,red,observed,1.0,25.82,,red,1,44.35,0,-25.82
2451,81.782,red,observed,1.0,25.66,,red,1,43.47,0,-25.66
2454,81.882,red,observed,1.0,26.24,,red,1,44.27,0,-26.24
2457,81.982,red,observed,1.0,26.5,,red,1,44.27,0,-26.5
2460,82.082,red,observed,1.0,26.24,,red,1,44.03,0,-26.24
2463,82.182,red,observed,1.0,25.87,,red,1,43.79,0,-25.87
2466,82.282,red,observed,1.0,26.08,,red,1,43.95,0,-26.08
2469,82.382,red,observed,1.0,25.87,,red,1,43.63,0,-25.87
2472,82.482,red,observed,1.0,26.61,,red,1,43.07,0,-26.61
2475,82.582,red,observed,1.0,26.08,,red,1,43.87,0,-26.08
2478,82.683,red,observed,1.0,26.14,,red,1,43.31,0,-26.14
2481,82.783,red,observed,1.0,25.98,,red,1,44.19,0,-25.98
2484,82.883,red,observed,1.0,26.14,,red,1,43.63,0,-26.14
2487,82.983,red,observed,1.0,26.24,,red,1,43.39,0,-26.24
2490,83.083,red,observed,1.0,25.77,,red,1,44.51,0,-25.77
2493,83.183,red,observed,1.0,25.87,,red,1,44.67,0,-25.87
2496,83.283,red,observed,1.0,25.82,,red,1,44.35,0,-25.82
2499,83.383,red,observed,1.0,26.03,,red,1,44.11,0,-26.03
2502,83.483,red,observed,1.0,26.24,,red,1,43.71,0,-26.24
2505,83.584,red,observed,1.0,26.19,,red,1,43.63,0,-26.19
2508,83.684,red,observed,1.0,26.29,,red,1,44.35,0,-26.29
2511,83.784,red,observed,1.0,25.87,,red,1,43.79,0,-25.87
2514,83.884,red,observed,1.0,26.5,,red,1,44.35,0,-26.5
2517,83.984,red,observed,1.0,26.14,,red,1,44.43,0,-26.14
2520,84.084,red,observed,1.0,26.45,,red,1,43.87,0,-26.45
2523,84.184,red,observed,1.0,26.4,,red,1,43.71,0,-26.4
2526,84.284,red,observed,1.0,26.35,,red,1,43.79,0,-26.35
2529,84.384,red,observed,1.0,26.19,,red,1,43.95,0,-26.19
2532,84.484,red,observed,1.0,26.03,,red,1,43.39,0,-26.03
2535,84.584,red,observed,1.0,25.77,,red,1,43.63,0,-25.77
2538,84.685,red,observed,1.0,25.87,,red,1,44.27,0,-25.87
2541,84.785,red,observed,1.0,26.29,,red,1,43.63,0,-26.29
2544,84.885,red,observed,1.0,26.03,,red,1,44.03,0,-26.03
2547,84.985,red,observed,1.0,25.93,,red,1,44.27,0,-25.93
2550,85.085,red,observed,1.0,26.08,,red,1,43.47,0,-26.08
2553,85.185,red,observed,1.0,26.5,,red,1,43.95,0,-26.5
2556,85.285,red,observed,1.0,26.5,,red,1,43.95,0,-26.5
2559,85.385,red,observed,1.0,25.98,,red,1,43.87,0,-25.98
2562,85.485,red,observed,1.0,25.93,,red,1,43.87,0,-25.93
2565,85.586,red,observed,1.0,26.24,,red,1,43.63,0,-26.24
2568,85.686,red,observed,1.0,26.56,,red,1,43.31,0,-26.56
2571,85.786,red,observed,1.0,26.45,,red,1,43.55,0,-26.45
2574,85.886,red,observed,1.0,26.29,,red,1,44.11,0,-26.29
2577,85.986,red,observed,1.0,26.19,,red,1,43.79,0,-26.19
2580,86.086,red,observed,1.0,26.08,,red,1,42.99,0,-26.08
2583,86.186,red,observed,1.0,26.24,,red,1,43.87,0,-26.24
2586,86.286,red,observed,1.0,26.29,,red,1,42.91,0,-26.29
2589,86.386,red,observed,1.0,26.03,,red,1,43.55,0,-26.03
2592,86.486,red,observed,1.0,25.4,,red,1,43.55,0,-25.4
2595,86.586,red,observed,1.0,26.08,,red,1,43.23,0,-26.08
2598,86.687,red,observed,1.0,25.98,,red,1,43.79,0,-25.98
2601,86.787,red,observed,1.0,26.35,,red,1,44.35,0,-26.35
2604,86.887,red,observed,1.0,26.24,,red,1,44.35,0,-26.24
2607,86.987,red,observed,1.0,26.56,,red,1,43.55,0,-26.56
2610,87.087,red,observed,1.0,26.19,,red,1,43.71,0,-26.19
2613,87.187,red,observed,1.0,26.24,,red,1,43.71,0,-26.24
2616,87.287,red,observed,1.0,26.4,,red,1,43.63,0,-26.4
2619,87.387,red,observed,1.0,26.45,,red,1,43.23,0,-26.45
2622,87.487,red,observed,1.0,26.08,,red,1,43.47,0,-26.08
2625,87.588,red,observed,1.0,26.03,,red,1,43.87,0,-26.03
2628,87.688,red,observed,1.0,25.87,,red,1,43.95,0,-25.87
2631,87.788,red,observed,1.0,26.4,,red,1,43.47,0,-26.4
2634,87.888,red,observed,1.0,26.24,,red,1,43.39,0,-26.24
2637,87.988,red,observed,1.0,26.87,,red,1,43.31,0,-26.87
2640,88.088,red,observed,1.0,26.29,,red,1,42.59,0,-26.29
2643,88.188,red,observed,1.0,26.08,,red,1,43.15,0,-26.08
2646,88.288,red,observed,1.0,26.35,,red,1,42.44,0,-26.35
2649,88.388,red,observed,1.0,26.56,,red,1,43.47,0,-26.56
2652,88.488,red,observed,1.0,26.35,,red,1,43.55,0,-26.35
2655,88.588,red,observed,1.0,25.61,,red,1,43.95,0,-25.61
2658,88.689,red,observed,1.0,26.66,,red,1,43.39,0,-26.66
2661,88.789,red,observed,1.0,26.19,,red,1,43.63,0,-26.19
2664,88.889,red,observed,1.0,26.5,,red,1,43.55,0,-26.5
2667,88.989,red,observed,1.0,26.35,,red,1,43.39,0,-26.35
2670,89.089,red,observed,1.0,26.03,,red,1,42.36,0,-26.03
2673,89.189,red,observed,1.0,26.14,,red,1,42.99,0,-26.14
2676,89.289,red,observed,1.0,26.5,,red,1,43.71,0,-26.5
2679,89.389,red,observed,1.0,26.03,,red,1,43.87,0,-26.03
2682,89.489,red,observed,1.0,26.19,,red,1,44.03,0,-26.19
2685,89.59,red,observed,1.0,25.77,,red,1,44.19,0,-25.77
2688,89.69,red,observed,1.0,26.66,,red,1,43.79,0,-26.66
2691,89.79,red,observed,1.0,26.24,,red,1,44.03,0,-26.24
2694,89.89,red,observed,1.0,25.66,,red,1,43.71,0,-25.66
2697,89.99,red,observed,1.0,25.87,,red,1,43.71,0,-25.87
2700,90.09,red,observed,1.0,26.08,,red,1,44.59,0,-26.08
2703,90.19,red,observed,1.0,26.29,,red,1,44.43,0,-26.29
2706,90.29,red,observed,1.0,26.08,,red,1,44.35,0,-26.08
2709,90.39,red,observed,1.0,25.93,,red,1,44.51,0,-25.93
2712,90.49,red,observed,1.0,25.93,,red,1,43.63,0,-25.93
2715,90.59,red,observed,1.0,25.61,,red,1,43.47,0,-25.61
2718,90.691,red,observed,1.0,26.45,,red,1,43.95,0,-26.45
2721,90.791,red,observed,1.0,26.45,,red,1,43.87,0,-26.45
2724,90.891,red,observed,1.0,26.82,,red,1,43.95,0,-26.82
2727,90.991,red,observed,1.0,26.08,,red,1,44.03,0,-26.08
2730,91.091,red,observed,1.0,25.98,,red,1,43.79,0,-25.98
2733,91.191,red,observed,1.0,25.93,,red,1,43.23,0,-25.93
2736,91.291,red,observed,1.0,26.56,,red,1,43.87,0,-26.56
2739,91.391,red,observed,1.0,26.5,,red,1,43.95,0,-26.5
2742,91.491,red,observed,1.0,26.03,,red,1,43.87,0,-26.03
2745,91.592,red,observed,1.0,25.61,,red,1,43.87,0,-25.61
2748,91.692,red,observed,1.0,25.82,,red,1,44.43,0,-25.82
2751,91.792,red,observed,1.0,25.82,,red,1,44.19,0,-25.82
2754,91.892,red,observed,1.0,26.61,,red,1,44.75,0,-26.61
2757,91.992,red,observed,1.0,26.08,,red,1,43.79,0,-26.08
2760,92.092,red,observed,1.0,26.14,,red,1,44.19,0,-26.14
2763,92.192,red,observed,1.0,25.82,,red,1,43.23,0,-25.82
2766,92.292,red,observed,1.0,26.29,,red,1,43.63,0,-26.29
2769,92.392,red,observed,1.0,26.29,,red,1,43.07,0,-26.29
2772,92.492,red,observed,1.0,26.5,,red,1,43.55,0,-26.5
2775,92.592,red,observed,1.0,26.29,,red,1,43.79,0,-26.29
2778,92.693,red,observed,1.0,25.72,,red,1,44.11,0,-25.72
2781,92.793,red,observed,1.0,26.24,,red,1,43.39,0,-26.24
2784,92.893,red,observed,1.0,26.4,,red,1,43.23,0,-26.4
2787,92.993,red,observed,1.0,26.19,,red,1,43.23,0,-26.19
2790,93.093,red,observed,1.0,26.24,,red,1,43.87,0,-26.24
2793,93.193,red,observed,1.0,25.98,,red,1,43.55,0,-25.98
2796,93.293,red,observed,1.0,26.24,,red,1,43.63,0,-26.24
2799,93.393,red,observed,1.0,25.82,,red,1,43.87,0,-25.82
2802,93.493,red,observed,1.0,25.93,,red,1,43.23,0,-25.93
2805,93.594,red,observed,1.0,26.4,,red,1,43.55,0,-26.4
2808,93.694,red,observed,1.0,25.82,,red,1,44.51,0,-25.82
2811,93.794,red,observed,1.0,25.93,,red,1,43.63,0,-25.93
2814,93.894,red,observed,1.0,26.35,,red,1,43.47,0,-26.35
2817,93.994,red,observed,1.0,26.4,,red,1,43.39,0,-26.4
2820,94.094,red,observed,1.0,26.24,,red,1,43.07,0,-26.24
2823,94.194,red,observed,1.0,26.24,,red,1,43.87,0,-26.24
2826,94.294,red,observed,1.0,26.56,,red,1,44.03,0,-26.56
2829,94.394,red,observed,1.0,25.82,,red,1,43.63,0,-25.82
2832,94.494,red,observed,1.0,26.56,,red,1,43.23,0,-26.56
2835,94.594,red,observed,1.0,25.87,,red,1,43.95,0,-25.87
2838,94.695,red,observed,1.0,26.24,,red,1,43.63,0,-26.24
2841,94.795,red,observed,1.0,25.77,,red,1,43.55,0,-25.77
2844,94.895,red,observed,1.0,25.87,,red,1,43.23,0,-25.87
2847,94.995,red,observed,1.0,26.29,,red,1,43.95,0,-26.29
2850,95.095,red,observed,1.0,25.82,,red,1,44.27,0,-25.82
2853,95.195,red,observed,1.0,26.08,,red,1,44.03,0,-26.08
2856,95.295,red,observed,1.0,25.98,,red,1,43.55,0,-25.98
2859,95.395,red,observed,1.0,26.14,,red,1,43.87,0,-26.14
2862,95.495,red,observed,1.0,25.93,,red,1,43.95,0,-25.93
2865,95.596,red,observed,1.0,26.5,,red,1,43.47,0,-26.5
2868,95.696,red,observed,1.0,26.14,,red,1,44.03,0,-26.14
2871,95.796,red,observed,1.0,26.45,,red,1,43.71,0,-26.45
2874,95.896,red,observed,1.0,26.61,,red,1,43.31,0,-26.61
2877,95.996,red,observed,1.0,26.19,,red,1,44.19,0,-26.19
2880,96.096,red,observed,1.0,26.56,,red,1,43.55,0,-26.56
2883,96.196,red,observed,1.0,26.19,,red,1,43.39,0,-26.19
2886,96.296,red,observed,1.0,26.29,,red,1,43.47,0,-26.29
2889,96.396,red,observed,1.0,26.92,,red,1,43.87,0,-26.92
2892,96.496,red,observed,1.0,26.4,,red,1,43.39,0,-26.4
2895,96.596,red,observed,1.0,26.19,,red,1,43.23,0,-26.19
2898,96.697,red,observed,1.0,26.14,,red,1,44.19,0,-26.14
2901,96.797,red,observed,1.0,26.14,,red,1,43.55,0,-26.14
2904,96.897,red,observed,1.0,26.19,,red,1,43.63,0,-26.19
2907,96.997,red,observed,1.0,25.98,,red,1,43.15,0,-25.98
2910,97.097,red,observed,1.0,26.24,,red,1,43.55,0,-26.24
2913,97.197,red,observed,1.0,25.93,,red,1,43.87,0,-25.93
2916,97.297,red,observed,1.0,26.24,,red,1,42.67,0,-26.24
2919,97.397,red,observed,1.0,25.77,,red,1,43.63,0,-25.77
2922,97.497,red,observed,1.0,26.29,,red,1,43.55,0,-26.29
2925,97.598,red,observed,1.0,26.03,,red,1,43.87,0,-26.03
2928,97.698,red,observed,1.0,26.03,,red,1,43.47,0,-26.03
2931,97.798,red,observed,1.0,26.14,,red,1,43.39,0,-26.14
2934,97.898,red,observed,1.0,26.35,,red,1,43.79,0,-26.35
2937,97.998,red,observed,1.0,26.61,,red,1,43.23,0,-26.61
2940,98.098,red,observed,1.0,25.82,,red,1,43.79,0,-25.82
2943,98.198,red,observed,1.0,26.19,,red,1,43.71,0,-26.19
2946,98.298,red,observed,1.0,26.66,,red,1,44.11,0,-26.66
2949,98.398,red,observed,1.0,25.72,,red,1,44.03,0,-25.72
2952,98.498,red,observed,1.0,25.87,,red,1,44.11,0,-25.87
2955,98.598,red,observed,1.0,25.87,,red,1,44.19,0,-25.87
2958,98.699,red,observed,1.0,26.35,,red,1,43.95,0,-26.35
2961,98.799,red,observed,1.0,26.19,,red,1,43.95,0,-26.19
2964,98.899,red,observed,1.0,26.66,,red,1,43.39,0,-26.66
2967,98.999,red,observed,1.0,26.24,,red,1,43.79,0,-26.24
2970,99.099,red,observed,1.0,26.03,,red,1,43.31,0,-26.03
2973,99.199,red,observed,1.0,26.14,,red,1,42.83,0,-26.14
2976,99.299,red,observed,1.0,26.08,,red,1,43.39,0,-26.08
2979,99.399,red,observed,1.0,26.66,,red,1,43.47,0,-26.66
2982,99.499,red,observed,1.0,25.61,,red,1,42.75,0,-25.61
2985,99.6,red,observed,1.0,26.14,,red,1,43.47,0,-26.14
2988,99.7,red,observed,1.0,26.29,,red,1,43.55,0,-26.29
2991,99.8,red,observed,1.0,26.82,,red,1,43.87,0,-26.82
2994,99.9,red,observed,1.0,26.56,,red,1,43.39,0,-26.56
2997,100.0,red,observed,1.0,26.4,,red,1,43.79,0,-26.4
3000,100.1,red,observed,1.0,26.66,,red,1,43.63,0,-26.66
3003,100.2,red,observed,1.0,26.14,,red,1,43.39,0,-26.14
3006,100.3,red,observed,1.0,26.45,,red,1,43.55,0,-26.45
3009,100.4,red,observed,1.0,27.24,,red,1,43.79,0,-27.24
3012,100.5,red,observed,1.0,25.93,,red,1,43.79,0,-25.93
3015,100.6,red,observed,1.0,26.14,,red,1,42.83,0,-26.14
3018,100.701,red,observed,1.0,26.5,,red,1,43.15,0,-26.5
3021,100.801,red,observed,1.0,26.19,,red,1,43.71,0,-26.19
3024,100.901,red,observed,1.0,26.19,,red,1,43.39,0,-26.19
3027,101.001,red,observed,1.0,26.56,,red,1,43.39,0,-26.56
3030,101.101,red,observed,1.0,26.5,,red,1,43.95,0,-26.5
3033,101.201,red,observed,1.0,25.72,,red,1,43.47,0,-25.72
3036,101.301,red,observed,1.0,26.24,,red,1,43.71,0,-26.24
3039,101.401,red,observed,1.0,25.98,,red,1,44.03,0,-25.98
3042,101.501,red,observed,1.0,25.87,,red,1,44.43,0,-25.87
3045,101.602,red,observed,1.0,26.61,,red,1,44.75,0,-26.61
3048,101.702,red,observed,1.0,26.03,,red,1,43.87,0,-26.03
3051,101.802,red,observed,1.0,26.35,,red,1,43.79,0,-26.35
3054,101.902,red,observed,1.0,26.4,,red,1,43.87,0,-26.4
3057,102.002,red,observed,1.0,26.35,,red,1,44.11,0,-26.35
3060,102.102,red,observed,1.0,25.98,,red,1,44.19,0,-25.98
3063,102.202,red,observed,1.0,26.19,,red,1,44.27,0,-26.19
3066,102.302,red,observed,1.0,26.29,,red,1,44.43,0,-26.29
3069,102.402,red,observed,1.0,25.98,,red,1,44.43,0,-25.98
3072,102.502,red,observed,1.0,26.14,,red,1,43.95,0,-26.14
3075,102.602,red,observed,1.0,25.72,,red,1,43.95,0,-25.72
3078,102.703,red,observed,1.0,26.56,,red,1,43.63,0,-26.56
3081,102.803,red,observed,1.0,25.98,,red,1,43.07,0,-25.98
3084,102.903,red,observed,1.0,26.35,,red,1,43.79,0,-26.35
3087,103.003,red,observed,1.0,25.93,,red,1,43.47,0,-25.93
3090,103.103,red,observed,1.0,26.24,,red,1,43.95,0,-26.24
3093,103.203,red,observed,1.0,26.24,,red,1,44.51,0,-26.24
3096,103.303,red,observed,1.0,25.82,,red,1,44.27,0,-25.82
3099,103.403,red,observed,1.0,26.19,,red,1,44.35,0,-26.19
3102,103.503,red,observed,1.0,25.82,,red,1,44.11,0,-25.82
3105,103.604,red,observed,1.0,26.45,,red,1,43.79,0,-26.45
3108,103.704,red,observed,1.0,26.45,,red,1,44.27,0,-26.45
3111,103.804,red,observed,1.0,26.45,,red,1,42.83,0,-26.45
3114,103.904,red,observed,1.0,26.08,,red,1,43.79,0,-26.08
3117,104.004,red,observed,1.0,26.5,,red,1,43.71,0,-26.5
3120,104.104,red,observed,1.0,25.93,,red,1,43.87,0,-25.93
3123,104.204,red,observed,1.0,26.03,,red,1,43.71,0,-26.03
3126,104.304,red,observed,1.0,26.19,,red,1,43.47,0,-26.19
3129,104.404,red,observed,1.0,26.08,,red,1,43.47,0,-26.08
3132,104.504,red,observed,1.0,26.24,,red,1,43.71,0,-26.24
3135,104.604,red,observed,1.0,26.4,,red,1,43.47,0,-26.4
3138,104.705,red,observed,1.0,25.77,,red,1,44.35,0,-25.77
3141,104.805,red,observed,1.0,26.5,,red,1,43.55,0,-26.5
3144,104.905,red,observed,1.0,26.08,,red,1,43.55,0,-26.08
3147,105.005,red,observed,1.0,25.98,,red,1,43.95,0,-25.98
3150,105.105,red,observed,1.0,25.93,,red,1,43.87,0,-25.93
3153,105.205,red,observed,1.0,25.87,,red,1,43.31,0,-25.87
3156,105.305,red,observed,1.0,25.87,,red,1,44.11,0,-25.87
3159,105.405,red,observed,1.0,26.29,,red,1,44.03,0,-26.29
3162,105.505,red,observed,1.0,26.24,,red,1,43.39,0,-26.24
3165,105.606,red,observed,1.0,26.08,,red,1,42.83,0,-26.08
3168,105.706,red,observed,1.0,26.24,,red,1,43.47,0,-26.24
3171,105.806,red,observed,1.0,26.61,,red,1,44.27,0,-26.61
3174,105.906,red,observed,1.0,26.14,,red,1,43.87,0,-26.14
3177,106.006,red,observed,1.0,26.19,,red,1,42.83,0,-26.19
3180,106.106,red,observed,1.0,25.93,,red,1,42.75,0,-25.93
3183,106.206,red,observed,1.0,26.61,,red,1,42.59,0,-26.61
3186,106.306,red,observed,1.0,26.61,,red,1,43.15,0,-26.61
3189,106.406,red,observed,1.0,25.93,,red,1,44.51,0,-25.93
3192,106.506,red,observed,1.0,26.45,,red,1,43.23,0,-26.45
3195,106.606,red,observed,1.0,26.71,,red,1,44.03,0,-26.71
3198,106.707,red,observed,1.0,26.35,,red,1,44.43,0,-26.35
3201,106.807,red,observed,1.0,26.24,,red,1,43.15,0,-26.24
3204,106.907,red,observed,1.0,26.03,,red,1,43.39,0,-26.03
3207,107.007,red,observed,1.0,26.5,,red,1,43.15,0,-26.5
3210,107.107,red,observed,1.0,26.45,,red,1,43.15,0,-26.45
3213,107.207,red,observed,1.0,26.08,,red,1,42.99,0,-26.08
3216,107.307,red,observed,1.0,26.08,,red,1,43.23,0,-26.08
3219,107.407,red,observed,1.0,25.77,,red,1,43.95,0,-25.77
3222,107.507,red,observed,1.0,25.87,,red,1,43.07,0,-25.87
3225,107.608,red,observed,1.0,26.29,,red,1,43.31,0,-26.29
3228,107.708,red,observed,1.0,25.77,,red,1,43.71,0,-25.77
3231,107.808,red,observed,1.0,26.19,,red,1,44.03,0,-26.19
3234,107.908,red,observed,1.0,26.14,,red,1,43.95,0,-26.14
3237,108.008,red,observed,1.0,26.29,,red,1,43.31,0,-26.29
3240,108.108,red,observed,1.0,26.08,,red,1,44.11,0,-26.08
3243,108.208,red,observed,1.0,25.87,,red,1,44.35,0,-25.87
3246,108.308,red,observed,1.0,26.4,,red,1,43.87,0,-26.4
3249,108.408,red,observed,1.0,26.71,,red,1,44.35,0,-26.71
3252,108.508,red,observed,1.0,25.98,,red,1,44.19,0,-25.98
3255,108.608,red,observed,1.0,26.45,,red,1,44.11,0,-26.45
3258,108.709,red,observed,1.0,26.19,,red,1,44.19,0,-26.19
3261,108.809,red,observed,1.0,26.19,,red,1,44.43,0,-26.19
3264,108.909,red,observed,1.0,26.29,,red,1,44.19,0,-26.29
3267,109.009,red,observed,1.0,25.98,,red,1,43.87,0,-25.98
3270,109.109,red,observed,1.0,25.87,,red,1,43.07,0,-25.87
3273,109.209,red,observed,1.0,25.93,,red,1,43.47,0,-25.93
3276,109.309,red,observed,1.0,25.56,,red,1,43.71,0,-25.56
3279,109.409,red,observed,1.0,26.14,,red,1,43.87,0,-26.14
3282,109.509,red,observed,1.0,26.35,,red,1,43.15,0,-26.35
3285,109.61,red,observed,1.0,25.61,,red,1,43.63,0,-25.61
3288,109.71,red,observed,1.0,26.14,,red,1,43.55,0,-26.14
3291,109.81,red,observed,1.0,26.24,,red,1,44.43,0,-26.24
3294,109.91,red,observed,1.0,26.45,,red,1,45.07,0,-26.45
3297,110.01,red,observed,1.0,26.08,,red,1,44.35,0,-26.08
3300,110.11,red,observed,1.0,26.45,,red,1,43.79,0,-26.45
3303,110.21,red,observed,1.0,25.77,,red,1,43.23,0,-25.77
3306,110.31,red,observed,1.0,26.4,,red,1,44.03,0,-26.4
3309,110.41,red,observed,1.0,25.56,,red,1,43.07,0,-25.56
3312,110.51,red,observed,1.0,26.03,,red,1,43.71,0,-26.03
3315,110.61,red,observed,1.0,26.08,,red,1,43.63,0,-26.08
3318,110.711,red,observed,1.0,26.19,,red,1,43.55,0,-26.19
3321,110.811,red,observed,1.0,26.29,,red,1,43.23,0,-26.29
3324,110.911,red,observed,1.0,26.71,,red,1,43.95,0,-26.71
3327,111.011,red,observed,1.0,26.03,,red,1,44.43,0,-26.03
3330,111.111,red,observed,1.0,25.98,,red,1,44.11,0,-25.98
3333,111.211,red,observed,1.0,26.61,,red,1,43.39,0,-26.61
3336,111.311,red,observed,1.0,26.19,,red,1,43.79,0,-26.19
3339,111.411,red,observed,1.0,25.98,,red,1,43.87,0,-25.98
3342,111.511,red,observed,1.0,26.03,,red,1,44.75,0,-26.03
3345,111.612,red,observed,1.0,25.61,,red,1,44.51,0,-25.61
3348,111.712,red,observed,1.0,26.61,,red,1,44.03,0,-26.61
3351,111.812,red,observed,1.0,26.08,,red,1,44.03,0,-26.08
3354,111.912,red,observed,1.0,26.19,,red,1,43.79,0,-26.19
3357,112.012,red,observed,1.0,26.5,,red,1,44.59,0,-26.5
3360,112.112,red,observed,1.0,26.19,,red,1,44.43,0,-26.19
3363,112.212,red,observed,1.0,26.24,,red,1,44.43,0,-26.24
3366,112.312,red,observed,1.0,26.92,,red,1,44.27,0,-26.92
3369,112.412,red,observed,1.0,26.66,,red,1,44.43,0,-26.66
3372,112.512,red,observed,1.0,26.08,,red,1,44.35,0,-26.08
3375,112.612,red,observed,1.0,26.35,,red,1,45.47,0,-26.35
3378,112.713,red,observed,1.0,25.98,,red,1,44.51,0,-25.98
3381,112.813,red,observed,1.0,25.82,,red,1,44.43,0,-25.82
3384,112.913,red,observed,1.0,26.29,,red,1,44.59,0,-26.29
3387,113.013,red,observed,1.0,26.08,,red,1,44.27,0,-26.08
3390,113.113,red,observed,1.0,26.03,,red,1,44.59,0,-26.03
3393,113.213,red,observed,1.0,26.19,,red,1,44.35,0,-26.19
3396,113.313,red,observed,1.0,26.24,,red,1,44.83,0,-26.24
3399,113.413,red,observed,1.0,26.56,,red,1,44.59,0,-26.56
3402,113.513,red,observed,1.0,26.14,,red,1,44.27,0,-26.14
3405,113.614,red,observed,1.0,26.35,,red,1,44.83,0,-26.35
3408,113.714,red,observed,1.0,25.93,,red,1,43.47,0,-25.93
3411,113.814,red,observed,1.0,26.08,,red,1,43.47,0,-26.08
3414,113.914,red,observed,1.0,25.87,,red,1,43.63,0,-25.87
3417,114.014,red,observed,1.0,25.98,,red,1,43.87,0,-25.98
3420,114.114,red,observed,1.0,26.08,,red,1,43.79,0,-26.08
3423,114.214,red,observed,1.0,26.24,,red,1,43.87,0,-26.24
3426,114.314,red,observed,1.0,26.29,,red,1,44.51,0,-26.29
3429,114.414,red,observed,1.0,25.56,,red,1,43.31,0,-25.56
3432,114.514,red,observed,1.0,26.4,,red,1,43.55,0,-26.4
3435,114.614,red,observed,1.0,26.14,,red,1,44.83,0,-26.14
3438,114.715,red,observed,1.0,25.77,,red,1,43.95,0,-25.77
3441,114.815,red,observed,1.0,26.66,,red,1,44.03,0,-26.66
3444,114.915,red,observed,1.0,25.82,,red,1,44.03,0,-25.82
3447,115.015,red,observed,1.0,26.24,,red,1,43.71,0,-26.24
3450,115.115,red,observed,1.0,26.4,,red,1,44.27,0,-26.4
3453,115.215,red,observed,1.0,26.61,,red,1,44.43,0,-26.61
3456,115.315,red,observed,1.0,26.19,,red,1,44.67,0,-26.19
3459,115.415,red,observed,1.0,26.5,,red,1,44.19,0,-26.5
3462,115.515,red,observed,1.0,26.66,,red,1,44.59,0,-26.66
3465,115.616,red,observed,1.0,25.93,,red,1,43.23,0,-25.93
3468,115.716,red,observed,1.0,26.03,,red,1,44.75,0,-26.03
3471,115.816,red,observed,1.0,25.24,,red,1,45.07,0,-25.24
3474,115.916,red,observed,1.0,25.87,,red,1,43.39,0,-25.87
3477,116.016,red,observed,1.0,25.77,,red,1,43.87,0,-25.77
3480,116.116,red,observed,1.0,26.24,,red,1,43.95,0,-26.24
3483,116.216,red,observed,1.0,26.08,,red,1,44.11,0,-26.08
3486,116.316,red,observed,1.0,26.03,,red,1,44.59,0,-26.03
3489,116.416,red,observed,1.0,26.24,,red,1,43.95,0,-26.24
3492,116.516,red,observed,1.0,26.24,,red,1,44.67,0,-26.24
3495,116.616,red,observed,1.0,26.4,,red,1,44.67,0,-26.4
3498,116.717,red,observed,1.0,25.66,,red,1,43.87,0,-25.66
3501,116.817,red,observed,1.0,26.08,,red,1,43.07,0,-26.08
3504,116.917,red,observed,1.0,26.35,,red,1,43.79,0,-26.35
3507,117.017,red,observed,1.0,26.5,,red,1,44.19,0,-26.5
3510,117.117,unknown,low_confidence,1.0,22.36,unclear_lamp_combination,unclear,1,22.41,1,22.36
3513,117.217,green,observed,1.0,25.56,,green,0,-41.96,1,25.56
3516,117.317,green,observed,1.0,25.35,,green,0,-43.31,1,25.35
3519,117.417,green,observed,1.0,25.35,,green,0,-44.51,1,25.35
3522,117.517,green,observed,1.0,25.51,,green,0,-44.35,1,25.51
3525,117.618,green,observed,1.0,25.35,,green,0,-44.35,1,25.35
3528,117.718,green,observed,1.0,25.3,,green,0,-44.11,1,25.3
3531,117.818,green,observed,1.0,25.14,,green,0,-44.19,1,25.14
3534,117.918,green,observed,1.0,25.35,,green,0,-44.27,1,25.35
3537,118.018,green,observed,1.0,25.03,,green,0,-43.71,1,25.03
3540,118.118,green,observed,1.0,25.24,,green,0,-44.43,1,25.24
3543,118.218,green,observed,1.0,25.14,,green,0,-44.35,1,25.14
3546,118.318,green,observed,1.0,25.3,,green,0,-44.67,1,25.3
3549,118.418,green,observed,1.0,24.88,,green,0,-44.43,1,24.88
3552,118.518,green,observed,1.0,24.88,,green,0,-44.35,1,24.88
3555,118.618,green,observed,1.0,24.77,,green,0,-44.27,1,24.77
3558,118.719,green,observed,1.0,24.82,,green,0,-44.91,1,24.82
3561,118.819,green,observed,1.0,24.93,,green,0,-44.67,1,24.93
3564,118.919,green,observed,1.0,24.88,,green,0,-44.11,1,24.88
3567,119.019,green,observed,1.0,24.98,,green,0,-44.51,1,24.98
3570,119.119,green,observed,1.0,25.24,,green,0,-44.51,1,25.24
3573,119.219,green,observed,1.0,24.77,,green,0,-44.59,1,24.77
3576,119.319,green,observed,1.0,25.3,,green,0,-44.43,1,25.3
3579,119.419,green,observed,1.0,24.98,,green,0,-44.67,1,24.98
3582,119.519,green,observed,1.0,25.24,,green,0,-44.99,1,25.24
3585,119.62,green,observed,1.0,25.24,,green,0,-45.39,1,25.24
3588,119.72,green,observed,1.0,24.88,,green,0,-44.35,1,24.88
3591,119.82,green,observed,1.0,25.24,,green,0,-44.03,1,25.24
3594,119.92,green,observed,1.0,25.03,,green,0,-44.11,1,25.03
3597,120.02,green,observed,1.0,25.4,,green,0,-44.27,1,25.4
3600,120.12,green,observed,1.0,25.09,,green,0,-44.59,1,25.09
3603,120.22,green,observed,1.0,25.03,,green,0,-44.91,1,25.03
3606,120.32,green,observed,1.0,25.19,,green,0,-44.59,1,25.19
3609,120.42,green,observed,1.0,25.09,,green,0,-44.67,1,25.09
3612,120.52,green,observed,1.0,25.09,,green,0,-44.59,1,25.09
3615,120.62,green,observed,1.0,25.3,,green,0,-44.51,1,25.3
3618,120.721,green,observed,1.0,25.35,,green,0,-44.67,1,25.35
3621,120.821,green,observed,1.0,25.24,,green,0,-44.51,1,25.24
3624,120.921,green,observed,1.0,25.35,,green,0,-44.03,1,25.35
3627,121.021,green,observed,1.0,25.61,,green,0,-44.27,1,25.61
3630,121.121,green,observed,1.0,25.82,,green,0,-44.59,1,25.82
3633,121.221,green,observed,1.0,25.93,,green,0,-44.19,1,25.93
3636,121.321,green,observed,1.0,25.82,,green,0,-44.03,1,25.82
3639,121.421,green,observed,1.0,25.66,,green,0,-44.75,1,25.66
3642,121.521,green,observed,1.0,25.72,,green,0,-44.59,1,25.72
3645,121.622,green,observed,1.0,25.82,,green,0,-45.15,1,25.82
3648,121.722,green,observed,1.0,25.87,,green,0,-45.15,1,25.87
3651,121.822,green,observed,1.0,25.66,,green,0,-45.31,1,25.66
3654,121.922,green,observed,1.0,26.14,,green,0,-45.07,1,26.14
3657,122.022,green,observed,1.0,25.98,,green,0,-44.75,1,25.98
3660,122.122,green,observed,1.0,25.87,,green,0,-44.67,1,25.87
3663,122.222,green,observed,1.0,25.87,,green,0,-44.59,1,25.87
3666,122.322,green,observed,1.0,25.82,,green,0,-44.75,1,25.82
3669,122.422,green,observed,1.0,25.35,,green,0,-43.95,1,25.35
3672,122.522,green,observed,1.0,26.4,,green,0,-44.35,1,26.4
3675,122.622,green,observed,1.0,26.08,,green,0,-44.99,1,26.08
3678,122.723,green,observed,1.0,26.35,,green,0,-44.27,1,26.35
3681,122.823,green,observed,1.0,26.03,,green,0,-44.59,1,26.03
3684,122.923,green,observed,1.0,25.93,,green,0,-44.35,1,25.93
3687,123.023,green,observed,1.0,26.24,,green,0,-44.43,1,26.24
3690,123.123,green,observed,1.0,25.87,,green,0,-43.79,1,25.87
3693,123.223,green,observed,1.0,25.72,,green,0,-44.35,1,25.72
3696,123.323,green,observed,1.0,25.98,,green,0,-44.35,1,25.98
3699,123.423,green,observed,1.0,25.98,,green,0,-43.95,1,25.98
3702,123.523,green,observed,1.0,25.93,,green,0,-44.03,1,25.93
3705,123.624,green,observed,1.0,25.82,,green,0,-44.67,1,25.82
3708,123.724,green,observed,1.0,25.56,,green,0,-44.27,1,25.56
3711,123.824,green,observed,1.0,25.72,,green,0,-43.55,1,25.72
3714,123.924,green,observed,1.0,25.66,,green,0,-44.03,1,25.66
3717,124.024,green,observed,1.0,25.98,,green,0,-43.95,1,25.98
3720,124.124,green,observed,1.0,26.14,,green,0,-44.67,1,26.14
3723,124.224,green,observed,1.0,25.98,,green,0,-43.79,1,25.98
3726,124.324,green,observed,1.0,25.82,,green,0,-43.71,1,25.82
3729,124.424,green,observed,1.0,25.56,,green,0,-44.19,1,25.56
3732,124.524,green,observed,1.0,25.98,,green,0,-43.95,1,25.98
3735,124.624,green,observed,1.0,26.03,,green,0,-43.87,1,26.03
3738,124.725,green,observed,1.0,25.87,,green,0,-45.07,1,25.87
3741,124.825,green,observed,1.0,25.82,,green,0,-43.95,1,25.82
3744,124.925,green,observed,1.0,25.24,,green,0,-44.83,1,25.24
3747,125.025,green,observed,1.0,25.4,,green,0,-44.67,1,25.4
3750,125.125,green,observed,1.0,25.19,,green,0,-44.03,1,25.19
3753,125.225,green,observed,1.0,24.98,,green,0,-44.27,1,24.98
3756,125.325,green,observed,1.0,25.24,,green,0,-43.55,1,25.24
3759,125.425,green,observed,1.0,24.98,,green,0,-44.03,1,24.98
3762,125.525,green,observed,1.0,26.19,,green,0,-44.27,1,26.19
3765,125.626,green,observed,1.0,25.45,,green,0,-43.23,1,25.45
3768,125.726,green,observed,1.0,25.3,,green,0,-43.87,1,25.3
3771,125.826,green,observed,1.0,25.56,,green,0,-44.51,1,25.56
3774,125.926,green,observed,1.0,25.19,,green,0,-43.79,1,25.19
3777,126.026,green,observed,1.0,25.72,,green,0,-43.55,1,25.72
3780,126.126,green,observed,1.0,25.09,,green,0,-45.31,1,25.09
3783,126.226,green,observed,1.0,25.24,,green,0,-45.31,1,25.24
3786,126.326,green,observed,1.0,25.24,,green,0,-44.59,1,25.24
3789,126.426,green,observed,1.0,25.24,,green,0,-44.51,1,25.24
3792,126.526,green,observed,1.0,25.14,,green,0,-44.99,1,25.14
3795,126.626,green,observed,1.0,25.45,,green,0,-44.03,1,25.45
3798,126.727,green,observed,1.0,25.19,,green,0,-43.63,1,25.19
3801,126.827,green,observed,1.0,25.14,,green,0,-44.19,1,25.14
3804,126.927,green,observed,1.0,25.82,,green,0,-44.99,1,25.82
3807,127.027,green,observed,1.0,25.56,,green,0,-44.19,1,25.56
3810,127.127,green,observed,1.0,25.93,,green,0,-44.19,1,25.93
3813,127.227,green,observed,1.0,25.61,,green,0,-43.87,1,25.61
3816,127.327,green,observed,1.0,25.61,,green,0,-44.35,1,25.61
3819,127.427,green,observed,1.0,25.56,,green,0,-44.51,1,25.56
3822,127.527,green,observed,1.0,25.45,,green,0,-43.95,1,25.45
3825,127.628,green,observed,1.0,25.4,,green,0,-43.71,1,25.4
3828,127.728,green,observed,1.0,25.35,,green,0,-44.75,1,25.35
3831,127.828,green,observed,1.0,25.35,,green,0,-44.11,1,25.35
3834,127.928,green,observed,1.0,25.61,,green,0,-44.27,1,25.61
3837,128.028,green,observed,1.0,25.56,,green,0,-44.67,1,25.56
3840,128.128,green,observed,1.0,25.4,,green,0,-45.07,1,25.4
3843,128.228,green,observed,1.0,25.4,,green,0,-44.27,1,25.4
3846,128.328,green,observed,1.0,25.45,,green,0,-44.75,1,25.45
3849,128.428,green,observed,1.0,25.72,,green,0,-44.51,1,25.72
3852,128.528,green,observed,1.0,25.72,,green,0,-44.75,1,25.72
3855,128.628,green,observed,1.0,25.72,,green,0,-44.59,1,25.72
3858,128.729,green,observed,1.0,25.56,,green,0,-44.67,1,25.56
3861,128.829,green,observed,1.0,26.29,,green,0,-44.67,1,26.29
3864,128.929,green,observed,1.0,25.4,,green,0,-45.23,1,25.4
3867,129.029,green,observed,1.0,25.93,,green,0,-45.07,1,25.93
3870,129.129,green,observed,1.0,25.72,,green,0,-44.35,1,25.72
3873,129.229,green,observed,1.0,25.61,,green,0,-43.95,1,25.61
3876,129.329,green,observed,1.0,26.03,,green,0,-44.03,1,26.03
3879,129.429,green,observed,1.0,25.45,,green,0,-45.23,1,25.45
3882,129.529,green,observed,1.0,25.72,,green,0,-44.83,1,25.72
3885,129.63,green,observed,1.0,26.19,,green,0,-44.67,1,26.19
3888,129.73,green,observed,1.0,26.29,,green,0,-45.31,1,26.29
3891,129.83,green,observed,1.0,25.87,,green,0,-45.15,1,25.87
3894,129.93,green,observed,1.0,25.61,,green,0,-44.27,1,25.61
3897,130.03,green,observed,1.0,26.19,,green,0,-44.19,1,26.19
3900,130.13,green,observed,1.0,25.82,,green,0,-44.91,1,25.82
3903,130.23,green,observed,1.0,26.29,,green,0,-44.91,1,26.29
3906,130.33,green,observed,1.0,26.24,,green,0,-44.11,1,26.24
3909,130.43,green,observed,1.0,26.29,,green,0,-44.27,1,26.29
3912,130.53,green,observed,1.0,26.19,,green,0,-44.35,1,26.19
3915,130.631,green,observed,1.0,26.4,,green,0,-44.83,1,26.4
3918,130.731,green,observed,1.0,26.61,,green,0,-43.71,1,26.61
3921,130.831,green,observed,1.0,26.35,,green,0,-44.67,1,26.35
3924,130.931,green,observed,1.0,26.4,,green,0,-44.51,1,26.4
3927,131.031,green,observed,1.0,26.24,,green,0,-44.43,1,26.24
3930,131.131,green,observed,1.0,25.93,,green,0,-45.07,1,25.93
3933,131.231,green,observed,1.0,26.45,,green,0,-44.91,1,26.45
3936,131.331,green,observed,1.0,26.4,,green,0,-44.51,1,26.4
3939,131.431,green,observed,1.0,26.35,,green,0,-44.99,1,26.35
3942,131.531,green,observed,1.0,26.24,,green,0,-44.27,1,26.24
3945,131.632,green,observed,1.0,26.5,,green,0,-44.91,1,26.5
3948,131.732,green,observed,1.0,26.71,,green,0,-44.11,1,26.71
3951,131.832,green,observed,1.0,26.45,,green,0,-44.43,1,26.45
3954,131.932,green,observed,1.0,26.29,,green,0,-44.91,1,26.29
3957,132.032,green,observed,1.0,26.5,,green,0,-45.23,1,26.5
3960,132.132,green,observed,1.0,27.5,,green,0,-44.91,1,27.5
3963,132.232,green,observed,1.0,28.34,,green,0,-45.15,1,28.34
3966,132.332,green,observed,1.0,27.34,,green,0,-44.91,1,27.34
3969,132.432,green,observed,1.0,26.56,,green,0,-44.99,1,26.56
3972,132.532,green,observed,1.0,26.5,,green,0,-44.75,1,26.5
3975,132.632,green,observed,1.0,26.61,,green,0,-45.07,1,26.61
3978,132.733,green,observed,1.0,25.61,,green,0,-45.47,1,25.61
3981,132.833,green,observed,1.0,25.66,,green,0,-44.99,1,25.66
3984,132.933,green,observed,1.0,25.98,,green,0,-45.55,1,25.98
3987,133.033,green,observed,1.0,26.03,,green,0,-44.35,1,26.03
3990,133.133,green,observed,1.0,26.03,,green,0,-44.27,1,26.03
3993,133.233,green,observed,1.0,26.19,,green,0,-44.59,1,26.19
3996,133.333,green,observed,1.0,25.66,,green,0,-43.71,1,25.66
3999,133.433,green,observed,1.0,25.66,,green,0,-44.75,1,25.66
4002,133.533,green,observed,1.0,25.98,,green,0,-44.83,1,25.98
4005,133.634,green,observed,1.0,25.56,,green,0,-45.39,1,25.56
4008,133.734,green,observed,1.0,25.93,,green,0,-44.83,1,25.93
4011,133.834,green,observed,1.0,25.87,,green,0,-44.03,1,25.87
4014,133.934,green,observed,1.0,25.66,,green,0,-44.51,1,25.66
4017,134.034,green,observed,1.0,25.51,,green,0,-44.11,1,25.51
4020,134.134,green,observed,1.0,25.72,,green,0,-44.91,1,25.72
4023,134.234,green,observed,1.0,25.56,,green,0,-44.67,1,25.56
4026,134.334,green,observed,1.0,25.72,,green,0,-44.43,1,25.72
4029,134.434,green,observed,1.0,25.4,,green,0,-44.03,1,25.4
4032,134.534,green,observed,1.0,25.45,,green,0,-45.15,1,25.45
4035,134.634,green,observed,1.0,25.4,,green,0,-44.51,1,25.4
4038,134.735,green,observed,1.0,25.3,,green,0,-44.83,1,25.3
4041,134.835,green,observed,1.0,25.61,,green,0,-44.19,1,25.61
4044,134.935,green,observed,1.0,25.3,,green,0,-44.83,1,25.3
4047,135.035,green,observed,1.0,25.45,,green,0,-44.11,1,25.45
4050,135.135,green,observed,1.0,25.35,,green,0,-44.19,1,25.35
4053,135.235,green,observed,1.0,25.4,,green,0,-44.03,1,25.4
4056,135.335,green,observed,1.0,25.45,,green,0,-44.59,1,25.45
4059,135.435,green,observed,1.0,25.4,,green,0,-44.67,1,25.4
4062,135.535,green,observed,1.0,25.09,,green,0,-43.95,1,25.09
4065,135.636,green,observed,1.0,25.4,,green,0,-44.51,1,25.4
4068,135.736,green,observed,1.0,25.4,,green,0,-44.67,1,25.4
4071,135.836,green,observed,1.0,25.45,,green,0,-44.59,1,25.45
4074,135.936,green,observed,1.0,24.98,,green,0,-45.39,1,24.98
4077,136.036,green,observed,1.0,25.3,,green,0,-45.15,1,25.3
4080,136.136,green,observed,1.0,25.51,,green,0,-44.27,1,25.51
4083,136.236,green,observed,1.0,25.4,,green,0,-45.07,1,25.4
4086,136.336,green,observed,1.0,25.61,,green,0,-44.27,1,25.61
4089,136.436,green,observed,1.0,26.08,,green,0,-44.27,1,26.08
4092,136.536,green,observed,1.0,25.4,,green,0,-44.27,1,25.4
4095,136.636,green,observed,1.0,25.82,,green,0,-44.75,1,25.82
4098,136.737,green,observed,1.0,25.66,,green,0,-44.59,1,25.66
4101,136.837,green,observed,1.0,26.03,,green,0,-43.87,1,26.03
4104,136.937,green,observed,1.0,25.56,,green,0,-44.35,1,25.56
4107,137.037,green,observed,1.0,25.51,,green,0,-44.59,1,25.51
4110,137.137,green,observed,1.0,25.82,,green,0,-44.03,1,25.82
4113,137.237,green,observed,1.0,25.77,,green,0,-43.79,1,25.77
4116,137.337,green,observed,1.0,25.61,,green,0,-44.19,1,25.61
4119,137.437,green,observed,1.0,26.03,,green,0,-44.99,1,26.03
4122,137.537,green,observed,1.0,25.98,,green,0,-43.95,1,25.98
4125,137.638,green,observed,1.0,25.93,,green,0,-44.59,1,25.93
4128,137.738,green,observed,1.0,25.45,,green,0,-44.27,1,25.45
4131,137.838,green,observed,1.0,25.77,,green,0,-43.79,1,25.77
4134,137.938,green,observed,1.0,25.77,,green,0,-43.87,1,25.77
4137,138.038,green,observed,1.0,26.29,,green,0,-44.27,1,26.29
4140,138.138,green,observed,1.0,26.08,,green,0,-44.75,1,26.08
4143,138.238,green,observed,1.0,26.19,,green,0,-44.43,1,26.19
4146,138.338,green,observed,1.0,26.19,,green,0,-44.59,1,26.19
4149,138.438,green,observed,1.0,26.45,,green,0,-45.07,1,26.45
4152,138.538,green,observed,1.0,26.14,,green,0,-44.75,1,26.14
4155,138.638,green,observed,1.0,26.61,,green,0,-43.87,1,26.61
4158,138.739,green,observed,1.0,26.14,,green,0,-44.99,1,26.14
4161,138.839,green,observed,1.0,26.35,,green,0,-44.03,1,26.35
4164,138.939,green,observed,1.0,26.45,,green,0,-44.83,1,26.45
4167,139.039,green,observed,1.0,25.98,,green,0,-44.99,1,25.98
4170,139.139,green,observed,1.0,26.29,,green,0,-43.71,1,26.29
4173,139.239,green,observed,1.0,26.5,,green,0,-44.19,1,26.5
4176,139.339,green,observed,1.0,26.4,,green,0,-43.95,1,26.4
4179,139.439,green,observed,1.0,26.56,,green,0,-43.63,1,26.56
4182,139.539,green,observed,1.0,26.19,,green,0,-43.87,1,26.19
4185,139.64,green,observed,1.0,26.14,,green,0,-43.55,1,26.14
4188,139.74,green,observed,1.0,26.4,,green,0,-45.07,1,26.4
4191,139.84,green,observed,1.0,26.56,,green,0,-43.87,1,26.56
4194,139.94,green,observed,1.0,26.61,,green,0,-44.03,1,26.61
4197,140.04,green,observed,1.0,26.66,,green,0,-44.27,1,26.66
4200,140.14,green,observed,1.0,26.61,,green,0,-43.87,1,26.61
4203,140.24,green,observed,1.0,26.35,,green,0,-43.71,1,26.35
4206,140.34,green,observed,1.0,26.4,,green,0,-43.23,1,26.4
4209,140.44,green,observed,1.0,26.03,,green,0,-43.55,1,26.03
4212,140.54,green,observed,1.0,26.56,,green,0,-44.19,1,26.56
4215,140.64,green,observed,1.0,26.66,,green,0,-44.27,1,26.66
4218,140.741,green,observed,1.0,26.35,,green,0,-44.27,1,26.35
4221,140.841,green,observed,1.0,26.5,,green,0,-44.35,1,26.5
4224,140.941,green,observed,1.0,26.35,,green,0,-44.51,1,26.35
4227,141.041,green,observed,1.0,26.24,,green,0,-44.91,1,26.24
4230,141.141,green,observed,1.0,26.29,,green,0,-43.63,1,26.29
4233,141.241,green,observed,1.0,26.14,,green,0,-43.87,1,26.14
4236,141.341,green,observed,1.0,26.61,,green,0,-43.87,1,26.61
4239,141.441,green,observed,1.0,26.14,,green,0,-43.47,1,26.14
4242,141.541,green,observed,1.0,26.08,,green,0,-43.55,1,26.08
4245,141.642,green,observed,1.0,26.24,,green,0,-44.19,1,26.24
4248,141.742,green,observed,1.0,26.35,,green,0,-44.03,1,26.35
4251,141.842,green,observed,1.0,26.24,,green,0,-43.15,1,26.24
4254,141.942,green,observed,1.0,26.14,,green,0,-44.11,1,26.14
4257,142.042,green,observed,1.0,26.14,,green,0,-44.03,1,26.14
4260,142.142,green,observed,1.0,26.29,,green,0,-45.47,1,26.29
4263,142.242,green,observed,1.0,26.24,,green,0,-45.15,1,26.24
4266,142.342,green,observed,1.0,26.35,,green,0,-44.91,1,26.35
4269,142.442,green,observed,1.0,26.19,,green,0,-45.07,1,26.19
4272,142.542,green,observed,1.0,26.03,,green,0,-45.15,1,26.03
4275,142.642,green,observed,1.0,26.19,,green,0,-44.91,1,26.19
4278,142.743,green,observed,1.0,25.87,,green,0,-43.79,1,25.87
4281,142.843,green,observed,1.0,25.98,,green,0,-44.03,1,25.98
4284,142.943,green,observed,1.0,26.08,,green,0,-44.27,1,26.08
4287,143.043,green,observed,1.0,25.87,,green,0,-44.83,1,25.87
4290,143.143,green,observed,1.0,25.87,,green,0,-44.11,1,25.87
4293,143.243,green,observed,1.0,25.93,,green,0,-44.67,1,25.93
4296,143.343,green,observed,1.0,25.87,,green,0,-43.39,1,25.87
4299,143.443,green,observed,1.0,25.93,,green,0,-44.43,1,25.93
4302,143.543,green,observed,1.0,25.72,,green,0,-44.75,1,25.72
4305,143.644,green,observed,1.0,25.51,,green,0,-44.27,1,25.51
4308,143.744,green,observed,1.0,26.24,,green,0,-45.07,1,26.24
4311,143.844,green,observed,1.0,25.72,,green,0,-44.43,1,25.72
4314,143.944,green,observed,1.0,25.98,,green,0,-44.51,1,25.98
4317,144.044,green,observed,1.0,25.93,,green,0,-45.15,1,25.93
4320,144.144,green,observed,1.0,25.61,,green,0,-44.19,1,25.61
4323,144.244,green,observed,1.0,25.77,,green,0,-44.03,1,25.77
4326,144.344,green,observed,1.0,25.77,,green,0,-44.51,1,25.77
4329,144.444,green,observed,1.0,25.35,,green,0,-43.63,1,25.35
4332,144.544,green,observed,1.0,25.56,,green,0,-43.79,1,25.56
4335,144.644,green,observed,1.0,25.72,,green,0,-44.43,1,25.72
4338,144.745,green,observed,1.0,25.51,,green,0,-43.79,1,25.51
4341,144.845,green,observed,1.0,25.51,,green,0,-44.43,1,25.51
4344,144.945,green,observed,1.0,25.51,,green,0,-44.27,1,25.51
4347,145.045,green,observed,1.0,25.87,,green,0,-44.35,1,25.87
4350,145.145,green,observed,1.0,25.4,,green,0,-44.51,1,25.4
4353,145.245,green,observed,1.0,25.56,,green,0,-44.43,1,25.56
4356,145.345,green,observed,1.0,25.24,,green,0,-43.87,1,25.24
4359,145.445,green,observed,1.0,25.77,,green,0,-43.23,1,25.77
4362,145.545,green,observed,1.0,25.24,,green,0,-44.19,1,25.24
4365,145.646,green,observed,1.0,25.87,,green,0,-43.79,1,25.87
4368,145.746,green,observed,1.0,26.03,,green,0,-43.95,1,26.03
4371,145.846,green,observed,1.0,25.56,,green,0,-44.51,1,25.56
4374,145.946,green,observed,1.0,26.14,,green,0,-43.87,1,26.14
4377,146.046,green,observed,1.0,25.98,,green,0,-43.39,1,25.98
4380,146.146,green,observed,1.0,26.14,,green,0,-44.03,1,26.14
4383,146.246,green,observed,1.0,25.93,,green,0,-44.11,1,25.93
4386,146.346,green,observed,1.0,25.82,,green,0,-42.99,1,25.82
4389,146.446,green,observed,1.0,26.08,,green,0,-43.79,1,26.08
4392,146.546,green,observed,1.0,25.87,,green,0,-44.19,1,25.87
4395,146.646,green,observed,1.0,26.29,,green,0,-44.19,1,26.29
4398,146.747,green,observed,1.0,26.19,,green,0,-45.39,1,26.19
4401,146.847,green,observed,1.0,26.35,,green,0,-44.83,1,26.35
4404,146.947,green,observed,1.0,26.35,,green,0,-44.03,1,26.35
4407,147.047,green,observed,1.0,26.24,,green,0,-43.87,1,26.24
4410,147.147,green,observed,1.0,25.93,,green,0,-44.43,1,25.93
4413,147.247,green,observed,1.0,26.5,,green,0,-43.71,1,26.5
4416,147.347,green,observed,1.0,26.08,,green,0,-43.63,1,26.08
4419,147.447,green,observed,1.0,26.71,,green,0,-44.35,1,26.71
4422,147.547,green,observed,1.0,26.4,,green,0,-44.83,1,26.4
4425,147.648,green,observed,1.0,26.56,,green,0,-44.11,1,26.56
4428,147.748,green,observed,1.0,26.08,,green,0,-44.19,1,26.08
4431,147.848,green,observed,1.0,26.19,,green,0,-44.91,1,26.19
4434,147.948,green,observed,1.0,26.19,,green,0,-44.03,1,26.19
4437,148.048,green,observed,1.0,26.4,,green,0,-44.03,1,26.4
4440,148.148,green,observed,1.0,26.29,,green,0,-44.27,1,26.29
4443,148.248,green,observed,1.0,26.82,,green,0,-44.19,1,26.82
4446,148.348,green,observed,1.0,26.29,,green,0,-44.27,1,26.29
4449,148.448,green,observed,1.0,26.24,,green,0,-44.19,1,26.24
4452,148.548,green,observed,1.0,26.24,,green,0,-44.83,1,26.24
4455,148.648,green,observed,1.0,26.08,,green,0,-44.19,1,26.08
4458,148.749,green,observed,1.0,26.82,,green,0,-43.47,1,26.82
4461,148.849,green,observed,1.0,26.82,,green,0,-44.35,1,26.82
4464,148.949,green,observed,1.0,26.98,,green,0,-44.03,1,26.98
4467,149.049,green,observed,1.0,26.82,,green,0,-43.23,1,26.82
4470,149.149,green_blink,observed,1.0,24.82,,green_flash,0,-43.55,0,-24.82
4473,149.249,green_blink,observed,1.0,25.77,,green_flash,0,-44.35,0,-25.77
4476,149.349,green_blink,observed,1.0,25.93,,green_flash,0,-44.43,0,-25.93
4479,149.449,green_blink,observed,1.0,26.5,,green_flash,0,-44.59,0,-26.5
4482,149.549,green_blink,observed,1.0,25.72,,green_flash,0,-43.55,0,-25.72
4485,149.65,green_blink,observed,1.0,26.45,,green,0,-44.59,1,26.45
4488,149.75,green_blink,observed,1.0,26.66,,green,0,-44.11,1,26.66
4491,149.85,green_blink,observed,1.0,26.19,,green,0,-45.15,1,26.19
4494,149.95,green_blink,observed,1.0,26.5,,green,0,-43.71,1,26.5
4497,150.05,green_blink,observed,1.0,26.71,,green,0,-44.59,1,26.71
4500,150.15,green_blink,observed,1.0,25.56,,green_flash,0,-43.63,0,-25.56
4503,150.25,green_blink,observed,1.0,25.87,,green_flash,0,-43.95,0,-25.87
4506,150.35,green_blink,observed,1.0,25.72,,green_flash,0,-43.55,0,-25.72
4509,150.45,green_blink,observed,1.0,26.03,,green_flash,0,-44.19,0,-26.03
4512,150.55,green_blink,observed,1.0,25.72,,green_flash,0,-44.19,0,-25.72
4515,150.65,green_blink,observed,1.0,26.24,,green,0,-43.95,1,26.24
4518,150.751,green_blink,observed,1.0,26.5,,green,0,-43.71,1,26.5
4521,150.851,green_blink,observed,1.0,26.82,,green,0,-44.11,1,26.82
4524,150.951,green_blink,observed,1.0,26.71,,green,0,-43.87,1,26.71
4527,151.051,green_blink,observed,1.0,26.5,,green,0,-44.67,1,26.5
4530,151.151,green_blink,observed,1.0,25.61,,green_flash,0,-43.95,0,-25.61
4533,151.251,green_blink,observed,1.0,26.03,,green_flash,0,-43.79,0,-26.03
4536,151.351,green_blink,observed,1.0,25.98,,green_flash,0,-44.11,0,-25.98
4539,151.451,green_blink,observed,1.0,26.5,,green_flash,0,-43.95,0,-26.5
4542,151.551,green_blink,observed,1.0,25.66,,green_flash,0,-44.35,0,-25.66
4545,151.652,green_blink,observed,1.0,26.14,,green,0,-44.43,1,26.14
4548,151.752,green_blink,observed,1.0,26.03,,green,0,-45.31,1,26.03
4551,151.852,green_blink,observed,1.0,26.08,,green,0,-45.07,1,26.08
4554,151.952,green_blink,observed,1.0,26.4,,green,0,-44.99,1,26.4
4557,152.052,green_blink,observed,1.0,26.19,,green,0,-44.43,1,26.19
4560,152.152,red,observed,1.0,25.35,,red,1,44.99,0,-25.35
4563,152.252,red,observed,1.0,25.82,,red,1,44.99,0,-25.82
4566,152.352,red,observed,1.0,26.45,,red,1,44.67,0,-26.45
4569,152.452,red,observed,1.0,26.5,,red,1,45.63,0,-26.5
4572,152.552,red,observed,1.0,26.14,,red,1,45.15,0,-26.14
4575,152.652,red,observed,1.0,26.45,,red,1,45.07,0,-26.45
4578,152.753,red,observed,1.0,26.14,,red,1,44.67,0,-26.14
4581,152.853,red,observed,1.0,25.98,,red,1,45.23,0,-25.98
4584,152.953,red,observed,1.0,26.56,,red,1,45.15,0,-26.56
4587,153.053,red,observed,1.0,26.08,,red,1,43.23,0,-26.08
4590,153.153,red,observed,1.0,25.98,,red,1,44.75,0,-25.98
4593,153.253,red,observed,1.0,26.35,,red,1,44.67,0,-26.35
4596,153.353,red,observed,1.0,26.61,,red,1,44.35,0,-26.61
4599,153.453,red,observed,1.0,26.56,,red,1,44.83,0,-26.56
4602,153.553,red,observed,1.0,26.56,,red,1,44.43,0,-26.56
4605,153.654,red,observed,1.0,26.66,,red,1,45.39,0,-26.66
4608,153.754,red,observed,1.0,26.14,,red,1,43.63,0,-26.14
4611,153.854,red,observed,1.0,26.87,,red,1,44.75,0,-26.87
4614,153.954,red,observed,1.0,26.14,,red,1,44.75,0,-26.14
4617,154.054,red,observed,1.0,26.19,,red,1,44.75,0,-26.19
4620,154.154,red,observed,1.0,26.35,,red,1,45.87,0,-26.35
4623,154.254,red,observed,1.0,25.87,,red,1,44.19,0,-25.87
4626,154.354,red,observed,1.0,26.56,,red,1,44.59,0,-26.56
4629,154.454,red,observed,1.0,26.71,,red,1,44.75,0,-26.71
4632,154.554,red,observed,1.0,25.93,,red,1,45.15,0,-25.93
4635,154.654,red,observed,1.0,26.24,,red,1,44.99,0,-26.24
4638,154.755,red,observed,1.0,25.93,,red,1,43.31,0,-25.93
4641,154.855,red,observed,1.0,26.56,,red,1,43.79,0,-26.56
4644,154.955,red,observed,1.0,26.87,,red,1,44.59,0,-26.87
4647,155.055,red,observed,1.0,26.77,,red,1,43.87,0,-26.77
4650,155.155,red,observed,1.0,26.61,,red,1,44.51,0,-26.61
4653,155.255,red,observed,1.0,26.5,,red,1,45.23,0,-26.5
4656,155.355,red,observed,1.0,26.71,,red,1,45.47,0,-26.71
4659,155.455,red,observed,1.0,27.08,,red,1,45.15,0,-27.08
4662,155.555,red,observed,1.0,26.56,,red,1,44.99,0,-26.56
4665,155.656,red,observed,1.0,26.77,,red,1,44.43,0,-26.77
4668,155.756,red,observed,1.0,26.71,,red,1,44.51,0,-26.71
4671,155.856,red,observed,1.0,26.19,,red,1,44.19,0,-26.19
4674,155.956,red,observed,1.0,25.82,,red,1,46.02,0,-25.82
4677,156.056,red,observed,1.0,26.19,,red,1,44.91,0,-26.19
4680,156.156,red,observed,1.0,26.19,,red,1,44.59,0,-26.19
4683,156.256,red,observed,1.0,25.82,,red,1,45.07,0,-25.82
4686,156.356,red,observed,1.0,26.03,,red,1,44.35,0,-26.03
4689,156.456,red,observed,1.0,26.77,,red,1,44.51,0,-26.77
4692,156.556,red,observed,1.0,26.56,,red,1,45.39,0,-26.56
4695,156.656,red,observed,1.0,26.14,,red,1,44.67,0,-26.14
4698,156.757,red,observed,1.0,26.08,,red,1,44.99,0,-26.08
4701,156.857,red,observed,1.0,26.19,,red,1,44.67,0,-26.19
4704,156.957,red,observed,1.0,26.35,,red,1,45.71,0,-26.35
4707,157.057,red,observed,1.0,25.82,,red,1,44.11,0,-25.82
4710,157.157,red,observed,1.0,26.08,,red,1,44.75,0,-26.08
4713,157.257,red,observed,1.0,26.35,,red,1,44.03,0,-26.35
4716,157.357,red,observed,1.0,26.24,,red,1,45.15,0,-26.24
4719,157.457,red,observed,1.0,26.87,,red,1,44.91,0,-26.87
4722,157.557,red,observed,1.0,26.03,,red,1,44.59,0,-26.03
4725,157.658,red,observed,1.0,26.56,,red,1,44.91,0,-26.56
4728,157.758,red,observed,1.0,25.61,,red,1,44.51,0,-25.61
4731,157.858,red,observed,1.0,26.56,,red,1,44.51,0,-26.56
4734,157.958,red,observed,1.0,26.29,,red,1,43.39,0,-26.29
4737,158.058,red,observed,1.0,25.82,,red,1,44.59,0,-25.82
4740,158.158,red,observed,1.0,26.24,,red,1,45.39,0,-26.24
4743,158.258,red,observed,1.0,26.24,,red,1,45.23,0,-26.24
4746,158.358,red,observed,1.0,26.14,,red,1,45.07,0,-26.14
4749,158.458,red,observed,1.0,26.14,,red,1,44.35,0,-26.14
4752,158.558,red,observed,1.0,26.19,,red,1,45.07,0,-26.19
4755,158.658,red,observed,1.0,26.24,,red,1,44.19,0,-26.24
4758,158.759,red,observed,1.0,26.35,,red,1,44.19,0,-26.35
4761,158.859,red,observed,1.0,25.93,,red,1,44.27,0,-25.93
4764,158.959,red,observed,1.0,26.61,,red,1,44.27,0,-26.61
4767,159.059,red,observed,1.0,26.66,,red,1,44.59,0,-26.66
4770,159.159,red,observed,1.0,26.66,,red,1,45.39,0,-26.66
4773,159.259,red,observed,1.0,25.66,,red,1,44.11,0,-25.66
4776,159.359,red,observed,1.0,26.19,,red,1,44.59,0,-26.19
4779,159.459,red,observed,1.0,26.71,,red,1,44.51,0,-26.71
4782,159.559,red,observed,1.0,25.82,,red,1,43.39,0,-25.82
4785,159.66,red,observed,1.0,26.08,,red,1,44.19,0,-26.08
4788,159.76,red,observed,1.0,26.14,,red,1,44.43,0,-26.14
4791,159.86,red,observed,1.0,26.35,,red,1,44.99,0,-26.35
4794,159.96,red,observed,1.0,26.5,,red,1,44.27,0,-26.5
4797,160.06,red,observed,1.0,26.08,,red,1,43.87,0,-26.08
4800,160.16,red,observed,1.0,26.19,,red,1,44.59,0,-26.19
4803,160.26,red,observed,1.0,26.29,,red,1,44.35,0,-26.29
4806,160.36,red,observed,1.0,25.98,,red,1,44.35,0,-25.98
4809,160.46,red,observed,1.0,26.29,,red,1,43.47,0,-26.29
4812,160.56,red,observed,1.0,26.66,,red,1,44.27,0,-26.66
4815,160.66,red,observed,1.0,26.5,,red,1,44.03,0,-26.5
4818,160.761,red,observed,1.0,26.4,,red,1,44.27,0,-26.4
4821,160.861,red,observed,1.0,26.24,,red,1,44.35,0,-26.24
4824,160.961,red,observed,1.0,26.5,,red,1,44.51,0,-26.5
4827,161.061,red,observed,1.0,26.5,,red,1,44.27,0,-26.5
4830,161.161,red,observed,1.0,26.03,,red,1,44.03,0,-26.03
4833,161.261,red,observed,1.0,25.82,,red,1,44.75,0,-25.82
4836,161.361,red,observed,1.0,26.4,,red,1,44.51,0,-26.4
4839,161.461,red,observed,1.0,26.14,,red,1,43.95,0,-26.14
4842,161.561,red,observed,1.0,26.03,,red,1,43.63,0,-26.03
4845,161.662,red,observed,1.0,26.14,,red,1,44.67,0,-26.14
4848,161.762,red,observed,1.0,26.08,,red,1,44.59,0,-26.08
4851,161.862,red,observed,1.0,26.5,,red,1,44.59,0,-26.5
4854,161.962,red,observed,1.0,25.82,,red,1,44.75,0,-25.82
4857,162.062,red,observed,1.0,26.35,,red,1,44.83,0,-26.35
4860,162.162,red,observed,1.0,25.98,,red,1,44.51,0,-25.98
4863,162.262,red,observed,1.0,26.4,,red,1,44.91,0,-26.4
4866,162.362,red,observed,1.0,26.08,,red,1,44.19,0,-26.08
4869,162.462,red,observed,1.0,26.5,,red,1,45.07,0,-26.5
4872,162.562,red,observed,1.0,26.24,,red,1,44.11,0,-26.24
4875,162.662,red,observed,1.0,25.87,,red,1,44.83,0,-25.87
4878,162.763,red,observed,1.0,26.14,,red,1,43.87,0,-26.14
4881,162.863,red,observed,1.0,26.66,,red,1,43.87,0,-26.66
4884,162.963,red,observed,1.0,26.45,,red,1,44.27,0,-26.45
4887,163.063,red,observed,1.0,25.93,,red,1,44.27,0,-25.93
4890,163.163,red,observed,1.0,26.56,,red,1,44.43,0,-26.56
4893,163.263,red,observed,1.0,26.4,,red,1,44.83,0,-26.4
4896,163.363,red,observed,1.0,26.19,,red,1,44.35,0,-26.19
4899,163.463,red,observed,1.0,26.71,,red,1,44.83,0,-26.71
4902,163.563,red,observed,1.0,26.29,,red,1,44.35,0,-26.29
4905,163.664,red,observed,1.0,26.24,,red,1,44.27,0,-26.24
4908,163.764,red,observed,1.0,26.29,,red,1,44.35,0,-26.29
4911,163.864,red,observed,1.0,26.03,,red,1,44.51,0,-26.03
4914,163.964,red,observed,1.0,26.5,,red,1,44.27,0,-26.5
4917,164.064,red,observed,1.0,26.24,,red,1,43.95,0,-26.24
4920,164.164,red,observed,1.0,26.19,,red,1,45.07,0,-26.19
4923,164.264,red,observed,1.0,26.29,,red,1,44.19,0,-26.29
4926,164.364,red,observed,1.0,26.77,,red,1,44.43,0,-26.77
4929,164.464,red,observed,1.0,25.82,,red,1,44.67,0,-25.82
4932,164.564,red,observed,1.0,26.4,,red,1,44.19,0,-26.4
4935,164.664,red,observed,1.0,26.5,,red,1,43.79,0,-26.5
4938,164.765,red,observed,1.0,26.19,,red,1,44.19,0,-26.19
4941,164.865,red,observed,1.0,25.93,,red,1,44.83,0,-25.93
4944,164.965,red,observed,1.0,26.29,,red,1,44.27,0,-26.29
4947,165.065,red,observed,1.0,25.98,,red,1,43.95,0,-25.98
4950,165.165,red,observed,1.0,26.4,,red,1,44.91,0,-26.4
4953,165.265,red,observed,1.0,25.87,,red,1,44.35,0,-25.87
4956,165.365,red,observed,1.0,26.66,,red,1,45.07,0,-26.66
4959,165.465,red,observed,1.0,26.14,,red,1,45.23,0,-26.14
4962,165.565,red,observed,1.0,26.71,,red,1,45.15,0,-26.71
4965,165.666,red,observed,1.0,26.61,,red,1,44.75,0,-26.61
4968,165.766,red,observed,1.0,26.56,,red,1,44.27,0,-26.56
4971,165.866,red,observed,1.0,26.5,,red,1,44.51,0,-26.5
4974,165.966,red,observed,1.0,26.24,,red,1,44.59,0,-26.24
4977,166.066,red,observed,1.0,26.08,,red,1,44.35,0,-26.08
4980,166.166,red,observed,1.0,26.24,,red,1,44.11,0,-26.24
4983,166.266,red,observed,1.0,26.14,,red,1,43.63,0,-26.14
4986,166.366,red,observed,1.0,26.4,,red,1,44.59,0,-26.4
4989,166.466,red,observed,1.0,26.29,,red,1,44.67,0,-26.29
4992,166.566,red,observed,1.0,25.87,,red,1,44.43,0,-25.87
4995,166.666,red,observed,1.0,26.08,,red,1,43.31,0,-26.08
4998,166.767,red,observed,1.0,26.4,,red,1,44.91,0,-26.4
5001,166.867,red,observed,1.0,26.45,,red,1,44.59,0,-26.45
5004,166.967,red,observed,1.0,26.03,,red,1,44.91,0,-26.03
5007,167.067,red,observed,1.0,25.98,,red,1,43.63,0,-25.98
5010,167.167,red,observed,1.0,25.87,,red,1,44.67,0,-25.87
5013,167.267,red,observed,1.0,26.08,,red,1,44.11,0,-26.08
5016,167.367,red,observed,1.0,26.71,,red,1,43.95,0,-26.71
5019,167.467,red,observed,1.0,26.29,,red,1,44.11,0,-26.29
5022,167.567,red,observed,1.0,26.45,,red,1,43.87,0,-26.45
5025,167.668,red,observed,1.0,26.61,,red,1,44.51,0,-26.61
5028,167.768,red,observed,1.0,26.56,,red,1,44.51,0,-26.56
5031,167.868,red,observed,1.0,26.66,,red,1,45.39,0,-26.66
5034,167.968,red,observed,1.0,26.61,,red,1,44.67,0,-26.61
5037,168.068,red,observed,1.0,26.03,,red,1,44.35,0,-26.03
5040,168.168,red,observed,1.0,27.19,,red,1,43.71,0,-27.19
5043,168.268,red,observed,1.0,26.61,,red,1,44.19,0,-26.61
5046,168.368,red,observed,1.0,26.08,,red,1,44.99,0,-26.08
5049,168.468,red,observed,1.0,26.35,,red,1,44.19,0,-26.35
5052,168.568,red,observed,1.0,26.24,,red,1,44.03,0,-26.24
5055,168.668,red,observed,1.0,26.35,,red,1,44.35,0,-26.35
5058,168.769,red,observed,1.0,26.24,,red,1,44.43,0,-26.24
5061,168.869,red,observed,1.0,26.45,,red,1,44.27,0,-26.45
5064,168.969,red,observed,1.0,25.72,,red,1,43.87,0,-25.72
5067,169.069,red,observed,1.0,26.66,,red,1,44.67,0,-26.66
5070,169.169,red,observed,1.0,25.61,,red,1,44.03,0,-25.61
5073,169.269,red,observed,1.0,26.4,,red,1,43.63,0,-26.4
5076,169.369,red,observed,1.0,26.4,,red,1,43.95,0,-26.4
5079,169.469,red,observed,1.0,26.29,,red,1,44.43,0,-26.29
5082,169.569,red,observed,1.0,26.5,,red,1,44.11,0,-26.5
5085,169.67,red,observed,1.0,26.35,,red,1,44.27,0,-26.35
5088,169.77,red,observed,1.0,25.93,,red,1,44.75,0,-25.93
5091,169.87,red,observed,1.0,26.4,,red,1,44.67,0,-26.4
5094,169.97,red,observed,1.0,26.5,,red,1,44.43,0,-26.5
5097,170.07,red,observed,1.0,26.14,,red,1,44.27,0,-26.14
5100,170.17,red,observed,1.0,26.35,,red,1,44.75,0,-26.35
5103,170.27,red,observed,1.0,26.61,,red,1,44.59,0,-26.61
5106,170.37,red,observed,1.0,26.66,,red,1,45.07,0,-26.66
5109,170.47,red,observed,1.0,26.29,,red,1,43.71,0,-26.29
5112,170.57,red,observed,1.0,26.87,,red,1,44.51,0,-26.87
5115,170.67,red,observed,1.0,26.08,,red,1,44.59,0,-26.08
5118,170.771,red,observed,1.0,26.08,,red,1,44.27,0,-26.08
5121,170.871,red,observed,1.0,25.82,,red,1,44.75,0,-25.82
5124,170.971,red,observed,1.0,26.14,,red,1,44.11,0,-26.14
5127,171.071,red,observed,1.0,26.5,,red,1,44.67,0,-26.5
5130,171.171,red,observed,1.0,26.45,,red,1,45.07,0,-26.45
5133,171.271,red,observed,1.0,26.35,,red,1,44.35,0,-26.35
5136,171.371,red,observed,1.0,26.08,,red,1,44.27,0,-26.08
5139,171.471,red,observed,1.0,26.14,,red,1,44.27,0,-26.14
5142,171.571,red,observed,1.0,26.4,,red,1,44.59,0,-26.4
5145,171.672,red,observed,1.0,26.66,,red,1,44.35,0,-26.66
5148,171.772,red,observed,1.0,25.66,,red,1,44.67,0,-25.66
5151,171.872,red,observed,1.0,26.19,,red,1,44.75,0,-26.19
5154,171.972,red,observed,1.0,25.93,,red,1,44.27,0,-25.93
5157,172.072,red,observed,1.0,26.08,,red,1,43.87,0,-26.08
5160,172.172,red,observed,1.0,26.56,,red,1,43.95,0,-26.56
5163,172.272,red,observed,1.0,26.14,,red,1,44.51,0,-26.14
5166,172.372,red,observed,1.0,25.98,,red,1,44.03,0,-25.98
5169,172.472,red,observed,1.0,26.5,,red,1,44.19,0,-26.5
5172,172.572,red,observed,1.0,26.03,,red,1,44.03,0,-26.03
5175,172.672,red,observed,1.0,25.93,,red,1,44.99,0,-25.93
5178,172.773,red,observed,1.0,26.03,,red,1,44.27,0,-26.03
5181,172.873,red,observed,1.0,26.45,,red,1,44.83,0,-26.45
5184,172.973,red,observed,1.0,25.98,,red,1,44.51,0,-25.98
5187,173.073,red,observed,1.0,25.98,,red,1,44.51,0,-25.98
5190,173.173,red,observed,1.0,26.29,,red,1,44.35,0,-26.29
5193,173.273,red,observed,1.0,26.4,,red,1,43.87,0,-26.4
5196,173.373,red,observed,1.0,26.14,,red,1,44.83,0,-26.14
5199,173.473,red,observed,1.0,26.4,,red,1,44.11,0,-26.4
5202,173.573,red,observed,1.0,26.4,,red,1,44.91,0,-26.4
5205,173.674,red,observed,1.0,26.61,,red,1,44.99,0,-26.61
5208,173.774,red,observed,1.0,26.29,,red,1,44.35,0,-26.29
5211,173.874,red,observed,1.0,26.87,,red,1,44.19,0,-26.87
5214,173.974,red,observed,1.0,26.24,,red,1,44.35,0,-26.24
5217,174.074,red,observed,1.0,26.29,,red,1,43.95,0,-26.29
5220,174.174,red,observed,1.0,25.87,,red,1,44.27,0,-25.87
5223,174.274,red,observed,1.0,26.19,,red,1,44.11,0,-26.19
5226,174.374,red,observed,1.0,25.98,,red,1,44.19,0,-25.98
5229,174.474,red,observed,1.0,26.71,,red,1,44.59,0,-26.71
5232,174.574,red,observed,1.0,26.14,,red,1,44.99,0,-26.14
5235,174.674,red,observed,1.0,26.5,,red,1,44.99,0,-26.5
5238,174.775,red,observed,1.0,26.14,,red,1,43.63,0,-26.14
5241,174.875,red,observed,1.0,26.56,,red,1,44.03,0,-26.56
5244,174.975,red,observed,1.0,26.14,,red,1,45.39,0,-26.14
5247,175.075,red,observed,1.0,26.56,,red,1,44.19,0,-26.56
5250,175.175,red,observed,1.0,26.35,,red,1,45.07,0,-26.35
5253,175.275,red,observed,1.0,26.5,,red,1,45.15,0,-26.5
5256,175.375,red,observed,1.0,26.45,,red,1,45.23,0,-26.45
5259,175.475,red,observed,1.0,26.19,,red,1,45.15,0,-26.19
5262,175.575,red,observed,1.0,26.4,,red,1,45.31,0,-26.4
5265,175.676,red,observed,1.0,26.56,,red,1,45.55,0,-26.56
5268,175.776,red,observed,1.0,26.66,,red,1,44.35,0,-26.66
5271,175.876,red,observed,1.0,26.4,,red,1,45.15,0,-26.4
5274,175.976,red,observed,1.0,26.29,,red,1,44.43,0,-26.29
5277,176.076,red,observed,1.0,25.93,,red,1,45.07,0,-25.93
5280,176.176,red,observed,1.0,26.71,,red,1,44.83,0,-26.71
5283,176.276,red,observed,1.0,26.71,,red,1,44.11,0,-26.71
5286,176.376,red,observed,1.0,26.71,,red,1,44.83,0,-26.71
5289,176.476,red,observed,1.0,26.71,,red,1,44.91,0,-26.71
5292,176.576,red,observed,1.0,26.24,,red,1,45.07,0,-26.24
5295,176.676,red,observed,1.0,26.24,,red,1,44.35,0,-26.24
5298,176.777,red,observed,1.0,25.77,,red,1,44.91,0,-25.77
5301,176.877,red,observed,1.0,26.24,,red,1,44.03,0,-26.24
5304,176.977,red,observed,1.0,26.5,,red,1,44.91,0,-26.5
5307,177.077,red,observed,1.0,26.29,,red,1,45.63,0,-26.29
5310,177.177,red,observed,1.0,26.19,,red,1,44.83,0,-26.19
5313,177.277,red,observed,1.0,26.5,,red,1,45.07,0,-26.5
5316,177.377,red,observed,1.0,26.29,,red,1,44.67,0,-26.29
5319,177.477,red,observed,1.0,26.5,,red,1,44.75,0,-26.5
5322,177.577,red,observed,1.0,26.71,,red,1,44.91,0,-26.71
5325,177.678,red,observed,1.0,25.72,,red,1,44.59,0,-25.72
5328,177.778,red,observed,1.0,26.66,,red,1,44.59,0,-26.66
5331,177.878,red,observed,1.0,26.19,,red,1,44.51,0,-26.19
5334,177.978,red,observed,1.0,26.35,,red,1,45.47,0,-26.35
5337,178.078,red,observed,1.0,25.98,,red,1,44.35,0,-25.98
5340,178.178,red,observed,1.0,26.45,,red,1,44.67,0,-26.45
5343,178.278,red,observed,1.0,26.14,,red,1,44.27,0,-26.14
5346,178.378,red,observed,1.0,26.45,,red,1,44.11,0,-26.45
5349,178.478,red,observed,1.0,26.5,,red,1,43.95,0,-26.5
5352,178.578,red,observed,1.0,26.19,,red,1,44.51,0,-26.19
5355,178.678,red,observed,1.0,26.5,,red,1,44.59,0,-26.5
5358,178.779,red,observed,1.0,26.14,,red,1,44.11,0,-26.14
5361,178.879,red,observed,1.0,25.98,,red,1,44.35,0,-25.98
5364,178.979,red,observed,1.0,26.35,,red,1,44.27,0,-26.35
5367,179.079,red,observed,1.0,26.19,,red,1,44.75,0,-26.19
5370,179.179,red,observed,1.0,26.03,,red,1,45.39,0,-26.03
5373,179.279,red,observed,1.0,26.24,,red,1,44.83,0,-26.24
5376,179.379,red,observed,1.0,26.24,,red,1,44.35,0,-26.24
5379,179.479,red,observed,1.0,26.66,,red,1,45.07,0,-26.66
5382,179.579,red,observed,1.0,26.4,,red,1,45.15,0,-26.4
5385,179.68,red,observed,1.0,26.56,,red,1,45.07,0,-26.56
5388,179.78,red,observed,1.0,26.03,,red,1,44.43,0,-26.03
5391,179.88,red,observed,1.0,26.35,,red,1,44.11,0,-26.35
5394,179.98,red,observed,1.0,26.35,,red,1,44.67,0,-26.35
5397,180.08,red,observed,1.0,26.45,,red,1,44.43,0,-26.45
5400,180.18,red,observed,1.0,26.5,,red,1,43.87,0,-26.5
5403,180.28,red,observed,1.0,25.87,,red,1,43.71,0,-25.87
5406,180.38,red,observed,1.0,26.19,,red,1,44.27,0,-26.19
5409,180.48,red,observed,1.0,26.19,,red,1,43.47,0,-26.19
5412,180.58,red,observed,1.0,26.24,,red,1,43.95,0,-26.24
5415,180.68,red,observed,1.0,26.29,,red,1,44.03,0,-26.29
5418,180.781,red,observed,1.0,26.35,,red,1,44.03,0,-26.35
5421,180.881,red,observed,1.0,26.14,,red,1,44.51,0,-26.14
5424,180.981,red,observed,1.0,26.5,,red,1,44.19,0,-26.5
5427,181.081,red,observed,1.0,26.4,,red,1,44.91,0,-26.4
5430,181.181,red,observed,1.0,26.14,,red,1,45.07,0,-26.14
5433,181.281,red,observed,1.0,26.4,,red,1,44.75,0,-26.4
5436,181.381,red,observed,1.0,26.82,,red,1,44.11,0,-26.82
5439,181.481,red,observed,1.0,26.45,,red,1,45.23,0,-26.45
5442,181.581,red,observed,1.0,26.45,,red,1,44.91,0,-26.45
5445,181.682,red,observed,1.0,26.4,,red,1,44.51,0,-26.4
5448,181.782,red,observed,1.0,26.4,,red,1,43.87,0,-26.4
5451,181.882,red,observed,1.0,26.5,,red,1,44.59,0,-26.5
5454,181.982,red,observed,1.0,26.45,,red,1,44.19,0,-26.45
5457,182.082,red,observed,1.0,26.24,,red,1,44.03,0,-26.24
5460,182.182,red,observed,1.0,26.14,,red,1,44.03,0,-26.14
5463,182.282,red,observed,1.0,26.4,,red,1,44.35,0,-26.4
5466,182.382,red,observed,1.0,26.5,,red,1,44.35,0,-26.5
5469,182.482,red,observed,1.0,26.19,,red,1,44.03,0,-26.19
5472,182.582,red,observed,1.0,26.19,,red,1,44.27,0,-26.19
5475,182.682,red,observed,1.0,26.92,,red,1,44.27,0,-26.92
5478,182.783,red,observed,1.0,26.03,,red,1,44.59,0,-26.03
5481,182.883,red,observed,1.0,26.45,,red,1,44.67,0,-26.45
5484,182.983,red,observed,1.0,26.4,,red,1,44.27,0,-26.4
5487,183.083,red,observed,1.0,25.98,,red,1,43.63,0,-25.98
5490,183.183,red,observed,1.0,26.03,,red,1,44.27,0,-26.03
5493,183.283,red,observed,1.0,25.82,,red,1,44.75,0,-25.82
5496,183.383,red,observed,1.0,26.66,,red,1,44.67,0,-26.66
5499,183.483,red,observed,1.0,25.72,,red,1,44.75,0,-25.72
5502,183.583,red,observed,1.0,26.24,,red,1,44.51,0,-26.24
5505,183.684,red,observed,1.0,25.93,,red,1,44.43,0,-25.93
5508,183.784,red,observed,1.0,26.24,,red,1,44.27,0,-26.24
5511,183.884,red,observed,1.0,26.24,,red,1,43.79,0,-26.24
5514,183.984,red,observed,1.0,25.82,,red,1,43.87,0,-25.82
5517,184.084,red,observed,1.0,26.24,,red,1,44.91,0,-26.24
5520,184.184,red,observed,1.0,26.77,,red,1,44.59,0,-26.77
5523,184.284,red,observed,1.0,26.45,,red,1,43.47,0,-26.45
5526,184.384,red,observed,1.0,26.56,,red,1,44.59,0,-26.56
5529,184.484,red,observed,1.0,26.4,,red,1,45.15,0,-26.4
5532,184.584,red,observed,1.0,26.08,,red,1,43.95,0,-26.08
5535,184.684,red,observed,1.0,25.98,,red,1,44.83,0,-25.98
5538,184.785,red,observed,1.0,26.45,,red,1,44.11,0,-26.45
5541,184.885,red,observed,1.0,26.82,,red,1,44.27,0,-26.82
5544,184.985,red,observed,1.0,26.24,,red,1,44.19,0,-26.24
5547,185.085,red,observed,1.0,26.35,,red,1,44.75,0,-26.35
5550,185.185,red,observed,1.0,26.98,,red,1,44.35,0,-26.98
5553,185.285,red,observed,1.0,26.4,,red,1,44.43,0,-26.4
5556,185.385,red,observed,1.0,26.45,,red,1,44.11,0,-26.45
5559,185.485,red,observed,1.0,26.08,,red,1,44.75,0,-26.08
5562,185.585,red,observed,1.0,26.24,,red,1,44.35,0,-26.24
5565,185.686,red,observed,1.0,26.14,,red,1,44.27,0,-26.14
5568,185.786,red,observed,1.0,26.24,,red,1,44.43,0,-26.24
5571,185.886,red,observed,1.0,26.29,,red,1,44.99,0,-26.29
5574,185.986,red,observed,1.0,26.45,,red,1,44.35,0,-26.45
5577,186.086,red,observed,1.0,26.14,,red,1,44.67,0,-26.14
5580,186.186,red,observed,1.0,26.14,,red,1,44.27,0,-26.14
5583,186.286,red,observed,1.0,26.45,,red,1,44.19,0,-26.45
5586,186.386,red,observed,1.0,26.45,,red,1,44.67,0,-26.45
5589,186.486,red,observed,1.0,25.93,,red,1,44.35,0,-25.93
5592,186.586,red,observed,1.0,25.87,,red,1,44.51,0,-25.87
5595,186.686,red,observed,1.0,25.93,,red,1,44.67,0,-25.93
5598,186.787,red,observed,1.0,26.03,,red,1,44.59,0,-26.03
5601,186.887,red,observed,1.0,26.71,,red,1,44.83,0,-26.71
5604,186.987,red,observed,1.0,26.29,,red,1,44.59,0,-26.29
5607,187.087,red,observed,1.0,26.61,,red,1,44.51,0,-26.61
5610,187.187,red,observed,1.0,25.87,,red,1,44.99,0,-25.87
5613,187.287,red,observed,1.0,25.93,,red,1,44.11,0,-25.93
5616,187.387,red,observed,1.0,26.24,,red,1,45.15,0,-26.24
5619,187.487,red,observed,1.0,26.35,,red,1,44.75,0,-26.35
5622,187.587,red,observed,1.0,26.66,,red,1,43.95,0,-26.66
5625,187.688,red,observed,1.0,26.24,,red,1,45.39,0,-26.24
5628,187.788,red,observed,1.0,26.5,,red,1,44.35,0,-26.5
5631,187.888,red,observed,1.0,26.77,,red,1,44.67,0,-26.77
5634,187.988,red,observed,1.0,26.56,,red,1,44.11,0,-26.56
5637,188.088,red,observed,1.0,26.29,,red,1,43.95,0,-26.29
5640,188.188,red,observed,1.0,26.03,,red,1,44.59,0,-26.03
5643,188.288,red,observed,1.0,26.03,,red,1,44.03,0,-26.03
5646,188.388,red,observed,1.0,26.03,,red,1,44.91,0,-26.03
5649,188.488,red,observed,1.0,26.08,,red,1,45.07,0,-26.08
5652,188.588,red,observed,1.0,26.08,,red,1,44.75,0,-26.08
5655,188.688,red,observed,1.0,25.82,,red,1,44.27,0,-25.82
5658,188.789,red,observed,1.0,26.5,,red,1,44.03,0,-26.5
5661,188.889,red,observed,1.0,25.98,,red,1,44.59,0,-25.98
5664,188.989,red,observed,1.0,26.56,,red,1,43.79,0,-26.56
5667,189.089,red,observed,1.0,26.29,,red,1,45.15,0,-26.29
5670,189.189,red,observed,1.0,26.29,,red,1,44.83,0,-26.29
5673,189.289,red,observed,1.0,26.14,,red,1,45.39,0,-26.14
5676,189.389,red,observed,1.0,26.29,,red,1,45.15,0,-26.29
5679,189.489,red,observed,1.0,26.66,,red,1,44.03,0,-26.66
5682,189.589,red,observed,1.0,26.35,,red,1,45.23,0,-26.35
5685,189.69,red,observed,1.0,26.29,,red,1,44.83,0,-26.29
5688,189.79,red,observed,1.0,26.03,,red,1,44.19,0,-26.03
5691,189.89,red,observed,1.0,26.19,,red,1,44.75,0,-26.19
5694,189.99,red,observed,1.0,26.24,,red,1,44.35,0,-26.24
5697,190.09,red,observed,1.0,26.14,,red,1,44.11,0,-26.14
5700,190.19,red,observed,1.0,26.92,,red,1,44.51,0,-26.92
5703,190.29,red,observed,1.0,26.24,,red,1,44.99,0,-26.24
5706,190.39,red,observed,1.0,26.71,,red,1,44.67,0,-26.71
5709,190.49,red,observed,1.0,26.5,,red,1,44.91,0,-26.5
5712,190.59,red,observed,1.0,26.87,,red,1,44.67,0,-26.87
5715,190.69,red,observed,1.0,26.24,,red,1,44.27,0,-26.24
5718,190.791,red,observed,1.0,26.82,,red,1,44.91,0,-26.82
5721,190.891,red,observed,1.0,26.29,,red,1,44.91,0,-26.29
5724,190.991,red,observed,1.0,26.35,,red,1,44.83,0,-26.35
5727,191.091,red,observed,1.0,26.77,,red,1,44.99,0,-26.77
5730,191.191,red,observed,1.0,27.03,,red,1,44.91,0,-27.03
5733,191.291,red,observed,1.0,26.08,,red,1,44.75,0,-26.08
5736,191.391,red,observed,1.0,26.5,,red,1,44.19,0,-26.5
5739,191.491,red,observed,1.0,26.45,,red,1,44.27,0,-26.45
5742,191.591,red,observed,1.0,26.08,,red,1,43.95,0,-26.08
5745,191.692,red,observed,1.0,26.24,,red,1,44.03,0,-26.24
5748,191.792,red,observed,1.0,27.08,,red,1,45.39,0,-27.08
5751,191.892,red,observed,1.0,26.56,,red,1,44.75,0,-26.56
5754,191.992,red,observed,1.0,26.4,,red,1,44.43,0,-26.4
5757,192.092,red,observed,1.0,26.4,,red,1,44.59,0,-26.4
5760,192.192,red,observed,1.0,26.35,,red,1,44.59,0,-26.35
5763,192.292,red,observed,1.0,26.66,,red,1,45.23,0,-26.66
5766,192.392,red,observed,1.0,26.35,,red,1,44.11,0,-26.35
5769,192.492,red,observed,1.0,26.56,,red,1,43.95,0,-26.56
5772,192.592,red,observed,1.0,26.29,,red,1,44.83,0,-26.29
5775,192.692,red,observed,1.0,26.24,,red,1,43.95,0,-26.24
5778,192.793,red,observed,1.0,26.08,,red,1,44.43,0,-26.08
5781,192.893,red,observed,1.0,26.45,,red,1,44.35,0,-26.45
5784,192.993,red,observed,1.0,26.4,,red,1,44.43,0,-26.4
5787,193.093,red,observed,1.0,26.24,,red,1,44.35,0,-26.24
5790,193.193,red,observed,1.0,26.5,,red,1,44.43,0,-26.5
5793,193.293,red,observed,1.0,26.82,,red,1,44.19,0,-26.82
5796,193.393,red,observed,1.0,26.45,,red,1,44.35,0,-26.45
5799,193.493,red,observed,1.0,26.61,,red,1,43.55,0,-26.61
5802,193.593,red,observed,1.0,26.92,,red,1,43.39,0,-26.92
5805,193.694,red,observed,1.0,26.82,,red,1,43.07,0,-26.82
5808,193.794,red,observed,1.0,26.35,,red,1,44.83,0,-26.35
5811,193.894,red,observed,1.0,26.08,,red,1,45.23,0,-26.08
5814,193.994,red,observed,1.0,26.61,,red,1,44.75,0,-26.61
5817,194.094,red,observed,1.0,26.19,,red,1,44.35,0,-26.19
5820,194.194,red,observed,1.0,26.4,,red,1,44.59,0,-26.4
5823,194.294,red,observed,1.0,26.98,,red,1,44.51,0,-26.98
5826,194.394,red,observed,1.0,26.4,,red,1,44.91,0,-26.4
5829,194.494,red,observed,1.0,25.66,,red,1,45.15,0,-25.66
5832,194.594,red,observed,1.0,26.14,,red,1,44.59,0,-26.14
5835,194.694,red,observed,1.0,26.03,,red,1,44.51,0,-26.03
5838,194.795,red,observed,1.0,26.45,,red,1,44.27,0,-26.45
5841,194.895,red,observed,1.0,26.56,,red,1,44.19,0,-26.56
5844,194.995,red,observed,1.0,26.71,,red,1,43.71,0,-26.71
5847,195.095,red,observed,1.0,26.24,,red,1,43.23,0,-26.24
5850,195.195,red,observed,1.0,25.72,,red,1,44.19,0,-25.72
5853,195.295,red,observed,1.0,26.03,,red,1,44.91,0,-26.03
5856,195.395,red,observed,1.0,26.87,,red,1,44.35,0,-26.87
5859,195.495,red,observed,1.0,26.14,,red,1,44.91,0,-26.14
5862,195.595,red,observed,1.0,26.5,,red,1,44.67,0,-26.5
5865,195.696,red,observed,1.0,26.56,,red,1,45.31,0,-26.56
5868,195.796,red,observed,1.0,26.71,,red,1,44.43,0,-26.71
5871,195.896,red,observed,1.0,25.87,,red,1,45.39,0,-25.87
5874,195.996,red,observed,1.0,26.71,,red,1,44.99,0,-26.71
5877,196.096,red,observed,1.0,26.4,,red,1,44.43,0,-26.4
5880,196.196,red,observed,1.0,26.29,,red,1,44.75,0,-26.29
5883,196.296,red,observed,1.0,26.45,,red,1,43.71,0,-26.45
5886,196.396,red,observed,1.0,26.5,,red,1,44.19,0,-26.5
5889,196.496,red,observed,1.0,26.29,,red,1,43.71,0,-26.29
5892,196.596,red,observed,1.0,26.29,,red,1,44.51,0,-26.29
5895,196.696,red,observed,1.0,26.14,,red,1,44.59,0,-26.14
5898,196.797,red,observed,1.0,26.35,,red,1,43.63,0,-26.35
5901,196.897,red,observed,1.0,25.93,,red,1,44.19,0,-25.93
5904,196.997,red,observed,1.0,26.71,,red,1,44.27,0,-26.71
5907,197.097,red,observed,1.0,26.14,,red,1,44.91,0,-26.14
5910,197.197,green,observed,1.0,26.92,,green,0,-41.48,1,26.92
5913,197.297,green,observed,1.0,26.98,,green,0,-43.47,1,26.98
5916,197.397,green,observed,1.0,26.56,,green,0,-43.95,1,26.56
5919,197.497,green,observed,1.0,26.5,,green,0,-43.87,1,26.5
5922,197.597,green,observed,1.0,26.66,,green,0,-43.55,1,26.66
5925,197.698,green,observed,1.0,26.5,,green,0,-43.87,1,26.5
5928,197.798,green,observed,1.0,27.03,,green,0,-44.11,1,27.03
5931,197.898,green,observed,1.0,26.61,,green,0,-43.87,1,26.61
5934,197.998,green,observed,1.0,26.71,,green,0,-43.23,1,26.71
5937,198.098,green,observed,1.0,26.77,,green,0,-43.95,1,26.77
5940,198.198,green,observed,1.0,26.98,,green,0,-43.79,1,26.98
5943,198.298,green,observed,1.0,26.56,,green,0,-43.95,1,26.56
5946,198.398,green,observed,1.0,26.98,,green,0,-44.11,1,26.98
5949,198.498,green,observed,1.0,26.29,,green,0,-44.75,1,26.29
5952,198.598,green,observed,1.0,26.56,,green,0,-43.71,1,26.56
5955,198.698,green,observed,1.0,26.71,,green,0,-44.19,1,26.71
5958,198.799,green,observed,1.0,26.98,,green,0,-43.87,1,26.98
5961,198.899,green,observed,1.0,26.71,,green,0,-43.47,1,26.71
5964,198.999,green,observed,1.0,26.61,,green,0,-44.19,1,26.61
5967,199.099,green,observed,1.0,26.71,,green,0,-44.03,1,26.71
5970,199.199,green,observed,1.0,26.5,,green,0,-43.23,1,26.5
5973,199.299,green,observed,1.0,26.56,,green,0,-44.03,1,26.56
5976,199.399,green,observed,1.0,26.71,,green,0,-43.47,1,26.71
5979,199.499,green,observed,1.0,26.71,,green,0,-43.63,1,26.71
5982,199.599,green,observed,1.0,26.66,,green,0,-43.31,1,26.66
5985,199.7,green,observed,1.0,26.92,,green,0,-44.51,1,26.92
5988,199.8,green,observed,1.0,26.35,,green,0,-43.23,1,26.35
5991,199.9,green,observed,1.0,26.92,,green,0,-43.63,1,26.92
5994,200.0,green,observed,1.0,26.66,,green,0,-43.39,1,26.66
5997,200.1,green,observed,1.0,26.56,,green,0,-42.91,1,26.56
6000,200.2,green,observed,1.0,26.82,,green,0,-44.59,1,26.82
6003,200.3,green,observed,1.0,26.77,,green,0,-44.51,1,26.77
6006,200.4,green,observed,1.0,26.77,,green,0,-43.39,1,26.77
6009,200.5,green,observed,1.0,26.92,,green,0,-43.87,1,26.92
6012,200.6,green,observed,1.0,26.71,,green,0,-44.59,1,26.71
6015,200.7,green,observed,1.0,26.35,,green,0,-43.79,1,26.35
6018,200.801,green,observed,1.0,26.35,,green,0,-44.11,1,26.35
6021,200.901,green,observed,1.0,26.45,,green,0,-44.03,1,26.45
6024,201.001,green,observed,1.0,26.29,,green,0,-43.55,1,26.29
6027,201.101,green,observed,1.0,26.98,,green,0,-43.87,1,26.98
6030,201.201,green,observed,1.0,26.66,,green,0,-43.47,1,26.66
6033,201.301,green,observed,1.0,26.5,,green,0,-43.71,1,26.5
6036,201.401,green,observed,1.0,26.5,,green,0,-44.59,1,26.5
6039,201.501,green,observed,1.0,26.14,,green,0,-43.39,1,26.14
6042,201.601,green,observed,1.0,26.56,,green,0,-43.79,1,26.56
6045,201.702,green,observed,1.0,26.61,,green,0,-43.79,1,26.61
6048,201.802,green,observed,1.0,26.19,,green,0,-43.63,1,26.19
6051,201.902,green,observed,1.0,27.03,,green,0,-43.55,1,27.03
6054,202.002,green,observed,1.0,26.56,,green,0,-42.75,1,26.56
6057,202.102,green,observed,1.0,26.4,,green,0,-43.47,1,26.4
6060,202.202,green,observed,1.0,26.45,,green,0,-44.51,1,26.45
6063,202.302,green,observed,1.0,26.45,,green,0,-44.27,1,26.45
6066,202.402,green,observed,1.0,26.56,,green,0,-43.47,1,26.56
6069,202.502,green,observed,1.0,26.35,,green,0,-43.31,1,26.35
6072,202.602,green,observed,1.0,26.45,,green,0,-43.23,1,26.45
6075,202.703,green,observed,1.0,26.5,,green,0,-43.47,1,26.5
6078,202.803,green,observed,1.0,26.5,,green,0,-43.71,1,26.5
6081,202.903,green,observed,1.0,26.29,,green,0,-43.87,1,26.29
6084,203.003,green,observed,1.0,26.19,,green,0,-43.95,1,26.19
6087,203.103,green,observed,1.0,25.98,,green,0,-43.79,1,25.98
6090,203.203,green,observed,1.0,26.66,,green,0,-43.79,1,26.66
6093,203.303,green,observed,1.0,26.4,,green,0,-44.27,1,26.4
6096,203.403,green,observed,1.0,26.82,,green,0,-44.03,1,26.82
6099,203.503,green,observed,1.0,26.61,,green,0,-44.03,1,26.61
6102,203.603,green,observed,1.0,26.5,,green,0,-43.63,1,26.5
6105,203.704,green,observed,1.0,26.45,,green,0,-43.71,1,26.45
6108,203.804,green,observed,1.0,26.08,,green,0,-44.03,1,26.08
6111,203.904,green,observed,1.0,26.5,,green,0,-43.71,1,26.5
6114,204.004,green,observed,1.0,26.66,,green,0,-43.39,1,26.66
6117,204.104,green,observed,1.0,26.24,,green,0,-43.07,1,26.24
6120,204.204,green,observed,1.0,25.98,,green,0,-43.23,1,25.98
6123,204.304,green,observed,1.0,26.45,,green,0,-44.03,1,26.45
6126,204.404,green,observed,1.0,26.4,,green,0,-43.31,1,26.4
6129,204.504,green,observed,1.0,26.35,,green,0,-43.23,1,26.35
6132,204.604,green,observed,1.0,26.19,,green,0,-43.23,1,26.19
6135,204.704,green,observed,1.0,26.4,,green,0,-43.79,1,26.4
6138,204.805,green,observed,1.0,26.45,,green,0,-44.35,1,26.45
6141,204.905,green,observed,1.0,25.93,,green,0,-44.19,1,25.93
6144,205.005,green,observed,1.0,26.14,,green,0,-44.51,1,26.14
6147,205.105,green,observed,1.0,26.03,,green,0,-44.35,1,26.03
6150,205.205,green,observed,1.0,26.03,,green,0,-43.39,1,26.03
6153,205.305,green,observed,1.0,26.19,,green,0,-44.03,1,26.19
6156,205.405,green,observed,1.0,25.72,,green,0,-43.63,1,25.72
6159,205.505,green,observed,1.0,26.35,,green,0,-43.71,1,26.35
6162,205.605,green,observed,1.0,25.82,,green,0,-43.79,1,25.82
6165,205.706,green,observed,1.0,26.08,,green,0,-44.11,1,26.08
6168,205.806,green,observed,1.0,25.98,,green,0,-44.03,1,25.98
6171,205.906,green,observed,1.0,26.14,,green,0,-43.79,1,26.14
6174,206.006,green,observed,1.0,25.77,,green,0,-43.39,1,25.77
6177,206.106,green,observed,1.0,25.87,,green,0,-43.55,1,25.87
6180,206.206,green,observed,1.0,26.35,,green,0,-43.39,1,26.35
6183,206.306,green,observed,1.0,26.4,,green,0,-43.63,1,26.4
6186,206.406,green,observed,1.0,25.98,,green,0,-44.27,1,25.98
6189,206.506,green,observed,1.0,25.98,,green,0,-44.51,1,25.98
6192,206.606,green,observed,1.0,26.08,,green,0,-43.87,1,26.08
6195,206.706,green,observed,1.0,25.87,,green,0,-43.71,1,25.87
6198,206.807,green,observed,1.0,26.08,,green,0,-43.55,1,26.08
6201,206.907,green,observed,1.0,25.56,,green,0,-43.63,1,25.56
6204,207.007,green,observed,1.0,25.51,,green,0,-43.71,1,25.51
6207,207.107,green,observed,1.0,25.77,,green,0,-44.03,1,25.77
6210,207.207,green,observed,1.0,25.87,,green,0,-43.47,1,25.87
6213,207.307,green,observed,1.0,25.87,,green,0,-43.71,1,25.87
6216,207.407,green,observed,1.0,26.19,,green,0,-43.71,1,26.19
6219,207.507,green,observed,1.0,26.03,,green,0,-44.03,1,26.03
6222,207.607,green,observed,1.0,25.87,,green,0,-43.39,1,25.87
6225,207.708,green,observed,1.0,25.4,,green,0,-43.31,1,25.4
6228,207.808,green,observed,1.0,25.98,,green,0,-43.71,1,25.98
6231,207.908,green,observed,1.0,25.61,,green,0,-43.95,1,25.61
6234,208.008,green,observed,1.0,26.03,,green,0,-43.71,1,26.03
6237,208.108,green,observed,1.0,25.66,,green,0,-44.03,1,25.66
6240,208.208,green,observed,1.0,25.93,,green,0,-44.91,1,25.93
6243,208.308,green,observed,1.0,25.98,,green,0,-45.07,1,25.98
6246,208.408,green,observed,1.0,25.56,,green,0,-44.43,1,25.56
6249,208.508,green,observed,1.0,25.66,,green,0,-44.27,1,25.66
6252,208.608,green,observed,1.0,25.66,,green,0,-44.27,1,25.66
6255,208.709,green,observed,1.0,26.4,,green,0,-44.11,1,26.4
6258,208.809,green,observed,1.0,25.72,,green,0,-44.27,1,25.72
6261,208.909,green,observed,1.0,26.35,,green,0,-44.59,1,26.35
6264,209.009,green,observed,1.0,25.61,,green,0,-44.03,1,25.61
6267,209.109,green,observed,1.0,27.03,,green,0,-44.19,1,27.03
6270,209.209,green,observed,1.0,26.14,,green,0,-44.83,1,26.14
6273,209.309,green,observed,1.0,26.29,,green,0,-44.59,1,26.29
6276,209.409,green,observed,1.0,26.56,,green,0,-44.35,1,26.56
6279,209.509,green,observed,1.0,26.77,,green,0,-43.87,1,26.77
6282,209.609,green,observed,1.0,27.29,,green,0,-44.27,1,27.29
6285,209.71,green,observed,1.0,26.98,,green,0,-44.51,1,26.98
6288,209.81,green,observed,1.0,27.03,,green,0,-44.59,1,27.03
6291,209.91,green,observed,1.0,26.66,,green,0,-44.11,1,26.66
6294,210.01,green,observed,1.0,26.71,,green,0,-45.23,1,26.71
6297,210.11,green,observed,1.0,26.77,,green,0,-44.67,1,26.77
6300,210.21,green,observed,1.0,26.82,,green,0,-44.27,1,26.82
6303,210.31,green,observed,1.0,27.08,,green,0,-44.35,1,27.08
6306,210.41,green,observed,1.0,26.87,,green,0,-43.87,1,26.87
6309,210.51,green,observed,1.0,26.77,,green,0,-43.71,1,26.77
6312,210.61,green,observed,1.0,27.03,,green,0,-43.87,1,27.03
6315,210.71,green,observed,1.0,27.19,,green,0,-45.23,1,27.19
6318,210.811,green,observed,1.0,26.82,,green,0,-44.51,1,26.82
6321,210.911,green,observed,1.0,27.4,,green,0,-44.27,1,27.4
6324,211.011,green,observed,1.0,27.34,,green,0,-44.43,1,27.34
6327,211.111,green,observed,1.0,27.19,,green,0,-44.59,1,27.19
6330,211.211,green,observed,1.0,27.24,,green,0,-44.51,1,27.24
6333,211.311,green,observed,1.0,27.03,,green,0,-44.03,1,27.03
6336,211.411,green,observed,1.0,27.13,,green,0,-44.03,1,27.13
6339,211.511,green,observed,1.0,27.4,,green,0,-44.03,1,27.4
6342,211.611,green,observed,1.0,27.45,,green,0,-43.87,1,27.45
6345,211.712,green,observed,1.0,27.29,,green,0,-44.19,1,27.29
6348,211.812,green,observed,1.0,27.24,,green,0,-45.87,1,27.24
6351,211.912,green,observed,1.0,27.92,,green,0,-44.27,1,27.92
6354,212.012,green,observed,1.0,27.71,,green,0,-43.95,1,27.71
6357,212.112,green,observed,1.0,27.76,,green,0,-44.51,1,27.76
6360,212.212,green,observed,1.0,27.45,,green,0,-44.75,1,27.45
6363,212.312,green,observed,1.0,27.19,,green,0,-44.19,1,27.19
6366,212.412,green,observed,1.0,27.71,,green,0,-44.35,1,27.71
6369,212.512,green,observed,1.0,27.5,,green,0,-44.67,1,27.5
6372,212.612,green,observed,1.0,27.55,,green,0,-44.83,1,27.55
6375,212.712,green,observed,1.0,28.08,,green,0,-44.59,1,28.08
6378,212.813,green,observed,1.0,27.71,,green,0,-44.43,1,27.71
6381,212.913,green,observed,1.0,27.76,,green,0,-44.27,1,27.76
6384,213.013,green,observed,1.0,28.18,,green,0,-44.35,1,28.18
6387,213.113,green,observed,1.0,28.18,,green,0,-44.91,1,28.18
6390,213.213,green,observed,1.0,27.92,,green,0,-44.03,1,27.92
6393,213.313,green,observed,1.0,27.87,,green,0,-44.43,1,27.87
6396,213.413,green,observed,1.0,28.5,,green,0,-44.43,1,28.5
6399,213.513,green,observed,1.0,27.97,,green,0,-43.95,1,27.97
6402,213.613,green,observed,1.0,27.55,,green,0,-44.83,1,27.55
6405,213.714,green,observed,1.0,27.71,,green,0,-44.27,1,27.71
6408,213.814,green,observed,1.0,28.08,,green,0,-43.23,1,28.08
6411,213.914,green,observed,1.0,27.97,,green,0,-44.35,1,27.97
6414,214.014,green,observed,1.0,27.87,,green,0,-43.95,1,27.87
6417,214.114,green,observed,1.0,28.18,,green,0,-44.11,1,28.18
6420,214.214,green,observed,1.0,27.87,,green,0,-45.07,1,27.87
6423,214.314,green,observed,1.0,27.66,,green,0,-43.63,1,27.66
6426,214.414,green,observed,1.0,27.5,,green,0,-44.35,1,27.5
6429,214.514,green,observed,1.0,27.66,,green,0,-44.75,1,27.66
6432,214.614,green,observed,1.0,28.29,,green,0,-44.19,1,28.29
6435,214.715,green,observed,1.0,27.97,,green,0,-44.51,1,27.97
6438,214.815,green,observed,1.0,28.13,,green,0,-44.43,1,28.13
6441,214.915,green,observed,1.0,27.66,,green,0,-44.35,1,27.66
6444,215.015,green,observed,1.0,28.02,,green,0,-43.95,1,28.02
6447,215.115,green,observed,1.0,28.02,,green,0,-44.27,1,28.02
6450,215.215,green,observed,1.0,27.97,,green,0,-44.35,1,27.97
6453,215.315,green,observed,1.0,27.92,,green,0,-45.07,1,27.92
6456,215.415,green,observed,1.0,27.87,,green,0,-44.51,1,27.87
6459,215.515,green,observed,1.0,28.44,,green,0,-44.99,1,28.44
6462,215.615,green,observed,1.0,28.18,,green,0,-44.03,1,28.18
6465,215.716,green,observed,1.0,28.34,,green,0,-44.19,1,28.34
6468,215.816,green,observed,1.0,28.6,,green,0,-44.51,1,28.6
6471,215.916,green,observed,1.0,27.71,,green,0,-44.67,1,27.71
6474,216.016,green,observed,1.0,28.34,,green,0,-45.15,1,28.34
6477,216.116,green,observed,1.0,27.71,,green,0,-44.03,1,27.71
6480,216.216,green,observed,1.0,28.6,,green,0,-45.23,1,28.6
6483,216.316,green,observed,1.0,28.39,,green,0,-44.83,1,28.39
6486,216.416,green,observed,1.0,27.66,,green,0,-44.99,1,27.66
6489,216.516,green,observed,1.0,28.44,,green,0,-44.83,1,28.44
6492,216.616,green,observed,1.0,28.5,,green,0,-44.59,1,28.5
6495,216.716,green,observed,1.0,28.34,,green,0,-43.95,1,28.34
6498,216.817,green,observed,1.0,28.23,,green,0,-44.83,1,28.23
6501,216.917,green,observed,1.0,28.08,,green,0,-43.87,1,28.08
6504,217.017,green,observed,1.0,28.18,,green,0,-44.51,1,28.18
6507,217.117,green,observed,1.0,27.87,,green,0,-44.03,1,27.87
6510,217.217,green,observed,1.0,27.87,,green,0,-44.51,1,27.87
6513,217.317,green,observed,1.0,27.92,,green,0,-45.31,1,27.92
6516,217.417,green,observed,1.0,28.5,,green,0,-44.19,1,28.5
6519,217.517,green,observed,1.0,28.18,,green,0,-44.83,1,28.18
6522,217.617,green,observed,1.0,27.66,,green,0,-45.31,1,27.66
6525,217.718,green,observed,1.0,28.29,,green,0,-44.75,1,28.29
6528,217.818,green,observed,1.0,27.92,,green,0,-44.27,1,27.92
6531,217.918,green,observed,1.0,27.45,,green,0,-44.59,1,27.45
6534,218.018,green,observed,1.0,27.66,,green,0,-44.75,1,27.66
6537,218.118,green,observed,1.0,27.71,,green,0,-44.59,1,27.71
6540,218.218,green,observed,1.0,28.02,,green,0,-45.71,1,28.02
6543,218.318,green,observed,1.0,28.02,,green,0,-45.31,1,28.02
6546,218.418,green,observed,1.0,27.81,,green,0,-44.75,1,27.81
6549,218.518,green,observed,1.0,27.66,,green,0,-43.71,1,27.66
6552,218.618,green,observed,1.0,27.5,,green,0,-44.99,1,27.5
6555,218.718,green,observed,1.0,27.81,,green,0,-44.19,1,27.81
6558,218.819,green,observed,1.0,27.29,,green,0,-44.19,1,27.29
6561,218.919,green,observed,1.0,27.6,,green,0,-44.19,1,27.6
6564,219.019,green,observed,1.0,26.98,,green,0,-43.95,1,26.98
6567,219.119,green,observed,1.0,27.13,,green,0,-43.63,1,27.13
6570,219.219,green,observed,1.0,27.55,,green,0,-44.83,1,27.55
6573,219.319,green,observed,1.0,27.4,,green,0,-45.15,1,27.4
6576,219.419,green,observed,1.0,26.98,,green,0,-44.51,1,26.98
6579,219.519,green,observed,1.0,27.34,,green,0,-44.35,1,27.34
6582,219.619,green,observed,1.0,27.24,,green,0,-44.35,1,27.24
6585,219.72,green,observed,1.0,27.19,,green,0,-45.15,1,27.19
6588,219.82,green,observed,1.0,26.98,,green,0,-43.55,1,26.98
6591,219.92,green,observed,1.0,26.92,,green,0,-44.51,1,26.92
6594,220.02,green,observed,1.0,27.5,,green,0,-44.19,1,27.5
6597,220.12,green,observed,1.0,27.03,,green,0,-44.75,1,27.03
6600,220.22,green,observed,1.0,27.08,,green,0,-45.23,1,27.08
6603,220.32,green,observed,1.0,26.66,,green,0,-45.39,1,26.66
6606,220.42,green,observed,1.0,27.6,,green,0,-44.43,1,27.6
6609,220.52,green,observed,1.0,27.34,,green,0,-44.91,1,27.34
6612,220.62,green,observed,1.0,27.4,,green,0,-44.11,1,27.4
6615,220.721,green,observed,1.0,27.34,,green,0,-44.51,1,27.34
6618,220.821,green,observed,1.0,27.19,,green,0,-44.43,1,27.19
6621,220.921,green,observed,1.0,27.19,,green,0,-44.43,1,27.19
6624,221.021,green,observed,1.0,27.4,,green,0,-44.83,1,27.4
6627,221.121,green,observed,1.0,27.19,,green,0,-44.11,1,27.19
6630,221.221,green,observed,1.0,27.5,,green,0,-44.75,1,27.5
6633,221.321,green,observed,1.0,26.92,,green,0,-44.67,1,26.92
6636,221.421,green,observed,1.0,27.45,,green,0,-44.19,1,27.45
6639,221.521,green,observed,1.0,27.19,,green,0,-44.83,1,27.19
6642,221.621,green,observed,1.0,26.92,,green,0,-44.59,1,26.92
6645,221.722,green,observed,1.0,27.92,,green,0,-44.51,1,27.92
6648,221.822,green,observed,1.0,27.45,,green,0,-44.27,1,27.45
6651,221.922,green,observed,1.0,27.5,,green,0,-43.71,1,27.5
6654,222.022,green,observed,1.0,27.66,,green,0,-44.03,1,27.66
6657,222.122,green,observed,1.0,27.29,,green,0,-44.51,1,27.29
6660,222.222,green,observed,1.0,27.81,,green,0,-43.87,1,27.81
6663,222.322,green,observed,1.0,26.98,,green,0,-43.55,1,26.98
6666,222.422,green,observed,1.0,27.5,,green,0,-44.91,1,27.5
6669,222.522,green,observed,1.0,27.97,,green,0,-43.71,1,27.97
6672,222.622,green,observed,1.0,27.24,,green,0,-44.03,1,27.24
6675,222.722,green,observed,1.0,27.81,,green,0,-44.19,1,27.81
6678,222.823,green,observed,1.0,27.5,,green,0,-44.11,1,27.5
6681,222.923,green,observed,1.0,27.76,,green,0,-44.59,1,27.76
6684,223.023,green,observed,1.0,27.5,,green,0,-44.91,1,27.5
6687,223.123,green,observed,1.0,27.34,,green,0,-44.03,1,27.34
6690,223.223,green,observed,1.0,27.87,,green,0,-44.35,1,27.87
6693,223.323,green,observed,1.0,27.4,,green,0,-44.59,1,27.4
6696,223.423,green,observed,1.0,27.5,,green,0,-45.07,1,27.5
6699,223.523,green,observed,1.0,27.4,,green,0,-44.83,1,27.4
6702,223.623,green,observed,1.0,27.29,,green,0,-44.59,1,27.29
6705,223.724,green,observed,1.0,27.19,,green,0,-44.67,1,27.19
6708,223.824,green,observed,1.0,27.5,,green,0,-45.23,1,27.5
6711,223.924,green,observed,1.0,27.13,,green,0,-45.31,1,27.13
6714,224.024,green,observed,1.0,27.4,,green,0,-44.35,1,27.4
6717,224.124,green,observed,1.0,27.5,,green,0,-44.91,1,27.5
6720,224.224,green,observed,1.0,27.76,,green,0,-44.59,1,27.76
6723,224.324,green,observed,1.0,27.55,,green,0,-45.07,1,27.55
6726,224.424,green,observed,1.0,27.34,,green,0,-44.67,1,27.34
6729,224.524,green,observed,1.0,28.13,,green,0,-43.87,1,28.13
6732,224.624,green,observed,1.0,27.6,,green,0,-43.55,1,27.6
6735,224.724,green,observed,1.0,27.19,,green,0,-44.27,1,27.19
6738,224.825,green,observed,1.0,27.81,,green,0,-45.15,1,27.81
6741,224.925,green,observed,1.0,27.34,,green,0,-44.75,1,27.34
6744,225.025,green,observed,1.0,27.4,,green,0,-44.51,1,27.4
6747,225.125,green,observed,1.0,27.03,,green,0,-44.59,1,27.03
6750,225.225,green,observed,1.0,27.5,,green,0,-44.19,1,27.5
6753,225.325,green,observed,1.0,27.34,,green,0,-44.27,1,27.34
6756,225.425,green,observed,1.0,27.87,,green,0,-44.11,1,27.87
6759,225.525,green,observed,1.0,27.34,,green,0,-43.95,1,27.34
6762,225.625,green,observed,1.0,26.98,,green,0,-44.51,1,26.98
6765,225.726,green,observed,1.0,26.82,,green,0,-44.91,1,26.82
6768,225.826,green,observed,1.0,26.92,,green,0,-44.51,1,26.92
6771,225.926,green,observed,1.0,26.5,,green,0,-44.35,1,26.5
6774,226.026,green,observed,1.0,26.5,,green,0,-43.87,1,26.5
6777,226.126,green,observed,1.0,26.87,,green,0,-44.75,1,26.87
6780,226.226,green,observed,1.0,26.77,,green,0,-44.51,1,26.77
6783,226.326,green,observed,1.0,26.77,,green,0,-45.15,1,26.77
6786,226.426,green,observed,1.0,27.19,,green,0,-45.23,1,27.19
6789,226.526,green,observed,1.0,27.08,,green,0,-43.95,1,27.08
6792,226.626,green,observed,1.0,27.24,,green,0,-43.87,1,27.24
6795,226.727,green,observed,1.0,27.55,,green,0,-44.51,1,27.55
6798,226.827,green,observed,1.0,27.4,,green,0,-43.79,1,27.4
6801,226.927,green,observed,1.0,27.03,,green,0,-44.35,1,27.03
6804,227.027,green,observed,1.0,26.98,,green,0,-44.03,1,26.98
6807,227.127,green,observed,1.0,27.87,,green,0,-43.79,1,27.87
6810,227.227,green,observed,1.0,26.98,,green,0,-44.19,1,26.98
6813,227.327,green,observed,1.0,27.45,,green,0,-44.35,1,27.45
6816,227.427,green,observed,1.0,26.98,,green,0,-43.87,1,26.98
6819,227.527,green,observed,1.0,27.08,,green,0,-43.71,1,27.08
6822,227.627,green,observed,1.0,27.5,,green,0,-43.95,1,27.5
6825,227.728,green,observed,1.0,27.19,,green,0,-43.63,1,27.19
6828,227.828,green,observed,1.0,26.92,,green,0,-44.11,1,26.92
6831,227.928,green,observed,1.0,26.61,,green,0,-43.71,1,26.61
6834,228.028,green,observed,1.0,27.24,,green,0,-44.03,1,27.24
6837,228.128,green,observed,1.0,27.34,,green,0,-44.19,1,27.34
6840,228.228,green,observed,1.0,27.34,,green,0,-44.03,1,27.34
6843,228.328,green,observed,1.0,27.29,,green,0,-44.27,1,27.29
6846,228.428,green,observed,1.0,27.29,,green,0,-44.11,1,27.29
6849,228.528,green,observed,1.0,26.98,,green,0,-43.95,1,26.98
6852,228.628,green,observed,1.0,26.56,,green,0,-44.35,1,26.56
6855,228.728,green,observed,1.0,26.71,,green,0,-43.71,1,26.71
6858,228.829,green,observed,1.0,26.24,,green,0,-44.91,1,26.24
6861,228.929,green,observed,1.0,27.13,,green,0,-43.79,1,27.13
6864,229.029,green,observed,1.0,27.03,,green,0,-44.03,1,27.03
6867,229.129,green_blink,observed,1.0,23.09,,green_flash,0,-43.71,0,-23.09
6870,229.229,green_blink,observed,1.0,25.66,,green_flash,0,-43.31,0,-25.66
6873,229.329,green_blink,observed,1.0,26.14,,green_flash,0,-44.03,0,-26.14
6876,229.429,green_blink,observed,1.0,25.82,,green_flash,0,-43.31,0,-25.82
6879,229.529,green_blink,observed,1.0,26.24,,green_flash,0,-43.39,0,-26.24
6882,229.629,green_blink,observed,1.0,26.61,,green,0,-43.79,1,26.61
6885,229.73,green_blink,observed,1.0,26.24,,green,0,-44.19,1,26.24
6888,229.83,green_blink,observed,1.0,27.29,,green,0,-44.43,1,27.29
6891,229.93,green_blink,observed,1.0,26.92,,green,0,-44.19,1,26.92
6894,230.03,green_blink,observed,1.0,26.77,,green,0,-43.23,1,26.77
6897,230.13,green_blink,observed,1.0,24.72,,green_flash,0,-43.39,0,-24.72
6900,230.23,green_blink,observed,1.0,25.93,,green_flash,0,-43.47,0,-25.93
6903,230.33,green_blink,observed,1.0,25.87,,green_flash,0,-43.47,0,-25.87
6906,230.43,green_blink,observed,1.0,26.03,,green_flash,0,-42.99,0,-26.03
6909,230.53,green_blink,observed,1.0,26.19,,green_flash,0,-43.63,0,-26.19
6912,230.63,green_blink,observed,1.0,26.66,,green,0,-44.27,1,26.66
6915,230.73,green_blink,observed,1.0,26.14,,green,0,-43.07,1,26.14
6918,230.831,green_blink,observed,1.0,26.82,,green,0,-43.95,1,26.82
6921,230.931,green_blink,observed,1.0,26.92,,green,0,-43.79,1,26.92
6924,231.031,green_blink,observed,1.0,26.4,,green,0,-43.47,1,26.4
6927,231.131,green_blink,observed,1.0,24.98,,green_flash,0,-43.31,0,-24.98
6930,231.231,green_blink,observed,1.0,26.08,,green_flash,0,-43.71,0,-26.08
6933,231.331,green_blink,observed,1.0,26.08,,green_flash,0,-43.87,0,-26.08
6936,231.431,green_blink,observed,1.0,26.29,,green_flash,0,-43.15,0,-26.29
6939,231.531,green_blink,observed,1.0,26.35,,green_flash,0,-43.39,0,-26.35
6942,231.631,green_blink,observed,1.0,26.56,,green,0,-43.31,1,26.56
6945,231.732,green_blink,observed,1.0,26.5,,green,0,-44.03,1,26.5
6948,231.832,green_blink,observed,1.0,26.5,,green,0,-43.87,1,26.5
6951,231.932,green_blink,observed,1.0,26.35,,green,0,-43.71,1,26.35
6954,232.032,green_blink,observed,1.0,26.87,,green,0,-44.35,1,26.87
6957,232.132,red,observed,1.0,24.98,,red,1,42.83,0,-24.98
6960,232.232,red,observed,1.0,26.66,,red,1,44.91,0,-26.66
6963,232.332,red,observed,1.0,26.77,,red,1,45.15,0,-26.77
6966,232.432,red,observed,1.0,26.35,,red,1,44.91,0,-26.35
6969,232.532,red,observed,1.0,26.66,,red,1,44.35,0,-26.66
6972,232.632,red,observed,1.0,26.35,,red,1,45.15,0,-26.35
6975,232.733,red,observed,1.0,26.5,,red,1,45.55,0,-26.5
6978,232.833,red,observed,1.0,26.24,,red,1,44.99,0,-26.24
6981,232.933,red,observed,1.0,26.14,,red,1,44.67,0,-26.14
6984,233.033,red,observed,1.0,26.14,,red,1,45.79,0,-26.14
6987,233.133,red,observed,1.0,26.5,,red,1,44.75,0,-26.5
6990,233.233,red,observed,1.0,25.72,,red,1,44.99,0,-25.72
6993,233.333,red,observed,1.0,26.24,,red,1,45.71,0,-26.24
6996,233.433,red,observed,1.0,26.4,,red,1,44.35,0,-26.4
6999,233.533,red,observed,1.0,26.08,,red,1,44.59,0,-26.08
7002,233.633,red,observed,1.0,26.5,,red,1,45.31,0,-26.5
7005,233.734,red,observed,1.0,26.77,,red,1,44.83,0,-26.77
7008,233.834,red,observed,1.0,26.14,,red,1,45.31,0,-26.14
7011,233.934,red,observed,1.0,26.24,,red,1,44.75,0,-26.24
7014,234.034,red,observed,1.0,26.24,,red,1,45.07,0,-26.24
7017,234.134,red,observed,1.0,26.56,,red,1,45.79,0,-26.56
7020,234.234,red,observed,1.0,26.4,,red,1,44.27,0,-26.4
7023,234.334,red,observed,1.0,26.24,,red,1,44.99,0,-26.24
7026,234.434,red,observed,1.0,26.4,,red,1,45.71,0,-26.4
7029,234.534,red,observed,1.0,26.4,,red,1,45.31,0,-26.4
7032,234.634,red,observed,1.0,26.77,,red,1,45.39,0,-26.77
7035,234.734,red,observed,1.0,26.77,,red,1,45.23,0,-26.77
7038,234.835,red,observed,1.0,26.45,,red,1,45.07,0,-26.45
7041,234.935,red,observed,1.0,26.56,,red,1,44.51,0,-26.56
7044,235.035,red,observed,1.0,26.56,,red,1,44.35,0,-26.56
7047,235.135,red,observed,1.0,26.66,,red,1,45.15,0,-26.66
7050,235.235,red,observed,1.0,26.56,,red,1,45.15,0,-26.56
7053,235.335,red,observed,1.0,26.66,,red,1,45.87,0,-26.66
7056,235.435,red,observed,1.0,25.77,,red,1,45.23,0,-25.77
7059,235.535,red,observed,1.0,26.29,,red,1,45.15,0,-26.29
7062,235.635,red,observed,1.0,26.35,,red,1,45.15,0,-26.35
7065,235.736,red,observed,1.0,26.92,,red,1,44.99,0,-26.92
7068,235.836,red,observed,1.0,26.5,,red,1,44.67,0,-26.5
7071,235.936,red,observed,1.0,26.71,,red,1,45.15,0,-26.71
7074,236.036,red,observed,1.0,25.93,,red,1,44.35,0,-25.93
7077,236.136,red,observed,1.0,26.66,,red,1,44.83,0,-26.66
7080,236.236,red,observed,1.0,26.61,,red,1,45.55,0,-26.61
7083,236.336,red,observed,1.0,26.19,,red,1,45.39,0,-26.19
7086,236.436,red,observed,1.0,26.19,,red,1,45.87,0,-26.19
7089,236.536,red,observed,1.0,26.4,,red,1,45.55,0,-26.4
7092,236.636,red,observed,1.0,26.61,,red,1,45.15,0,-26.61
7095,236.736,red,observed,1.0,26.45,,red,1,45.71,0,-26.45
7098,236.837,red,observed,1.0,26.14,,red,1,44.83,0,-26.14
7101,236.937,red,observed,1.0,26.71,,red,1,44.83,0,-26.71
7104,237.037,red,observed,1.0,26.71,,red,1,44.91,0,-26.71
7107,237.137,red,observed,1.0,26.14,,red,1,44.99,0,-26.14
7110,237.237,red,observed,1.0,26.14,,red,1,45.39,0,-26.14
7113,237.337,red,observed,1.0,26.4,,red,1,45.15,0,-26.4
7116,237.437,red,observed,1.0,26.66,,red,1,44.67,0,-26.66
7119,237.537,red,observed,1.0,26.82,,red,1,44.91,0,-26.82
7122,237.637,red,observed,1.0,26.35,,red,1,44.91,0,-26.35
7125,237.738,red,observed,1.0,26.35,,red,1,44.51,0,-26.35
7128,237.838,red,observed,1.0,26.61,,red,1,44.11,0,-26.61
7131,237.938,red,observed,1.0,26.35,,red,1,44.19,0,-26.35
7134,238.038,red,observed,1.0,26.71,,red,1,44.67,0,-26.71
7137,238.138,red,observed,1.0,26.87,,red,1,43.63,0,-26.87
7140,238.238,red,observed,1.0,26.4,,red,1,44.91,0,-26.4
7143,238.338,red,observed,1.0,26.82,,red,1,44.91,0,-26.82
7146,238.438,red,observed,1.0,26.87,,red,1,44.99,0,-26.87
7149,238.538,red,observed,1.0,26.56,,red,1,44.83,0,-26.56
7152,238.638,red,observed,1.0,26.56,,red,1,44.51,0,-26.56
7155,238.739,red,observed,1.0,26.92,,red,1,44.75,0,-26.92
7158,238.839,red,observed,1.0,26.66,,red,1,44.75,0,-26.66
7161,238.939,red,observed,1.0,26.45,,red,1,44.59,0,-26.45
7164,239.039,red,observed,1.0,26.45,,red,1,44.75,0,-26.45
7167,239.139,red,observed,1.0,26.19,,red,1,44.75,0,-26.19
7170,239.239,red,observed,1.0,26.66,,red,1,43.95,0,-26.66
7173,239.339,red,observed,1.0,26.66,,red,1,44.91,0,-26.66
7176,239.439,red,observed,1.0,26.5,,red,1,44.19,0,-26.5
7179,239.539,red,observed,1.0,26.45,,red,1,43.79,0,-26.45
7182,239.639,red,observed,1.0,26.45,,red,1,43.79,0,-26.45
7185,239.74,red,observed,1.0,26.45,,red,1,44.27,0,-26.45
7188,239.84,red,observed,1.0,26.5,,red,1,45.15,0,-26.5
7191,239.94,red,observed,1.0,26.66,,red,1,44.27,0,-26.66
7194,240.04,red,observed,1.0,26.35,,red,1,45.39,0,-26.35
7197,240.14,red,observed,1.0,26.29,,red,1,44.67,0,-26.29
7200,240.24,red,observed,1.0,26.29,,red,1,44.51,0,-26.29
7203,240.34,red,observed,1.0,26.56,,red,1,44.51,0,-26.56
7206,240.44,red,observed,1.0,26.35,,red,1,44.27,0,-26.35
7209,240.54,red,observed,1.0,26.03,,red,1,44.35,0,-26.03
7212,240.64,red,observed,1.0,26.61,,red,1,45.07,0,-26.61
7215,240.74,red,observed,1.0,26.66,,red,1,44.67,0,-26.66
7218,240.841,red,observed,1.0,26.29,,red,1,44.59,0,-26.29
7221,240.941,red,observed,1.0,26.35,,red,1,44.59,0,-26.35
7224,241.041,red,observed,1.0,26.71,,red,1,44.19,0,-26.71
7227,241.141,red,observed,1.0,25.82,,red,1,44.59,0,-25.82
7230,241.241,red,observed,1.0,26.66,,red,1,44.19,0,-26.66
7233,241.341,red,observed,1.0,26.35,,red,1,44.19,0,-26.35
7236,241.441,red,observed,1.0,26.56,,red,1,44.59,0,-26.56
7239,241.541,red,observed,1.0,26.5,,red,1,44.91,0,-26.5
7242,241.641,red,observed,1.0,26.45,,red,1,44.27,0,-26.45
7245,241.742,red,observed,1.0,26.98,,red,1,44.51,0,-26.98
7248,241.842,red,observed,1.0,26.5,,red,1,44.75,0,-26.5
7251,241.942,red,observed,1.0,26.08,,red,1,45.07,0,-26.08
7254,242.042,red,observed,1.0,26.19,,red,1,44.59,0,-26.19
7257,242.142,red,observed,1.0,26.35,,red,1,44.67,0,-26.35
7260,242.242,red,observed,1.0,26.35,,red,1,45.23,0,-26.35
7263,242.342,red,observed,1.0,26.29,,red,1,45.23,0,-26.29
7266,242.442,red,observed,1.0,26.5,,red,1,45.31,0,-26.5
7269,242.542,red,observed,1.0,26.5,,red,1,44.67,0,-26.5
7272,242.642,red,observed,1.0,27.03,,red,1,44.19,0,-27.03
7275,242.742,red,observed,1.0,26.29,,red,1,44.35,0,-26.29
7278,242.843,red,observed,1.0,26.19,,red,1,44.19,0,-26.19
7281,242.943,red,observed,1.0,27.13,,red,1,44.51,0,-27.13
7284,243.043,red,observed,1.0,26.56,,red,1,44.19,0,-26.56
7287,243.143,red,observed,1.0,26.66,,red,1,44.19,0,-26.66
7290,243.243,red,observed,1.0,26.24,,red,1,44.03,0,-26.24
7293,243.343,red,observed,1.0,26.14,,red,1,43.79,0,-26.14
7296,243.443,red,observed,1.0,26.03,,red,1,44.19,0,-26.03
7299,243.543,red,observed,1.0,26.03,,red,1,43.87,0,-26.03
7302,243.643,red,observed,1.0,26.66,,red,1,44.35,0,-26.66
7305,243.744,red,observed,1.0,26.4,,red,1,43.87,0,-26.4
7308,243.844,red,observed,1.0,26.45,,red,1,44.75,0,-26.45
7311,243.944,red,observed,1.0,26.14,,red,1,44.19,0,-26.14
7314,244.044,red,observed,1.0,26.35,,red,1,44.19,0,-26.35
7317,244.144,red,observed,1.0,26.5,,red,1,43.87,0,-26.5
7320,244.244,red,observed,1.0,26.61,,red,1,44.75,0,-26.61
7323,244.344,red,observed,1.0,26.61,,red,1,45.07,0,-26.61
7326,244.444,red,observed,1.0,26.77,,red,1,44.19,0,-26.77
7329,244.544,red,observed,1.0,26.14,,red,1,44.27,0,-26.14
7332,244.644,red,observed,1.0,26.56,,red,1,44.43,0,-26.56
7335,244.745,red,observed,1.0,26.61,,red,1,44.35,0,-26.61
7338,244.845,red,observed,1.0,26.14,,red,1,44.11,0,-26.14
7341,244.945,red,observed,1.0,26.4,,red,1,43.87,0,-26.4
7344,245.045,red,observed,1.0,26.4,,red,1,44.19,0,-26.4
7347,245.145,red,observed,1.0,26.29,,red,1,44.59,0,-26.29
7350,245.245,red,observed,1.0,26.29,,red,1,44.35,0,-26.29
7353,245.345,red,observed,1.0,26.45,,red,1,44.83,0,-26.45
7356,245.445,red,observed,1.0,26.5,,red,1,44.35,0,-26.5
7359,245.545,red,observed,1.0,26.24,,red,1,45.31,0,-26.24
7362,245.645,red,observed,1.0,26.45,,red,1,44.35,0,-26.45
7365,245.746,red,observed,1.0,26.29,,red,1,45.07,0,-26.29
7368,245.846,red,observed,1.0,26.77,,red,1,44.03,0,-26.77
7371,245.946,red,observed,1.0,26.5,,red,1,44.27,0,-26.5
7374,246.046,red,observed,1.0,26.14,,red,1,44.43,0,-26.14
7377,246.146,red,observed,1.0,26.03,,red,1,44.27,0,-26.03
7380,246.246,red,observed,1.0,26.35,,red,1,44.59,0,-26.35
7383,246.346,red,observed,1.0,26.35,,red,1,44.43,0,-26.35
7386,246.446,red,observed,1.0,26.24,,red,1,44.51,0,-26.24
7389,246.546,red,observed,1.0,26.45,,red,1,44.99,0,-26.45
7392,246.646,red,observed,1.0,26.03,,red,1,44.83,0,-26.03
7395,246.746,red,observed,1.0,26.71,,red,1,45.23,0,-26.71
7398,246.847,red,observed,1.0,26.03,,red,1,44.67,0,-26.03
7401,246.947,red,observed,1.0,26.29,,red,1,44.19,0,-26.29
7404,247.047,red,observed,1.0,26.71,,red,1,44.83,0,-26.71
7407,247.147,red,observed,1.0,26.24,,red,1,45.07,0,-26.24
7410,247.247,red,observed,1.0,25.98,,red,1,44.35,0,-25.98
7413,247.347,red,observed,1.0,26.08,,red,1,44.83,0,-26.08
7416,247.447,red,observed,1.0,26.71,,red,1,43.95,0,-26.71
7419,247.547,red,observed,1.0,26.71,,red,1,43.79,0,-26.71
7422,247.647,red,observed,1.0,26.77,,red,1,44.19,0,-26.77
7425,247.748,red,observed,1.0,26.29,,red,1,44.35,0,-26.29
7428,247.848,red,observed,1.0,26.87,,red,1,44.35,0,-26.87
7431,247.948,red,observed,1.0,26.45,,red,1,44.59,0,-26.45
7434,248.048,red,observed,1.0,26.24,,red,1,45.07,0,-26.24
7437,248.148,red,observed,1.0,26.29,,red,1,44.75,0,-26.29
7440,248.248,red,observed,1.0,26.87,,red,1,44.43,0,-26.87
7443,248.348,red,observed,1.0,26.77,,red,1,44.75,0,-26.77
7446,248.448,red,observed,1.0,26.19,,red,1,44.75,0,-26.19
7449,248.548,red,observed,1.0,26.66,,red,1,45.55,0,-26.66
7452,248.648,red,observed,1.0,26.77,,red,1,44.67,0,-26.77
7455,248.748,red,observed,1.0,26.61,,red,1,44.59,0,-26.61
7458,248.849,red,observed,1.0,26.77,,red,1,45.07,0,-26.77
7461,248.949,red,observed,1.0,26.87,,red,1,45.39,0,-26.87
7464,249.049,red,observed,1.0,26.66,,red,1,44.27,0,-26.66
7467,249.149,red,observed,1.0,26.5,,red,1,45.31,0,-26.5
7470,249.249,red,observed,1.0,26.03,,red,1,44.51,0,-26.03
7473,249.349,red,observed,1.0,25.93,,red,1,44.19,0,-25.93
7476,249.449,red,observed,1.0,26.66,,red,1,44.43,0,-26.66
7479,249.549,red,observed,1.0,26.35,,red,1,44.83,0,-26.35
7482,249.649,red,observed,1.0,26.77,,red,1,45.55,0,-26.77
7485,249.75,red,observed,1.0,26.4,,red,1,44.75,0,-26.4
7488,249.85,red,observed,1.0,26.4,,red,1,44.83,0,-26.4
7491,249.95,red,observed,1.0,26.66,,red,1,44.75,0,-26.66
7494,250.05,red,observed,1.0,26.82,,red,1,45.15,0,-26.82
7497,250.15,red,observed,1.0,26.56,,red,1,44.35,0,-26.56
7500,250.25,red,observed,1.0,26.82,,red,1,45.47,0,-26.82
7503,250.35,red,observed,1.0,26.24,,red,1,44.91,0,-26.24
7506,250.45,red,observed,1.0,26.4,,red,1,45.07,0,-26.4
7509,250.55,red,observed,1.0,26.66,,red,1,44.83,0,-26.66
7512,250.65,red,observed,1.0,27.45,,red,1,45.39,0,-27.45
7515,250.751,red,observed,1.0,26.45,,red,1,45.07,0,-26.45
7518,250.851,red,observed,1.0,26.24,,red,1,44.11,0,-26.24
7521,250.951,red,observed,1.0,26.29,,red,1,44.75,0,-26.29
7524,251.051,red,observed,1.0,26.66,,red,1,44.67,0,-26.66
7527,251.151,red,observed,1.0,26.35,,red,1,44.67,0,-26.35
7530,251.251,red,observed,1.0,26.24,,red,1,44.35,0,-26.24
7533,251.351,red,observed,1.0,26.56,,red,1,44.11,0,-26.56
7536,251.451,red,observed,1.0,26.19,,red,1,44.59,0,-26.19
7539,251.551,red,observed,1.0,26.08,,red,1,44.51,0,-26.08
7542,251.651,red,observed,1.0,25.82,,red,1,44.59,0,-25.82
7545,251.752,red,observed,1.0,26.61,,red,1,44.11,0,-26.61
7548,251.852,red,observed,1.0,26.14,,red,1,44.99,0,-26.14
7551,251.952,red,observed,1.0,26.35,,red,1,44.99,0,-26.35
7554,252.052,red,observed,1.0,26.45,,red,1,45.31,0,-26.45
7557,252.152,red,observed,1.0,26.66,,red,1,44.99,0,-26.66
7560,252.252,red,observed,1.0,26.29,,red,1,45.23,0,-26.29
7563,252.352,red,observed,1.0,26.24,,red,1,44.83,0,-26.24
7566,252.452,red,observed,1.0,26.5,,red,1,44.51,0,-26.5
7569,252.552,red,observed,1.0,26.4,,red,1,45.23,0,-26.4
7572,252.652,red,observed,1.0,26.71,,red,1,44.19,0,-26.71
7575,252.752,red,observed,1.0,26.35,,red,1,44.43,0,-26.35
7578,252.853,red,observed,1.0,26.56,,red,1,44.51,0,-26.56
7581,252.953,red,observed,1.0,25.98,,red,1,44.83,0,-25.98
7584,253.053,red,observed,1.0,26.66,,red,1,44.75,0,-26.66
7587,253.153,red,observed,1.0,26.56,,red,1,44.99,0,-26.56
7590,253.253,red,observed,1.0,26.19,,red,1,43.95,0,-26.19
7593,253.353,red,observed,1.0,26.29,,red,1,43.87,0,-26.29
7596,253.453,red,observed,1.0,26.5,,red,1,43.95,0,-26.5
7599,253.553,red,observed,1.0,26.56,,red,1,44.35,0,-26.56
7602,253.653,red,observed,1.0,26.29,,red,1,44.35,0,-26.29
7605,253.754,red,observed,1.0,26.24,,red,1,44.27,0,-26.24
7608,253.854,red,observed,1.0,25.98,,red,1,45.15,0,-25.98
7611,253.954,red,observed,1.0,26.4,,red,1,45.87,0,-26.4
7614,254.054,red,observed,1.0,26.08,,red,1,44.75,0,-26.08
7617,254.154,red,observed,1.0,26.14,,red,1,45.07,0,-26.14
7620,254.254,red,observed,1.0,26.5,,red,1,45.15,0,-26.5
7623,254.354,red,observed,1.0,26.14,,red,1,45.23,0,-26.14
7626,254.454,red,observed,1.0,26.35,,red,1,44.91,0,-26.35
7629,254.554,red,observed,1.0,26.66,,red,1,44.75,0,-26.66
7632,254.654,red,observed,1.0,26.87,,red,1,44.75,0,-26.87
7635,254.754,red,observed,1.0,26.19,,red,1,45.55,0,-26.19
7638,254.855,red,observed,1.0,26.29,,red,1,44.43,0,-26.29
7641,254.955,red,observed,1.0,26.45,,red,1,44.35,0,-26.45
7644,255.055,red,observed,1.0,26.77,,red,1,44.35,0,-26.77
7647,255.155,red,observed,1.0,26.61,,red,1,44.75,0,-26.61
7650,255.255,red,observed,1.0,26.4,,red,1,43.87,0,-26.4
7653,255.355,red,observed,1.0,26.77,,red,1,44.75,0,-26.77
7656,255.455,red,observed,1.0,26.87,,red,1,44.51,0,-26.87
7659,255.555,red,observed,1.0,26.19,,red,1,44.03,0,-26.19
7662,255.655,red,observed,1.0,26.92,,red,1,44.19,0,-26.92
7665,255.756,red,observed,1.0,26.61,,red,1,43.71,0,-26.61
7668,255.856,red,observed,1.0,26.45,,red,1,43.87,0,-26.45
7671,255.956,red,observed,1.0,26.61,,red,1,44.27,0,-26.61
7674,256.056,red,observed,1.0,26.77,,red,1,44.83,0,-26.77
7677,256.156,red,observed,1.0,26.61,,red,1,44.83,0,-26.61
7680,256.256,red,observed,1.0,26.24,,red,1,44.19,0,-26.24
7683,256.356,red,observed,1.0,26.24,,red,1,44.03,0,-26.24
7686,256.456,red,observed,1.0,26.56,,red,1,44.35,0,-26.56
7689,256.556,red,observed,1.0,26.66,,red,1,45.39,0,-26.66
7692,256.656,red,observed,1.0,26.66,,red,1,44.11,0,-26.66
7695,256.757,red,observed,1.0,26.45,,red,1,44.43,0,-26.45
7698,256.857,red,observed,1.0,26.35,,red,1,44.83,0,-26.35
7701,256.957,red,observed,1.0,26.4,,red,1,44.75,0,-26.4
7704,257.057,red,observed,1.0,26.24,,red,1,44.27,0,-26.24
7707,257.157,red,observed,1.0,26.4,,red,1,44.59,0,-26.4
7710,257.257,red,observed,1.0,26.56,,red,1,44.51,0,-26.56
7713,257.357,red,observed,1.0,26.61,,red,1,45.31,0,-26.61
7716,257.457,red,observed,1.0,26.35,,red,1,45.63,0,-26.35
7719,257.557,red,observed,1.0,26.87,,red,1,44.59,0,-26.87
7722,257.657,red,observed,1.0,26.98,,red,1,44.91,0,-26.98
7725,257.758,red,observed,1.0,26.35,,red,1,45.07,0,-26.35
7728,257.858,red,observed,1.0,26.45,,red,1,44.91,0,-26.45
7731,257.958,red,observed,1.0,26.56,,red,1,44.91,0,-26.56
7734,258.058,red,observed,1.0,26.08,,red,1,44.35,0,-26.08
7737,258.158,red,observed,1.0,26.45,,red,1,45.63,0,-26.45
7740,258.258,red,observed,1.0,26.98,,red,1,44.35,0,-26.98
7743,258.358,red,observed,1.0,26.77,,red,1,44.35,0,-26.77
7746,258.458,red,observed,1.0,26.35,,red,1,44.11,0,-26.35
7749,258.558,red,observed,1.0,26.61,,red,1,44.35,0,-26.61
7752,258.658,red,observed,1.0,26.56,,red,1,45.23,0,-26.56
7755,258.759,red,observed,1.0,26.24,,red,1,44.83,0,-26.24
7758,258.859,red,observed,1.0,26.56,,red,1,44.51,0,-26.56
7761,258.959,red,observed,1.0,27.08,,red,1,44.91,0,-27.08
7764,259.059,red,observed,1.0,26.24,,red,1,45.71,0,-26.24
7767,259.159,red,observed,1.0,26.45,,red,1,45.15,0,-26.45
7770,259.259,red,observed,1.0,26.19,,red,1,44.67,0,-26.19
7773,259.359,red,observed,1.0,25.77,,red,1,45.07,0,-25.77
7776,259.459,red,observed,1.0,26.29,,red,1,44.67,0,-26.29
7779,259.559,red,observed,1.0,26.19,,red,1,44.59,0,-26.19
7782,259.659,red,observed,1.0,26.82,,red,1,44.35,0,-26.82
7785,259.76,red,observed,1.0,26.56,,red,1,44.43,0,-26.56
7788,259.86,red,observed,1.0,26.77,,red,1,44.83,0,-26.77
7791,259.96,red,observed,1.0,26.24,,red,1,44.67,0,-26.24
7794,260.06,red,observed,1.0,26.5,,red,1,44.35,0,-26.5
7797,260.16,red,observed,1.0,26.5,,red,1,44.67,0,-26.5
7800,260.26,red,observed,1.0,27.03,,red,1,44.11,0,-27.03
7803,260.36,red,observed,1.0,26.77,,red,1,44.75,0,-26.77
7806,260.46,red,observed,1.0,26.35,,red,1,44.67,0,-26.35
7809,260.56,red,observed,1.0,26.14,,red,1,44.35,0,-26.14
7812,260.66,red,observed,1.0,26.14,,red,1,44.83,0,-26.14
7815,260.76,red,observed,1.0,26.19,,red,1,44.99,0,-26.19
7818,260.861,red,observed,1.0,26.19,,red,1,44.75,0,-26.19
7821,260.961,red,observed,1.0,25.93,,red,1,44.91,0,-25.93
7824,261.061,red,observed,1.0,26.61,,red,1,44.27,0,-26.61
7827,261.161,red,observed,1.0,26.29,,red,1,44.27,0,-26.29
7830,261.261,red,observed,1.0,26.35,,red,1,44.19,0,-26.35
7833,261.361,red,observed,1.0,26.71,,red,1,44.19,0,-26.71
7836,261.461,red,observed,1.0,26.61,,red,1,44.19,0,-26.61
7839,261.561,red,observed,1.0,26.66,,red,1,44.43,0,-26.66
7842,261.661,red,observed,1.0,26.56,,red,1,44.99,0,-26.56
7845,261.762,red,observed,1.0,26.82,,red,1,44.75,0,-26.82
7848,261.862,red,observed,1.0,26.08,,red,1,44.99,0,-26.08
7851,261.962,red,observed,1.0,26.4,,red,1,44.19,0,-26.4
7854,262.062,red,observed,1.0,26.5,,red,1,44.43,0,-26.5
7857,262.162,red,observed,1.0,27.19,,red,1,44.67,0,-27.19
7860,262.262,red,observed,1.0,26.4,,red,1,45.63,0,-26.4
7863,262.362,red,observed,1.0,26.45,,red,1,44.91,0,-26.45
7866,262.462,red,observed,1.0,26.24,,red,1,44.59,0,-26.24
7869,262.562,red,observed,1.0,26.45,,red,1,45.15,0,-26.45
7872,262.662,red,observed,1.0,26.29,,red,1,45.23,0,-26.29
7875,262.762,red,observed,1.0,26.56,,red,1,44.35,0,-26.56
7878,262.863,red,observed,1.0,26.5,,red,1,44.43,0,-26.5
7881,262.963,red,observed,1.0,26.19,,red,1,44.99,0,-26.19
7884,263.063,red,observed,1.0,26.56,,red,1,44.35,0,-26.56
7887,263.163,red,observed,1.0,26.61,,red,1,44.51,0,-26.61
7890,263.263,red,observed,1.0,26.56,,red,1,45.15,0,-26.56
7893,263.363,red,observed,1.0,26.08,,red,1,45.07,0,-26.08
7896,263.463,red,observed,1.0,26.61,,red,1,45.07,0,-26.61
7899,263.563,red,observed,1.0,26.45,,red,1,44.91,0,-26.45
7902,263.663,red,observed,1.0,26.24,,red,1,44.99,0,-26.24
7905,263.764,red,observed,1.0,26.56,,red,1,44.83,0,-26.56
7908,263.864,red,observed,1.0,26.66,,red,1,45.07,0,-26.66
7911,263.964,red,observed,1.0,27.29,,red,1,44.27,0,-27.29
7914,264.064,red,observed,1.0,26.66,,red,1,44.51,0,-26.66
7917,264.164,red,observed,1.0,26.71,,red,1,44.59,0,-26.71
7920,264.264,red,observed,1.0,26.5,,red,1,44.43,0,-26.5
7923,264.364,red,observed,1.0,26.4,,red,1,44.35,0,-26.4
7926,264.464,red,observed,1.0,26.82,,red,1,44.75,0,-26.82
7929,264.564,red,observed,1.0,26.77,,red,1,45.39,0,-26.77
7932,264.664,red,observed,1.0,26.56,,red,1,44.35,0,-26.56
7935,264.764,red,observed,1.0,26.66,,red,1,44.67,0,-26.66
7938,264.865,red,observed,1.0,26.24,,red,1,44.27,0,-26.24
7941,264.965,red,observed,1.0,25.93,,red,1,45.79,0,-25.93
7944,265.065,red,observed,1.0,26.14,,red,1,44.59,0,-26.14
7947,265.165,red,observed,1.0,26.24,,red,1,45.39,0,-26.24
7950,265.265,red,observed,1.0,26.14,,red,1,45.55,0,-26.14
7953,265.365,red,observed,1.0,26.45,,red,1,44.67,0,-26.45
7956,265.465,red,observed,1.0,26.35,,red,1,44.91,0,-26.35
7959,265.565,red,observed,1.0,26.82,,red,1,45.47,0,-26.82
7962,265.665,red,observed,1.0,26.87,,red,1,44.75,0,-26.87
7965,265.766,red,observed,1.0,26.56,,red,1,44.83,0,-26.56
7968,265.866,red,observed,1.0,26.14,,red,1,44.51,0,-26.14
7971,265.966,red,observed,1.0,26.66,,red,1,44.91,0,-26.66
7974,266.066,red,observed,1.0,26.24,,red,1,46.18,0,-26.24
7977,266.166,red,observed,1.0,26.14,,red,1,45.47,0,-26.14
7980,266.266,red,observed,1.0,26.66,,red,1,45.47,0,-26.66
7983,266.366,red,observed,1.0,26.4,,red,1,44.91,0,-26.4
7986,266.466,red,observed,1.0,26.61,,red,1,44.67,0,-26.61
7989,266.566,red,observed,1.0,26.71,,red,1,45.47,0,-26.71
7992,266.666,red,observed,1.0,26.61,,red,1,45.15,0,-26.61
7995,266.766,red,observed,1.0,26.61,,red,1,45.47,0,-26.61
7998,266.867,red,observed,1.0,26.71,,red,1,45.71,0,-26.71
8001,266.967,red,observed,1.0,26.77,,red,1,45.47,0,-26.77
8004,267.067,red,observed,1.0,26.82,,red,1,45.15,0,-26.82
8007,267.167,red,observed,1.0,26.61,,red,1,45.31,0,-26.61
8010,267.267,red,observed,1.0,26.56,,red,1,45.39,0,-26.56
8013,267.367,red,observed,1.0,26.66,,red,1,44.03,0,-26.66
8016,267.467,red,observed,1.0,26.87,,red,1,44.99,0,-26.87
8019,267.567,red,observed,1.0,26.66,,red,1,44.91,0,-26.66
8022,267.667,red,observed,1.0,26.19,,red,1,44.99,0,-26.19
8025,267.768,red,observed,1.0,26.14,,red,1,45.55,0,-26.14
8028,267.868,red,observed,1.0,26.77,,red,1,44.51,0,-26.77
8031,267.968,red,observed,1.0,26.61,,red,1,44.59,0,-26.61
8034,268.068,red,observed,1.0,26.66,,red,1,44.59,0,-26.66
8037,268.168,red,observed,1.0,26.5,,red,1,44.75,0,-26.5
8040,268.268,red,observed,1.0,26.29,,red,1,43.87,0,-26.29
8043,268.368,red,observed,1.0,26.24,,red,1,44.19,0,-26.24
8046,268.468,red,observed,1.0,26.71,,red,1,44.51,0,-26.71
8049,268.568,red,observed,1.0,26.66,,red,1,44.67,0,-26.66
8052,268.668,red,observed,1.0,26.29,,red,1,45.47,0,-26.29
8055,268.768,red,observed,1.0,26.56,,red,1,45.23,0,-26.56
8058,268.869,red,observed,1.0,26.56,,red,1,44.59,0,-26.56
8061,268.969,red,observed,1.0,26.5,,red,1,44.67,0,-26.5
8064,269.069,red,observed,1.0,26.29,,red,1,44.59,0,-26.29
8067,269.169,red,observed,1.0,25.72,,red,1,43.95,0,-25.72
8070,269.269,red,observed,1.0,26.24,,red,1,44.91,0,-26.24
8073,269.369,red,observed,1.0,26.29,,red,1,45.07,0,-26.29
8076,269.469,red,observed,1.0,26.45,,red,1,44.75,0,-26.45
8079,269.569,red,observed,1.0,26.4,,red,1,44.43,0,-26.4
8082,269.669,red,observed,1.0,26.56,,red,1,44.83,0,-26.56
8085,269.77,red,observed,1.0,26.45,,red,1,44.51,0,-26.45
8088,269.87,red,observed,1.0,26.61,,red,1,44.27,0,-26.61
8091,269.97,red,observed,1.0,26.66,,red,1,44.75,0,-26.66
8094,270.07,red,observed,1.0,26.35,,red,1,44.75,0,-26.35
8097,270.17,red,observed,1.0,26.98,,red,1,44.43,0,-26.98
8100,270.27,red,observed,1.0,26.08,,red,1,44.59,0,-26.08
8103,270.37,red,observed,1.0,26.87,,red,1,45.07,0,-26.87
8106,270.47,red,observed,1.0,26.61,,red,1,44.35,0,-26.61
8109,270.57,red,observed,1.0,26.56,,red,1,44.99,0,-26.56
8112,270.67,red,observed,1.0,26.45,,red,1,44.51,0,-26.45
8115,270.77,red,observed,1.0,26.14,,red,1,44.27,0,-26.14
8118,270.871,red,observed,1.0,26.61,,red,1,45.31,0,-26.61
8121,270.971,red,observed,1.0,26.66,,red,1,44.43,0,-26.66
8124,271.071,red,observed,1.0,26.66,,red,1,44.59,0,-26.66
8127,271.171,red,observed,1.0,26.5,,red,1,44.91,0,-26.5
8130,271.271,red,observed,1.0,26.5,,red,1,44.75,0,-26.5
8133,271.371,red,observed,1.0,26.35,,red,1,44.43,0,-26.35
8136,271.471,red,observed,1.0,26.87,,red,1,44.51,0,-26.87
8139,271.571,red,observed,1.0,26.4,,red,1,44.43,0,-26.4
8142,271.671,red,observed,1.0,26.45,,red,1,44.83,0,-26.45
8145,271.772,red,observed,1.0,26.56,,red,1,44.59,0,-26.56
8148,271.872,red,observed,1.0,26.71,,red,1,44.67,0,-26.71
8151,271.972,red,observed,1.0,26.24,,red,1,44.27,0,-26.24
8154,272.072,red,observed,1.0,26.5,,red,1,44.43,0,-26.5
8157,272.172,red,observed,1.0,26.08,,red,1,44.43,0,-26.08
8160,272.272,red,observed,1.0,26.19,,red,1,44.91,0,-26.19
8163,272.372,red,observed,1.0,26.77,,red,1,44.67,0,-26.77
8166,272.472,red,observed,1.0,26.5,,red,1,44.75,0,-26.5
8169,272.572,red,observed,1.0,26.56,,red,1,45.15,0,-26.56
8172,272.672,red,observed,1.0,26.03,,red,1,44.67,0,-26.03
8175,272.772,red,observed,1.0,26.71,,red,1,44.83,0,-26.71
8178,272.873,red,observed,1.0,25.98,,red,1,44.99,0,-25.98
8181,272.973,red,observed,1.0,26.98,,red,1,44.75,0,-26.98
8184,273.073,red,observed,1.0,26.4,,red,1,44.35,0,-26.4
8187,273.173,red,observed,1.0,26.77,,red,1,44.59,0,-26.77
8190,273.273,red,observed,1.0,26.19,,red,1,44.67,0,-26.19
8193,273.373,red,observed,1.0,26.19,,red,1,44.19,0,-26.19
8196,273.473,red,observed,1.0,26.87,,red,1,45.15,0,-26.87
8199,273.573,red,observed,1.0,26.66,,red,1,44.59,0,-26.66
8202,273.673,red,observed,1.0,26.82,,red,1,44.19,0,-26.82
8205,273.774,red,observed,1.0,26.35,,red,1,43.79,0,-26.35
8208,273.874,red,observed,1.0,26.77,,red,1,44.91,0,-26.77
8211,273.974,red,observed,1.0,26.5,,red,1,44.67,0,-26.5
8214,274.074,red,observed,1.0,26.24,,red,1,44.83,0,-26.24
8217,274.174,red,observed,1.0,26.14,,red,1,44.67,0,-26.14
8220,274.274,red,observed,1.0,26.35,,red,1,44.51,0,-26.35
8223,274.374,red,observed,1.0,26.14,,red,1,45.31,0,-26.14
8226,274.474,red,observed,1.0,27.03,,red,1,44.99,0,-27.03
8229,274.574,red,observed,1.0,26.82,,red,1,44.99,0,-26.82
8232,274.674,red,observed,1.0,26.92,,red,1,44.35,0,-26.92
8235,274.774,red,observed,1.0,26.66,,red,1,44.19,0,-26.66
8238,274.875,red,observed,1.0,26.24,,red,1,44.11,0,-26.24
8241,274.975,red,observed,1.0,26.35,,red,1,44.99,0,-26.35
8244,275.075,red,observed,1.0,26.24,,red,1,44.75,0,-26.24
8247,275.175,red,observed,1.0,26.45,,red,1,44.59,0,-26.45
8250,275.275,red,observed,1.0,26.35,,red,1,45.31,0,-26.35
8253,275.375,red,observed,1.0,26.14,,red,1,45.15,0,-26.14
8256,275.475,red,observed,1.0,26.45,,red,1,44.43,0,-26.45
8259,275.575,red,observed,1.0,26.77,,red,1,44.51,0,-26.77
8262,275.675,red,observed,1.0,26.08,,red,1,44.83,0,-26.08
8265,275.776,red,observed,1.0,27.08,,red,1,44.83,0,-27.08
8268,275.876,red,observed,1.0,26.5,,red,1,44.83,0,-26.5
8271,275.976,red,observed,1.0,26.92,,red,1,44.51,0,-26.92
8274,276.076,red,observed,1.0,26.98,,red,1,44.51,0,-26.98
8277,276.176,red,observed,1.0,26.35,,red,1,44.35,0,-26.35
8280,276.276,red,observed,1.0,26.77,,red,1,43.87,0,-26.77
8283,276.376,red,observed,1.0,25.93,,red,1,44.19,0,-25.93
8286,276.476,red,observed,1.0,26.4,,red,1,44.19,0,-26.4
8289,276.576,red,observed,1.0,26.66,,red,1,43.95,0,-26.66
8292,276.676,red,observed,1.0,26.35,,red,1,41.0,0,-26.35
8295,276.776,red,observed,1.0,26.45,,red,1,44.75,0,-26.45
8298,276.877,red,observed,1.0,26.5,,red,1,44.91,0,-26.5
8301,276.977,red,observed,1.0,26.56,,red,1,46.34,0,-26.56
8304,277.077,red,observed,1.0,26.66,,red,1,46.58,0,-26.66
8307,277.177,green,observed,1.0,27.03,,green,0,-34.54,1,27.03
8310,277.277,green,observed,1.0,26.92,,green,0,-42.83,1,26.92
8313,277.377,green,observed,1.0,26.45,,green,0,-43.95,1,26.45
8316,277.477,green,observed,1.0,26.92,,green,0,-42.2,1,26.92
8319,277.577,green,observed,1.0,27.08,,green,0,-42.2,1,27.08
8322,277.677,green,observed,1.0,26.92,,green,0,-42.04,1,26.92
8325,277.778,green,observed,1.0,26.5,,green,0,-42.83,1,26.5
8328,277.878,green,observed,1.0,26.66,,green,0,-43.31,1,26.66
8331,277.978,green,observed,1.0,26.66,,green,0,-43.39,1,26.66
8334,278.078,green,observed,1.0,26.98,,green,0,-43.47,1,26.98
8337,278.178,green,observed,1.0,26.61,,green,0,-43.47,1,26.61
8340,278.278,green,observed,1.0,26.98,,green,0,-43.55,1,26.98
8343,278.378,green,observed,1.0,26.77,,green,0,-43.39,1,26.77
8346,278.478,green,observed,1.0,27.03,,green,0,-43.31,1,27.03
8349,278.578,green,observed,1.0,26.45,,green,0,-43.15,1,26.45
8352,278.678,green,observed,1.0,27.13,,green,0,-43.23,1,27.13
8355,278.778,green,observed,1.0,26.66,,green,0,-43.15,1,26.66
8358,278.879,green,observed,1.0,26.24,,green,0,-42.99,1,26.24
8361,278.979,green,observed,1.0,27.4,,green,0,-42.75,1,27.4
8364,279.079,green,observed,1.0,26.56,,green,0,-43.55,1,26.56
8367,279.179,green,observed,1.0,26.19,,green,0,-43.55,1,26.19
8370,279.279,green,observed,1.0,26.61,,green,0,-43.79,1,26.61
8373,279.379,green,observed,1.0,26.56,,green,0,-43.47,1,26.56
8376,279.479,green,observed,1.0,26.71,,green,0,-43.79,1,26.71
8379,279.579,green,observed,1.0,26.98,,green,0,-43.47,1,26.98
8382,279.679,green,observed,1.0,26.71,,green,0,-43.79,1,26.71
8385,279.78,green,observed,1.0,26.61,,green,0,-43.31,1,26.61
8388,279.88,green,observed,1.0,26.77,,green,0,-43.15,1,26.77
8391,279.98,green,observed,1.0,26.87,,green,0,-42.99,1,26.87
8394,280.08,green,observed,1.0,26.82,,green,0,-42.44,1,26.82
8397,280.18,green,observed,1.0,26.71,,green,0,-42.83,1,26.71
8400,280.28,green,observed,1.0,27.03,,green,0,-43.55,1,27.03
8403,280.38,green,observed,1.0,26.71,,green,0,-44.51,1,26.71
8406,280.48,green,observed,1.0,26.29,,green,0,-43.95,1,26.29
8409,280.58,green,observed,1.0,27.13,,green,0,-43.71,1,27.13
8412,280.68,green,observed,1.0,26.77,,green,0,-43.47,1,26.77
8415,280.78,green,observed,1.0,26.66,,green,0,-44.03,1,26.66
8418,280.881,green,observed,1.0,26.5,,green,0,-43.47,1,26.5
8421,280.981,green,observed,1.0,26.61,,green,0,-44.03,1,26.61
8424,281.081,green,observed,1.0,26.5,,green,0,-43.63,1,26.5
8427,281.181,green,observed,1.0,27.03,,green,0,-43.95,1,27.03
8430,281.281,green,observed,1.0,26.77,,green,0,-43.31,1,26.77
8433,281.381,green,observed,1.0,26.56,,green,0,-43.55,1,26.56
8436,281.481,green,observed,1.0,26.4,,green,0,-42.67,1,26.4
8439,281.581,green,observed,1.0,26.5,,green,0,-42.83,1,26.5
8442,281.681,green,observed,1.0,26.5,,green,0,-43.95,1,26.5
8445,281.782,green,observed,1.0,26.77,,green,0,-43.47,1,26.77
8448,281.882,green,observed,1.0,26.66,,green,0,-44.03,1,26.66
8451,281.982,green,observed,1.0,26.19,,green,0,-43.55,1,26.19
8454,282.082,green,observed,1.0,26.35,,green,0,-43.39,1,26.35
8457,282.182,green,observed,1.0,26.03,,green,0,-43.39,1,26.03
8460,282.282,green,observed,1.0,26.66,,green,0,-43.47,1,26.66
8463,282.382,green,observed,1.0,26.35,,green,0,-43.87,1,26.35
8466,282.482,green,observed,1.0,26.4,,green,0,-43.15,1,26.4
8469,282.582,green,observed,1.0,26.14,,green,0,-42.99,1,26.14
8472,282.682,green,observed,1.0,25.72,,green,0,-43.55,1,25.72
8475,282.782,green,observed,1.0,26.19,,green,0,-43.87,1,26.19
8478,282.883,green,observed,1.0,26.61,,green,0,-44.19,1,26.61
8481,282.983,green,observed,1.0,26.03,,green,0,-42.91,1,26.03
8484,283.083,green,observed,1.0,25.72,,green,0,-42.83,1,25.72
8487,283.183,green,observed,1.0,25.98,,green,0,-43.63,1,25.98
8490,283.283,green,observed,1.0,26.08,,green,0,-44.11,1,26.08
8493,283.383,green,observed,1.0,26.19,,green,0,-43.71,1,26.19
8496,283.483,green,observed,1.0,26.5,,green,0,-44.35,1,26.5
8499,283.583,green,observed,1.0,25.82,,green,0,-43.79,1,25.82
8502,283.683,green,observed,1.0,26.29,,green,0,-43.71,1,26.29
8505,283.784,green,observed,1.0,26.03,,green,0,-43.15,1,26.03
8508,283.884,green,observed,1.0,25.93,,green,0,-43.15,1,25.93
8511,283.984,green,observed,1.0,26.35,,green,0,-43.31,1,26.35
8514,284.084,green,observed,1.0,26.24,,green,0,-42.91,1,26.24
8517,284.184,green,observed,1.0,26.24,,green,0,-43.79,1,26.24
8520,284.284,green,observed,1.0,26.5,,green,0,-43.39,1,26.5
8523,284.384,green,observed,1.0,26.08,,green,0,-43.15,1,26.08
8526,284.484,green,observed,1.0,26.24,,green,0,-43.87,1,26.24
8529,284.584,green,observed,1.0,26.45,,green,0,-43.31,1,26.45
8532,284.684,green,observed,1.0,26.24,,green,0,-42.59,1,26.24
8535,284.784,green,observed,1.0,26.14,,green,0,-42.75,1,26.14
8538,284.885,green,observed,1.0,26.19,,green,0,-43.47,1,26.19
8541,284.985,green,observed,1.0,25.77,,green,0,-43.07,1,25.77
8544,285.085,green,observed,1.0,26.03,,green,0,-43.07,1,26.03
8547,285.185,green,observed,1.0,26.24,,green,0,-43.15,1,26.24
8550,285.285,green,observed,1.0,26.56,,green,0,-43.15,1,26.56
8553,285.385,green,observed,1.0,26.71,,green,0,-43.47,1,26.71
8556,285.485,green,observed,1.0,26.35,,green,0,-43.95,1,26.35
8559,285.585,green,observed,1.0,25.72,,green,0,-44.51,1,25.72
8562,285.685,green,observed,1.0,26.29,,green,0,-44.51,1,26.29
8565,285.786,green,observed,1.0,26.56,,green,0,-42.91,1,26.56
8568,285.886,green,observed,1.0,26.24,,green,0,-43.95,1,26.24
8571,285.986,green,observed,1.0,26.03,,green,0,-43.15,1,26.03
8574,286.086,green,observed,1.0,26.19,,green,0,-43.87,1,26.19
8577,286.186,green,observed,1.0,25.87,,green,0,-43.79,1,25.87
8580,286.286,green,observed,1.0,26.56,,green,0,-43.71,1,26.56
8583,286.386,green,observed,1.0,26.56,,green,0,-43.55,1,26.56
8586,286.486,green,observed,1.0,26.14,,green,0,-43.31,1,26.14
8589,286.586,green,observed,1.0,26.19,,green,0,-44.11,1,26.19
8592,286.686,green,observed,1.0,26.14,,green,0,-43.47,1,26.14
8595,286.786,green,observed,1.0,26.66,,green,0,-42.99,1,26.66
8598,286.887,green,observed,1.0,26.56,,green,0,-43.39,1,26.56
8601,286.987,green,observed,1.0,26.45,,green,0,-43.55,1,26.45
8604,287.087,green,observed,1.0,26.56,,green,0,-43.23,1,26.56
8607,287.187,green,observed,1.0,26.19,,green,0,-43.15,1,26.19
8610,287.287,green,observed,1.0,26.4,,green,0,-43.15,1,26.4
8613,287.387,green,observed,1.0,26.87,,green,0,-43.39,1,26.87
8616,287.487,green,observed,1.0,27.08,,green,0,-43.79,1,27.08
8619,287.587,green,observed,1.0,27.08,,green,0,-43.39,1,27.08
8622,287.687,green,observed,1.0,26.82,,green,0,-43.31,1,26.82
8625,287.788,green,observed,1.0,26.77,,green,0,-43.39,1,26.77
8628,287.888,green,observed,1.0,27.08,,green,0,-43.63,1,27.08
8631,287.988,green,observed,1.0,26.71,,green,0,-43.79,1,26.71
8634,288.088,green,observed,1.0,26.61,,green,0,-43.31,1,26.61
8637,288.188,green,observed,1.0,26.71,,green,0,-42.75,1,26.71
8640,288.288,green,observed,1.0,26.5,,green,0,-42.75,1,26.5
8643,288.388,green,observed,1.0,26.56,,green,0,-42.83,1,26.56
8646,288.488,green,observed,1.0,26.35,,green,0,-43.23,1,26.35
8649,288.588,green,observed,1.0,26.61,,green,0,-43.39,1,26.61
8652,288.688,green,observed,1.0,26.71,,green,0,-44.51,1,26.71
8655,288.788,green,observed,1.0,26.19,,green,0,-43.31,1,26.19
8658,288.889,green,observed,1.0,26.56,,green,0,-42.91,1,26.56
8661,288.989,green,observed,1.0,26.77,,green,0,-42.83,1,26.77
8664,289.089,green,observed,1.0,26.66,,green,0,-43.23,1,26.66
8667,289.189,green,observed,1.0,26.92,,green,0,-43.23,1,26.92
8670,289.289,green,observed,1.0,26.56,,green,0,-43.63,1,26.56
8673,289.389,green,observed,1.0,26.87,,green,0,-42.91,1,26.87
8676,289.489,green,observed,1.0,26.35,,green,0,-42.67,1,26.35
8679,289.589,green,observed,1.0,26.61,,green,0,-42.91,1,26.61
8682,289.689,green,observed,1.0,26.56,,green,0,-43.23,1,26.56
8685,289.79,green,observed,1.0,26.61,,green,0,-43.15,1,26.61
8688,289.89,green,observed,1.0,26.71,,green,0,-43.79,1,26.71
8691,289.99,green,observed,1.0,27.34,,green,0,-43.63,1,27.34
8694,290.09,green,observed,1.0,26.66,,green,0,-44.11,1,26.66
8697,290.19,green,observed,1.0,26.87,,green,0,-43.79,1,26.87
8700,290.29,green,observed,1.0,26.56,,green,0,-43.23,1,26.56
8703,290.39,green,observed,1.0,26.45,,green,0,-43.23,1,26.45
8706,290.49,green,observed,1.0,27.03,,green,0,-43.15,1,27.03
8709,290.59,green,observed,1.0,26.82,,green,0,-42.91,1,26.82
8712,290.69,green,observed,1.0,26.77,,green,0,-43.23,1,26.77
8715,290.79,green,observed,1.0,27.24,,green,0,-43.39,1,27.24
8718,290.891,green,observed,1.0,26.82,,green,0,-43.95,1,26.82
8721,290.991,green,observed,1.0,26.92,,green,0,-44.27,1,26.92
8724,291.091,green,observed,1.0,27.08,,green,0,-43.79,1,27.08
8727,291.191,green,observed,1.0,27.29,,green,0,-43.95,1,27.29
8730,291.291,green,observed,1.0,27.4,,green,0,-43.95,1,27.4
8733,291.391,green,observed,1.0,27.08,,green,0,-44.35,1,27.08
8736,291.491,green,observed,1.0,27.6,,green,0,-43.87,1,27.6
8739,291.591,green,observed,1.0,27.29,,green,0,-43.63,1,27.29
8742,291.691,green,observed,1.0,27.03,,green,0,-44.35,1,27.03
8745,291.792,green,observed,1.0,27.45,,green,0,-43.95,1,27.45
8748,291.892,green,observed,1.0,27.81,,green,0,-44.35,1,27.81
8751,291.992,green,observed,1.0,27.87,,green,0,-44.27,1,27.87
8754,292.092,green,observed,1.0,27.6,,green,0,-43.23,1,27.6
8757,292.192,green,observed,1.0,27.4,,green,0,-44.19,1,27.4
8760,292.292,green,observed,1.0,27.81,,green,0,-43.63,1,27.81
8763,292.392,green,observed,1.0,27.81,,green,0,-44.51,1,27.81
8766,292.492,green,observed,1.0,28.29,,green,0,-44.27,1,28.29
8769,292.592,green,observed,1.0,28.18,,green,0,-44.19,1,28.18
8772,292.692,green,observed,1.0,28.13,,green,0,-44.35,1,28.13
8775,292.792,green,observed,1.0,27.29,,green,0,-44.11,1,27.29
8778,292.893,green,observed,1.0,27.4,,green,0,-44.27,1,27.4
8781,292.993,green,observed,1.0,27.87,,green,0,-45.07,1,27.87
8784,293.093,green,observed,1.0,27.92,,green,0,-44.67,1,27.92
8787,293.193,green,observed,1.0,28.13,,green,0,-44.27,1,28.13
8790,293.293,green,observed,1.0,28.13,,green,0,-43.15,1,28.13
8793,293.393,green,observed,1.0,27.97,,green,0,-43.47,1,27.97
8796,293.493,green,observed,1.0,28.34,,green,0,-44.51,1,28.34
8799,293.593,green,observed,1.0,28.13,,green,0,-44.11,1,28.13
8802,293.693,green,observed,1.0,28.13,,green,0,-44.43,1,28.13
8805,293.794,green,observed,1.0,27.87,,green,0,-44.51,1,27.87
8808,293.894,green,observed,1.0,28.29,,green,0,-43.39,1,28.29
8811,293.994,green,observed,1.0,28.08,,green,0,-44.35,1,28.08
8814,294.094,green,observed,1.0,28.39,,green,0,-44.83,1,28.39
8817,294.194,green,observed,1.0,28.44,,green,0,-44.51,1,28.44
8820,294.294,green,observed,1.0,27.87,,green,0,-43.71,1,27.87
8823,294.394,green,observed,1.0,27.87,,green,0,-43.47,1,27.87
8826,294.494,green,observed,1.0,27.76,,green,0,-44.51,1,27.76
8829,294.594,green,observed,1.0,27.97,,green,0,-44.75,1,27.97
8832,294.694,green,observed,1.0,26.98,,green,0,-43.95,1,26.98
8835,294.794,green,observed,1.0,27.97,,green,0,-43.95,1,27.97
8838,294.895,green,observed,1.0,27.81,,green,0,-44.19,1,27.81
8841,294.995,green,observed,1.0,27.45,,green,0,-43.31,1,27.45
8844,295.095,green,observed,1.0,27.71,,green,0,-44.35,1,27.71
8847,295.195,green,observed,1.0,27.97,,green,0,-44.03,1,27.97
8850,295.295,green,observed,1.0,27.55,,green,0,-43.95,1,27.55
8853,295.395,green,observed,1.0,27.4,,green,0,-44.03,1,27.4
8856,295.495,green,observed,1.0,27.29,,green,0,-44.03,1,27.29
8859,295.595,green,observed,1.0,28.18,,green,0,-44.51,1,28.18
8862,295.695,green,observed,1.0,27.55,,green,0,-44.59,1,27.55
8865,295.796,green,observed,1.0,27.66,,green,0,-44.67,1,27.66
8868,295.896,green,observed,1.0,27.81,,green,0,-43.71,1,27.81
8871,295.996,green,observed,1.0,27.81,,green,0,-43.55,1,27.81
8874,296.096,green,observed,1.0,27.87,,green,0,-43.95,1,27.87
8877,296.196,green,observed,1.0,27.87,,green,0,-44.51,1,27.87
8880,296.296,green,observed,1.0,27.5,,green,0,-44.43,1,27.5
8883,296.396,green,observed,1.0,27.24,,green,0,-44.11,1,27.24
8886,296.496,green,observed,1.0,27.55,,green,0,-44.67,1,27.55
8889,296.596,green,observed,1.0,27.19,,green,0,-44.51,1,27.19
8892,296.696,green,observed,1.0,27.19,,green,0,-43.95,1,27.19
8895,296.796,green,observed,1.0,27.24,,green,0,-44.19,1,27.24
8898,296.897,green,observed,1.0,27.19,,green,0,-43.63,1,27.19
8901,296.997,green,observed,1.0,26.77,,green,0,-44.27,1,26.77
8904,297.097,green,observed,1.0,26.66,,green,0,-44.35,1,26.66
8907,297.197,green,observed,1.0,26.71,,green,0,-43.55,1,26.71
8910,297.297,green,observed,1.0,26.71,,green,0,-43.71,1,26.71
8913,297.397,green,observed,1.0,26.5,,green,0,-44.11,1,26.5
8916,297.497,green,observed,1.0,26.92,,green,0,-43.79,1,26.92
8919,297.597,green,observed,1.0,26.98,,green,0,-44.59,1,26.98
8922,297.697,green,observed,1.0,27.19,,green,0,-44.03,1,27.19
8925,297.798,green,observed,1.0,27.24,,green,0,-43.15,1,27.24
8928,297.898,green,observed,1.0,27.4,,green,0,-43.39,1,27.4
8931,297.998,green,observed,1.0,27.29,,green,0,-43.31,1,27.29
8934,298.098,green,observed,1.0,27.08,,green,0,-43.55,1,27.08
8937,298.198,green,observed,1.0,27.45,,green,0,-43.55,1,27.45
8940,298.298,green,observed,1.0,27.19,,green,0,-43.47,1,27.19
8943,298.398,green,observed,1.0,26.77,,green,0,-43.87,1,26.77
8946,298.498,green,observed,1.0,27.29,,green,0,-43.63,1,27.29
8949,298.598,green,observed,1.0,26.98,,green,0,-43.63,1,26.98
8952,298.698,green,observed,1.0,27.08,,green,0,-43.55,1,27.08
8955,298.798,green,observed,1.0,26.87,,green,0,-43.95,1,26.87
8958,298.899,green,observed,1.0,27.13,,green,0,-43.63,1,27.13
8961,298.999,green,observed,1.0,27.13,,green,0,-43.39,1,27.13
8964,299.099,green,observed,1.0,26.61,,green,0,-43.63,1,26.61
8967,299.199,green,observed,1.0,26.77,,green,0,-43.71,1,26.77
8970,299.299,green,observed,1.0,26.82,,green,0,-43.71,1,26.82
8973,299.399,green,observed,1.0,26.77,,green,0,-43.79,1,26.77
8976,299.499,green,observed,1.0,26.92,,green,0,-43.79,1,26.92
8979,299.599,green,observed,1.0,26.98,,green,0,-43.71,1,26.98
8982,299.699,green,observed,1.0,26.4,,green,0,-43.87,1,26.4
8985,299.8,green,observed,1.0,26.71,,green,0,-42.75,1,26.71
8988,299.9,green,observed,1.0,26.56,,green,0,-43.63,1,26.56
8991,300.0,green,observed,1.0,26.82,,green,0,-42.51,1,26.82
8994,300.1,green,observed,1.0,26.66,,green,0,-43.55,1,26.66
8997,300.2,green,observed,1.0,26.77,,green,0,-43.55,1,26.77
9000,300.3,green,observed,1.0,26.19,,green,0,-43.63,1,26.19
9003,300.4,green,observed,1.0,26.56,,green,0,-43.95,1,26.56
9006,300.5,green,observed,1.0,26.66,,green,0,-43.31,1,26.66
9009,300.6,green,observed,1.0,26.35,,green,0,-43.15,1,26.35
9012,300.7,green,observed,1.0,26.61,,green,0,-43.63,1,26.61
9015,300.8,green,observed,1.0,26.61,,green,0,-43.79,1,26.61
9018,300.901,green,observed,1.0,26.56,,green,0,-42.91,1,26.56
9021,301.001,green,observed,1.0,26.24,,green,0,-42.91,1,26.24
9024,301.101,green,observed,1.0,26.29,,green,0,-42.91,1,26.29
9027,301.201,green,observed,1.0,26.35,,green,0,-42.83,1,26.35
9030,301.301,green,observed,1.0,26.4,,green,0,-43.55,1,26.4
9033,301.401,green,observed,1.0,25.87,,green,0,-43.39,1,25.87
9036,301.501,green,observed,1.0,26.35,,green,0,-43.31,1,26.35
9039,301.601,green,observed,1.0,26.5,,green,0,-43.39,1,26.5
9042,301.701,green,observed,1.0,26.29,,green,0,-43.07,1,26.29
9045,301.802,green,observed,1.0,26.45,,green,0,-43.15,1,26.45
9048,301.902,green,observed,1.0,26.45,,green,0,-43.47,1,26.45
9051,302.002,green,observed,1.0,26.24,,green,0,-42.91,1,26.24
9054,302.102,green,observed,1.0,26.29,,green,0,-43.07,1,26.29
9057,302.202,green,observed,1.0,25.93,,green,0,-43.15,1,25.93
9060,302.302,green,observed,1.0,26.29,,green,0,-43.15,1,26.29
9063,302.402,green,observed,1.0,26.66,,green,0,-43.47,1,26.66
9066,302.502,green,observed,1.0,26.71,,green,0,-42.75,1,26.71
9069,302.602,green,observed,1.0,26.03,,green,0,-42.83,1,26.03
9072,302.702,green,observed,1.0,26.19,,green,0,-42.99,1,26.19
9075,302.802,green,observed,1.0,26.14,,green,0,-43.55,1,26.14
9078,302.903,green,observed,1.0,26.14,,green,0,-42.36,1,26.14
9081,303.003,green,observed,1.0,26.03,,green,0,-43.71,1,26.03
9084,303.103,green,observed,1.0,26.29,,green,0,-43.23,1,26.29
9087,303.203,green,observed,1.0,26.08,,green,0,-43.63,1,26.08
9090,303.303,green,observed,1.0,26.24,,green,0,-43.31,1,26.24
9093,303.403,green,observed,1.0,26.24,,green,0,-43.55,1,26.24
9096,303.503,green,observed,1.0,26.61,,green,0,-43.47,1,26.61
9099,303.603,green,observed,1.0,26.29,,green,0,-43.39,1,26.29
9102,303.703,green,observed,1.0,26.35,,green,0,-43.63,1,26.35
9105,303.804,green,observed,1.0,26.45,,green,0,-43.39,1,26.45
9108,303.904,green,observed,1.0,26.19,,green,0,-43.47,1,26.19
9111,304.004,green,observed,1.0,26.56,,green,0,-43.55,1,26.56
9114,304.104,green,observed,1.0,26.66,,green,0,-42.99,1,26.66
9117,304.204,green,observed,1.0,26.71,,green,0,-42.99,1,26.71
9120,304.304,green,observed,1.0,26.4,,green,0,-43.95,1,26.4
9123,304.404,green,observed,1.0,26.29,,green,0,-44.19,1,26.29
9126,304.504,green,observed,1.0,26.5,,green,0,-43.71,1,26.5
9129,304.604,green,observed,1.0,26.08,,green,0,-44.19,1,26.08
9132,304.704,green,observed,1.0,26.19,,green,0,-43.95,1,26.19
9135,304.804,green,observed,1.0,26.77,,green,0,-44.19,1,26.77
9138,304.905,green,observed,1.0,26.29,,green,0,-44.03,1,26.29
9141,305.005,green,observed,1.0,26.19,,green,0,-43.39,1,26.19
9144,305.105,green,observed,1.0,26.87,,green,0,-43.47,1,26.87
9147,305.205,green,observed,1.0,26.71,,green,0,-43.39,1,26.71
9150,305.305,green,observed,1.0,26.61,,green,0,-44.03,1,26.61
9153,305.405,green,observed,1.0,26.66,,green,0,-43.71,1,26.66
9156,305.505,green,observed,1.0,26.45,,green,0,-43.31,1,26.45
9159,305.605,green,observed,1.0,26.61,,green,0,-43.07,1,26.61
9162,305.705,green,observed,1.0,26.56,,green,0,-42.83,1,26.56
9165,305.806,green,observed,1.0,26.56,,green,0,-43.63,1,26.56
9168,305.906,green,observed,1.0,26.14,,green,0,-43.87,1,26.14
9171,306.006,green,observed,1.0,26.4,,green,0,-43.55,1,26.4
9174,306.106,green,observed,1.0,26.61,,green,0,-43.07,1,26.61
9177,306.206,green,observed,1.0,26.45,,green,0,-43.23,1,26.45
9180,306.306,green,observed,1.0,26.56,,green,0,-44.83,1,26.56
9183,306.406,green,observed,1.0,26.24,,green,0,-43.55,1,26.24
9186,306.506,green,observed,1.0,26.92,,green,0,-43.55,1,26.92
9189,306.606,green,observed,1.0,26.56,,green,0,-44.11,1,26.56
9192,306.706,green,observed,1.0,26.66,,green,0,-43.55,1,26.66
9195,306.806,green,observed,1.0,26.24,,green,0,-44.19,1,26.24
9198,306.907,green,observed,1.0,26.77,,green,0,-42.83,1,26.77
9201,307.007,green,observed,1.0,26.77,,green,0,-42.91,1,26.77
9204,307.107,green,observed,1.0,26.29,,green,0,-43.31,1,26.29
9207,307.207,green,observed,1.0,26.77,,green,0,-42.59,1,26.77
9210,307.307,green,observed,1.0,26.56,,green,0,-44.19,1,26.56
9213,307.407,green,observed,1.0,26.4,,green,0,-43.23,1,26.4
9216,307.507,green,observed,1.0,26.66,,green,0,-42.59,1,26.66
9219,307.607,green,observed,1.0,27.08,,green,0,-43.23,1,27.08
9222,307.707,green,observed,1.0,26.4,,green,0,-43.71,1,26.4
9225,307.808,green,observed,1.0,26.45,,green,0,-43.71,1,26.45
9228,307.908,green,observed,1.0,26.77,,green,0,-43.63,1,26.77
9231,308.008,green,observed,1.0,27.13,,green,0,-43.55,1,27.13
9234,308.108,green,observed,1.0,26.98,,green,0,-43.31,1,26.98
9237,308.208,green,observed,1.0,26.92,,green,0,-43.71,1,26.92
9240,308.308,green,observed,1.0,26.82,,green,0,-43.95,1,26.82
9243,308.408,green,observed,1.0,26.87,,green,0,-43.47,1,26.87
9246,308.508,green,observed,1.0,26.77,,green,0,-43.31,1,26.77
9249,308.608,green,observed,1.0,27.03,,green,0,-43.87,1,27.03
9252,308.708,green,observed,1.0,26.56,,green,0,-42.99,1,26.56
9255,308.808,green,observed,1.0,26.71,,green,0,-43.23,1,26.71
9258,308.909,green,observed,1.0,26.66,,green,0,-43.07,1,26.66
9261,309.009,green,observed,1.0,26.5,,green,0,-43.55,1,26.5
9264,309.109,green,observed,1.0,24.3,,green,0,-42.67,1,24.3
9267,309.209,green_blink,observed,1.0,25.82,,green_flash,0,-43.63,0,-25.82
9270,309.309,green_blink,observed,1.0,26.24,,green_flash,0,-42.67,0,-26.24
9273,309.409,green_blink,observed,1.0,26.14,,green_flash,0,-43.47,0,-26.14
9276,309.509,green_blink,observed,1.0,26.71,,green_flash,0,-43.55,0,-26.71
9279,309.609,green_blink,observed,1.0,3.04,,green_flash,0,-43.15,0,-3.04
9282,309.709,green_blink,observed,1.0,26.66,,green,0,-43.31,1,26.66
9285,309.81,green_blink,observed,1.0,26.5,,green,0,-43.47,1,26.5
9288,309.91,green_blink,observed,1.0,26.71,,green,0,-43.31,1,26.71
9291,310.01,green_blink,observed,1.0,26.61,,green,0,-43.31,1,26.61
9294,310.11,green_blink,observed,1.0,23.98,,green,0,-43.15,1,23.98
9297,310.21,green_blink,observed,1.0,25.98,,green_flash,0,-42.99,0,-25.98
9300,310.31,green_blink,observed,1.0,26.56,,green_flash,0,-43.95,0,-26.56
9303,310.41,green_blink,observed,1.0,26.19,,green_flash,0,-43.71,0,-26.19
9306,310.51,green_blink,observed,1.0,26.45,,green_flash,0,-44.11,0,-26.45
9309,310.61,green_blink,low_confidence,0.472,0.94,lamp_near_threshold,green,0,-43.63,1,0.94
9312,310.71,green_blink,observed,1.0,26.82,,green,0,-42.91,1,26.82
9315,310.81,green_blink,observed,1.0,26.66,,green,0,-42.59,1,26.66
9318,310.911,green_blink,observed,1.0,26.92,,green,0,-42.91,1,26.92
9321,311.011,green_blink,observed,1.0,26.56,,green,0,-42.83,1,26.56
9324,311.111,green_blink,observed,1.0,23.25,,green,0,-42.59,1,23.25
9327,311.211,green_blink,observed,1.0,25.87,,green_flash,0,-42.99,0,-25.87
9330,311.311,green_blink,observed,1.0,26.35,,green_flash,0,-43.95,0,-26.35
9333,311.411,green_blink,observed,1.0,26.08,,green_flash,0,-43.71,0,-26.08
9336,311.511,green_blink,observed,1.0,26.77,,green_flash,0,-43.39,0,-26.77
9339,311.611,green_blink,observed,1.0,3.78,,green,0,-44.03,1,3.78
9342,311.711,green_blink,observed,1.0,26.98,,green,0,-43.95,1,26.98
9345,311.812,green_blink,observed,1.0,26.92,,green,0,-43.95,1,26.92
9348,311.912,green_blink,observed,1.0,26.66,,green,0,-43.95,1,26.66
9351,312.012,green_blink,observed,1.0,27.24,,green,0,-43.07,1,27.24
9354,312.112,green_blink,observed,1.0,23.3,,green,0,-43.07,1,23.3
9357,312.212,red,observed,1.0,25.98,,red,1,44.83,0,-25.98
9360,312.312,red,observed,1.0,26.98,,red,1,44.67,0,-26.98
9363,312.412,red,observed,1.0,26.98,,red,1,44.91,0,-26.98
9366,312.512,red,observed,1.0,26.71,,red,1,44.91,0,-26.71
9369,312.612,red,observed,1.0,26.87,,red,1,44.83,0,-26.87
9372,312.712,red,observed,1.0,26.24,,red,1,44.99,0,-26.24
9375,312.812,red,observed,1.0,26.5,,red,1,45.63,0,-26.5
9378,312.913,red,observed,1.0,26.77,,red,1,45.31,0,-26.77
9381,313.013,red,observed,1.0,26.71,,red,1,44.91,0,-26.71
9384,313.113,red,observed,1.0,26.45,,red,1,44.43,0,-26.45
9387,313.213,red,observed,1.0,26.87,,red,1,44.51,0,-26.87
9390,313.313,red,observed,1.0,26.66,,red,1,44.59,0,-26.66
9393,313.413,red,observed,1.0,26.45,,red,1,44.51,0,-26.45
9396,313.513,red,observed,1.0,26.4,,red,1,44.19,0,-26.4
9399,313.613,red,observed,1.0,26.5,,red,1,44.43,0,-26.5
9402,313.713,red,observed,1.0,27.08,,red,1,45.39,0,-27.08
9405,313.814,red,observed,1.0,26.77,,red,1,43.95,0,-26.77
9408,313.914,red,observed,1.0,26.5,,red,1,44.91,0,-26.5
9411,314.014,red,observed,1.0,25.93,,red,1,44.91,0,-25.93
9414,314.114,red,observed,1.0,26.35,,red,1,44.67,0,-26.35
9417,314.214,red,observed,1.0,26.08,,red,1,44.91,0,-26.08
9420,314.314,red,observed,1.0,26.29,,red,1,44.43,0,-26.29
9423,314.414,red,observed,1.0,26.66,,red,1,44.35,0,-26.66
9426,314.514,red,observed,1.0,26.82,,red,1,44.03,0,-26.82
9429,314.614,red,observed,1.0,26.98,,red,1,44.59,0,-26.98
9432,314.714,red,observed,1.0,26.82,,red,1,44.91,0,-26.82
9435,314.814,red,observed,1.0,26.61,,red,1,45.47,0,-26.61
9438,314.915,red,observed,1.0,26.66,,red,1,45.79,0,-26.66
9441,315.015,red,observed,1.0,26.14,,red,1,45.71,0,-26.14
9444,315.115,red,observed,1.0,26.77,,red,1,45.79,0,-26.77
9447,315.215,red,observed,1.0,26.87,,red,1,45.07,0,-26.87
9450,315.315,red,observed,1.0,26.92,,red,1,44.99,0,-26.92
9453,315.415,red,observed,1.0,26.29,,red,1,45.15,0,-26.29
9456,315.515,red,observed,1.0,26.4,,red,1,44.83,0,-26.4
9459,315.615,red,observed,1.0,26.56,,red,1,45.47,0,-26.56
9462,315.715,red,observed,1.0,26.5,,red,1,45.07,0,-26.5
9465,315.816,red,observed,1.0,26.03,,red,1,44.51,0,-26.03
9468,315.916,red,observed,1.0,26.82,,red,1,45.07,0,-26.82
9471,316.016,red,observed,1.0,26.4,,red,1,45.63,0,-26.4
9474,316.116,red,observed,1.0,27.08,,red,1,43.79,0,-27.08
9477,316.216,red,observed,1.0,26.98,,red,1,44.99,0,-26.98
9480,316.316,red,observed,1.0,26.24,,red,1,45.47,0,-26.24
9483,316.416,red,observed,1.0,26.92,,red,1,44.99,0,-26.92
9486,316.516,red,observed,1.0,26.35,,red,1,47.46,0,-26.35
9489,316.616,red,observed,1.0,26.87,,red,1,48.98,0,-26.87
9492,316.716,red,observed,1.0,26.35,,red,1,46.5,0,-26.35
9495,316.816,red,observed,1.0,26.77,,red,1,46.5,0,-26.77
9498,316.917,red,observed,1.0,26.71,,red,1,47.22,0,-26.71
9501,317.017,red,observed,1.0,26.87,,red,1,44.99,0,-26.87
9504,317.117,red,observed,1.0,26.92,,red,1,47.38,0,-26.92
9507,317.217,red,observed,1.0,26.5,,red,1,51.21,0,-26.5
9510,317.317,red,observed,1.0,26.5,,red,1,47.86,0,-26.5
9513,317.417,red,observed,1.0,26.56,,red,1,49.85,0,-26.56
9516,317.517,red,observed,1.0,27.03,,red,1,47.62,0,-27.03
9519,317.617,red,observed,1.0,26.71,,red,1,46.98,0,-26.71
9522,317.717,red,observed,1.0,26.35,,red,1,45.47,0,-26.35
