frame,t_sec,state,observation,confidence,margin_sd,reason,v3_label,red_on,red_z,amber_on,amber_z,green_on,green_z
0,0.0,red,observed,1.0,12.49,,red,1,26.63,0,-18.1,0,-12.49
3,0.1,red,observed,1.0,12.27,,red,1,26.36,0,-17.81,0,-12.27
6,0.2,red,observed,1.0,12.25,,red,1,26.72,0,-17.74,0,-12.25
9,0.3,red,observed,1.0,12.33,,red,1,26.63,0,-16.88,0,-12.33
12,0.4,red,observed,1.0,12.35,,red,1,27.57,0,-17.46,0,-12.35
15,0.501,red,observed,1.0,12.67,,red,1,26.94,0,-17.24,0,-12.67
18,0.601,red,observed,1.0,12.57,,red,1,26.54,0,-17.46,0,-12.57
21,0.701,red,observed,1.0,12.31,,red,1,26.58,0,-16.81,0,-12.31
24,0.801,red,observed,1.0,12.49,,red,1,27.48,0,-18.1,0,-12.49
27,0.901,red,observed,1.0,12.49,,red,1,27.57,0,-16.53,0,-12.49
30,1.001,red,observed,1.0,12.43,,red,1,26.76,0,-17.31,0,-12.43
33,1.101,red,observed,1.0,12.59,,red,1,26.85,0,-17.24,0,-12.59
36,1.201,red,observed,1.0,12.41,,red,1,27.71,0,-16.96,0,-12.41
39,1.301,red,observed,1.0,12.47,,red,1,26.36,0,-17.38,0,-12.47
42,1.401,red,observed,1.0,12.45,,red,1,26.04,0,-17.6,0,-12.45
45,1.502,red,observed,1.0,12.45,,red,1,27.39,0,-17.67,0,-12.45
48,1.602,red,observed,1.0,12.59,,red,1,26.36,0,-16.96,0,-12.59
51,1.702,red,observed,1.0,12.49,,red,1,26.27,0,-17.31,0,-12.49
54,1.802,red,observed,1.0,12.51,,red,1,26.4,0,-17.1,0,-12.51
57,1.902,red,observed,1.0,12.53,,red,1,27.3,0,-17.74,0,-12.53
60,2.002,red,observed,1.0,12.33,,red,1,26.27,0,-18.03,0,-12.33
63,2.102,red,observed,1.0,12.47,,red,1,26.54,0,-17.1,0,-12.47
66,2.202,red,observed,1.0,12.49,,red,1,26.27,0,-17.6,0,-12.49
69,2.302,red,observed,1.0,12.47,,red,1,25.78,0,-16.88,0,-12.47
72,2.402,red,observed,1.0,12.45,,red,1,26.9,0,-17.67,0,-12.45
75,2.502,red,observed,1.0,12.75,,red,1,26.58,0,-17.67,0,-12.75
78,2.603,red,observed,1.0,12.35,,red,1,26.85,0,-17.53,0,-12.35
81,2.703,red,observed,1.0,12.61,,red,1,27.17,0,-17.89,0,-12.61
84,2.803,red,observed,1.0,12.29,,red,1,26.54,0,-17.31,0,-12.29
87,2.903,red,observed,1.0,12.47,,red,1,26.4,0,-17.24,0,-12.47
90,3.003,red,observed,1.0,12.47,,red,1,27.12,0,-18.1,0,-12.47
93,3.103,red,observed,1.0,12.45,,red,1,26.18,0,-17.67,0,-12.45
96,3.203,red,observed,1.0,12.41,,red,1,26.76,0,-16.38,0,-12.41
99,3.303,red,observed,1.0,12.39,,red,1,27.62,0,-17.38,0,-12.39
102,3.403,red,observed,1.0,12.39,,red,1,26.94,0,-17.03,0,-12.39
105,3.504,red,observed,1.0,12.33,,red,1,27.75,0,-16.81,0,-12.33
108,3.604,red,observed,1.0,12.49,,red,1,27.75,0,-17.6,0,-12.49
111,3.704,red,observed,1.0,12.45,,red,1,27.3,0,-17.89,0,-12.45
114,3.804,red,observed,1.0,12.49,,red,1,27.3,0,-17.31,0,-12.49
117,3.904,red,observed,1.0,12.59,,red,1,26.63,0,-18.24,0,-12.59
120,4.004,red,observed,1.0,12.43,,red,1,26.85,0,-17.1,0,-12.43
123,4.104,red,observed,1.0,12.41,,red,1,26.45,0,-17.46,0,-12.41
126,4.204,red,observed,1.0,12.33,,red,1,26.85,0,-17.03,0,-12.33
129,4.304,red,observed,1.0,12.39,,red,1,26.9,0,-17.1,0,-12.39
132,4.404,red,observed,1.0,12.27,,red,1,26.63,0,-16.96,0,-12.27
135,4.504,red,observed,1.0,12.37,,red,1,27.44,0,-17.03,0,-12.37
138,4.605,red,observed,1.0,12.57,,red,1,26.31,0,-16.88,0,-12.57
141,4.705,red,observed,1.0,12.43,,red,1,26.31,0,-16.67,0,-12.43
144,4.805,red,observed,1.0,12.41,,red,1,26.22,0,-17.24,0,-12.41
147,4.905,red,observed,1.0,12.49,,red,1,26.27,0,-17.89,0,-12.49
150,5.005,red,observed,1.0,12.51,,red,1,26.54,0,-16.96,0,-12.51
153,5.105,red,observed,1.0,12.65,,red,1,26.49,0,-17.53,0,-12.65
156,5.205,red,observed,1.0,12.43,,red,1,26.13,0,-17.31,0,-12.43
159,5.305,red,observed,1.0,12.61,,red,1,26.63,0,-18.17,0,-12.61
162,5.405,red,observed,1.0,12.79,,red,1,25.86,0,-17.03,0,-12.79
165,5.506,red,observed,1.0,12.37,,red,1,26.18,0,-17.38,0,-12.37
168,5.606,red,observed,1.0,12.41,,red,1,26.09,0,-17.89,0,-12.41
171,5.706,red,observed,1.0,12.25,,red,1,25.69,0,-17.53,0,-12.25
174,5.806,red,observed,1.0,12.47,,red,1,26.49,0,-16.53,0,-12.47
177,5.906,red,observed,1.0,12.41,,red,1,25.82,0,-17.53,0,-12.41
180,6.006,red,observed,1.0,12.43,,red,1,25.82,0,-17.74,0,-12.43
183,6.106,red,observed,1.0,12.39,,red,1,26.09,0,-17.89,0,-12.39
186,6.206,red,observed,1.0,12.43,,red,1,26.31,0,-17.6,0,-12.43
189,6.306,red,observed,1.0,12.43,,red,1,26.31,0,-17.17,0,-12.43
192,6.406,red,observed,1.0,12.49,,red,1,27.21,0,-17.46,0,-12.49
195,6.506,red,observed,1.0,12.31,,red,1,26.63,0,-17.24,0,-12.31
198,6.607,red,observed,1.0,12.21,,red,1,26.22,0,-17.1,0,-12.21
201,6.707,red,observed,1.0,12.37,,red,1,25.64,0,-17.1,0,-12.37
204,6.807,red,observed,1.0,12.29,,red,1,25.64,0,-17.24,0,-12.29
207,6.907,red,observed,1.0,12.49,,red,1,26.81,0,-17.1,0,-12.49
210,7.007,red,observed,1.0,12.35,,red,1,25.6,0,-16.81,0,-12.35
213,7.107,red,observed,1.0,12.45,,red,1,25.55,0,-16.74,0,-12.45
216,7.207,red,observed,1.0,12.35,,red,1,26.4,0,-17.31,0,-12.35
219,7.307,red,observed,1.0,12.43,,red,1,26.67,0,-17.31,0,-12.43
222,7.407,red,observed,1.0,12.29,,red,1,26.45,0,-17.89,0,-12.29
225,7.508,red,observed,1.0,12.25,,red,1,26.63,0,-17.1,0,-12.25
228,7.608,red,observed,1.0,12.49,,red,1,25.95,0,-17.31,0,-12.49
231,7.708,red,observed,1.0,12.41,,red,1,26.31,0,-17.46,0,-12.41
234,7.808,red,observed,1.0,12.41,,red,1,25.86,0,-17.81,0,-12.41
237,7.908,red,observed,1.0,12.61,,red,1,25.91,0,-17.31,0,-12.61
240,8.008,red,observed,1.0,12.17,,red,1,26.04,0,-17.53,0,-12.17
243,8.108,red,observed,1.0,12.31,,red,1,25.91,0,-17.31,0,-12.31
246,8.208,red,observed,1.0,12.43,,red,1,26.18,0,-17.89,0,-12.43
249,8.308,red,observed,1.0,12.47,,red,1,26.54,0,-17.96,0,-12.47
252,8.408,red,observed,1.0,12.25,,red,1,26.27,0,-17.03,0,-12.25
255,8.508,red,observed,1.0,12.37,,red,1,26.09,0,-17.89,0,-12.37
258,8.609,red,observed,1.0,12.43,,red,1,25.78,0,-18.03,0,-12.43
261,8.709,red,observed,1.0,12.31,,red,1,27.26,0,-17.1,0,-12.31
264,8.809,red,observed,1.0,12.55,,red,1,26.63,0,-17.1,0,-12.55
267,8.909,red,observed,1.0,12.39,,red,1,26.58,0,-17.1,0,-12.39
270,9.009,red,observed,1.0,12.25,,red,1,27.21,0,-16.74,0,-12.25
273,9.109,red,observed,1.0,12.41,,red,1,26.85,0,-17.03,0,-12.41
276,9.209,red,observed,1.0,12.33,,red,1,27.03,0,-17.96,0,-12.33
279,9.309,red,observed,1.0,12.59,,red,1,26.63,0,-17.03,0,-12.59
282,9.409,red,observed,1.0,12.47,,red,1,28.02,0,-16.17,0,-12.47
285,9.51,red,observed,1.0,12.39,,red,1,27.62,0,-16.74,0,-12.39
288,9.61,red,observed,1.0,12.51,,red,1,26.49,0,-17.81,0,-12.51
291,9.71,red,observed,1.0,12.43,,red,1,27.12,0,-16.96,0,-12.43
294,9.81,red,observed,1.0,12.39,,red,1,26.4,0,-17.17,0,-12.39
297,9.91,red,observed,1.0,12.57,,red,1,26.31,0,-16.96,0,-12.57
300,10.01,red,observed,1.0,12.59,,red,1,26.18,0,-17.24,0,-12.59
303,10.11,red,observed,1.0,12.35,,red,1,26.58,0,-17.46,0,-12.35
306,10.21,red,observed,1.0,12.57,,red,1,26.49,0,-17.81,0,-12.57
309,10.31,red,observed,1.0,12.29,,red,1,26.4,0,-16.96,0,-12.29
312,10.41,red,observed,1.0,12.39,,red,1,26.45,0,-17.31,0,-12.39
315,10.51,red,observed,1.0,12.47,,red,1,26.67,0,-17.6,0,-12.47
318,10.611,red,observed,1.0,12.43,,red,1,26.4,0,-17.38,0,-12.43
321,10.711,red,observed,1.0,12.55,,red,1,26.4,0,-16.74,0,-12.55
324,10.811,red,observed,1.0,12.39,,red,1,26.36,0,-16.74,0,-12.39
327,10.911,red,observed,1.0,12.33,,red,1,26.76,0,-16.74,0,-12.33
330,11.011,red,observed,1.0,12.17,,red,1,26.67,0,-17.46,0,-12.17
333,11.111,red,observed,1.0,12.35,,red,1,26.67,0,-17.74,0,-12.35
336,11.211,red,observed,1.0,12.25,,red,1,26.81,0,-17.89,0,-12.25
339,11.311,red,observed,1.0,12.47,,red,1,26.99,0,-17.53,0,-12.47
342,11.411,red,observed,1.0,12.39,,red,1,26.81,0,-16.6,0,-12.39
345,11.512,red,observed,1.0,12.39,,red,1,26.58,0,-17.17,0,-12.39
348,11.612,red,observed,1.0,12.33,,red,1,26.09,0,-17.6,0,-12.33
351,11.712,red,observed,1.0,12.43,,red,1,26.67,0,-17.67,0,-12.43
354,11.812,red,observed,1.0,12.41,,red,1,26.31,0,-18.31,0,-12.41
357,11.912,red,observed,1.0,12.57,,red,1,25.86,0,-16.88,0,-12.57
360,12.012,red,observed,1.0,12.43,,red,1,26.58,0,-16.96,0,-12.43
363,12.112,red,observed,1.0,12.37,,red,1,26.63,0,-17.31,0,-12.37
366,12.212,red,observed,1.0,12.25,,red,1,26.49,0,-17.38,0,-12.25
369,12.312,red,observed,1.0,12.41,,red,1,26.49,0,-17.31,0,-12.41
372,12.412,red,observed,1.0,12.21,,red,1,26.9,0,-17.53,0,-12.21
375,12.513,red,observed,1.0,12.37,,red,1,26.49,0,-17.17,0,-12.37
378,12.613,red,observed,1.0,12.25,,red,1,25.95,0,-17.31,0,-12.25
381,12.713,red,observed,1.0,12.49,,red,1,26.45,0,-17.24,0,-12.49
384,12.813,red,observed,1.0,12.25,,red,1,26.36,0,-17.17,0,-12.25
387,12.913,red,observed,1.0,12.49,,red,1,26.31,0,-17.17,0,-12.49
390,13.013,red,observed,1.0,12.41,,red,1,26.04,0,-18.17,0,-12.41
393,13.113,red,observed,1.0,12.53,,red,1,25.86,0,-17.38,0,-12.53
396,13.213,red,observed,1.0,12.47,,red,1,25.6,0,-17.1,0,-12.47
399,13.313,red,observed,1.0,12.25,,red,1,26.36,0,-17.67,0,-12.25
402,13.413,red,observed,1.0,12.55,,red,1,26.09,0,-17.31,0,-12.55
405,13.514,red,observed,1.0,12.65,,red,1,26.4,0,-17.6,0,-12.65
408,13.614,red,observed,1.0,12.45,,red,1,25.95,0,-17.17,0,-12.45
411,13.714,red,observed,1.0,12.15,,red,1,26.81,0,-17.31,0,-12.15
414,13.814,red,observed,1.0,12.47,,red,1,25.37,0,-17.1,0,-12.47
417,13.914,red,observed,1.0,12.33,,red,1,25.46,0,-16.81,0,-12.33
420,14.014,red,observed,1.0,12.17,,red,1,25.82,0,-16.6,0,-12.17
423,14.114,red,observed,1.0,12.43,,red,1,26.13,0,-16.6,0,-12.43
426,14.214,red,observed,1.0,12.39,,red,1,25.95,0,-16.67,0,-12.39
429,14.314,red,observed,1.0,12.51,,red,1,26.09,0,-17.46,0,-12.51
432,14.414,red,observed,1.0,12.37,,red,1,25.64,0,-17.81,0,-12.37
435,14.514,red,observed,1.0,12.45,,red,1,25.86,0,-17.1,0,-12.45
438,14.615,red,observed,1.0,12.53,,red,1,26.49,0,-17.46,0,-12.53
441,14.715,red,observed,1.0,12.61,,red,1,26.67,0,-17.67,0,-12.61
444,14.815,red,observed,1.0,12.29,,red,1,25.73,0,-17.38,0,-12.29
447,14.915,red,observed,1.0,12.53,,red,1,26.09,0,-17.6,0,-12.53
450,15.015,red,observed,1.0,12.55,,red,1,25.69,0,-17.24,0,-12.55
453,15.115,red,observed,1.0,12.55,,red,1,26.27,0,-16.6,0,-12.55
456,15.215,red,observed,1.0,12.63,,red,1,26.13,0,-16.6,0,-12.63
459,15.315,red,observed,1.0,12.43,,red,1,26.81,0,-18.03,0,-12.43
462,15.415,red,observed,1.0,12.45,,red,1,26.76,0,-17.24,0,-12.45
465,15.516,red,observed,1.0,12.49,,red,1,26.81,0,-16.96,0,-12.49
468,15.616,red,observed,1.0,12.45,,red,1,26.63,0,-17.24,0,-12.45
471,15.716,red,observed,1.0,12.29,,red,1,26.99,0,-17.46,0,-12.29
474,15.816,red,observed,1.0,12.51,,red,1,27.26,0,-17.03,0,-12.51
477,15.916,red,observed,1.0,12.59,,red,1,26.72,0,-18.03,0,-12.59
480,16.016,red,observed,1.0,12.23,,red,1,26.27,0,-16.45,0,-12.23
483,16.116,red,observed,1.0,12.35,,red,1,26.36,0,-16.88,0,-12.35
486,16.216,red,observed,1.0,12.43,,red,1,26.72,0,-16.81,0,-12.43
489,16.316,red,observed,1.0,12.41,,red,1,27.57,0,-17.6,0,-12.41
492,16.416,red,observed,1.0,12.49,,red,1,26.58,0,-17.24,0,-12.49
495,16.516,red,observed,1.0,12.45,,red,1,27.21,0,-17.24,0,-12.45
498,16.617,red,observed,1.0,12.59,,red,1,26.22,0,-17.24,0,-12.59
501,16.717,red,observed,1.0,12.65,,red,1,26.94,0,-18.17,0,-12.65
504,16.817,red,observed,1.0,12.45,,red,1,26.99,0,-17.31,0,-12.45
507,16.917,red,observed,1.0,12.59,,red,1,26.99,0,-17.46,0,-12.59
510,17.017,red,observed,1.0,12.53,,red,1,26.54,0,-17.03,0,-12.53
513,17.117,red,observed,1.0,12.55,,red,1,26.54,0,-16.45,0,-12.55
516,17.217,red,observed,1.0,12.41,,red,1,26.99,0,-17.74,0,-12.41
519,17.317,red,observed,1.0,12.37,,red,1,27.03,0,-18.31,0,-12.37
522,17.417,red,observed,1.0,12.25,,red,1,27.26,0,-17.89,0,-12.25
525,17.518,red,observed,1.0,12.43,,red,1,27.35,0,-17.17,0,-12.43
528,17.618,red,observed,1.0,12.37,,red,1,26.49,0,-16.74,0,-12.37
531,17.718,red,observed,1.0,12.55,,red,1,26.76,0,-17.17,0,-12.55
534,17.818,red,observed,1.0,12.39,,red,1,26.27,0,-17.81,0,-12.39
537,17.918,red,observed,1.0,12.49,,red,1,26.4,0,-17.38,0,-12.49
540,18.018,red,observed,1.0,12.55,,red,1,26.09,0,-17.38,0,-12.55
543,18.118,red,observed,1.0,12.47,,red,1,26.22,0,-16.81,0,-12.47
546,18.218,red,observed,1.0,12.47,,red,1,26.22,0,-17.89,0,-12.47
549,18.318,red,observed,1.0,12.53,,red,1,26.36,0,-18.03,0,-12.53
552,18.418,red,observed,1.0,12.53,,red,1,25.86,0,-17.17,0,-12.53
555,18.518,red,observed,1.0,12.45,,red,1,26.36,0,-17.1,0,-12.45
558,18.619,red,observed,1.0,12.19,,red,1,25.69,0,-17.24,0,-12.19
561,18.719,red,observed,1.0,12.11,,red,1,26.67,0,-17.46,0,-12.11
564,18.819,red,observed,1.0,12.37,,red,1,25.91,0,-17.53,0,-12.37
567,18.919,red,observed,1.0,12.39,,red,1,26.49,0,-17.67,0,-12.39
570,19.019,red,observed,1.0,12.41,,red,1,26.22,0,-17.24,0,-12.41
573,19.119,red,observed,1.0,12.49,,red,1,25.55,0,-17.24,0,-12.49
576,19.219,red,observed,1.0,12.41,,red,1,26.09,0,-17.81,0,-12.41
579,19.319,red,observed,1.0,12.29,,red,1,25.64,0,-17.67,0,-12.29
582,19.419,red,observed,1.0,12.53,,red,1,26.22,0,-17.81,0,-12.53
585,19.52,red,observed,1.0,12.69,,red,1,25.86,0,-17.24,0,-12.69
588,19.62,red,observed,1.0,12.27,,red,1,26.0,0,-18.31,0,-12.27
591,19.72,red,observed,1.0,12.57,,red,1,25.91,0,-17.38,0,-12.57
594,19.82,red,observed,1.0,12.33,,red,1,25.86,0,-17.89,0,-12.33
597,19.92,red,observed,1.0,12.33,,red,1,25.19,0,-17.67,0,-12.33
600,20.02,red,observed,1.0,12.35,,red,1,25.82,0,-18.03,0,-12.35
603,20.12,red,observed,1.0,12.43,,red,1,26.58,0,-17.17,0,-12.43
606,20.22,red,observed,1.0,12.43,,red,1,25.91,0,-17.89,0,-12.43
609,20.32,red,observed,1.0,12.31,,red,1,25.86,0,-17.31,0,-12.31
612,20.42,red,observed,1.0,12.33,,red,1,26.27,0,-17.03,0,-12.33
615,20.521,red,observed,1.0,12.53,,red,1,25.78,0,-17.96,0,-12.53
618,20.621,red,observed,1.0,12.33,,red,1,25.95,0,-17.31,0,-12.33
621,20.721,red,observed,1.0,12.53,,red,1,25.78,0,-16.96,0,-12.53
624,20.821,red,observed,1.0,12.31,,red,1,26.58,0,-17.67,0,-12.31
627,20.921,red,observed,1.0,12.35,,red,1,25.69,0,-17.38,0,-12.35
630,21.021,red,observed,1.0,12.47,,red,1,26.09,0,-15.88,0,-12.47
633,21.121,red,observed,1.0,12.47,,red,1,25.86,0,-16.74,0,-12.47
636,21.221,red,observed,1.0,12.47,,red,1,26.13,0,-17.6,0,-12.47
639,21.321,red,observed,1.0,12.59,,red,1,26.0,0,-16.88,0,-12.59
642,21.421,red,observed,1.0,12.39,,red,1,26.49,0,-16.67,0,-12.39
645,21.522,red,observed,1.0,12.45,,red,1,26.04,0,-16.74,0,-12.45
648,21.622,red,observed,1.0,12.63,,red,1,25.6,0,-17.67,0,-12.63
651,21.722,red,observed,1.0,12.37,,red,1,26.22,0,-17.53,0,-12.37
654,21.822,red,observed,1.0,12.63,,red,1,26.09,0,-17.24,0,-12.63
657,21.922,red,observed,1.0,12.35,,red,1,25.82,0,-17.89,0,-12.35
660,22.022,red,observed,1.0,12.71,,red,1,26.45,0,-16.88,0,-12.71
663,22.122,red,observed,1.0,12.67,,red,1,26.22,0,-16.67,0,-12.67
666,22.222,red,observed,1.0,12.29,,red,1,26.31,0,-17.38,0,-12.29
669,22.322,red,observed,1.0,12.41,,red,1,26.09,0,-17.38,0,-12.41
672,22.422,red,observed,1.0,12.37,,red,1,26.63,0,-17.03,0,-12.37
675,22.522,red,observed,1.0,12.53,,red,1,26.49,0,-17.96,0,-12.53
678,22.623,red,observed,1.0,12.25,,red,1,26.36,0,-17.67,0,-12.25
681,22.723,red,observed,1.0,12.47,,red,1,27.26,0,-17.31,0,-12.47
684,22.823,red,observed,1.0,12.53,,red,1,26.85,0,-17.31,0,-12.53
687,22.923,red,observed,1.0,12.39,,red,1,26.81,0,-17.46,0,-12.39
690,23.023,red,observed,1.0,12.51,,red,1,26.67,0,-17.24,0,-12.51
693,23.123,red,observed,1.0,12.33,,red,1,26.76,0,-17.74,0,-12.33
696,23.223,red,observed,1.0,12.51,,red,1,26.72,0,-16.96,0,-12.51
699,23.323,red,observed,1.0,12.65,,red,1,26.63,0,-16.88,0,-12.65
702,23.423,red,observed,1.0,12.37,,red,1,27.03,0,-18.1,0,-12.37
705,23.524,red,observed,1.0,12.41,,red,1,26.85,0,-17.38,0,-12.41
708,23.624,red,observed,1.0,12.47,,red,1,26.85,0,-16.67,0,-12.47
711,23.724,red,observed,1.0,12.59,,red,1,26.94,0,-17.31,0,-12.59
714,23.824,red,observed,1.0,12.31,,red,1,26.67,0,-17.81,0,-12.31
717,23.924,red,observed,1.0,12.29,,red,1,26.81,0,-17.1,0,-12.29
720,24.024,red,observed,1.0,12.29,,red,1,26.63,0,-16.96,0,-12.29
723,24.124,red,observed,1.0,12.61,,red,1,27.44,0,-16.96,0,-12.61
726,24.224,red,observed,1.0,12.47,,red,1,26.09,0,-17.17,0,-12.47
729,24.324,red,observed,1.0,12.51,,red,1,26.85,0,-17.46,0,-12.51
732,24.424,red,observed,1.0,12.49,,red,1,26.18,0,-17.81,0,-12.49
735,24.524,red,observed,1.0,12.55,,red,1,26.58,0,-17.1,0,-12.55
738,24.625,red,observed,1.0,12.41,,red,1,26.31,0,-17.46,0,-12.41
741,24.725,red,observed,1.0,12.29,,red,1,27.03,0,-16.88,0,-12.29
744,24.825,red,observed,1.0,12.51,,red,1,26.99,0,-17.53,0,-12.51
747,24.925,red,observed,1.0,12.33,,red,1,27.3,0,-17.31,0,-12.33
750,25.025,red,observed,1.0,12.37,,red,1,26.81,0,-17.53,0,-12.37
753,25.125,red,observed,1.0,12.39,,red,1,27.35,0,-17.31,0,-12.39
756,25.225,red,observed,1.0,12.33,,red,1,27.44,0,-17.17,0,-12.33
759,25.325,red,observed,1.0,12.35,,red,1,27.17,0,-17.31,0,-12.35
762,25.425,red,observed,1.0,12.57,,red,1,27.35,0,-17.24,0,-12.57
765,25.526,red,observed,1.0,12.41,,red,1,27.17,0,-17.24,0,-12.41
768,25.626,red,observed,1.0,12.37,,red,1,27.17,0,-17.24,0,-12.37
771,25.726,red,observed,1.0,12.41,,red,1,26.99,0,-18.03,0,-12.41
774,25.826,red,observed,1.0,12.47,,red,1,26.27,0,-17.67,0,-12.47
777,25.926,red,observed,1.0,12.39,,red,1,26.09,0,-16.81,0,-12.39
780,26.026,red,observed,1.0,12.23,,red,1,26.99,0,-17.17,0,-12.23
783,26.126,red,observed,1.0,12.33,,red,1,27.08,0,-16.96,0,-12.33
786,26.226,red,observed,1.0,12.49,,red,1,26.99,0,-17.1,0,-12.49
789,26.326,red,observed,1.0,12.43,,red,1,26.67,0,-17.53,0,-12.43
792,26.426,red,observed,1.0,12.41,,red,1,26.63,0,-17.1,0,-12.41
795,26.527,red,observed,1.0,12.57,,red,1,26.0,0,-17.17,0,-12.57
798,26.627,red,observed,1.0,12.43,,red,1,26.58,0,-17.31,0,-12.43
801,26.727,red,observed,1.0,12.57,,red,1,26.67,0,-16.53,0,-12.57
804,26.827,red,observed,1.0,12.53,,red,1,26.49,0,-16.6,0,-12.53
807,26.927,red,observed,1.0,12.43,,red,1,25.91,0,-16.6,0,-12.43
810,27.027,red,observed,1.0,12.43,,red,1,26.04,0,-17.24,0,-12.43
813,27.127,red,observed,1.0,12.47,,red,1,26.81,0,-17.53,0,-12.47
816,27.227,red,observed,1.0,12.41,,red,1,26.94,0,-17.6,0,-12.41
819,27.327,red,observed,1.0,12.55,,red,1,26.9,0,-16.96,0,-12.55
822,27.427,red,observed,1.0,12.39,,red,1,26.54,0,-17.38,0,-12.39
825,27.528,red,observed,1.0,12.37,,red,1,27.08,0,-17.03,0,-12.37
828,27.628,red,observed,1.0,12.39,,red,1,26.27,0,-17.38,0,-12.39
831,27.728,red,observed,1.0,12.63,,red,1,26.0,0,-17.74,0,-12.63
834,27.828,red,observed,1.0,12.73,,red,1,26.67,0,-17.1,0,-12.73
837,27.928,red,observed,1.0,12.51,,red,1,26.13,0,-17.03,0,-12.51
840,28.028,red,observed,1.0,12.39,,red,1,26.27,0,-17.67,0,-12.39
843,28.128,red,observed,1.0,12.39,,red,1,26.31,0,-17.81,0,-12.39
846,28.228,red,observed,1.0,12.61,,red,1,26.18,0,-16.81,0,-12.61
849,28.328,red,observed,1.0,12.43,,red,1,26.58,0,-17.17,0,-12.43
852,28.428,red,observed,1.0,12.27,,red,1,26.13,0,-17.38,0,-12.27
855,28.528,red,observed,1.0,12.53,,red,1,26.31,0,-16.81,0,-12.53
858,28.629,red,observed,1.0,12.43,,red,1,26.85,0,-17.46,0,-12.43
861,28.729,red,observed,1.0,12.37,,red,1,26.54,0,-17.53,0,-12.37
864,28.829,red,observed,1.0,12.61,,red,1,26.18,0,-16.74,0,-12.61
867,28.929,red,observed,1.0,12.55,,red,1,26.49,0,-17.53,0,-12.55
870,29.029,red,observed,1.0,12.43,,red,1,26.22,0,-17.38,0,-12.43
873,29.129,red,observed,1.0,12.33,,red,1,26.18,0,-17.31,0,-12.33
876,29.229,red,observed,1.0,12.49,,red,1,26.85,0,-16.38,0,-12.49
879,29.329,red,observed,1.0,12.33,,red,1,26.81,0,-17.03,0,-12.33
882,29.429,red,observed,1.0,12.31,,red,1,27.12,0,-16.96,0,-12.31
885,29.53,red,observed,1.0,12.55,,red,1,26.54,0,-17.31,0,-12.55
888,29.63,red,observed,1.0,12.29,,red,1,26.22,0,-18.03,0,-12.29
891,29.73,red,observed,1.0,12.57,,red,1,25.95,0,-17.24,0,-12.57
894,29.83,red,observed,1.0,12.35,,red,1,26.36,0,-16.31,0,-12.35
897,29.93,red,observed,1.0,12.31,,red,1,26.9,0,-17.31,0,-12.31
900,30.03,red,observed,1.0,12.43,,red,1,26.13,0,-17.1,0,-12.43
903,30.13,red,observed,1.0,12.47,,red,1,26.54,0,-16.96,0,-12.47
906,30.23,red,observed,1.0,12.39,,red,1,27.3,0,-17.24,0,-12.39
909,30.33,red,observed,1.0,12.59,,red,1,26.54,0,-17.03,0,-12.59
912,30.43,red,observed,1.0,12.59,,red,1,26.72,0,-17.6,0,-12.59
915,30.53,red,observed,1.0,12.59,,red,1,27.57,0,-16.45,0,-12.59
918,30.631,red,observed,1.0,12.45,,red,1,26.99,0,-17.53,0,-12.45
921,30.731,red,observed,1.0,12.55,,red,1,27.26,0,-17.24,0,-12.55
924,30.831,red,observed,1.0,12.49,,red,1,27.21,0,-17.24,0,-12.49
927,30.931,red,observed,1.0,12.69,,red,1,26.27,0,-17.17,0,-12.69
930,31.031,red,observed,1.0,12.33,,red,1,26.13,0,-17.24,0,-12.33
933,31.131,red,observed,1.0,12.39,,red,1,26.13,0,-17.67,0,-12.39
936,31.231,red,observed,1.0,12.51,,red,1,26.45,0,-17.6,0,-12.51
939,31.331,red,observed,1.0,12.45,,red,1,26.72,0,-17.03,0,-12.45
942,31.431,red,observed,1.0,12.43,,red,1,26.81,0,-17.46,0,-12.43
945,31.532,red,observed,1.0,12.55,,red,1,26.09,0,-17.31,0,-12.55
948,31.632,red,observed,1.0,12.17,,red,1,26.09,0,-17.53,0,-12.17
951,31.732,red,observed,1.0,12.37,,red,1,26.04,0,-17.6,0,-12.37
954,31.832,red,observed,1.0,12.77,,red,1,25.42,0,-17.53,0,-12.77
957,31.932,red,observed,1.0,12.39,,red,1,26.99,0,-16.74,0,-12.39
960,32.032,red,observed,1.0,12.61,,red,1,26.72,0,-17.31,0,-12.61
963,32.132,red,observed,1.0,12.53,,red,1,26.72,0,-17.67,0,-12.53
966,32.232,red,observed,1.0,12.37,,red,1,26.99,0,-17.17,0,-12.37
969,32.332,red,observed,1.0,12.43,,red,1,26.72,0,-17.03,0,-12.43
972,32.432,red,observed,1.0,12.47,,red,1,26.9,0,-16.88,0,-12.47
975,32.532,red,observed,1.0,12.39,,red,1,26.31,0,-17.67,0,-12.39
978,32.633,red,observed,1.0,12.33,,red,1,26.04,0,-17.89,0,-12.33
981,32.733,red,observed,1.0,12.45,,red,1,26.04,0,-16.81,0,-12.45
984,32.833,red,observed,1.0,12.45,,red,1,26.09,0,-17.31,0,-12.45
987,32.933,red,observed,1.0,12.49,,red,1,26.18,0,-17.46,0,-12.49
990,33.033,red,observed,1.0,12.43,,red,1,26.4,0,-17.31,0,-12.43
993,33.133,red,observed,1.0,12.35,,red,1,25.42,0,-17.17,0,-12.35
996,33.233,red,observed,1.0,12.67,,red,1,25.86,0,-17.67,0,-12.67
999,33.333,red,observed,1.0,12.61,,red,1,26.76,0,-16.53,0,-12.61
1002,33.433,red,observed,1.0,12.43,,red,1,26.58,0,-17.03,0,-12.43
1005,33.534,red,observed,1.0,12.43,,red,1,26.18,0,-17.46,0,-12.43
1008,33.634,red,observed,1.0,12.59,,red,1,27.21,0,-16.53,0,-12.59
1011,33.734,red,observed,1.0,12.55,,red,1,27.3,0,-16.74,0,-12.55
1014,33.834,red,observed,1.0,12.59,,red,1,26.27,0,-16.38,0,-12.59
1017,33.934,red,observed,1.0,12.43,,red,1,26.18,0,-16.45,0,-12.43
1020,34.034,red,observed,1.0,12.39,,red,1,25.82,0,-17.03,0,-12.39
1023,34.134,red_amber,observed,1.0,12.41,,red_amber,1,26.27,1,16.67,0,-12.41
1026,34.234,red_amber,observed,1.0,12.71,,red_amber,1,25.37,1,15.6,0,-12.71
1029,34.334,red_amber,observed,1.0,12.61,,red_amber,1,26.04,1,15.95,0,-12.61
1032,34.434,red_amber,observed,1.0,12.49,,red_amber,1,26.22,1,15.31,0,-12.49
1035,34.534,red_amber,observed,1.0,12.55,,red_amber,1,26.09,1,15.45,0,-12.55
1038,34.635,red_amber,observed,1.0,12.39,,red_amber,1,26.09,1,15.67,0,-12.39
1041,34.735,red_amber,observed,1.0,12.29,,red_amber,1,26.99,1,15.81,0,-12.29
1044,34.835,red_amber,observed,1.0,12.47,,red_amber,1,26.85,1,16.38,0,-12.47
1047,34.935,red_amber,observed,1.0,12.47,,red_amber,1,25.78,1,15.24,0,-12.47
1050,35.035,red_amber,observed,1.0,12.69,,red_amber,1,25.64,1,13.52,0,-12.69
1053,35.135,red_amber,observed,1.0,12.61,,red_amber,1,26.04,1,15.02,0,-12.61
1056,35.235,red_amber,observed,1.0,12.69,,red_amber,1,25.51,1,13.45,0,-12.69
1059,35.335,red_amber,observed,1.0,12.37,,red_amber,1,26.0,1,15.17,0,-12.37
1062,35.435,red_amber,observed,1.0,12.55,,red_amber,1,25.51,1,14.45,0,-12.55
1065,35.536,red_amber,observed,1.0,12.49,,red_amber,1,25.73,1,15.24,0,-12.49
1068,35.636,red_amber,observed,1.0,12.53,,red_amber,1,26.18,1,15.02,0,-12.53
1071,35.736,red_amber,observed,1.0,12.71,,red_amber,1,26.58,1,14.81,0,-12.71
1074,35.836,red_amber,observed,1.0,12.61,,red_amber,1,26.49,1,15.24,0,-12.61
1077,35.936,red_amber,observed,1.0,12.59,,red_amber,1,26.45,1,15.1,0,-12.59
1080,36.036,red_amber,observed,1.0,12.63,,red_amber,1,25.64,1,15.67,0,-12.63
1083,36.136,red_amber,observed,1.0,12.53,,red_amber,1,26.99,1,15.6,0,-12.53
1086,36.236,red_amber,observed,1.0,12.57,,red_amber,1,26.54,1,14.59,0,-12.57
1089,36.336,red_amber,observed,1.0,12.69,,red_amber,1,26.36,1,16.1,0,-12.69
1092,36.436,red_amber,observed,1.0,12.63,,red_amber,1,26.27,1,15.02,0,-12.63
1095,36.537,red_amber,observed,1.0,12.55,,red_amber,1,25.46,1,15.6,0,-12.55
1098,36.637,red_amber,observed,1.0,12.59,,red_amber,1,26.18,1,15.88,0,-12.59
1101,36.737,red_amber,observed,1.0,12.47,,red_amber,1,26.36,1,15.74,0,-12.47
1104,36.837,red_amber,observed,1.0,12.31,,red_amber,1,26.49,1,15.81,0,-12.31
1107,36.937,red_amber,observed,1.0,12.39,,red_amber,1,26.54,1,15.88,0,-12.39
1110,37.037,red_amber,observed,1.0,12.17,,red_amber,1,25.01,1,14.38,0,-12.17
1113,37.137,green,observed,1.0,11.93,,green,0,-26.63,0,-17.17,1,11.93
1116,37.237,green,observed,1.0,11.95,,green,0,-28.02,0,-17.67,1,11.95
1119,37.337,green,observed,1.0,12.13,,green,0,-27.75,0,-17.46,1,12.13
1122,37.437,green,observed,1.0,12.09,,green,0,-28.24,0,-17.67,1,12.09
1125,37.538,green,observed,1.0,12.11,,green,0,-28.42,0,-17.1,1,12.11
1128,37.638,green,observed,1.0,12.35,,green,0,-28.47,0,-17.53,1,12.35
1131,37.738,green,observed,1.0,12.17,,green,0,-28.47,0,-17.46,1,12.17
1134,37.838,green,observed,1.0,12.23,,green,0,-28.2,0,-18.03,1,12.23
1137,37.938,green,observed,1.0,12.19,,green,0,-28.65,0,-18.1,1,12.19
1140,38.038,green,observed,1.0,12.35,,green,0,-28.78,0,-16.96,1,12.35
1143,38.138,green,observed,1.0,12.43,,green,0,-28.47,0,-17.03,1,12.43
1146,38.238,green,observed,1.0,12.39,,green,0,-28.78,0,-16.81,1,12.39
1149,38.338,green,observed,1.0,12.35,,green,0,-28.47,0,-17.96,1,12.35
1152,38.438,green,observed,1.0,12.39,,green,0,-28.69,0,-17.53,1,12.39
1155,38.538,green,observed,1.0,12.23,,green,0,-28.56,0,-17.46,1,12.23
1158,38.639,green,observed,1.0,12.27,,green,0,-28.38,0,-17.96,1,12.27
1161,38.739,green,observed,1.0,12.35,,green,0,-28.42,0,-17.74,1,12.35
1164,38.839,green,observed,1.0,12.31,,green,0,-28.51,0,-17.89,1,12.31
1167,38.939,green,observed,1.0,12.43,,green,0,-28.33,0,-17.17,1,12.43
1170,39.039,green,observed,1.0,12.55,,green,0,-28.42,0,-18.24,1,12.55
1173,39.139,green,observed,1.0,12.19,,green,0,-28.74,0,-17.24,1,12.19
1176,39.239,green,observed,1.0,12.41,,green,0,-28.56,0,-17.89,1,12.41
1179,39.339,green,observed,1.0,12.25,,green,0,-28.65,0,-17.6,1,12.25
1182,39.439,green,observed,1.0,12.43,,green,0,-28.6,0,-17.46,1,12.43
1185,39.54,green,observed,1.0,12.47,,green,0,-29.01,0,-17.31,1,12.47
1188,39.64,green,observed,1.0,12.53,,green,0,-28.65,0,-17.53,1,12.53
1191,39.74,green,observed,1.0,12.27,,green,0,-28.38,0,-17.31,1,12.27
1194,39.84,green,observed,1.0,12.29,,green,0,-28.29,0,-17.17,1,12.29
1197,39.94,green,observed,1.0,12.31,,green,0,-28.74,0,-17.67,1,12.31
1200,40.04,green,observed,1.0,12.33,,green,0,-28.74,0,-17.03,1,12.33
1203,40.14,green,observed,1.0,12.19,,green,0,-28.74,0,-17.81,1,12.19
1206,40.24,green,observed,1.0,12.27,,green,0,-28.74,0,-16.81,1,12.27
1209,40.34,green,observed,1.0,12.13,,green,0,-28.56,0,-16.96,1,12.13
1212,40.44,green,observed,1.0,12.35,,green,0,-28.51,0,-16.96,1,12.35
1215,40.54,green,observed,1.0,12.01,,green,0,-28.56,0,-17.1,1,12.01
1218,40.641,green,observed,1.0,12.15,,green,0,-28.56,0,-16.96,1,12.15
1221,40.741,green,observed,1.0,12.27,,green,0,-28.47,0,-17.31,1,12.27
1224,40.841,green,observed,1.0,11.97,,green,0,-28.69,0,-17.53,1,11.97
1227,40.941,green,observed,1.0,12.17,,green,0,-28.56,0,-17.53,1,12.17
1230,41.041,green,observed,1.0,12.17,,green,0,-28.47,0,-17.17,1,12.17
1233,41.141,green,observed,1.0,12.19,,green,0,-28.02,0,-17.24,1,12.19
1236,41.241,green,observed,1.0,12.27,,green,0,-28.47,0,-18.1,1,12.27
1239,41.341,green,observed,1.0,11.85,,green,0,-28.33,0,-17.46,1,11.85
1242,41.441,green,observed,1.0,12.07,,green,0,-28.47,0,-18.31,1,12.07
1245,41.542,green,observed,1.0,11.89,,green,0,-28.33,0,-17.38,1,11.89
1248,41.642,green,observed,1.0,12.07,,green,0,-28.24,0,-17.6,1,12.07
1251,41.742,green,observed,1.0,11.97,,green,0,-28.42,0,-17.46,1,11.97
1254,41.842,green,observed,1.0,12.03,,green,0,-28.83,0,-17.31,1,12.03
1257,41.942,green,observed,1.0,12.01,,green,0,-28.24,0,-17.24,1,12.01
1260,42.042,green,observed,1.0,11.91,,green,0,-29.01,0,-18.03,1,11.91
1263,42.142,green,observed,1.0,11.91,,green,0,-28.69,0,-17.46,1,11.91
1266,42.242,green,observed,1.0,11.91,,green,0,-28.83,0,-18.6,1,11.91
1269,42.342,green,observed,1.0,11.89,,green,0,-29.1,0,-17.6,1,11.89
1272,42.442,green,observed,1.0,11.95,,green,0,-28.78,0,-18.24,1,11.95
1275,42.543,green,observed,1.0,11.87,,green,0,-28.65,0,-17.1,1,11.87
1278,42.643,green,observed,1.0,11.87,,green,0,-28.65,0,-18.1,1,11.87
1281,42.743,green,observed,1.0,11.79,,green,0,-28.87,0,-17.81,1,11.79
1284,42.843,green,observed,1.0,11.75,,green,0,-28.6,0,-17.53,1,11.75
1287,42.943,green,observed,1.0,11.85,,green,0,-28.69,0,-17.81,1,11.85
1290,43.043,green,observed,1.0,11.91,,green,0,-28.6,0,-17.6,1,11.91
1293,43.143,green,observed,1.0,11.87,,green,0,-28.24,0,-17.67,1,11.87
1296,43.243,green,observed,1.0,11.87,,green,0,-28.42,0,-18.39,1,11.87
1299,43.343,green,observed,1.0,11.97,,green,0,-28.92,0,-18.67,1,11.97
1302,43.443,green,observed,1.0,11.83,,green,0,-28.69,0,-18.74,1,11.83
1305,43.544,green,observed,1.0,11.71,,green,0,-28.87,0,-17.96,1,11.71
1308,43.644,green,observed,1.0,11.67,,green,0,-28.92,0,-17.81,1,11.67
1311,43.744,green,observed,1.0,11.75,,green,0,-28.6,0,-18.1,1,11.75
1314,43.844,green,observed,1.0,11.69,,green,0,-28.92,0,-18.82,1,11.69
1317,43.944,green,observed,1.0,11.81,,green,0,-28.42,0,-18.1,1,11.81
1320,44.044,green,observed,1.0,11.69,,green,0,-28.83,0,-18.46,1,11.69
1323,44.144,green,observed,1.0,11.67,,green,0,-28.51,0,-18.17,1,11.67
1326,44.244,green,observed,1.0,11.67,,green,0,-28.87,0,-17.81,1,11.67
1329,44.344,green,observed,1.0,11.67,,green,0,-28.51,0,-17.31,1,11.67
1332,44.444,green,observed,1.0,11.83,,green,0,-28.96,0,-17.74,1,11.83
1335,44.544,green,observed,1.0,11.79,,green,0,-28.65,0,-17.53,1,11.79
1338,44.645,green,observed,1.0,11.75,,green,0,-28.92,0,-18.74,1,11.75
1341,44.745,green,observed,1.0,11.71,,green,0,-28.24,0,-18.1,1,11.71
1344,44.845,green,observed,1.0,11.85,,green,0,-28.51,0,-18.1,1,11.85
1347,44.945,green,observed,1.0,11.61,,green,0,-29.01,0,-18.24,1,11.61
1350,45.045,green,observed,1.0,11.87,,green,0,-28.69,0,-18.53,1,11.87
1353,45.145,green,observed,1.0,11.85,,green,0,-29.19,0,-18.17,1,11.85
1356,45.245,green,observed,1.0,11.87,,green,0,-28.15,0,-18.46,1,11.87
1359,45.345,green,observed,1.0,11.85,,green,0,-28.96,0,-18.17,1,11.85
1362,45.445,green,observed,1.0,11.77,,green,0,-28.47,0,-17.67,1,11.77
1365,45.546,green,observed,1.0,11.95,,green,0,-28.56,0,-17.81,1,11.95
1368,45.646,green,observed,1.0,11.95,,green,0,-29.01,0,-18.17,1,11.95
1371,45.746,green,observed,1.0,11.89,,green,0,-28.87,0,-17.67,1,11.89
1374,45.846,green,observed,1.0,11.85,,green,0,-28.69,0,-18.31,1,11.85
1377,45.946,green,observed,1.0,11.89,,green,0,-29.28,0,-17.74,1,11.89
1380,46.046,green,observed,1.0,11.87,,green,0,-29.32,0,-18.46,1,11.87
1383,46.146,green,observed,1.0,12.03,,green,0,-28.74,0,-18.1,1,12.03
1386,46.246,green,observed,1.0,11.65,,green,0,-28.74,0,-17.38,1,11.65
1389,46.346,green,observed,1.0,12.05,,green,0,-28.42,0,-18.1,1,12.05
1392,46.446,green,observed,1.0,12.25,,green,0,-29.1,0,-18.03,1,12.25
1395,46.546,green,observed,1.0,12.17,,green,0,-28.47,0,-17.81,1,12.17
1398,46.647,green,observed,1.0,11.91,,green,0,-28.24,0,-17.96,1,11.91
1401,46.747,green,observed,1.0,11.85,,green,0,-28.51,0,-17.24,1,11.85
1404,46.847,green,observed,1.0,11.83,,green,0,-29.32,0,-17.38,1,11.83
1407,46.947,green,observed,1.0,11.95,,green,0,-29.05,0,-17.46,1,11.95
1410,47.047,green,observed,1.0,11.97,,green,0,-29.01,0,-17.89,1,11.97
1413,47.147,green,observed,1.0,12.01,,green,0,-28.11,0,-17.53,1,12.01
1416,47.247,green,observed,1.0,11.85,,green,0,-28.6,0,-17.96,1,11.85
1419,47.347,green,observed,1.0,12.01,,green,0,-28.87,0,-18.17,1,12.01
1422,47.447,green,observed,1.0,12.23,,green,0,-28.96,0,-17.81,1,12.23
1425,47.548,green,observed,1.0,12.09,,green,0,-28.65,0,-18.39,1,12.09
1428,47.648,green,observed,1.0,12.05,,green,0,-28.65,0,-17.38,1,12.05
1431,47.748,green,observed,1.0,11.95,,green,0,-28.56,0,-18.39,1,11.95
1434,47.848,green,observed,1.0,12.15,,green,0,-28.74,0,-18.39,1,12.15
1437,47.948,green,observed,1.0,12.17,,green,0,-28.56,0,-18.24,1,12.17
1440,48.048,green,observed,1.0,12.13,,green,0,-28.65,0,-17.81,1,12.13
1443,48.148,green,observed,1.0,12.13,,green,0,-28.92,0,-18.1,1,12.13
1446,48.248,green,observed,1.0,12.13,,green,0,-28.87,0,-17.81,1,12.13
1449,48.348,green,observed,1.0,12.25,,green,0,-28.29,0,-17.46,1,12.25
1452,48.448,green,observed,1.0,12.25,,green,0,-28.92,0,-17.46,1,12.25
1455,48.549,green,observed,1.0,12.07,,green,0,-28.96,0,-18.24,1,12.07
1458,48.649,green,observed,1.0,12.15,,green,0,-28.96,0,-17.31,1,12.15
1461,48.749,green,observed,1.0,12.23,,green,0,-28.69,0,-17.53,1,12.23
1464,48.849,green,observed,1.0,12.23,,green,0,-28.56,0,-17.89,1,12.23
1467,48.949,green,observed,1.0,12.19,,green,0,-28.51,0,-18.03,1,12.19
1470,49.049,green,observed,1.0,12.43,,green,0,-28.87,0,-18.1,1,12.43
1473,49.149,green,observed,1.0,12.33,,green,0,-28.92,0,-18.1,1,12.33
1476,49.249,green,observed,1.0,12.21,,green,0,-28.51,0,-17.74,1,12.21
1479,49.349,green,observed,1.0,12.51,,green,0,-28.33,0,-18.17,1,12.51
1482,49.449,green,observed,1.0,12.41,,green,0,-28.33,0,-17.81,1,12.41
1485,49.55,green,observed,1.0,12.47,,green,0,-28.56,0,-17.67,1,12.47
1488,49.65,green,observed,1.0,12.55,,green,0,-28.78,0,-17.81,1,12.55
1491,49.75,green,observed,1.0,12.27,,green,0,-28.15,0,-17.81,1,12.27
1494,49.85,green,observed,1.0,12.41,,green,0,-29.01,0,-17.38,1,12.41
1497,49.95,green,observed,1.0,12.37,,green,0,-28.42,0,-17.53,1,12.37
1500,50.05,green,observed,1.0,12.31,,green,0,-28.42,0,-18.39,1,12.31
1503,50.15,green,observed,1.0,12.49,,green,0,-28.69,0,-18.39,1,12.49
1506,50.25,green,observed,1.0,12.43,,green,0,-28.42,0,-17.89,1,12.43
1509,50.35,green,observed,1.0,12.45,,green,0,-28.51,0,-17.67,1,12.45
1512,50.45,green,observed,1.0,12.53,,green,0,-28.83,0,-17.74,1,12.53
1515,50.55,green,observed,1.0,12.55,,green,0,-28.6,0,-17.96,1,12.55
1518,50.651,green,observed,1.0,12.43,,green,0,-28.2,0,-18.24,1,12.43
1521,50.751,green,observed,1.0,12.61,,green,0,-28.51,0,-17.38,1,12.61
1524,50.851,green,observed,1.0,12.47,,green,0,-28.56,0,-17.89,1,12.47
1527,50.951,green,observed,1.0,12.53,,green,0,-28.24,0,-18.31,1,12.53
1530,51.051,green,observed,1.0,12.33,,green,0,-28.92,0,-18.17,1,12.33
1533,51.151,green,observed,1.0,12.51,,green,0,-28.47,0,-16.88,1,12.51
1536,51.251,green,observed,1.0,12.31,,green,0,-28.56,0,-16.88,1,12.31
1539,51.351,green,observed,1.0,12.39,,green,0,-28.51,0,-17.24,1,12.39
1542,51.451,green,observed,1.0,12.43,,green,0,-28.56,0,-17.74,1,12.43
1545,51.552,green,observed,1.0,12.35,,green,0,-28.78,0,-18.17,1,12.35
1548,51.652,green,observed,1.0,12.57,,green,0,-28.6,0,-17.53,1,12.57
1551,51.752,green,observed,1.0,12.67,,green,0,-28.74,0,-17.17,1,12.67
1554,51.852,green,observed,1.0,12.51,,green,0,-28.87,0,-17.53,1,12.51
1557,51.952,green,observed,1.0,12.67,,green,0,-28.78,0,-17.53,1,12.67
1560,52.052,green,observed,1.0,12.53,,green,0,-28.69,0,-17.17,1,12.53
1563,52.152,green,observed,1.0,12.61,,green,0,-28.78,0,-17.1,1,12.61
1566,52.252,green,observed,1.0,12.57,,green,0,-28.2,0,-17.53,1,12.57
1569,52.352,green,observed,1.0,12.59,,green,0,-28.51,0,-17.17,1,12.59
1572,52.452,green,observed,1.0,12.63,,green,0,-28.6,0,-16.96,1,12.63
1575,52.552,green,observed,1.0,12.65,,green,0,-28.6,0,-17.53,1,12.65
1578,52.653,green,observed,1.0,12.61,,green,0,-28.6,0,-17.38,1,12.61
1581,52.753,green,observed,1.0,12.65,,green,0,-28.92,0,-17.31,1,12.65
1584,52.853,green,observed,1.0,12.67,,green,0,-28.29,0,-18.53,1,12.67
1587,52.953,green,observed,1.0,12.71,,green,0,-28.69,0,-17.53,1,12.71
1590,53.053,green,observed,1.0,12.73,,green,0,-28.6,0,-17.74,1,12.73
1593,53.153,green,observed,1.0,12.63,,green,0,-28.24,0,-17.17,1,12.63
1596,53.253,green,observed,1.0,12.35,,green,0,-28.33,0,-16.96,1,12.35
1599,53.353,green,observed,1.0,12.61,,green,0,-28.33,0,-17.6,1,12.61
1602,53.453,green,observed,1.0,12.51,,green,0,-28.33,0,-16.81,1,12.51
1605,53.554,green,observed,1.0,12.53,,green,0,-28.65,0,-17.24,1,12.53
1608,53.654,green,observed,1.0,12.49,,green,0,-28.65,0,-17.38,1,12.49
1611,53.754,green,observed,1.0,12.47,,green,0,-28.15,0,-17.24,1,12.47
1614,53.854,green,observed,1.0,12.67,,green,0,-28.65,0,-17.67,1,12.67
1617,53.954,green,observed,1.0,12.55,,green,0,-29.01,0,-16.96,1,12.55
1620,54.054,green,observed,1.0,12.55,,green,0,-28.56,0,-17.31,1,12.55
1623,54.154,green,observed,1.0,12.53,,green,0,-28.38,0,-17.31,1,12.53
1626,54.254,green,observed,1.0,12.41,,green,0,-28.83,0,-18.1,1,12.41
1629,54.354,green,observed,1.0,12.57,,green,0,-27.71,0,-17.1,1,12.57
1632,54.454,green,observed,1.0,12.31,,green,0,-28.15,0,-17.17,1,12.31
1635,54.555,green,observed,1.0,12.39,,green,0,-27.93,0,-17.81,1,12.39
1638,54.655,green,observed,1.0,12.39,,green,0,-28.65,0,-17.24,1,12.39
1641,54.755,green,observed,1.0,12.49,,green,0,-29.19,0,-17.24,1,12.49
1644,54.855,green,observed,1.0,12.53,,green,0,-28.65,0,-16.81,1,12.53
1647,54.955,green,observed,1.0,12.61,,green,0,-28.29,0,-17.31,1,12.61
1650,55.055,green,observed,1.0,12.59,,green,0,-28.42,0,-17.46,1,12.59
1653,55.155,green,observed,1.0,12.63,,green,0,-27.89,0,-17.74,1,12.63
1656,55.255,green,observed,1.0,12.41,,green,0,-28.6,0,-17.38,1,12.41
1659,55.355,green,observed,1.0,12.63,,green,0,-28.96,0,-17.1,1,12.63
1662,55.455,green,observed,1.0,12.51,,green,0,-28.83,0,-17.67,1,12.51
1665,55.556,green,observed,1.0,12.61,,green,0,-28.51,0,-17.53,1,12.61
1668,55.656,green,observed,1.0,12.51,,green,0,-28.56,0,-17.1,1,12.51
1671,55.756,green,observed,1.0,12.55,,green,0,-29.14,0,-17.38,1,12.55
1674,55.856,green,observed,1.0,12.45,,green,0,-28.47,0,-17.24,1,12.45
1677,55.956,green,observed,1.0,12.37,,green,0,-28.29,0,-17.53,1,12.37
1680,56.056,green,observed,1.0,12.17,,green,0,-28.96,0,-17.38,1,12.17
1683,56.156,green,observed,1.0,12.53,,green,0,-28.83,0,-17.81,1,12.53
1686,56.256,green,observed,1.0,12.49,,green,0,-28.42,0,-17.38,1,12.49
1689,56.356,green,observed,1.0,12.57,,green,0,-28.24,0,-17.89,1,12.57
1692,56.456,green,observed,1.0,12.57,,green,0,-28.47,0,-17.6,1,12.57
1695,56.556,green,observed,1.0,12.37,,green,0,-28.38,0,-17.96,1,12.37
1698,56.657,green,observed,1.0,12.43,,green,0,-28.15,0,-17.6,1,12.43
1701,56.757,green,observed,1.0,12.35,,green,0,-28.38,0,-17.6,1,12.35
1704,56.857,green,observed,1.0,12.31,,green,0,-28.11,0,-17.6,1,12.31
1707,56.957,green,observed,1.0,12.35,,green,0,-28.56,0,-17.31,1,12.35
1710,57.057,green,observed,1.0,12.43,,green,0,-28.42,0,-17.53,1,12.43
1713,57.157,green,observed,1.0,12.35,,green,0,-28.24,0,-17.38,1,12.35
1716,57.257,green,observed,1.0,12.59,,green,0,-28.74,0,-18.31,1,12.59
1719,57.357,green,observed,1.0,12.43,,green,0,-28.38,0,-17.38,1,12.43
1722,57.457,green,observed,1.0,12.71,,green,0,-28.38,0,-17.1,1,12.71
1725,57.558,green,observed,1.0,12.57,,green,0,-28.33,0,-16.96,1,12.57
1728,57.658,green,observed,1.0,12.59,,green,0,-28.2,0,-16.96,1,12.59
1731,57.758,green,observed,1.0,12.61,,green,0,-28.07,0,-17.24,1,12.61
1734,57.858,green,observed,1.0,12.49,,green,0,-28.15,0,-18.03,1,12.49
1737,57.958,green,observed,1.0,12.31,,green,0,-28.42,0,-17.17,1,12.31
1740,58.058,green,observed,1.0,12.49,,green,0,-28.51,0,-17.89,1,12.49
1743,58.158,green,observed,1.0,12.67,,green,0,-28.33,0,-17.31,1,12.67
1746,58.258,green,observed,1.0,12.53,,green,0,-28.24,0,-17.74,1,12.53
1749,58.358,green,observed,1.0,12.47,,green,0,-28.15,0,-17.53,1,12.47
1752,58.458,green,observed,1.0,12.45,,green,0,-28.11,0,-17.46,1,12.45
1755,58.558,green,observed,1.0,12.37,,green,0,-28.38,0,-16.81,1,12.37
1758,58.659,green,observed,1.0,12.45,,green,0,-28.38,0,-16.96,1,12.45
1761,58.759,green,observed,1.0,12.55,,green,0,-28.24,0,-17.46,1,12.55
1764,58.859,green,observed,1.0,12.21,,green,0,-28.07,0,-17.1,1,12.21
1767,58.959,green,observed,1.0,12.47,,green,0,-28.15,0,-17.81,1,12.47
1770,59.059,green,observed,1.0,12.31,,green,0,-28.42,0,-18.03,1,12.31
1773,59.159,green,observed,1.0,12.29,,green,0,-28.47,0,-17.1,1,12.29
1776,59.259,green,observed,1.0,12.33,,green,0,-28.51,0,-16.96,1,12.33
1779,59.359,green,observed,1.0,12.39,,green,0,-28.6,0,-17.96,1,12.39
1782,59.459,green,observed,1.0,12.47,,green,0,-27.98,0,-17.53,1,12.47
1785,59.56,green,observed,1.0,12.45,,green,0,-28.33,0,-17.53,1,12.45
1788,59.66,green,observed,1.0,12.51,,green,0,-28.56,0,-17.24,1,12.51
1791,59.76,green,observed,1.0,12.31,,green,0,-28.33,0,-16.74,1,12.31
1794,59.86,green,observed,1.0,12.51,,green,0,-29.05,0,-17.6,1,12.51
1797,59.96,green,observed,1.0,12.49,,green,0,-28.83,0,-17.46,1,12.49
1800,60.06,green,observed,1.0,12.23,,green,0,-29.14,0,-17.6,1,12.23
1803,60.16,green,observed,1.0,12.31,,green,0,-28.38,0,-17.6,1,12.31
1806,60.26,green,observed,1.0,12.33,,green,0,-28.65,0,-17.96,1,12.33
1809,60.36,green,observed,1.0,12.27,,green,0,-28.87,0,-17.67,1,12.27
1812,60.46,green,observed,1.0,12.31,,green,0,-28.33,0,-17.6,1,12.31
1815,60.56,green,observed,1.0,12.41,,green,0,-28.38,0,-17.24,1,12.41
1818,60.661,green,observed,1.0,12.39,,green,0,-28.38,0,-17.24,1,12.39
1821,60.761,green,observed,1.0,12.45,,green,0,-28.6,0,-17.31,1,12.45
1824,60.861,green,observed,1.0,12.25,,green,0,-28.29,0,-17.6,1,12.25
1827,60.961,green,observed,1.0,12.29,,green,0,-28.78,0,-17.6,1,12.29
1830,61.061,green,observed,1.0,12.17,,green,0,-28.74,0,-17.53,1,12.17
1833,61.161,green,observed,1.0,12.21,,green,0,-28.69,0,-16.81,1,12.21
1836,61.261,green,observed,1.0,12.21,,green,0,-28.51,0,-17.17,1,12.21
1839,61.361,green,observed,1.0,12.27,,green,0,-28.56,0,-16.88,1,12.27
1842,61.461,green,observed,1.0,12.29,,green,0,-28.42,0,-18.24,1,12.29
1845,61.562,green,observed,1.0,12.23,,green,0,-28.29,0,-18.17,1,12.23
1848,61.662,green,observed,1.0,12.23,,green,0,-28.78,0,-17.96,1,12.23
1851,61.762,green,observed,1.0,12.19,,green,0,-29.46,0,-17.81,1,12.19
1854,61.862,green,observed,1.0,12.23,,green,0,-28.92,0,-18.1,1,12.23
1857,61.962,green,observed,1.0,12.05,,green,0,-28.33,0,-17.46,1,12.05
1860,62.062,green,observed,1.0,12.13,,green,0,-28.33,0,-17.96,1,12.13
1863,62.162,green,observed,1.0,12.15,,green,0,-28.42,0,-17.17,1,12.15
1866,62.262,green,observed,1.0,12.19,,green,0,-28.87,0,-17.89,1,12.19
1869,62.362,green,observed,1.0,12.13,,green,0,-28.42,0,-17.46,1,12.13
1872,62.462,green,observed,1.0,12.11,,green,0,-28.65,0,-17.17,1,12.11
1875,62.562,green,observed,1.0,12.07,,green,0,-28.38,0,-17.1,1,12.07
1878,62.663,green,observed,1.0,12.15,,green,0,-28.87,0,-17.6,1,12.15
1881,62.763,green,observed,1.0,12.23,,green,0,-28.96,0,-17.1,1,12.23
1884,62.863,green,observed,1.0,12.13,,green,0,-28.38,0,-17.53,1,12.13
1887,62.963,green,observed,1.0,12.17,,green,0,-28.78,0,-16.88,1,12.17
1890,63.063,green,observed,1.0,12.17,,green,0,-28.56,0,-17.81,1,12.17
1893,63.163,green,observed,1.0,12.19,,green,0,-28.42,0,-17.24,1,12.19
1896,63.263,green,observed,1.0,12.03,,green,0,-28.24,0,-17.53,1,12.03
1899,63.363,green,observed,1.0,12.03,,green,0,-28.6,0,-16.88,1,12.03
1902,63.463,green,observed,1.0,12.05,,green,0,-28.51,0,-17.38,1,12.05
1905,63.564,green,observed,1.0,12.21,,green,0,-28.24,0,-17.67,1,12.21
1908,63.664,green,observed,1.0,12.17,,green,0,-28.87,0,-17.74,1,12.17
1911,63.764,green,observed,1.0,12.11,,green,0,-28.47,0,-17.31,1,12.11
1914,63.864,green,observed,1.0,12.11,,green,0,-28.6,0,-17.74,1,12.11
1917,63.964,green,observed,1.0,11.97,,green,0,-28.11,0,-17.31,1,11.97
1920,64.064,green,observed,1.0,11.91,,green,0,-28.47,0,-17.1,1,11.91
1923,64.164,green,observed,1.0,12.11,,green,0,-28.51,0,-18.31,1,12.11
1926,64.264,green,observed,1.0,12.13,,green,0,-28.33,0,-17.67,1,12.13
1929,64.364,green,observed,1.0,12.15,,green,0,-28.42,0,-17.46,1,12.15
1932,64.464,green,observed,1.0,12.09,,green,0,-28.24,0,-17.81,1,12.09
1935,64.564,green,observed,1.0,12.11,,green,0,-28.56,0,-17.38,1,12.11
1938,64.665,green,observed,1.0,12.07,,green,0,-28.56,0,-16.96,1,12.07
1941,64.765,green,observed,1.0,11.91,,green,0,-28.29,0,-17.24,1,11.91
1944,64.865,green,observed,1.0,11.95,,green,0,-28.65,0,-17.03,1,11.95
1947,64.965,green,observed,1.0,12.01,,green,0,-28.56,0,-17.31,1,12.01
1950,65.065,green,observed,1.0,12.09,,green,0,-28.56,0,-16.96,1,12.09
1953,65.165,green,observed,1.0,12.01,,green,0,-28.65,0,-17.81,1,12.01
1956,65.265,green,observed,1.0,12.03,,green,0,-28.47,0,-17.38,1,12.03
1959,65.365,green,observed,1.0,12.01,,green,0,-28.38,0,-18.1,1,12.01
1962,65.465,green,observed,1.0,11.89,,green,0,-28.78,0,-17.67,1,11.89
1965,65.566,green,observed,1.0,11.87,,green,0,-28.56,0,-17.17,1,11.87
1968,65.666,green,observed,1.0,11.77,,green,0,-28.65,0,-17.89,1,11.77
1971,65.766,green,observed,1.0,11.89,,green,0,-28.33,0,-17.6,1,11.89
1974,65.866,green,observed,1.0,11.91,,green,0,-28.24,0,-18.03,1,11.91
1977,65.966,green,observed,1.0,11.89,,green,0,-28.56,0,-17.6,1,11.89
1980,66.066,green,observed,1.0,12.11,,green,0,-28.69,0,-17.96,1,12.11
1983,66.166,green,observed,1.0,12.07,,green,0,-28.56,0,-17.31,1,12.07
1986,66.266,green,observed,1.0,11.97,,green,0,-28.6,0,-17.67,1,11.97
1989,66.366,green,observed,1.0,12.11,,green,0,-28.96,0,-17.46,1,12.11
1992,66.466,green,observed,1.0,11.95,,green,0,-28.33,0,-17.1,1,11.95
1995,66.566,green,observed,1.0,12.23,,green,0,-28.07,0,-18.31,1,12.23
1998,66.667,green,observed,1.0,12.17,,green,0,-28.65,0,-17.6,1,12.17
2001,66.767,green,observed,1.0,12.23,,green,0,-29.19,0,-17.6,1,12.23
2004,66.867,green,observed,1.0,12.25,,green,0,-28.38,0,-17.81,1,12.25
2007,66.967,green,observed,1.0,11.97,,green,0,-28.56,0,-17.74,1,11.97
2010,67.067,green,observed,1.0,12.15,,green,0,-28.65,0,-17.74,1,12.15
2013,67.167,green,observed,1.0,12.09,,green,0,-28.07,0,-17.89,1,12.09
2016,67.267,green,observed,1.0,12.01,,green,0,-28.65,0,-17.89,1,12.01
2019,67.367,green,observed,1.0,11.97,,green,0,-29.01,0,-17.67,1,11.97
2022,67.467,green,observed,1.0,12.03,,green,0,-28.56,0,-16.53,1,12.03
2025,67.568,green,observed,1.0,12.01,,green,0,-28.87,0,-17.89,1,12.01
2028,67.668,green,observed,1.0,11.85,,green,0,-28.83,0,-17.24,1,11.85
2031,67.768,green,observed,1.0,11.95,,green,0,-28.83,0,-17.24,1,11.95
2034,67.868,green,observed,1.0,11.75,,green,0,-28.65,0,-16.81,1,11.75
2037,67.968,green,observed,1.0,11.77,,green,0,-28.65,0,-16.96,1,11.77
2040,68.068,green,observed,1.0,11.81,,green,0,-28.78,0,-17.74,1,11.81
2043,68.168,green,observed,1.0,11.79,,green,0,-29.05,0,-17.89,1,11.79
2046,68.268,green,observed,1.0,11.93,,green,0,-28.65,0,-17.81,1,11.93
2049,68.368,green,observed,1.0,11.89,,green,0,-28.6,0,-18.31,1,11.89
2052,68.468,green,observed,1.0,11.73,,green,0,-28.15,0,-16.96,1,11.73
2055,68.568,green,observed,1.0,11.79,,green,0,-28.56,0,-17.1,1,11.79
2058,68.669,green,observed,1.0,11.79,,green,0,-28.87,0,-17.17,1,11.79
2061,68.769,green,observed,1.0,11.85,,green,0,-28.56,0,-18.31,1,11.85
2064,68.869,green,observed,1.0,11.85,,green,0,-27.98,0,-17.24,1,11.85
2067,68.969,green,observed,1.0,11.75,,green,0,-28.29,0,-17.31,1,11.75
2070,69.069,green,observed,1.0,11.71,,green,0,-28.92,0,-17.67,1,11.71
2073,69.169,green,observed,1.0,11.97,,green,0,-28.51,0,-17.24,1,11.97
2076,69.269,green,observed,1.0,11.95,,green,0,-28.56,0,-17.03,1,11.95
2079,69.369,green,observed,1.0,11.85,,green,0,-28.24,0,-17.53,1,11.85
2082,69.469,green,observed,1.0,11.73,,green,0,-28.56,0,-17.1,1,11.73
2085,69.57,green,observed,1.0,11.81,,green,0,-28.78,0,-17.74,1,11.81
2088,69.67,green,observed,1.0,11.87,,green,0,-28.74,0,-17.74,1,11.87
2091,69.77,green,observed,1.0,11.85,,green,0,-29.1,0,-17.81,1,11.85
2094,69.87,green,observed,1.0,11.91,,green,0,-28.83,0,-18.17,1,11.91
2097,69.97,green,observed,1.0,11.81,,green,0,-28.33,0,-17.74,1,11.81
2100,70.07,green,observed,1.0,12.01,,green,0,-28.87,0,-17.38,1,12.01
2103,70.17,green,observed,1.0,11.95,,green,0,-28.56,0,-17.24,1,11.95
2106,70.27,green,observed,1.0,11.95,,green,0,-28.78,0,-17.67,1,11.95
2109,70.37,green,observed,1.0,12.05,,green,0,-28.69,0,-18.1,1,12.05
2112,70.47,green,observed,1.0,12.15,,green,0,-29.1,0,-17.96,1,12.15
2115,70.57,green,observed,1.0,12.05,,green,0,-29.05,0,-17.53,1,12.05
2118,70.671,green,observed,1.0,11.87,,green,0,-29.23,0,-17.81,1,11.87
2121,70.771,green,observed,1.0,12.09,,green,0,-29.05,0,-17.74,1,12.09
2124,70.871,green,observed,1.0,12.03,,green,0,-28.83,0,-17.24,1,12.03
2127,70.971,green,observed,1.0,12.05,,green,0,-28.24,0,-17.74,1,12.05
2130,71.071,green,observed,1.0,11.89,,green,0,-28.33,0,-17.53,1,11.89
2133,71.171,green,observed,1.0,12.03,,green,0,-28.56,0,-17.38,1,12.03
2136,71.271,green,observed,1.0,11.85,,green,0,-28.2,0,-17.31,1,11.85
2139,71.371,green,observed,1.0,11.89,,green,0,-28.51,0,-16.74,1,11.89
2142,71.471,green,observed,1.0,11.75,,green,0,-28.33,0,-17.6,1,11.75
2145,71.572,green,observed,1.0,11.83,,green,0,-28.69,0,-17.89,1,11.83
2148,71.672,green,observed,1.0,11.91,,green,0,-28.69,0,-16.88,1,11.91
2151,71.772,green,observed,1.0,11.77,,green,0,-28.47,0,-17.1,1,11.77
2154,71.872,green,observed,1.0,11.81,,green,0,-28.78,0,-18.17,1,11.81
2157,71.972,green,observed,1.0,11.91,,green,0,-28.24,0,-16.67,1,11.91
2160,72.072,green,observed,1.0,11.69,,green,0,-28.47,0,-17.96,1,11.69
2163,72.172,green_blink,observed,1.0,12.33,,green_flash,0,-28.51,0,-16.81,0,-12.33
2166,72.272,green_blink,observed,1.0,12.53,,green_flash,0,-28.83,0,-17.74,0,-12.53
2169,72.372,unknown,occluded,0.0,12.59,occluded,occluded,0,-28.65,0,-17.6,0,-12.59
2172,72.472,unknown,occluded,0.0,12.39,occluded,occluded,0,-29.01,0,-17.53,0,-12.39
2175,72.572,unknown,occluded,0.0,12.49,occluded,occluded,0,-28.24,0,-17.67,0,-12.49
2178,72.673,green_blink,observed,1.0,12.13,,green,0,-28.6,0,-17.67,1,12.13
2181,72.773,green_blink,observed,1.0,11.93,,green,0,-28.42,0,-17.31,1,11.93
2184,72.873,green_blink,observed,1.0,12.05,,green,0,-28.65,0,-16.88,1,12.05
2187,72.973,green_blink,observed,1.0,12.05,,green,0,-28.47,0,-17.03,1,12.05
2190,73.073,green_blink,observed,1.0,11.91,,green,0,-28.51,0,-17.17,1,11.91
2193,73.173,green_blink,observed,1.0,12.47,,green_flash,0,-28.07,0,-17.03,0,-12.47
2196,73.273,green_blink,observed,1.0,12.39,,green_flash,0,-28.65,0,-17.81,0,-12.39
2199,73.373,green_blink,observed,1.0,12.31,,green_flash,0,-28.83,0,-18.03,0,-12.31
2202,73.473,green_blink,observed,1.0,12.47,,green_flash,0,-27.89,0,-17.81,0,-12.47
2205,73.574,green_blink,observed,1.0,12.55,,green_flash,0,-28.42,0,-17.6,0,-12.55
2208,73.674,green_blink,observed,1.0,12.07,,green,0,-28.69,0,-17.1,1,12.07
2211,73.774,green_blink,observed,1.0,12.05,,green,0,-28.6,0,-17.17,1,12.05
2214,73.874,green_blink,observed,1.0,11.97,,green,0,-28.47,0,-17.38,1,11.97
2217,73.974,green_blink,observed,1.0,12.13,,green,0,-28.6,0,-17.53,1,12.13
2220,74.074,green_blink,observed,1.0,12.33,,green,0,-28.6,0,-17.6,1,12.33
2223,74.174,green_blink,observed,1.0,12.31,,green_flash,0,-28.6,0,-17.53,0,-12.31
2226,74.274,green_blink,observed,1.0,12.53,,green_flash,0,-28.65,0,-17.96,0,-12.53
2229,74.374,green_blink,observed,1.0,12.33,,green_flash,0,-28.78,0,-17.1,0,-12.33
2232,74.474,green_blink,observed,1.0,12.45,,green_flash,0,-29.19,0,-18.24,0,-12.45
2235,74.574,green_blink,observed,1.0,12.39,,green_flash,0,-28.69,0,-17.53,0,-12.39
2238,74.675,green_blink,observed,1.0,12.57,,green,0,-28.69,0,-17.53,1,12.57
2241,74.775,green_blink,observed,1.0,12.65,,green,0,-28.6,0,-17.38,1,12.65
2244,74.875,green_blink,observed,1.0,12.67,,green,0,-28.6,0,-17.67,1,12.67
2247,74.975,green_blink,observed,1.0,12.75,,green,0,-28.51,0,-18.17,1,12.75
2250,75.075,green_blink,observed,1.0,12.65,,green,0,-28.2,0,-16.38,1,12.65
2253,75.175,amber,observed,1.0,12.33,,amber,0,-28.78,1,17.81,0,-12.33
2256,75.275,amber,observed,1.0,12.37,,amber,0,-28.87,1,16.45,0,-12.37
2259,75.375,amber,observed,1.0,12.55,,amber,0,-28.87,1,16.45,0,-12.55
2262,75.475,amber,observed,1.0,12.35,,amber,0,-28.47,1,16.31,0,-12.35
2265,75.576,amber,observed,1.0,12.77,,amber,0,-28.74,1,17.03,0,-12.77
2268,75.676,amber,observed,1.0,12.39,,amber,0,-29.1,1,16.17,0,-12.39
2271,75.776,amber,observed,1.0,12.41,,amber,0,-28.87,1,16.6,0,-12.41
2274,75.876,amber,observed,1.0,12.51,,amber,0,-28.83,1,16.24,0,-12.51
2277,75.976,amber,observed,1.0,12.53,,amber,0,-28.92,1,16.53,0,-12.53
2280,76.076,amber,observed,1.0,12.77,,amber,0,-29.37,1,16.24,0,-12.77
2283,76.176,amber,observed,1.0,12.65,,amber,0,-28.78,1,16.1,0,-12.65
2286,76.276,amber,observed,1.0,12.59,,amber,0,-29.23,1,17.17,0,-12.59
2289,76.376,amber,observed,1.0,12.29,,amber,0,-29.14,1,16.96,0,-12.29
2292,76.476,amber,observed,1.0,12.57,,amber,0,-29.1,1,16.31,0,-12.57
2295,76.576,amber,observed,1.0,12.77,,amber,0,-28.69,1,17.6,0,-12.77
2298,76.677,amber,observed,1.0,12.51,,amber,0,-29.41,1,17.03,0,-12.51
2301,76.777,amber,observed,1.0,12.71,,amber,0,-28.74,1,16.81,0,-12.71
2304,76.877,amber,observed,1.0,12.53,,amber,0,-29.1,1,16.38,0,-12.53
2307,76.977,amber,observed,1.0,12.43,,amber,0,-29.14,1,16.53,0,-12.43
2310,77.077,amber,observed,1.0,12.55,,amber,0,-28.38,1,16.45,0,-12.55
2313,77.177,amber,observed,1.0,12.57,,amber,0,-28.33,1,16.6,0,-12.57
2316,77.277,amber,observed,1.0,12.31,,amber,0,-28.65,1,15.95,0,-12.31
2319,77.377,amber,observed,1.0,12.35,,amber,0,-29.1,1,17.96,0,-12.35
2322,77.477,amber,observed,1.0,12.65,,amber,0,-28.51,1,16.45,0,-12.65
2325,77.578,amber,observed,1.0,12.55,,amber,0,-28.74,1,16.6,0,-12.55
2328,77.678,amber,observed,1.0,12.45,,amber,0,-28.87,1,17.1,0,-12.45
2331,77.778,amber,observed,1.0,12.37,,amber,0,-28.87,1,17.46,0,-12.37
2334,77.878,amber,observed,1.0,12.41,,amber,0,-28.42,1,15.95,0,-12.41
2337,77.978,amber,observed,1.0,12.65,,amber,0,-28.51,1,16.88,0,-12.65
2340,78.078,amber,observed,1.0,12.33,,amber,0,-27.62,1,15.52,0,-12.33
2343,78.178,red,observed,1.0,12.43,,red,1,29.46,0,-17.03,0,-12.43
2346,78.278,red,observed,1.0,12.77,,red,1,28.33,0,-17.38,0,-12.77
2349,78.378,red,observed,1.0,12.25,,red,1,28.69,0,-17.38,0,-12.25
2352,78.478,red,observed,1.0,12.41,,red,1,28.69,0,-16.74,0,-12.41
2355,78.578,red,observed,1.0,12.65,,red,1,28.24,0,-17.31,0,-12.65
2358,78.679,red,observed,1.0,12.37,,red,1,28.33,0,-17.6,0,-12.37
2361,78.779,red,observed,1.0,12.53,,red,1,26.85,0,-18.74,0,-12.53
2364,78.879,red,observed,1.0,12.37,,red,1,28.07,0,-17.67,0,-12.37
2367,78.979,red,observed,1.0,12.27,,red,1,27.71,0,-17.46,0,-12.27
2370,79.079,red,observed,1.0,12.23,,red,1,27.48,0,-17.67,0,-12.23
2373,79.179,red,observed,1.0,12.47,,red,1,28.65,0,-17.81,0,-12.47
2376,79.279,red,observed,1.0,12.35,,red,1,27.71,0,-17.74,0,-12.35
2379,79.379,red,observed,1.0,12.31,,red,1,28.42,0,-17.38,0,-12.31
2382,79.479,red,observed,1.0,12.41,,red,1,28.69,0,-17.46,0,-12.41
2385,79.58,red,observed,1.0,12.41,,red,1,28.65,0,-17.81,0,-12.41
2388,79.68,red,observed,1.0,12.49,,red,1,28.51,0,-17.31,0,-12.49
2391,79.78,red,observed,1.0,12.47,,red,1,29.01,0,-17.17,0,-12.47
2394,79.88,red,observed,1.0,12.25,,red,1,28.78,0,-18.24,0,-12.25
2397,79.98,red,observed,1.0,12.49,,red,1,29.19,0,-17.6,0,-12.49
2400,80.08,red,observed,1.0,12.41,,red,1,28.56,0,-17.96,0,-12.41
2403,80.18,red,observed,1.0,12.23,,red,1,28.42,0,-17.96,0,-12.23
2406,80.28,red,observed,1.0,12.51,,red,1,27.75,0,-17.03,0,-12.51
2409,80.38,red,observed,1.0,12.49,,red,1,28.29,0,-17.6,0,-12.49
2412,80.48,red,observed,1.0,12.41,,red,1,28.56,0,-17.03,0,-12.41
2415,80.58,red,observed,1.0,12.55,,red,1,28.87,0,-17.46,0,-12.55
2418,80.681,red,observed,1.0,12.45,,red,1,28.33,0,-17.81,0,-12.45
2421,80.781,red,observed,1.0,12.21,,red,1,29.23,0,-17.31,0,-12.21
2424,80.881,red,observed,1.0,12.35,,red,1,29.1,0,-18.03,0,-12.35
2427,80.981,red,observed,1.0,12.45,,red,1,28.96,0,-17.74,0,-12.45
2430,81.081,red,observed,1.0,12.53,,red,1,28.29,0,-18.17,0,-12.53
2433,81.181,red,observed,1.0,12.57,,red,1,28.33,0,-16.88,0,-12.57
2436,81.281,red,observed,1.0,12.39,,red,1,28.47,0,-16.6,0,-12.39
2439,81.381,red,observed,1.0,12.39,,red,1,28.33,0,-17.24,0,-12.39
2442,81.481,red,observed,1.0,12.43,,red,1,28.29,0,-17.17,0,-12.43
2445,81.582,red,observed,1.0,12.41,,red,1,28.24,0,-17.31,0,-12.41
2448,81.682,red,observed,1.0,12.25,,red,1,28.51,0,-16.6,0,-12.25
2451,81.782,red,observed,1.0,12.43,,red,1,28.11,0,-16.03,0,-12.43
2454,81.882,red,observed,1.0,12.43,,red,1,29.14,0,-16.45,0,-12.43
2457,81.982,red,observed,1.0,12.53,,red,1,28.69,0,-16.6,0,-12.53
2460,82.082,red,observed,1.0,12.49,,red,1,28.74,0,-17.31,0,-12.49
2463,82.182,red,observed,1.0,12.55,,red,1,28.38,0,-16.24,0,-12.55
2466,82.282,red,observed,1.0,12.51,,red,1,27.8,0,-16.74,0,-12.51
2469,82.382,red,observed,1.0,12.49,,red,1,28.69,0,-16.6,0,-12.49
2472,82.482,red,observed,1.0,12.55,,red,1,28.65,0,-17.03,0,-12.55
2475,82.582,red,observed,1.0,12.31,,red,1,28.74,0,-16.74,0,-12.31
2478,82.683,red,observed,1.0,12.63,,red,1,28.11,0,-17.17,0,-12.63
2481,82.783,red,observed,1.0,12.45,,red,1,27.89,0,-17.1,0,-12.45
2484,82.883,red,observed,1.0,12.59,,red,1,28.15,0,-16.53,0,-12.59
2487,82.983,red,observed,1.0,12.57,,red,1,28.33,0,-17.24,0,-12.57
2490,83.083,red,observed,1.0,12.17,,red,1,28.29,0,-17.38,0,-12.17
2493,83.183,red,observed,1.0,12.63,,red,1,28.33,0,-17.46,0,-12.63
2496,83.283,red,observed,1.0,12.37,,red,1,28.33,0,-17.31,0,-12.37
2499,83.383,red,observed,1.0,12.29,,red,1,28.56,0,-16.81,0,-12.29
2502,83.483,red,observed,1.0,12.43,,red,1,28.11,0,-17.74,0,-12.43
2505,83.584,red,observed,1.0,12.47,,red,1,27.98,0,-16.67,0,-12.47
2508,83.684,red,observed,1.0,12.35,,red,1,27.8,0,-17.81,0,-12.35
2511,83.784,red,observed,1.0,12.25,,red,1,27.84,0,-16.96,0,-12.25
2514,83.884,red,observed,1.0,12.37,,red,1,27.53,0,-16.88,0,-12.37
2517,83.984,red,observed,1.0,12.55,,red,1,27.84,0,-16.6,0,-12.55
2520,84.084,red,observed,1.0,12.67,,red,1,27.89,0,-17.89,0,-12.67
2523,84.184,red,observed,1.0,12.65,,red,1,27.48,0,-17.17,0,-12.65
2526,84.284,red,observed,1.0,12.29,,red,1,27.98,0,-17.31,0,-12.29
2529,84.384,red,observed,1.0,12.49,,red,1,27.57,0,-17.46,0,-12.49
2532,84.484,red,observed,1.0,12.51,,red,1,28.11,0,-16.6,0,-12.51
2535,84.584,red,observed,1.0,12.35,,red,1,27.8,0,-16.74,0,-12.35
2538,84.685,red,observed,1.0,12.43,,red,1,27.89,0,-17.17,0,-12.43
2541,84.785,red,observed,1.0,12.43,,red,1,26.94,0,-16.53,0,-12.43
2544,84.885,red,observed,1.0,12.31,,red,1,27.39,0,-16.88,0,-12.31
2547,84.985,red,observed,1.0,12.59,,red,1,27.48,0,-17.17,0,-12.59
2550,85.085,red,observed,1.0,12.19,,red,1,27.8,0,-16.53,0,-12.19
2553,85.185,red,observed,1.0,12.45,,red,1,27.48,0,-16.88,0,-12.45
2556,85.285,red,observed,1.0,12.73,,red,1,27.84,0,-17.24,0,-12.73
2559,85.385,red,observed,1.0,12.43,,red,1,28.07,0,-16.45,0,-12.43
2562,85.485,red,observed,1.0,12.55,,red,1,27.98,0,-16.88,0,-12.55
2565,85.586,red,observed,1.0,12.43,,red,1,27.53,0,-17.17,0,-12.43
2568,85.686,red,observed,1.0,12.49,,red,1,27.93,0,-16.45,0,-12.49
2571,85.786,red,observed,1.0,12.61,,red,1,28.29,0,-16.6,0,-12.61
2574,85.886,red,observed,1.0,12.55,,red,1,27.08,0,-15.67,0,-12.55
2577,85.986,red,observed,1.0,12.63,,red,1,27.75,0,-17.1,0,-12.63
2580,86.086,red,observed,1.0,12.49,,red,1,27.8,0,-17.03,0,-12.49
2583,86.186,red,observed,1.0,12.23,,red,1,27.84,0,-17.31,0,-12.23
2586,86.286,red,observed,1.0,12.33,,red,1,27.35,0,-16.81,0,-12.33
2589,86.386,red,observed,1.0,12.35,,red,1,27.66,0,-16.53,0,-12.35
2592,86.486,red,observed,1.0,12.41,,red,1,27.21,0,-16.6,0,-12.41
2595,86.586,red,observed,1.0,12.59,,red,1,26.85,0,-16.24,0,-12.59
2598,86.687,red,observed,1.0,12.33,,red,1,27.48,0,-17.17,0,-12.33
2601,86.787,red,observed,1.0,12.43,,red,1,27.57,0,-16.74,0,-12.43
2604,86.887,red,observed,1.0,12.41,,red,1,27.53,0,-17.17,0,-12.41
2607,86.987,red,observed,1.0,12.41,,red,1,26.54,0,-16.96,0,-12.41
2610,87.087,red,observed,1.0,12.45,,red,1,27.57,0,-16.38,0,-12.45
2613,87.187,red,observed,1.0,12.45,,red,1,27.89,0,-15.95,0,-12.45
2616,87.287,red,observed,1.0,12.43,,red,1,27.57,0,-16.88,0,-12.43
2619,87.387,red,observed,1.0,12.45,,red,1,27.44,0,-16.6,0,-12.45
2622,87.487,red,observed,1.0,12.51,,red,1,27.98,0,-16.6,0,-12.51
2625,87.588,red,observed,1.0,12.49,,red,1,27.62,0,-17.31,0,-12.49
2628,87.688,red,observed,1.0,12.47,,red,1,27.89,0,-16.74,0,-12.47
2631,87.788,red,observed,1.0,12.45,,red,1,27.53,0,-16.96,0,-12.45
2634,87.888,red,observed,1.0,12.45,,red,1,27.48,0,-16.6,0,-12.45
2637,87.988,red,observed,1.0,12.65,,red,1,27.57,0,-16.81,0,-12.65
2640,88.088,red,observed,1.0,12.53,,red,1,27.44,0,-16.67,0,-12.53
2643,88.188,red,observed,1.0,12.37,,red,1,27.71,0,-16.88,0,-12.37
2646,88.288,red,observed,1.0,12.67,,red,1,27.93,0,-16.74,0,-12.67
2649,88.388,red,observed,1.0,12.83,,red,1,27.44,0,-17.24,0,-12.83
2652,88.488,red,observed,1.0,12.43,,red,1,27.93,0,-16.45,0,-12.43
2655,88.588,red,observed,1.0,12.51,,red,1,27.98,0,-16.17,0,-12.51
2658,88.689,red,observed,1.0,12.43,,red,1,27.57,0,-16.53,0,-12.43
2661,88.789,red,observed,1.0,12.53,,red,1,27.48,0,-16.81,0,-12.53
2664,88.889,red,observed,1.0,12.49,,red,1,27.53,0,-16.88,0,-12.49
2667,88.989,red,observed,1.0,12.51,,red,1,27.48,0,-16.67,0,-12.51
2670,89.089,red,observed,1.0,12.51,,red,1,27.8,0,-16.96,0,-12.51
2673,89.189,red,observed,1.0,12.47,,red,1,27.75,0,-16.38,0,-12.47
2676,89.289,red,observed,1.0,12.45,,red,1,27.3,0,-16.6,0,-12.45
2679,89.389,red,observed,1.0,12.53,,red,1,27.12,0,-16.74,0,-12.53
2682,89.489,red,observed,1.0,12.61,,red,1,28.02,0,-16.17,0,-12.61
2685,89.59,red,observed,1.0,12.51,,red,1,26.94,0,-16.81,0,-12.51
2688,89.69,red,observed,1.0,12.41,,red,1,27.3,0,-16.53,0,-12.41
2691,89.79,red,observed,1.0,12.39,,red,1,27.48,0,-17.31,0,-12.39
2694,89.89,red,observed,1.0,12.33,,red,1,27.3,0,-16.6,0,-12.33
2697,89.99,red,observed,1.0,12.51,,red,1,27.44,0,-15.88,0,-12.51
2700,90.09,red,observed,1.0,12.51,,red,1,27.57,0,-17.17,0,-12.51
2703,90.19,red,observed,1.0,12.47,,red,1,27.12,0,-17.24,0,-12.47
2706,90.29,red,observed,1.0,12.65,,red,1,27.39,0,-16.45,0,-12.65
2709,90.39,red,observed,1.0,12.61,,red,1,27.8,0,-17.1,0,-12.61
2712,90.49,red,observed,1.0,12.61,,red,1,27.62,0,-16.81,0,-12.61
2715,90.59,red,observed,1.0,12.49,,red,1,27.21,0,-16.67,0,-12.49
2718,90.691,red,observed,1.0,12.37,,red,1,27.08,0,-16.6,0,-12.37
2721,90.791,red,observed,1.0,12.43,,red,1,27.66,0,-16.88,0,-12.43
2724,90.891,red,observed,1.0,12.59,,red,1,27.48,0,-17.03,0,-12.59
2727,90.991,red,observed,1.0,12.59,,red,1,27.44,0,-17.74,0,-12.59
2730,91.091,red,observed,1.0,12.69,,red,1,27.12,0,-17.03,0,-12.69
2733,91.191,red,observed,1.0,12.75,,red,1,27.08,0,-17.1,0,-12.75
2736,91.291,red,observed,1.0,12.53,,red,1,26.9,0,-17.1,0,-12.53
2739,91.391,red,observed,1.0,12.55,,red,1,28.2,0,-16.67,0,-12.55
2742,91.491,red,observed,1.0,12.53,,red,1,27.39,0,-16.24,0,-12.53
2745,91.592,red,observed,1.0,12.41,,red,1,27.17,0,-16.88,0,-12.41
2748,91.692,red,observed,1.0,12.49,,red,1,27.57,0,-17.31,0,-12.49
2751,91.792,red,observed,1.0,12.45,,red,1,28.65,0,-16.88,0,-12.45
2754,91.892,red,observed,1.0,12.47,,red,1,26.99,0,-16.81,0,-12.47
2757,91.992,red,observed,1.0,12.59,,red,1,27.3,0,-17.1,0,-12.59
2760,92.092,red,observed,1.0,12.37,,red,1,27.75,0,-16.96,0,-12.37
2763,92.192,red,observed,1.0,12.59,,red,1,26.85,0,-16.81,0,-12.59
2766,92.292,red,observed,1.0,12.43,,red,1,27.8,0,-16.81,0,-12.43
2769,92.392,red,observed,1.0,12.73,,red,1,27.8,0,-16.53,0,-12.73
2772,92.492,red,observed,1.0,12.51,,red,1,28.15,0,-16.81,0,-12.51
2775,92.592,red,observed,1.0,12.61,,red,1,28.02,0,-17.24,0,-12.61
2778,92.693,red,observed,1.0,12.47,,red,1,28.38,0,-17.17,0,-12.47
2781,92.793,red,observed,1.0,12.39,,red,1,28.47,0,-16.67,0,-12.39
2784,92.893,red,observed,1.0,12.45,,red,1,28.2,0,-17.53,0,-12.45
2787,92.993,red,observed,1.0,12.57,,red,1,27.98,0,-17.89,0,-12.57
2790,93.093,red,observed,1.0,12.51,,red,1,28.15,0,-16.67,0,-12.51
2793,93.193,red,observed,1.0,12.37,,red,1,28.2,0,-17.38,0,-12.37
2796,93.293,red,observed,1.0,12.63,,red,1,28.07,0,-16.31,0,-12.63
2799,93.393,red,observed,1.0,12.55,,red,1,27.84,0,-17.38,0,-12.55
2802,93.493,red,observed,1.0,12.53,,red,1,28.24,0,-16.24,0,-12.53
2805,93.594,red,observed,1.0,12.55,,red,1,28.02,0,-16.96,0,-12.55
2808,93.694,red,observed,1.0,12.57,,red,1,27.93,0,-16.45,0,-12.57
2811,93.794,red,observed,1.0,12.41,,red,1,28.2,0,-16.45,0,-12.41
2814,93.894,red,observed,1.0,12.35,,red,1,28.38,0,-17.03,0,-12.35
2817,93.994,red,observed,1.0,12.55,,red,1,27.57,0,-16.1,0,-12.55
2820,94.094,red,observed,1.0,12.47,,red,1,27.8,0,-17.1,0,-12.47
2823,94.194,red,observed,1.0,12.57,,red,1,27.71,0,-17.46,0,-12.57
2826,94.294,red,observed,1.0,12.55,,red,1,27.71,0,-16.67,0,-12.55
2829,94.394,red,observed,1.0,12.61,,red,1,28.33,0,-17.31,0,-12.61
2832,94.494,red,observed,1.0,12.53,,red,1,28.33,0,-16.17,0,-12.53
2835,94.594,red,observed,1.0,12.45,,red,1,28.33,0,-16.6,0,-12.45
2838,94.695,red,observed,1.0,12.61,,red,1,27.62,0,-16.88,0,-12.61
2841,94.795,red,observed,1.0,12.31,,red,1,27.89,0,-16.45,0,-12.31
2844,94.895,red,observed,1.0,12.75,,red,1,27.89,0,-17.24,0,-12.75
2847,94.995,red,observed,1.0,12.45,,red,1,27.89,0,-16.67,0,-12.45
2850,95.095,red,observed,1.0,12.59,,red,1,27.98,0,-17.03,0,-12.59
2853,95.195,red,observed,1.0,12.51,,red,1,27.98,0,-17.38,0,-12.51
2856,95.295,red,observed,1.0,12.51,,red,1,27.08,0,-17.1,0,-12.51
2859,95.395,red,observed,1.0,12.57,,red,1,27.89,0,-16.74,0,-12.57
2862,95.495,red,observed,1.0,12.55,,red,1,28.07,0,-17.24,0,-12.55
2865,95.596,red,observed,1.0,12.53,,red,1,27.98,0,-17.24,0,-12.53
2868,95.696,red,observed,1.0,12.47,,red,1,28.15,0,-16.53,0,-12.47
2871,95.796,red,observed,1.0,12.59,,red,1,27.89,0,-16.81,0,-12.59
2874,95.896,red,observed,1.0,12.51,,red,1,26.49,0,-16.74,0,-12.51
2877,95.996,red,observed,1.0,12.39,,red,1,27.26,0,-16.17,0,-12.39
2880,96.096,red,observed,1.0,12.49,,red,1,27.03,0,-17.17,0,-12.49
2883,96.196,red,observed,1.0,12.53,,red,1,26.94,0,-17.31,0,-12.53
2886,96.296,red,observed,1.0,12.53,,red,1,26.99,0,-17.1,0,-12.53
2889,96.396,red,observed,1.0,12.43,,red,1,26.27,0,-15.95,0,-12.43
2892,96.496,red,observed,1.0,12.65,,red,1,26.67,0,-17.38,0,-12.65
2895,96.596,red,observed,1.0,12.53,,red,1,27.03,0,-17.1,0,-12.53
2898,96.697,red,observed,1.0,12.47,,red,1,27.62,0,-16.88,0,-12.47
2901,96.797,red,observed,1.0,12.49,,red,1,27.21,0,-16.74,0,-12.49
2904,96.897,red,observed,1.0,12.61,,red,1,27.48,0,-16.6,0,-12.61
2907,96.997,red,observed,1.0,12.47,,red,1,27.35,0,-17.1,0,-12.47
2910,97.097,red,observed,1.0,12.45,,red,1,26.81,0,-16.53,0,-12.45
2913,97.197,red,observed,1.0,12.53,,red,1,26.81,0,-16.31,0,-12.53
2916,97.297,red,observed,1.0,12.23,,red,1,27.75,0,-16.88,0,-12.23
2919,97.397,red,observed,1.0,12.73,,red,1,27.44,0,-17.67,0,-12.73
2922,97.497,red,observed,1.0,12.37,,red,1,27.84,0,-16.24,0,-12.37
2925,97.598,red,observed,1.0,12.45,,red,1,26.9,0,-16.67,0,-12.45
2928,97.698,red,observed,1.0,12.61,,red,1,27.75,0,-17.17,0,-12.61
2931,97.798,red,observed,1.0,12.41,,red,1,27.62,0,-16.38,0,-12.41
2934,97.898,red,observed,1.0,12.51,,red,1,27.84,0,-16.17,0,-12.51
2937,97.998,red,observed,1.0,12.57,,red,1,27.57,0,-16.38,0,-12.57
2940,98.098,red,observed,1.0,12.59,,red,1,27.21,0,-16.6,0,-12.59
2943,98.198,red,observed,1.0,12.53,,red,1,27.26,0,-16.88,0,-12.53
2946,98.298,red,observed,1.0,12.57,,red,1,27.44,0,-17.6,0,-12.57
2949,98.398,red,observed,1.0,12.65,,red,1,27.8,0,-16.53,0,-12.65
2952,98.498,red,observed,1.0,12.63,,red,1,27.48,0,-17.38,0,-12.63
2955,98.598,red,observed,1.0,12.37,,red,1,27.35,0,-16.67,0,-12.37
2958,98.699,red,observed,1.0,12.69,,red,1,27.62,0,-16.67,0,-12.69
2961,98.799,red,observed,1.0,12.65,,red,1,27.44,0,-16.45,0,-12.65
2964,98.899,red,observed,1.0,12.55,,red,1,27.08,0,-17.03,0,-12.55
2967,98.999,red,observed,1.0,12.41,,red,1,27.71,0,-16.53,0,-12.41
2970,99.099,red,observed,1.0,12.43,,red,1,26.94,0,-16.81,0,-12.43
2973,99.199,red,observed,1.0,12.47,,red,1,27.08,0,-17.31,0,-12.47
2976,99.299,red,observed,1.0,12.53,,red,1,27.21,0,-16.81,0,-12.53
2979,99.399,red,observed,1.0,12.65,,red,1,27.44,0,-16.74,0,-12.65
2982,99.499,red,observed,1.0,12.41,,red,1,27.53,0,-16.6,0,-12.41
2985,99.6,red,observed,1.0,12.59,,red,1,27.89,0,-16.6,0,-12.59
2988,99.7,red,observed,1.0,12.69,,red,1,27.35,0,-17.24,0,-12.69
2991,99.8,red,observed,1.0,12.45,,red,1,27.21,0,-16.88,0,-12.45
2994,99.9,red,observed,1.0,12.51,,red,1,27.89,0,-16.6,0,-12.51
2997,100.0,red,observed,1.0,12.55,,red,1,27.3,0,-16.81,0,-12.55
3000,100.1,red,observed,1.0,12.45,,red,1,27.57,0,-16.81,0,-12.45
3003,100.2,red,observed,1.0,12.49,,red,1,27.39,0,-16.17,0,-12.49
3006,100.3,red,observed,1.0,12.59,,red,1,27.48,0,-16.45,0,-12.59
3009,100.4,red,observed,1.0,12.61,,red,1,28.07,0,-16.88,0,-12.61
3012,100.5,red,observed,1.0,12.41,,red,1,27.66,0,-16.74,0,-12.41
3015,100.6,red,observed,1.0,12.47,,red,1,27.3,0,-16.74,0,-12.47
3018,100.701,red,observed,1.0,12.61,,red,1,28.02,0,-16.81,0,-12.61
3021,100.801,red,observed,1.0,12.39,,red,1,27.48,0,-16.81,0,-12.39
3024,100.901,red,observed,1.0,12.45,,red,1,28.33,0,-16.6,0,-12.45
3027,101.001,red,observed,1.0,12.45,,red,1,27.39,0,-16.96,0,-12.45
3030,101.101,red,observed,1.0,12.63,,red,1,27.75,0,-17.24,0,-12.63
3033,101.201,red,observed,1.0,12.51,,red,1,28.6,0,-17.24,0,-12.51
3036,101.301,red,observed,1.0,12.59,,red,1,27.89,0,-17.17,0,-12.59
3039,101.401,red,observed,1.0,12.47,,red,1,28.07,0,-17.53,0,-12.47
3042,101.501,red,observed,1.0,12.53,,red,1,27.62,0,-17.24,0,-12.53
3045,101.602,red,observed,1.0,12.45,,red,1,27.98,0,-16.45,0,-12.45
3048,101.702,red,observed,1.0,12.63,,red,1,27.75,0,-17.1,0,-12.63
3051,101.802,red,observed,1.0,12.59,,red,1,27.8,0,-16.45,0,-12.59
3054,101.902,red,observed,1.0,12.49,,red,1,28.29,0,-16.53,0,-12.49
3057,102.002,red,observed,1.0,12.69,,red,1,28.42,0,-16.74,0,-12.69
3060,102.102,red,observed,1.0,12.45,,red,1,27.98,0,-16.45,0,-12.45
3063,102.202,red,observed,1.0,12.53,,red,1,27.48,0,-16.53,0,-12.53
3066,102.302,red,observed,1.0,12.41,,red,1,28.6,0,-16.88,0,-12.41
3069,102.402,red,observed,1.0,12.45,,red,1,27.57,0,-16.96,0,-12.45
3072,102.502,red,observed,1.0,12.39,,red,1,27.89,0,-16.45,0,-12.39
3075,102.602,red,observed,1.0,12.55,,red,1,27.89,0,-16.03,0,-12.55
3078,102.703,red,observed,1.0,12.31,,red,1,28.24,0,-16.45,0,-12.31
3081,102.803,red,observed,1.0,12.45,,red,1,28.38,0,-16.45,0,-12.45
3084,102.903,red,observed,1.0,12.45,,red,1,28.42,0,-16.81,0,-12.45
3087,103.003,red,observed,1.0,12.59,,red,1,28.38,0,-17.31,0,-12.59
3090,103.103,red,observed,1.0,12.59,,red,1,28.11,0,-16.74,0,-12.59
3093,103.203,red,observed,1.0,12.51,,red,1,28.15,0,-16.17,0,-12.51
3096,103.303,red,observed,1.0,12.43,,red,1,28.29,0,-16.45,0,-12.43
3099,103.403,red,observed,1.0,12.31,,red,1,27.84,0,-16.45,0,-12.31
3102,103.503,red,observed,1.0,12.41,,red,1,27.89,0,-16.67,0,-12.41
3105,103.604,red,observed,1.0,12.55,,red,1,27.71,0,-17.17,0,-12.55
3108,103.704,red,observed,1.0,12.45,,red,1,28.78,0,-16.81,0,-12.45
3111,103.804,red,observed,1.0,12.49,,red,1,28.69,0,-16.67,0,-12.49
3114,103.904,red,observed,1.0,12.49,,red,1,27.62,0,-16.17,0,-12.49
3117,104.004,red,observed,1.0,12.61,,red,1,27.93,0,-16.67,0,-12.61
3120,104.104,red,observed,1.0,12.35,,red,1,28.02,0,-16.67,0,-12.35
3123,104.204,red,observed,1.0,12.43,,red,1,27.93,0,-16.1,0,-12.43
3126,104.304,red,observed,1.0,12.59,,red,1,27.12,0,-16.45,0,-12.59
3129,104.404,red,observed,1.0,12.29,,red,1,26.63,0,-16.38,0,-12.29
3132,104.504,red,observed,1.0,12.39,,red,1,28.02,0,-16.6,0,-12.39
3135,104.604,red,observed,1.0,12.61,,red,1,26.9,0,-17.1,0,-12.61
3138,104.705,red,observed,1.0,12.57,,red,1,27.08,0,-16.53,0,-12.57
3141,104.805,red,observed,1.0,12.53,,red,1,27.44,0,-16.17,0,-12.53
3144,104.905,red,observed,1.0,12.45,,red,1,27.53,0,-16.81,0,-12.45
3147,105.005,red,observed,1.0,12.57,,red,1,27.35,0,-16.67,0,-12.57
3150,105.105,red,observed,1.0,12.51,,red,1,27.39,0,-17.1,0,-12.51
3153,105.205,red,observed,1.0,12.23,,red,1,27.48,0,-16.6,0,-12.23
3156,105.305,red,observed,1.0,12.47,,red,1,26.94,0,-17.24,0,-12.47
3159,105.405,red,observed,1.0,12.61,,red,1,26.58,0,-16.6,0,-12.61
3162,105.505,red,observed,1.0,12.67,,red,1,27.44,0,-17.53,0,-12.67
3165,105.606,red,observed,1.0,12.51,,red,1,27.48,0,-16.31,0,-12.51
3168,105.706,red,observed,1.0,12.43,,red,1,27.08,0,-16.96,0,-12.43
3171,105.806,red,observed,1.0,12.47,,red,1,27.26,0,-16.17,0,-12.47
3174,105.906,red,observed,1.0,12.47,,red,1,27.71,0,-16.67,0,-12.47
3177,106.006,red,observed,1.0,12.31,,red,1,27.3,0,-17.31,0,-12.31
3180,106.106,red,observed,1.0,12.59,,red,1,27.66,0,-16.53,0,-12.59
3183,106.206,red,observed,1.0,12.35,,red,1,27.48,0,-16.67,0,-12.35
3186,106.306,red,observed,1.0,12.61,,red,1,27.75,0,-16.31,0,-12.61
3189,106.406,red,observed,1.0,12.37,,red,1,27.53,0,-16.45,0,-12.37
3192,106.506,red,observed,1.0,12.35,,red,1,27.21,0,-16.17,0,-12.35
3195,106.606,red,observed,1.0,12.57,,red,1,27.39,0,-16.6,0,-12.57
3198,106.707,red,observed,1.0,12.45,,red,1,27.53,0,-16.96,0,-12.45
3201,106.807,red,observed,1.0,12.51,,red,1,27.75,0,-16.88,0,-12.51
3204,106.907,red,observed,1.0,12.57,,red,1,27.66,0,-17.03,0,-12.57
3207,107.007,red,observed,1.0,12.43,,red,1,27.48,0,-16.88,0,-12.43
3210,107.107,red,observed,1.0,12.43,,red,1,26.72,0,-16.6,0,-12.43
3213,107.207,red,observed,1.0,12.51,,red,1,26.63,0,-16.67,0,-12.51
3216,107.307,red,observed,1.0,12.37,,red,1,27.21,0,-16.31,0,-12.37
3219,107.407,red,observed,1.0,12.33,,red,1,26.67,0,-16.74,0,-12.33
3222,107.507,red,observed,1.0,12.51,,red,1,28.33,0,-16.88,0,-12.51
3225,107.608,red,observed,1.0,12.47,,red,1,27.35,0,-16.67,0,-12.47
3228,107.708,red,observed,1.0,12.59,,red,1,27.66,0,-17.6,0,-12.59
3231,107.808,red,observed,1.0,12.53,,red,1,27.71,0,-16.53,0,-12.53
3234,107.908,red,observed,1.0,12.47,,red,1,27.48,0,-15.81,0,-12.47
3237,108.008,red,observed,1.0,12.47,,red,1,28.11,0,-16.38,0,-12.47
3240,108.108,red,observed,1.0,12.49,,red,1,27.71,0,-16.53,0,-12.49
3243,108.208,red,observed,1.0,12.57,,red,1,27.8,0,-16.38,0,-12.57
3246,108.308,red,observed,1.0,12.53,,red,1,27.21,0,-16.53,0,-12.53
3249,108.408,red,observed,1.0,12.55,,red,1,27.57,0,-16.03,0,-12.55
3252,108.508,red,observed,1.0,12.57,,red,1,28.11,0,-16.38,0,-12.57
3255,108.608,red,observed,1.0,12.33,,red,1,27.62,0,-16.45,0,-12.33
3258,108.709,red,observed,1.0,12.43,,red,1,28.11,0,-16.67,0,-12.43
3261,108.809,red,observed,1.0,12.47,,red,1,28.42,0,-16.74,0,-12.47
3264,108.909,red,observed,1.0,12.63,,red,1,27.93,0,-17.03,0,-12.63
3267,109.009,red,observed,1.0,12.69,,red,1,27.89,0,-16.74,0,-12.69
3270,109.109,red,observed,1.0,12.35,,red,1,28.47,0,-16.88,0,-12.35
3273,109.209,red,observed,1.0,12.37,,red,1,28.02,0,-17.31,0,-12.37
3276,109.309,red,observed,1.0,12.75,,red,1,27.89,0,-16.31,0,-12.75
3279,109.409,red,observed,1.0,12.45,,red,1,28.56,0,-17.03,0,-12.45
3282,109.509,red,observed,1.0,12.63,,red,1,27.48,0,-16.31,0,-12.63
3285,109.61,red,observed,1.0,12.43,,red,1,29.1,0,-16.38,0,-12.43
3288,109.71,red,observed,1.0,12.55,,red,1,28.24,0,-16.38,0,-12.55
3291,109.81,red,observed,1.0,12.59,,red,1,28.11,0,-17.38,0,-12.59
3294,109.91,red,observed,1.0,12.65,,red,1,28.24,0,-17.1,0,-12.65
3297,110.01,red,observed,1.0,12.69,,red,1,27.93,0,-16.1,0,-12.69
3300,110.11,red,observed,1.0,12.55,,red,1,27.8,0,-16.24,0,-12.55
3303,110.21,red,observed,1.0,12.41,,red,1,27.44,0,-17.67,0,-12.41
3306,110.31,red,observed,1.0,12.41,,red,1,27.89,0,-17.46,0,-12.41
3309,110.41,red,observed,1.0,12.57,,red,1,27.53,0,-16.6,0,-12.57
3312,110.51,red,observed,1.0,12.25,,red,1,27.93,0,-16.81,0,-12.25
3315,110.61,red,observed,1.0,12.59,,red,1,27.75,0,-17.38,0,-12.59
3318,110.711,red,observed,1.0,12.57,,red,1,27.62,0,-17.03,0,-12.57
3321,110.811,red,observed,1.0,12.65,,red,1,27.44,0,-17.1,0,-12.65
3324,110.911,red,observed,1.0,12.67,,red,1,28.11,0,-16.74,0,-12.67
3327,111.011,red,observed,1.0,12.37,,red,1,27.93,0,-17.24,0,-12.37
3330,111.111,red,observed,1.0,12.79,,red,1,27.21,0,-16.45,0,-12.79
3333,111.211,red,observed,1.0,12.47,,red,1,27.75,0,-16.53,0,-12.47
3336,111.311,red,observed,1.0,12.41,,red,1,28.24,0,-16.74,0,-12.41
3339,111.411,red,observed,1.0,12.61,,red,1,27.62,0,-17.46,0,-12.61
3342,111.511,red,observed,1.0,12.45,,red,1,27.57,0,-16.81,0,-12.45
3345,111.612,red,observed,1.0,12.43,,red,1,27.3,0,-17.1,0,-12.43
3348,111.712,red,observed,1.0,12.45,,red,1,27.35,0,-16.88,0,-12.45
3351,111.812,red,observed,1.0,12.31,,red,1,27.03,0,-17.67,0,-12.31
3354,111.912,red,observed,1.0,12.41,,red,1,27.26,0,-17.6,0,-12.41
3357,112.012,red,observed,1.0,12.43,,red,1,26.13,0,-17.31,0,-12.43
3360,112.112,red,observed,1.0,12.39,,red,1,26.67,0,-16.96,0,-12.39
3363,112.212,red,observed,1.0,12.51,,red,1,26.04,0,-16.96,0,-12.51
3366,112.312,red,observed,1.0,12.53,,red,1,26.31,0,-16.96,0,-12.53
3369,112.412,red,observed,1.0,12.39,,red,1,26.63,0,-16.67,0,-12.39
3372,112.512,red,observed,1.0,12.49,,red,1,26.9,0,-16.74,0,-12.49
3375,112.612,red,observed,1.0,12.49,,red,1,26.54,0,-17.46,0,-12.49
3378,112.713,red,observed,1.0,12.31,,red,1,26.9,0,-17.31,0,-12.31
3381,112.813,red,observed,1.0,12.31,,red,1,27.21,0,-16.6,0,-12.31
3384,112.913,red,observed,1.0,12.41,,red,1,27.75,0,-16.17,0,-12.41
3387,113.013,red,observed,1.0,12.31,,red,1,25.73,0,-16.88,0,-12.31
3390,113.113,red,observed,1.0,12.55,,red,1,26.04,0,-17.24,0,-12.55
3393,113.213,red,observed,1.0,12.53,,red,1,26.94,0,-16.31,0,-12.53
3396,113.313,red,observed,1.0,12.67,,red,1,26.22,0,-16.38,0,-12.67
3399,113.413,red,observed,1.0,12.39,,red,1,27.17,0,-16.6,0,-12.39
3402,113.513,red,observed,1.0,12.75,,red,1,26.27,0,-17.17,0,-12.75
3405,113.614,red,observed,1.0,12.41,,red,1,27.12,0,-16.81,0,-12.41
3408,113.714,red,observed,1.0,12.61,,red,1,26.94,0,-17.1,0,-12.61
3411,113.814,red,observed,1.0,12.53,,red,1,26.18,0,-17.1,0,-12.53
3414,113.914,red,observed,1.0,12.49,,red,1,26.81,0,-16.74,0,-12.49
3417,114.014,red,observed,1.0,12.33,,red,1,26.04,0,-16.45,0,-12.33
3420,114.114,red,observed,1.0,6.51,,red,1,27.3,0,-6.51,0,-12.87
3423,114.214,red_amber,observed,1.0,12.69,,red_amber,1,26.99,1,16.74,0,-12.69
3426,114.314,red_amber,observed,1.0,12.69,,red_amber,1,27.21,1,15.24,0,-12.69
3429,114.414,red_amber,observed,1.0,12.63,,red_amber,1,26.9,1,15.31,0,-12.63
3432,114.514,red_amber,observed,1.0,12.59,,red_amber,1,26.94,1,16.81,0,-12.59
3435,114.614,red_amber,observed,1.0,12.47,,red_amber,1,25.73,1,15.38,0,-12.47
3438,114.715,red_amber,observed,1.0,12.45,,red_amber,1,26.13,1,16.53,0,-12.45
3441,114.815,unknown,occluded,0.0,12.45,occluded,occluded,1,25.51,1,16.67,0,-12.45
3444,114.915,unknown,occluded,0.0,12.55,occluded,occluded,1,25.91,1,14.81,0,-12.55
3447,115.015,unknown,occluded,0.0,12.79,occluded,occluded,1,26.0,1,15.31,0,-12.79
3450,115.115,unknown,occluded,0.0,12.43,occluded,occluded,1,25.55,1,14.74,0,-12.43
3453,115.215,unknown,occluded,0.0,12.61,occluded,occluded,1,25.78,1,16.03,0,-12.61
3456,115.315,unknown,occluded,0.0,12.51,occluded,occluded,1,26.4,1,15.67,0,-12.51
3459,115.415,unknown,occluded,0.0,12.29,occluded,occluded,1,26.72,1,17.17,0,-12.29
3462,115.515,unknown,occluded,0.0,12.65,occluded,occluded,1,27.39,1,15.88,0,-12.65
3465,115.616,unknown,occluded,0.0,12.53,occluded,occluded,1,26.31,1,15.45,0,-12.53
3468,115.716,unknown,occluded,0.0,12.55,occluded,occluded,1,26.72,1,16.74,0,-12.55
3471,115.816,unknown,occluded,0.0,12.69,occluded,occluded,1,26.31,1,16.67,0,-12.69
3474,115.916,unknown,occluded,0.0,12.73,occluded,occluded,1,27.12,1,16.6,0,-12.73
3477,116.016,red_amber,low_confidence,1.0,12.65,short_unsupported_run,red_amber,1,26.49,1,18.03,0,-12.65
3480,116.116,red_amber,low_confidence,1.0,12.71,short_unsupported_run,red_amber,1,27.48,1,16.53,0,-12.71
3483,116.216,red_amber,low_confidence,1.0,12.87,short_unsupported_run,red_amber,1,27.44,1,16.74,0,-12.87
3486,116.316,red_amber,low_confidence,1.0,12.53,short_unsupported_run,red_amber,1,26.85,1,16.45,0,-12.53
3489,116.416,red_amber,low_confidence,1.0,12.67,short_unsupported_run,red_amber,1,27.26,1,17.1,0,-12.67
3492,116.516,unknown,occluded,0.0,12.65,occluded,occluded,1,27.62,1,17.46,0,-12.65
3495,116.616,unknown,occluded,0.0,12.45,occluded,occluded,1,26.99,1,17.24,0,-12.45
3498,116.717,unknown,occluded,0.0,12.59,occluded,occluded,1,27.44,1,17.17,0,-12.59
3501,116.817,unknown,occluded,0.0,12.51,occluded,occluded,1,26.72,1,16.88,0,-12.51
3504,116.917,unknown,occluded,0.0,12.71,occluded,occluded,1,27.3,1,17.03,0,-12.71
3507,117.017,unknown,occluded,0.0,12.65,occluded,occluded,1,27.39,1,16.96,0,-12.65
3510,117.117,green,observed,0.853,1.71,,green,0,-1.71,0,-11.73,1,7.2
3513,117.217,green,observed,1.0,12.47,,green,0,-27.89,0,-17.03,1,12.47
3516,117.317,green,observed,1.0,12.43,,green,0,-28.02,0,-17.31,1,12.43
3519,117.417,green,observed,1.0,12.49,,green,0,-28.15,0,-16.74,1,12.49
3522,117.517,green,observed,1.0,12.53,,green,0,-28.29,0,-17.03,1,12.53
3525,117.618,green,observed,1.0,12.35,,green,0,-28.02,0,-16.74,1,12.35
3528,117.718,green,observed,1.0,12.29,,green,0,-28.02,0,-16.74,1,12.29
3531,117.818,green,observed,1.0,12.23,,green,0,-28.11,0,-17.46,1,12.23
3534,117.918,green,observed,1.0,12.07,,green,0,-28.2,0,-16.81,1,12.07
3537,118.018,green,observed,1.0,12.23,,green,0,-28.02,0,-17.17,1,12.23
3540,118.118,green,observed,1.0,12.11,,green,0,-28.11,0,-17.24,1,12.11
3543,118.218,green,observed,1.0,12.31,,green,0,-28.38,0,-17.74,1,12.31
3546,118.318,green,observed,1.0,12.27,,green,0,-28.65,0,-17.38,1,12.27
3549,118.418,green,observed,1.0,12.23,,green,0,-28.29,0,-17.1,1,12.23
3552,118.518,green,observed,1.0,11.99,,green,0,-28.38,0,-17.31,1,11.99
3555,118.618,green,observed,1.0,12.01,,green,0,-28.07,0,-17.1,1,12.01
3558,118.719,green,observed,1.0,11.93,,green,0,-28.51,0,-17.89,1,11.93
3561,118.819,green,observed,1.0,12.03,,green,0,-28.51,0,-16.96,1,12.03
3564,118.919,green,observed,1.0,11.95,,green,0,-28.33,0,-17.1,1,11.95
3567,119.019,green,observed,1.0,11.95,,green,0,-28.6,0,-17.24,1,11.95
3570,119.119,green,observed,1.0,12.11,,green,0,-27.89,0,-17.6,1,12.11
3573,119.219,green,observed,1.0,12.01,,green,0,-28.2,0,-17.53,1,12.01
3576,119.319,green,observed,1.0,11.85,,green,0,-28.07,0,-16.81,1,11.85
3579,119.419,green,observed,1.0,12.09,,green,0,-28.42,0,-17.46,1,12.09
3582,119.519,green,observed,1.0,11.95,,green,0,-28.11,0,-17.6,1,11.95
3585,119.62,green,observed,1.0,11.85,,green,0,-28.2,0,-17.03,1,11.85
3588,119.72,green,observed,1.0,11.93,,green,0,-28.15,0,-16.88,1,11.93
3591,119.82,green,observed,1.0,11.87,,green,0,-28.29,0,-16.81,1,11.87
3594,119.92,green,observed,1.0,11.63,,green,0,-28.6,0,-17.53,1,11.63
3597,120.02,green,observed,1.0,11.75,,green,0,-28.2,0,-16.6,1,11.75
3600,120.12,green,observed,1.0,11.71,,green,0,-28.38,0,-16.81,1,11.71
3603,120.22,green,observed,1.0,11.87,,green,0,-28.42,0,-17.46,1,11.87
3606,120.32,green,observed,1.0,11.71,,green,0,-28.38,0,-17.03,1,11.71
3609,120.42,green,observed,1.0,11.75,,green,0,-28.51,0,-17.03,1,11.75
3612,120.52,green,observed,1.0,11.79,,green,0,-28.38,0,-17.17,1,11.79
3615,120.62,green,observed,1.0,11.77,,green,0,-27.98,0,-16.67,1,11.77
3618,120.721,green,observed,1.0,11.73,,green,0,-28.29,0,-17.67,1,11.73
3621,120.821,green,observed,1.0,11.71,,green,0,-28.15,0,-17.74,1,11.71
3624,120.921,green,observed,1.0,11.77,,green,0,-28.65,0,-16.31,1,11.77
3627,121.021,green,observed,1.0,11.83,,green,0,-28.42,0,-17.96,1,11.83
3630,121.121,green,observed,1.0,11.83,,green,0,-28.33,0,-17.17,1,11.83
3633,121.221,green,observed,1.0,11.79,,green,0,-28.24,0,-17.53,1,11.79
3636,121.321,green,observed,1.0,11.59,,green,0,-28.51,0,-17.74,1,11.59
3639,121.421,green,observed,1.0,11.71,,green,0,-28.38,0,-17.53,1,11.71
3642,121.521,green,observed,1.0,11.85,,green,0,-28.42,0,-17.67,1,11.85
3645,121.622,green,observed,1.0,11.77,,green,0,-28.29,0,-17.89,1,11.77
3648,121.722,green,observed,1.0,11.81,,green,0,-28.07,0,-17.03,1,11.81
3651,121.822,green,observed,1.0,11.75,,green,0,-28.24,0,-16.74,1,11.75
3654,121.922,green,observed,1.0,11.93,,green,0,-28.38,0,-17.1,1,11.93
3657,122.022,green,observed,1.0,12.03,,green,0,-28.02,0,-17.17,1,12.03
3660,122.122,green,observed,1.0,12.07,,green,0,-28.11,0,-16.96,1,12.07
3663,122.222,green,observed,1.0,12.09,,green,0,-28.74,0,-17.46,1,12.09
3666,122.322,green,observed,1.0,11.97,,green,0,-27.71,0,-16.6,1,11.97
3669,122.422,green,observed,1.0,11.95,,green,0,-28.2,0,-17.46,1,11.95
3672,122.522,green,observed,1.0,12.17,,green,0,-27.89,0,-16.6,1,12.17
3675,122.622,green,observed,1.0,12.15,,green,0,-28.2,0,-17.1,1,12.15
3678,122.723,green,observed,1.0,12.25,,green,0,-27.57,0,-16.53,1,12.25
3681,122.823,green,observed,1.0,12.27,,green,0,-28.02,0,-16.81,1,12.27
3684,122.923,green,observed,1.0,12.29,,green,0,-28.02,0,-16.38,1,12.29
3687,123.023,green,observed,1.0,12.29,,green,0,-28.33,0,-16.96,1,12.29
3690,123.123,green,observed,1.0,12.39,,green,0,-28.11,0,-17.24,1,12.39
3693,123.223,green,observed,1.0,12.13,,green,0,-28.33,0,-17.17,1,12.13
3696,123.323,green,observed,1.0,12.27,,green,0,-28.51,0,-17.24,1,12.27
3699,123.423,green,observed,1.0,12.27,,green,0,-28.24,0,-17.1,1,12.27
3702,123.523,green,observed,1.0,12.37,,green,0,-28.42,0,-17.24,1,12.37
3705,123.624,green,observed,1.0,12.45,,green,0,-28.24,0,-17.31,1,12.45
3708,123.724,green,observed,1.0,12.33,,green,0,-28.69,0,-16.53,1,12.33
3711,123.824,green,observed,1.0,12.41,,green,0,-28.56,0,-16.1,1,12.41
3714,123.924,green,observed,1.0,12.41,,green,0,-27.98,0,-16.81,1,12.41
3717,124.024,green,observed,1.0,12.39,,green,0,-28.65,0,-16.96,1,12.39
3720,124.124,green,observed,1.0,12.43,,green,0,-27.75,0,-17.17,1,12.43
3723,124.224,green,observed,1.0,12.51,,green,0,-28.24,0,-16.74,1,12.51
3726,124.324,green,observed,1.0,12.47,,green,0,-28.24,0,-16.31,1,12.47
3729,124.424,green,observed,1.0,12.37,,green,0,-28.15,0,-16.38,1,12.37
3732,124.524,green,observed,1.0,12.47,,green,0,-28.11,0,-17.03,1,12.47
3735,124.624,green,observed,1.0,12.45,,green,0,-28.11,0,-16.6,1,12.45
3738,124.725,green,observed,1.0,12.43,,green,0,-27.93,0,-17.1,1,12.43
3741,124.825,green,observed,1.0,12.31,,green,0,-28.29,0,-16.74,1,12.31
3744,124.925,green,observed,1.0,12.61,,green,0,-28.02,0,-17.24,1,12.61
3747,125.025,green,observed,1.0,12.61,,green,0,-27.93,0,-16.6,1,12.61
3750,125.125,green,observed,1.0,12.47,,green,0,-28.42,0,-17.1,1,12.47
3753,125.225,green,observed,1.0,12.47,,green,0,-28.69,0,-16.88,1,12.47
3756,125.325,green,observed,1.0,12.53,,green,0,-28.51,0,-17.31,1,12.53
3759,125.425,green,observed,1.0,12.41,,green,0,-28.42,0,-17.1,1,12.41
3762,125.525,green,observed,1.0,12.49,,green,0,-28.42,0,-17.24,1,12.49
3765,125.626,green,observed,1.0,12.49,,green,0,-28.15,0,-17.53,1,12.49
3768,125.726,green,observed,1.0,12.41,,green,0,-28.11,0,-16.81,1,12.41
3771,125.826,green,observed,1.0,12.47,,green,0,-28.29,0,-16.67,1,12.47
3774,125.926,green,observed,1.0,12.41,,green,0,-28.24,0,-17.46,1,12.41
3777,126.026,green,observed,1.0,12.47,,green,0,-28.29,0,-16.81,1,12.47
3780,126.126,green,observed,1.0,12.33,,green,0,-28.29,0,-17.89,1,12.33
3783,126.226,green,observed,1.0,12.25,,green,0,-28.29,0,-16.74,1,12.25
3786,126.326,green,observed,1.0,12.37,,green,0,-27.98,0,-17.53,1,12.37
3789,126.426,green,observed,1.0,12.41,,green,0,-28.24,0,-17.24,1,12.41
3792,126.526,green,observed,1.0,12.27,,green,0,-27.89,0,-17.53,1,12.27
3795,126.626,green,observed,1.0,12.15,,green,0,-28.38,0,-17.53,1,12.15
3798,126.727,green,observed,1.0,12.31,,green,0,-28.07,0,-17.24,1,12.31
3801,126.827,green,observed,1.0,12.23,,green,0,-27.93,0,-17.1,1,12.23
3804,126.927,green,observed,1.0,12.25,,green,0,-27.98,0,-17.38,1,12.25
3807,127.027,green,observed,1.0,12.11,,green,0,-28.42,0,-17.1,1,12.11
3810,127.127,green,observed,1.0,12.11,,green,0,-27.8,0,-16.88,1,12.11
3813,127.227,green,observed,1.0,12.15,,green,0,-28.2,0,-17.31,1,12.15
3816,127.327,green,observed,1.0,11.99,,green,0,-28.33,0,-17.38,1,11.99
3819,127.427,green,observed,1.0,12.11,,green,0,-28.11,0,-16.96,1,12.11
3822,127.527,green,observed,1.0,11.93,,green,0,-28.47,0,-16.6,1,11.93
3825,127.628,green,observed,1.0,11.95,,green,0,-28.2,0,-16.6,1,11.95
3828,127.728,green,observed,1.0,11.95,,green,0,-28.47,0,-17.38,1,11.95
3831,127.828,green,observed,1.0,11.99,,green,0,-28.38,0,-16.74,1,11.99
3834,127.928,green,observed,1.0,11.89,,green,0,-28.38,0,-17.6,1,11.89
3837,128.028,green,observed,1.0,11.87,,green,0,-28.07,0,-17.46,1,11.87
3840,128.128,green,observed,1.0,11.77,,green,0,-28.02,0,-16.88,1,11.77
3843,128.228,green,observed,1.0,11.85,,green,0,-27.93,0,-17.17,1,11.85
3846,128.328,green,observed,1.0,11.83,,green,0,-27.89,0,-17.24,1,11.83
3849,128.428,green,observed,1.0,11.83,,green,0,-28.2,0,-16.74,1,11.83
3852,128.528,green,observed,1.0,11.77,,green,0,-28.11,0,-17.1,1,11.77
3855,128.628,green,observed,1.0,11.83,,green,0,-27.8,0,-17.1,1,11.83
3858,128.729,green,observed,1.0,11.63,,green,0,-27.84,0,-17.46,1,11.63
3861,128.829,green,observed,1.0,11.81,,green,0,-28.24,0,-17.38,1,11.81
3864,128.929,green,observed,1.0,11.75,,green,0,-28.15,0,-16.81,1,11.75
3867,129.029,green,observed,1.0,11.85,,green,0,-27.89,0,-17.89,1,11.85
3870,129.129,green,observed,1.0,11.69,,green,0,-28.33,0,-16.1,1,11.69
3873,129.229,green,observed,1.0,11.81,,green,0,-28.24,0,-16.96,1,11.81
3876,129.329,green,observed,1.0,11.83,,green,0,-28.11,0,-17.81,1,11.83
3879,129.429,green,observed,1.0,11.81,,green,0,-28.2,0,-16.67,1,11.81
3882,129.529,green,observed,1.0,11.75,,green,0,-28.47,0,-17.6,1,11.75
3885,129.63,green,observed,1.0,11.97,,green,0,-28.33,0,-16.1,1,11.97
3888,129.73,green,observed,1.0,11.75,,green,0,-28.38,0,-16.45,1,11.75
3891,129.83,green,observed,1.0,11.99,,green,0,-28.2,0,-16.67,1,11.99
3894,129.93,green,observed,1.0,11.87,,green,0,-27.89,0,-16.53,1,11.87
3897,130.03,green,observed,1.0,11.87,,green,0,-27.8,0,-16.96,1,11.87
3900,130.13,green,observed,1.0,11.95,,green,0,-27.89,0,-16.74,1,11.95
3903,130.23,green,observed,1.0,11.97,,green,0,-28.15,0,-16.67,1,11.97
3906,130.33,green,observed,1.0,11.91,,green,0,-28.02,0,-16.24,1,11.91
3909,130.43,green,observed,1.0,11.87,,green,0,-27.93,0,-17.03,1,11.87
3912,130.53,green,observed,1.0,11.97,,green,0,-27.66,0,-17.24,1,11.97
3915,130.631,green,observed,1.0,11.91,,green,0,-27.71,0,-16.45,1,11.91
3918,130.731,green,observed,1.0,12.03,,green,0,-27.89,0,-16.74,1,12.03
3921,130.831,green,observed,1.0,12.19,,green,0,-28.42,0,-17.53,1,12.19
3924,130.931,green,observed,1.0,12.13,,green,0,-28.47,0,-16.96,1,12.13
3927,131.031,green,observed,1.0,12.07,,green,0,-28.42,0,-17.74,1,12.07
3930,131.131,green,observed,1.0,12.19,,green,0,-28.33,0,-17.1,1,12.19
3933,131.231,green,observed,1.0,12.27,,green,0,-27.93,0,-16.45,1,12.27
3936,131.331,green,observed,1.0,12.23,,green,0,-28.47,0,-17.17,1,12.23
3939,131.431,green,observed,1.0,12.13,,green,0,-28.38,0,-17.24,1,12.13
3942,131.531,green,observed,1.0,12.15,,green,0,-28.42,0,-17.31,1,12.15
3945,131.632,green,observed,1.0,12.39,,green,0,-28.38,0,-17.67,1,12.39
3948,131.732,green,observed,1.0,12.39,,green,0,-28.07,0,-16.96,1,12.39
3951,131.832,green,observed,1.0,12.33,,green,0,-28.24,0,-17.31,1,12.33
3954,131.932,green,observed,1.0,12.29,,green,0,-28.38,0,-17.46,1,12.29
3957,132.032,green,observed,1.0,12.47,,green,0,-28.33,0,-17.81,1,12.47
3960,132.132,green,observed,1.0,12.51,,green,0,-28.33,0,-17.03,1,12.51
3963,132.232,green,observed,1.0,12.55,,green,0,-28.29,0,-17.31,1,12.55
3966,132.332,green,observed,1.0,12.45,,green,0,-28.38,0,-17.46,1,12.45
3969,132.432,green,observed,1.0,12.67,,green,0,-28.29,0,-16.96,1,12.67
3972,132.532,green,observed,1.0,12.35,,green,0,-28.29,0,-17.17,1,12.35
3975,132.632,green,observed,1.0,12.71,,green,0,-28.96,0,-17.17,1,12.71
3978,132.733,green,observed,1.0,12.85,,green,0,-28.78,0,-17.03,1,12.85
3981,132.833,green,observed,1.0,12.67,,green,0,-28.33,0,-17.24,1,12.67
3984,132.933,green,observed,1.0,12.65,,green,0,-28.15,0,-18.03,1,12.65
3987,133.033,green,observed,1.0,12.55,,green,0,-28.02,0,-17.74,1,12.55
3990,133.133,green,observed,1.0,12.65,,green,0,-28.87,0,-17.38,1,12.65
3993,133.233,green,observed,1.0,12.49,,green,0,-28.2,0,-17.89,1,12.49
3996,133.333,green,observed,1.0,12.35,,green,0,-28.42,0,-18.03,1,12.35
3999,133.433,green,observed,1.0,12.27,,green,0,-28.42,0,-17.74,1,12.27
4002,133.533,green,observed,1.0,12.67,,green,0,-28.29,0,-17.53,1,12.67
4005,133.634,green,observed,1.0,12.49,,green,0,-28.51,0,-16.96,1,12.49
4008,133.734,green,observed,1.0,12.49,,green,0,-28.15,0,-17.17,1,12.49
4011,133.834,green,observed,1.0,12.53,,green,0,-28.47,0,-17.17,1,12.53
4014,133.934,green,observed,1.0,12.51,,green,0,-27.89,0,-16.74,1,12.51
4017,134.034,green,observed,1.0,12.49,,green,0,-28.07,0,-17.96,1,12.49
4020,134.134,green,observed,1.0,12.49,,green,0,-28.07,0,-17.17,1,12.49
4023,134.234,green,observed,1.0,12.43,,green,0,-28.11,0,-16.96,1,12.43
4026,134.334,green,observed,1.0,12.39,,green,0,-28.11,0,-17.31,1,12.39
4029,134.434,green,observed,1.0,12.49,,green,0,-27.93,0,-17.17,1,12.49
4032,134.534,green,observed,1.0,12.55,,green,0,-27.93,0,-17.53,1,12.55
4035,134.634,green,observed,1.0,12.31,,green,0,-27.98,0,-18.03,1,12.31
4038,134.735,green,observed,1.0,12.41,,green,0,-28.47,0,-17.38,1,12.41
4041,134.835,green,observed,1.0,12.37,,green,0,-28.24,0,-17.81,1,12.37
4044,134.935,green,observed,1.0,12.27,,green,0,-28.47,0,-17.89,1,12.27
4047,135.035,green,observed,1.0,12.39,,green,0,-28.42,0,-17.96,1,12.39
4050,135.135,green,observed,1.0,12.35,,green,0,-28.33,0,-18.17,1,12.35
4053,135.235,green,observed,1.0,12.19,,green,0,-28.47,0,-17.74,1,12.19
4056,135.335,green,observed,1.0,12.33,,green,0,-28.38,0,-17.38,1,12.33
4059,135.435,green,observed,1.0,12.07,,green,0,-27.89,0,-17.6,1,12.07
4062,135.535,green,observed,1.0,12.17,,green,0,-28.29,0,-17.89,1,12.17
4065,135.636,green,observed,1.0,12.15,,green,0,-28.29,0,-18.17,1,12.15
4068,135.736,green,observed,1.0,12.31,,green,0,-28.42,0,-17.89,1,12.31
4071,135.836,green,observed,1.0,12.17,,green,0,-28.65,0,-17.67,1,12.17
4074,135.936,green,observed,1.0,12.27,,green,0,-28.65,0,-17.67,1,12.27
4077,136.036,green,observed,1.0,12.15,,green,0,-28.83,0,-17.17,1,12.15
4080,136.136,green,observed,1.0,12.07,,green,0,-28.29,0,-17.74,1,12.07
4083,136.236,green,observed,1.0,12.11,,green,0,-28.02,0,-17.6,1,12.11
4086,136.336,green,observed,1.0,11.95,,green,0,-28.33,0,-17.96,1,11.95
4089,136.436,green,observed,1.0,11.95,,green,0,-28.6,0,-17.96,1,11.95
4092,136.536,green,observed,1.0,11.99,,green,0,-28.29,0,-17.46,1,11.99
4095,136.636,green,observed,1.0,12.13,,green,0,-27.89,0,-17.53,1,12.13
4098,136.737,green,observed,1.0,12.13,,green,0,-28.24,0,-17.1,1,12.13
4101,136.837,green,observed,1.0,12.01,,green,0,-28.38,0,-17.53,1,12.01
4104,136.937,green,observed,1.0,11.73,,green,0,-28.2,0,-17.17,1,11.73
4107,137.037,green,observed,1.0,11.91,,green,0,-27.71,0,-17.03,1,11.91
4110,137.137,green,observed,1.0,11.73,,green,0,-27.93,0,-17.81,1,11.73
4113,137.237,green,observed,1.0,11.75,,green,0,-27.98,0,-17.38,1,11.75
4116,137.337,green,observed,1.0,11.77,,green,0,-28.29,0,-17.1,1,11.77
4119,137.437,green,observed,1.0,11.83,,green,0,-28.74,0,-17.53,1,11.83
4122,137.537,green,observed,1.0,11.91,,green,0,-28.96,0,-16.6,1,11.91
4125,137.638,green,observed,1.0,11.73,,green,0,-28.07,0,-17.89,1,11.73
4128,137.738,green,observed,1.0,11.93,,green,0,-27.89,0,-17.53,1,11.93
4131,137.838,green,observed,1.0,11.93,,green,0,-27.57,0,-17.81,1,11.93
4134,137.938,green,observed,1.0,11.75,,green,0,-28.24,0,-16.81,1,11.75
4137,138.038,green,observed,1.0,11.53,,green,0,-28.51,0,-17.38,1,11.53
4140,138.138,green,observed,1.0,11.99,,green,0,-28.2,0,-17.31,1,11.99
4143,138.238,green,observed,1.0,11.77,,green,0,-28.56,0,-17.31,1,11.77
4146,138.338,green,observed,1.0,11.81,,green,0,-28.15,0,-17.03,1,11.81
4149,138.438,green,observed,1.0,11.77,,green,0,-28.15,0,-17.1,1,11.77
4152,138.538,green,observed,1.0,11.95,,green,0,-28.6,0,-17.89,1,11.95
4155,138.638,green,observed,1.0,11.95,,green,0,-28.65,0,-17.6,1,11.95
4158,138.739,green,observed,1.0,11.95,,green,0,-28.02,0,-17.46,1,11.95
4161,138.839,green,observed,1.0,11.97,,green,0,-28.15,0,-17.96,1,11.97
4164,138.939,green,observed,1.0,11.93,,green,0,-28.02,0,-17.17,1,11.93
4167,139.039,green,observed,1.0,11.95,,green,0,-28.42,0,-17.03,1,11.95
4170,139.139,green,observed,1.0,12.01,,green,0,-28.24,0,-17.03,1,12.01
4173,139.239,green,observed,1.0,12.01,,green,0,-28.11,0,-17.03,1,12.01
4176,139.339,green,observed,1.0,11.97,,green,0,-27.89,0,-16.96,1,11.97
4179,139.439,green,observed,1.0,12.03,,green,0,-28.11,0,-16.17,1,12.03
4182,139.539,green,observed,1.0,11.95,,green,0,-28.42,0,-16.6,1,11.95
4185,139.64,green,observed,1.0,12.15,,green,0,-28.42,0,-16.67,1,12.15
4188,139.74,green,observed,1.0,12.15,,green,0,-28.2,0,-16.88,1,12.15
4191,139.84,green,observed,1.0,12.25,,green,0,-27.57,0,-16.96,1,12.25
4194,139.94,green,observed,1.0,12.19,,green,0,-28.02,0,-16.88,1,12.19
4197,140.04,green,observed,1.0,12.29,,green,0,-27.93,0,-16.6,1,12.29
4200,140.14,green,observed,1.0,12.31,,green,0,-28.6,0,-16.67,1,12.31
4203,140.24,green,observed,1.0,12.21,,green,0,-28.51,0,-17.03,1,12.21
4206,140.34,green,observed,1.0,12.31,,green,0,-28.2,0,-16.53,1,12.31
4209,140.44,green,observed,1.0,12.35,,green,0,-28.38,0,-17.1,1,12.35
4212,140.54,green,observed,1.0,12.37,,green,0,-28.15,0,-16.45,1,12.37
4215,140.64,green,observed,1.0,12.37,,green,0,-28.33,0,-16.81,1,12.37
4218,140.741,green,observed,1.0,12.43,,green,0,-27.98,0,-17.1,1,12.43
4221,140.841,green,observed,1.0,12.45,,green,0,-28.11,0,-16.6,1,12.45
4224,140.941,green,observed,1.0,12.41,,green,0,-28.29,0,-16.96,1,12.41
4227,141.041,green,observed,1.0,12.37,,green,0,-28.38,0,-16.24,1,12.37
4230,141.141,green,observed,1.0,12.57,,green,0,-28.11,0,-17.38,1,12.57
4233,141.241,green,observed,1.0,12.63,,green,0,-27.84,0,-17.31,1,12.63
4236,141.341,green,observed,1.0,12.63,,green,0,-27.8,0,-16.6,1,12.63
4239,141.441,green,observed,1.0,12.47,,green,0,-27.98,0,-16.96,1,12.47
4242,141.541,green,observed,1.0,12.49,,green,0,-27.35,0,-17.46,1,12.49
4245,141.642,green,observed,1.0,12.51,,green,0,-28.15,0,-17.89,1,12.51
4248,141.742,green,observed,1.0,12.37,,green,0,-27.98,0,-17.31,1,12.37
4251,141.842,green,observed,1.0,12.55,,green,0,-28.29,0,-16.6,1,12.55
4254,141.942,green,observed,1.0,12.35,,green,0,-27.21,0,-17.38,1,12.35
4257,142.042,green,observed,1.0,12.45,,green,0,-27.84,0,-16.81,1,12.45
4260,142.142,green,observed,1.0,12.43,,green,0,-27.93,0,-16.45,1,12.43
4263,142.242,green,observed,1.0,12.49,,green,0,-28.11,0,-16.31,1,12.49
4266,142.342,green,observed,1.0,12.47,,green,0,-28.29,0,-16.96,1,12.47
4269,142.442,green,observed,1.0,12.37,,green,0,-28.02,0,-16.88,1,12.37
4272,142.542,green,observed,1.0,12.31,,green,0,-27.93,0,-17.31,1,12.31
4275,142.642,green,observed,1.0,12.33,,green,0,-28.11,0,-16.53,1,12.33
4278,142.743,green,observed,1.0,12.41,,green,0,-27.75,0,-16.17,1,12.41
4281,142.843,green,observed,1.0,12.51,,green,0,-27.8,0,-16.6,1,12.51
4284,142.943,green,observed,1.0,12.35,,green,0,-28.24,0,-17.81,1,12.35
4287,143.043,green,observed,1.0,12.39,,green,0,-28.15,0,-17.31,1,12.39
4290,143.143,green,observed,1.0,12.33,,green,0,-27.71,0,-16.1,1,12.33
4293,143.243,green,observed,1.0,12.25,,green,0,-27.98,0,-16.45,1,12.25
4296,143.343,green,observed,1.0,12.23,,green,0,-27.71,0,-16.74,1,12.23
4299,143.443,green,observed,1.0,12.21,,green,0,-27.98,0,-16.67,1,12.21
4302,143.543,green,observed,1.0,12.19,,green,0,-28.11,0,-16.81,1,12.19
4305,143.644,green,observed,1.0,12.33,,green,0,-27.98,0,-16.96,1,12.33
4308,143.744,green,observed,1.0,12.33,,green,0,-28.24,0,-17.17,1,12.33
4311,143.844,green,observed,1.0,12.17,,green,0,-27.93,0,-17.53,1,12.17
4314,143.944,green,observed,1.0,12.09,,green,0,-28.11,0,-17.17,1,12.09
4317,144.044,green,observed,1.0,12.15,,green,0,-27.84,0,-17.31,1,12.15
4320,144.144,green,observed,1.0,12.17,,green,0,-27.84,0,-17.1,1,12.17
4323,144.244,green,observed,1.0,12.19,,green,0,-28.2,0,-17.53,1,12.19
4326,144.344,green,observed,1.0,12.09,,green,0,-28.42,0,-17.17,1,12.09
4329,144.444,green,observed,1.0,12.09,,green,0,-28.38,0,-16.88,1,12.09
4332,144.544,green,observed,1.0,11.95,,green,0,-28.2,0,-16.96,1,11.95
4335,144.644,green,observed,1.0,11.95,,green,0,-27.75,0,-16.67,1,11.95
4338,144.745,green,observed,1.0,12.09,,green,0,-28.11,0,-17.03,1,12.09
4341,144.845,green,observed,1.0,12.09,,green,0,-28.56,0,-17.24,1,12.09
4344,144.945,green,observed,1.0,11.85,,green,0,-28.42,0,-17.6,1,11.85
4347,145.045,green,observed,1.0,11.97,,green,0,-28.2,0,-17.17,1,11.97
4350,145.145,green,observed,1.0,11.71,,green,0,-28.2,0,-15.95,1,11.71
4353,145.245,green,observed,1.0,11.61,,green,0,-28.02,0,-17.6,1,11.61
4356,145.345,green,observed,1.0,11.77,,green,0,-27.71,0,-16.53,1,11.77
4359,145.445,green,observed,1.0,11.63,,green,0,-28.29,0,-17.24,1,11.63
4362,145.545,green,observed,1.0,11.69,,green,0,-28.29,0,-16.53,1,11.69
4365,145.646,green,observed,1.0,11.63,,green,0,-28.56,0,-16.74,1,11.63
4368,145.746,green,observed,1.0,11.67,,green,0,-28.33,0,-16.6,1,11.67
4371,145.846,green,observed,1.0,11.57,,green,0,-28.11,0,-17.67,1,11.57
4374,145.946,green,observed,1.0,11.59,,green,0,-27.53,0,-17.31,1,11.59
4377,146.046,green,observed,1.0,11.61,,green,0,-27.8,0,-15.52,1,11.61
4380,146.146,green,observed,1.0,11.59,,green,0,-28.24,0,-17.1,1,11.59
4383,146.246,green,observed,1.0,11.73,,green,0,-28.29,0,-17.53,1,11.73
4386,146.346,green,observed,1.0,11.61,,green,0,-27.98,0,-17.81,1,11.61
4389,146.446,green,observed,1.0,11.61,,green,0,-27.84,0,-17.38,1,11.61
4392,146.546,green,observed,1.0,11.63,,green,0,-27.93,0,-16.53,1,11.63
4395,146.646,green,observed,1.0,11.67,,green,0,-28.15,0,-16.96,1,11.67
4398,146.747,green,observed,1.0,11.75,,green,0,-27.48,0,-16.6,1,11.75
4401,146.847,green,observed,1.0,11.65,,green,0,-27.75,0,-16.88,1,11.65
4404,146.947,green,observed,1.0,11.71,,green,0,-28.07,0,-16.1,1,11.71
4407,147.047,green,observed,1.0,11.71,,green,0,-28.24,0,-17.38,1,11.71
4410,147.147,green,observed,1.0,11.77,,green,0,-27.93,0,-16.53,1,11.77
4413,147.247,green,observed,1.0,11.61,,green,0,-27.53,0,-16.74,1,11.61
4416,147.347,green,observed,1.0,11.65,,green,0,-28.02,0,-17.24,1,11.65
4419,147.447,green,observed,1.0,11.71,,green,0,-28.33,0,-16.6,1,11.71
4422,147.547,green,observed,1.0,11.77,,green,0,-28.07,0,-16.74,1,11.77
4425,147.648,green,observed,1.0,11.95,,green,0,-27.98,0,-17.24,1,11.95
4428,147.748,green,observed,1.0,11.97,,green,0,-27.53,0,-16.31,1,11.97
4431,147.848,green,observed,1.0,11.91,,green,0,-27.89,0,-16.45,1,11.91
4434,147.948,green,observed,1.0,11.99,,green,0,-27.8,0,-16.31,1,11.99
4437,148.048,green,observed,1.0,12.09,,green,0,-28.02,0,-17.1,1,12.09
4440,148.148,green,observed,1.0,12.03,,green,0,-27.75,0,-16.67,1,12.03
4443,148.248,green,observed,1.0,12.09,,green,0,-27.39,0,-17.1,1,12.09
4446,148.348,green,observed,1.0,12.19,,green,0,-27.93,0,-16.17,1,12.19
4449,148.448,green,observed,1.0,12.05,,green,0,-28.15,0,-16.96,1,12.05
4452,148.548,green,observed,1.0,12.15,,green,0,-27.84,0,-16.96,1,12.15
4455,148.648,green,observed,1.0,12.17,,green,0,-27.53,0,-17.31,1,12.17
4458,148.749,green,observed,1.0,12.23,,green,0,-27.8,0,-16.88,1,12.23
4461,148.849,green,observed,1.0,12.21,,green,0,-27.89,0,-17.03,1,12.21
4464,148.949,green,observed,1.0,12.17,,green,0,-28.29,0,-16.6,1,12.17
4467,149.049,green,observed,1.0,12.37,,green,0,-27.98,0,-17.53,1,12.37
4470,149.149,green,observed,1.0,12.43,,green,0,-27.75,0,-16.31,1,12.43
4473,149.249,green,observed,1.0,12.21,,green,0,-28.07,0,-15.31,1,12.21
4476,149.349,green,observed,1.0,12.29,,green,0,-27.98,0,-16.88,1,12.29
4479,149.449,green,observed,1.0,12.21,,green,0,-28.2,0,-16.24,1,12.21
4482,149.549,green,observed,1.0,12.35,,green,0,-27.21,0,-16.24,1,12.35
4485,149.65,green,observed,1.0,12.41,,green,0,-27.75,0,-16.17,1,12.41
4488,149.75,green,observed,1.0,12.43,,green,0,-27.71,0,-16.1,1,12.43
4491,149.85,green,observed,1.0,12.25,,green,0,-27.89,0,-17.03,1,12.25
4494,149.95,green,observed,1.0,12.49,,green,0,-27.8,0,-16.38,1,12.49
4497,150.05,green,observed,1.0,12.33,,green,0,-27.98,0,-16.53,1,12.33
4500,150.15,green,observed,1.0,12.61,,green,0,-27.62,0,-16.1,1,12.61
4503,150.25,green,observed,1.0,12.51,,green,0,-27.93,0,-16.74,1,12.51
4506,150.35,green,observed,1.0,12.39,,green,0,-27.8,0,-16.24,1,12.39
4509,150.45,green,observed,1.0,12.45,,green,0,-28.02,0,-16.88,1,12.45
4512,150.55,green,observed,1.0,12.57,,green,0,-27.53,0,-16.31,1,12.57
4515,150.65,green,observed,1.0,12.61,,green,0,-27.62,0,-16.74,1,12.61
4518,150.751,green,observed,1.0,12.45,,green,0,-27.66,0,-16.81,1,12.45
4521,150.851,green,observed,1.0,12.49,,green,0,-27.66,0,-16.96,1,12.49
4524,150.951,green,observed,1.0,12.49,,green,0,-27.71,0,-16.67,1,12.49
4527,151.051,green,observed,1.0,12.55,,green,0,-27.62,0,-16.38,1,12.55
4530,151.151,green,observed,1.0,12.41,,green,0,-28.11,0,-16.17,1,12.41
4533,151.251,green,observed,1.0,12.43,,green,0,-27.98,0,-16.45,1,12.43
4536,151.351,green,observed,1.0,12.31,,green,0,-27.75,0,-16.74,1,12.31
4539,151.451,green,observed,1.0,12.35,,green,0,-27.84,0,-16.45,1,12.35
4542,151.551,green,observed,1.0,12.29,,green,0,-28.07,0,-16.67,1,12.29
4545,151.652,green,observed,1.0,12.29,,green,0,-28.07,0,-16.81,1,12.29
4548,151.752,green,observed,1.0,12.39,,green,0,-27.66,0,-16.45,1,12.39
4551,151.852,green,observed,1.0,12.33,,green,0,-27.89,0,-16.53,1,12.33
4554,151.952,green,observed,1.0,12.33,,green,0,-27.75,0,-16.53,1,12.33
4557,152.052,green,observed,1.0,12.33,,green,0,-28.11,0,-16.45,1,12.33
4560,152.152,green_blink,observed,1.0,12.25,,green_flash,0,-27.53,0,-16.31,0,-12.25
4563,152.252,green_blink,observed,1.0,12.47,,green_flash,0,-28.15,0,-16.53,0,-12.47
4566,152.352,green_blink,observed,1.0,12.65,,green_flash,0,-28.11,0,-16.74,0,-12.65
4569,152.452,green_blink,observed,1.0,12.45,,green_flash,0,-27.93,0,-16.17,0,-12.45
4572,152.552,green_blink,observed,1.0,12.37,,green_flash,0,-27.39,0,-16.88,0,-12.37
4575,152.652,green_blink,observed,1.0,12.21,,green,0,-28.11,0,-16.6,1,12.21
4578,152.753,green_blink,observed,1.0,12.11,,green,0,-27.8,0,-16.45,1,12.11
4581,152.853,green_blink,observed,1.0,12.05,,green,0,-27.84,0,-16.74,1,12.05
4584,152.953,green_blink,observed,1.0,12.09,,green,0,-27.66,0,-16.74,1,12.09
4587,153.053,green_blink,observed,1.0,11.87,,green,0,-28.02,0,-16.38,1,11.87
4590,153.153,unknown,occluded,0.0,12.27,occluded,occluded,0,-27.93,0,-16.67,0,-12.27
4593,153.253,unknown,occluded,0.0,12.55,occluded,occluded,0,-27.75,0,-17.1,0,-12.55
4596,153.353,green_blink,observed,1.0,12.29,,green_flash,0,-28.24,0,-16.74,0,-12.29
4599,153.453,green_blink,observed,1.0,12.65,,green_flash,0,-28.07,0,-16.17,0,-12.65
4602,153.553,green_blink,observed,1.0,12.37,,green_flash,0,-27.93,0,-16.88,0,-12.37
4605,153.654,green_blink,observed,1.0,11.83,,green,0,-28.38,0,-16.81,1,11.83
4608,153.754,green_blink,observed,1.0,11.95,,green,0,-27.93,0,-16.45,1,11.95
4611,153.854,green_blink,observed,1.0,11.83,,green,0,-27.93,0,-16.45,1,11.83
4614,153.954,green_blink,observed,1.0,11.81,,green,0,-28.29,0,-16.31,1,11.81
4617,154.054,green_blink,observed,1.0,11.91,,green,0,-28.11,0,-15.88,1,11.91
4620,154.154,unknown,occluded,0.0,12.09,occluded,occluded,0,-28.07,0,-16.6,0,-12.09
4623,154.254,green_blink,observed,1.0,12.53,,green_flash,0,-27.44,0,-16.6,0,-12.53
4626,154.354,green_blink,observed,1.0,12.43,,green_flash,0,-28.33,0,-15.81,0,-12.43
4629,154.454,green_blink,observed,1.0,12.41,,green_flash,0,-27.8,0,-16.24,0,-12.41
4632,154.554,green_blink,observed,1.0,12.41,,green_flash,0,-27.57,0,-16.45,0,-12.41
4635,154.654,green_blink,observed,1.0,11.67,,green,0,-27.26,0,-17.1,1,11.67
4638,154.755,green_blink,observed,1.0,11.75,,green,0,-27.62,0,-16.24,1,11.75
4641,154.855,green_blink,observed,1.0,11.67,,green,0,-27.84,0,-17.74,1,11.67
4644,154.955,green_blink,observed,1.0,11.65,,green,0,-27.71,0,-15.95,1,11.65
4647,155.055,green_blink,observed,1.0,11.71,,green,0,-27.57,0,-16.45,1,11.71
4650,155.155,amber,observed,1.0,12.27,,amber,0,-27.89,1,16.67,0,-12.27
4653,155.255,amber,observed,1.0,12.55,,amber,0,-27.48,1,16.31,0,-12.55
4656,155.355,amber,observed,1.0,12.59,,amber,0,-28.24,1,15.02,0,-12.59
4659,155.455,amber,observed,1.0,12.55,,amber,0,-27.48,1,16.67,0,-12.55
4662,155.555,amber,observed,1.0,12.57,,amber,0,-27.84,1,16.31,0,-12.57
4665,155.656,amber,observed,1.0,12.65,,amber,0,-27.8,1,16.24,0,-12.65
4668,155.756,amber,observed,1.0,12.47,,amber,0,-28.2,1,15.45,0,-12.47
4671,155.856,amber,observed,1.0,12.61,,amber,0,-27.89,1,16.1,0,-12.61
4674,155.956,amber,observed,1.0,12.63,,amber,0,-28.2,1,15.74,0,-12.63
4677,156.056,amber,observed,1.0,12.69,,amber,0,-28.15,1,15.45,0,-12.69
4680,156.156,amber,observed,1.0,12.65,,amber,0,-27.66,1,16.03,0,-12.65
4683,156.256,amber,observed,1.0,12.69,,amber,0,-28.02,1,15.38,0,-12.69
4686,156.356,amber,observed,1.0,12.83,,amber,0,-28.07,1,15.81,0,-12.83
4689,156.456,amber,observed,1.0,12.77,,amber,0,-28.02,1,15.81,0,-12.77
4692,156.556,amber,observed,1.0,12.77,,amber,0,-27.89,1,14.88,0,-12.77
4695,156.656,amber,observed,1.0,12.61,,amber,0,-27.57,1,15.74,0,-12.61
4698,156.757,amber,observed,1.0,12.57,,amber,0,-27.93,1,16.24,0,-12.57
4701,156.857,amber,observed,1.0,12.71,,amber,0,-27.71,1,16.45,0,-12.71
4704,156.957,amber,observed,1.0,12.45,,amber,0,-27.84,1,16.38,0,-12.45
4707,157.057,amber,observed,1.0,12.65,,amber,0,-28.11,1,16.53,0,-12.65
4710,157.157,amber,observed,1.0,12.73,,amber,0,-27.62,1,15.95,0,-12.73
4713,157.257,amber,observed,1.0,12.55,,amber,0,-27.8,1,14.95,0,-12.55
4716,157.357,amber,observed,1.0,12.67,,amber,0,-28.02,1,15.6,0,-12.67
4719,157.457,amber,observed,1.0,12.51,,amber,0,-27.84,1,15.1,0,-12.51
4722,157.557,amber,observed,1.0,12.71,,amber,0,-27.66,1,15.74,0,-12.71
4725,157.658,amber,observed,1.0,12.73,,amber,0,-27.66,1,15.38,0,-12.73
4728,157.758,amber,observed,1.0,12.69,,amber,0,-27.75,1,16.6,0,-12.69
4731,157.858,amber,observed,1.0,12.63,,amber,0,-28.38,1,16.17,0,-12.63
4734,157.958,amber,observed,1.0,12.57,,amber,0,-27.62,1,15.95,0,-12.57
4737,158.058,amber,observed,1.0,12.53,,amber,0,-28.02,1,16.1,0,-12.53
4740,158.158,red,observed,1.0,12.71,,red,1,29.19,0,-15.45,0,-12.71
4743,158.258,red,observed,1.0,12.63,,red,1,29.1,0,-15.45,0,-12.63
4746,158.358,red,observed,1.0,12.59,,red,1,28.83,0,-16.03,0,-12.59
4749,158.458,red,observed,1.0,12.63,,red,1,29.1,0,-15.95,0,-12.63
4752,158.558,red,observed,1.0,12.61,,red,1,28.47,0,-16.17,0,-12.61
4755,158.658,red,observed,1.0,12.59,,red,1,28.33,0,-16.74,0,-12.59
4758,158.759,red,observed,1.0,12.51,,red,1,29.14,0,-16.24,0,-12.51
4761,158.859,red,observed,1.0,12.47,,red,1,29.28,0,-16.03,0,-12.47
4764,158.959,red,observed,1.0,12.67,,red,1,29.01,0,-16.38,0,-12.67
4767,159.059,red,observed,1.0,12.81,,red,1,28.51,0,-16.17,0,-12.81
4770,159.159,red,observed,1.0,12.63,,red,1,28.47,0,-15.52,0,-12.63
4773,159.259,red,observed,1.0,12.63,,red,1,28.2,0,-16.24,0,-12.63
4776,159.359,red,observed,1.0,12.67,,red,1,28.11,0,-16.24,0,-12.67
4779,159.459,red,observed,1.0,12.83,,red,1,28.42,0,-16.45,0,-12.83
4782,159.559,red,observed,1.0,12.57,,red,1,28.11,0,-16.67,0,-12.57
4785,159.66,red,observed,1.0,12.61,,red,1,28.15,0,-15.95,0,-12.61
4788,159.76,red,observed,1.0,12.55,,red,1,27.57,0,-15.81,0,-12.55
4791,159.86,red,observed,1.0,12.77,,red,1,27.98,0,-15.74,0,-12.77
4794,159.96,red,observed,1.0,12.53,,red,1,27.98,0,-16.88,0,-12.53
4797,160.06,red,observed,1.0,12.49,,red,1,27.84,0,-16.38,0,-12.49
4800,160.16,red,observed,1.0,12.43,,red,1,28.15,0,-16.24,0,-12.43
4803,160.26,red,observed,1.0,12.61,,red,1,28.51,0,-16.67,0,-12.61
4806,160.36,red,observed,1.0,12.59,,red,1,28.51,0,-16.1,0,-12.59
4809,160.46,red,observed,1.0,12.67,,red,1,28.74,0,-16.38,0,-12.67
4812,160.56,red,observed,1.0,12.51,,red,1,28.51,0,-16.24,0,-12.51
4815,160.66,red,observed,1.0,12.49,,red,1,28.2,0,-15.81,0,-12.49
4818,160.761,red,observed,1.0,12.63,,red,1,28.83,0,-16.17,0,-12.63
4821,160.861,red,observed,1.0,12.43,,red,1,27.84,0,-16.96,0,-12.43
4824,160.961,red,observed,1.0,12.69,,red,1,27.66,0,-15.74,0,-12.69
4827,161.061,red,observed,1.0,12.75,,red,1,28.29,0,-16.1,0,-12.75
4830,161.161,red,observed,1.0,12.41,,red,1,28.74,0,-16.88,0,-12.41
4833,161.261,red,observed,1.0,12.43,,red,1,28.29,0,-16.17,0,-12.43
4836,161.361,red,observed,1.0,12.69,,red,1,28.29,0,-16.17,0,-12.69
4839,161.461,red,observed,1.0,12.63,,red,1,28.42,0,-16.45,0,-12.63
4842,161.561,red,observed,1.0,12.35,,red,1,28.83,0,-17.17,0,-12.35
4845,161.662,red,observed,1.0,12.83,,red,1,28.56,0,-17.46,0,-12.83
4848,161.762,red,observed,1.0,12.53,,red,1,27.93,0,-17.1,0,-12.53
4851,161.862,red,observed,1.0,12.47,,red,1,27.44,0,-16.31,0,-12.47
4854,161.962,red,observed,1.0,12.47,,red,1,28.2,0,-15.52,0,-12.47
4857,162.062,red,observed,1.0,12.59,,red,1,29.23,0,-16.6,0,-12.59
4860,162.162,red,observed,1.0,12.73,,red,1,29.28,0,-16.67,0,-12.73
4863,162.262,red,observed,1.0,12.63,,red,1,28.33,0,-16.1,0,-12.63
4866,162.362,red,observed,1.0,12.57,,red,1,28.33,0,-16.03,0,-12.57
4869,162.462,red,observed,1.0,12.61,,red,1,28.65,0,-16.38,0,-12.61
4872,162.562,red,observed,1.0,12.75,,red,1,28.2,0,-16.88,0,-12.75
4875,162.662,red,observed,1.0,12.47,,red,1,28.07,0,-17.03,0,-12.47
4878,162.763,red,observed,1.0,12.81,,red,1,28.29,0,-16.03,0,-12.81
4881,162.863,red,observed,1.0,12.45,,red,1,28.69,0,-16.96,0,-12.45
4884,162.963,red,observed,1.0,12.63,,red,1,28.74,0,-16.96,0,-12.63
4887,163.063,red,observed,1.0,12.43,,red,1,28.51,0,-16.17,0,-12.43
4890,163.163,red,observed,1.0,12.59,,red,1,28.24,0,-16.03,0,-12.59
4893,163.263,red,observed,1.0,12.61,,red,1,28.29,0,-16.38,0,-12.61
4896,163.363,red,observed,1.0,12.39,,red,1,28.92,0,-16.45,0,-12.39
4899,163.463,red,observed,1.0,12.57,,red,1,28.02,0,-15.52,0,-12.57
4902,163.563,red,observed,1.0,12.49,,red,1,28.69,0,-15.45,0,-12.49
4905,163.664,red,observed,1.0,12.67,,red,1,28.29,0,-15.88,0,-12.67
4908,163.764,red,observed,1.0,12.59,,red,1,28.6,0,-16.45,0,-12.59
4911,163.864,red,observed,1.0,12.51,,red,1,28.51,0,-16.88,0,-12.51
4914,163.964,red,observed,1.0,12.57,,red,1,28.65,0,-17.17,0,-12.57
4917,164.064,red,observed,1.0,12.37,,red,1,28.11,0,-16.1,0,-12.37
4920,164.164,red,observed,1.0,12.39,,red,1,28.38,0,-16.88,0,-12.39
4923,164.264,red,observed,1.0,12.69,,red,1,28.02,0,-16.1,0,-12.69
4926,164.364,red,observed,1.0,12.37,,red,1,28.65,0,-16.81,0,-12.37
4929,164.464,red,observed,1.0,12.79,,red,1,28.87,0,-16.03,0,-12.79
4932,164.564,red,observed,1.0,12.57,,red,1,29.19,0,-16.24,0,-12.57
4935,164.664,red,observed,1.0,12.39,,red,1,28.87,0,-15.95,0,-12.39
4938,164.765,red,observed,1.0,12.59,,red,1,28.87,0,-16.03,0,-12.59
4941,164.865,red,observed,1.0,12.37,,red,1,28.96,0,-16.53,0,-12.37
4944,164.965,red,observed,1.0,12.53,,red,1,28.96,0,-15.81,0,-12.53
4947,165.065,red,observed,1.0,12.65,,red,1,28.78,0,-16.67,0,-12.65
4950,165.165,red,observed,1.0,12.43,,red,1,28.65,0,-16.17,0,-12.43
4953,165.265,red,observed,1.0,12.45,,red,1,28.92,0,-16.74,0,-12.45
4956,165.365,red,observed,1.0,12.51,,red,1,28.29,0,-16.31,0,-12.51
4959,165.465,red,observed,1.0,12.33,,red,1,28.56,0,-16.17,0,-12.33
4962,165.565,red,observed,1.0,12.45,,red,1,28.51,0,-16.53,0,-12.45
4965,165.666,red,observed,1.0,12.55,,red,1,28.56,0,-15.81,0,-12.55
4968,165.766,red,observed,1.0,12.59,,red,1,28.24,0,-16.31,0,-12.59
4971,165.866,red,observed,1.0,12.61,,red,1,28.51,0,-16.45,0,-12.61
4974,165.966,red,observed,1.0,12.57,,red,1,28.47,0,-16.38,0,-12.57
4977,166.066,red,observed,1.0,12.45,,red,1,28.69,0,-17.1,0,-12.45
4980,166.166,red,observed,1.0,12.55,,red,1,28.96,0,-16.96,0,-12.55
4983,166.266,red,observed,1.0,12.49,,red,1,29.19,0,-16.1,0,-12.49
4986,166.366,red,observed,1.0,12.67,,red,1,28.92,0,-16.1,0,-12.67
4989,166.466,red,observed,1.0,12.49,,red,1,27.71,0,-16.6,0,-12.49
4992,166.566,red,observed,1.0,12.75,,red,1,28.29,0,-15.81,0,-12.75
4995,166.666,red,observed,1.0,12.51,,red,1,27.98,0,-15.74,0,-12.51
4998,166.767,red,observed,1.0,12.61,,red,1,28.29,0,-16.74,0,-12.61
5001,166.867,red,observed,1.0,12.67,,red,1,28.33,0,-15.74,0,-12.67
5004,166.967,red,observed,1.0,12.59,,red,1,28.33,0,-16.24,0,-12.59
5007,167.067,red,observed,1.0,12.69,,red,1,28.11,0,-16.1,0,-12.69
5010,167.167,red,observed,1.0,12.51,,red,1,27.8,0,-15.95,0,-12.51
5013,167.267,red,observed,1.0,12.49,,red,1,28.47,0,-16.17,0,-12.49
5016,167.367,red,observed,1.0,12.59,,red,1,28.47,0,-16.81,0,-12.59
5019,167.467,red,observed,1.0,12.65,,red,1,27.89,0,-16.67,0,-12.65
5022,167.567,red,observed,1.0,12.57,,red,1,28.6,0,-15.74,0,-12.57
5025,167.668,red,observed,1.0,12.53,,red,1,28.51,0,-15.95,0,-12.53
5028,167.768,red,observed,1.0,12.61,,red,1,27.84,0,-16.1,0,-12.61
5031,167.868,red,observed,1.0,12.55,,red,1,28.02,0,-16.24,0,-12.55
5034,167.968,red,observed,1.0,12.51,,red,1,28.33,0,-16.67,0,-12.51
5037,168.068,red,observed,1.0,12.55,,red,1,28.2,0,-16.6,0,-12.55
5040,168.168,red,observed,1.0,12.61,,red,1,28.07,0,-16.03,0,-12.61
5043,168.268,red,observed,1.0,12.59,,red,1,28.65,0,-16.24,0,-12.59
5046,168.368,red,observed,1.0,12.67,,red,1,28.11,0,-16.31,0,-12.67
5049,168.468,red,observed,1.0,12.81,,red,1,28.47,0,-16.67,0,-12.81
5052,168.568,red,observed,1.0,12.67,,red,1,28.51,0,-15.95,0,-12.67
5055,168.668,red,observed,1.0,12.57,,red,1,28.42,0,-16.38,0,-12.57
5058,168.769,red,observed,1.0,12.39,,red,1,28.24,0,-16.45,0,-12.39
5061,168.869,red,observed,1.0,12.65,,red,1,27.66,0,-15.95,0,-12.65
5064,168.969,red,observed,1.0,12.65,,red,1,27.12,0,-15.52,0,-12.65
5067,169.069,red,observed,1.0,12.65,,red,1,28.15,0,-16.38,0,-12.65
5070,169.169,red,observed,1.0,12.47,,red,1,28.02,0,-16.45,0,-12.47
5073,169.269,red,observed,1.0,12.55,,red,1,28.02,0,-16.03,0,-12.55
5076,169.369,red,observed,1.0,12.55,,red,1,27.57,0,-16.67,0,-12.55
5079,169.469,red,observed,1.0,12.73,,red,1,27.48,0,-16.67,0,-12.73
5082,169.569,red,observed,1.0,12.71,,red,1,27.93,0,-16.24,0,-12.71
5085,169.67,red,observed,1.0,12.43,,red,1,28.56,0,-15.88,0,-12.43
5088,169.77,red,observed,1.0,12.59,,red,1,27.84,0,-16.24,0,-12.59
5091,169.87,red,observed,1.0,12.33,,red,1,27.35,0,-16.31,0,-12.33
5094,169.97,red,observed,1.0,12.75,,red,1,27.71,0,-15.81,0,-12.75
5097,170.07,red,observed,1.0,12.49,,red,1,27.71,0,-16.17,0,-12.49
5100,170.17,red,observed,1.0,12.45,,red,1,27.8,0,-16.31,0,-12.45
5103,170.27,red,observed,1.0,12.45,,red,1,28.24,0,-16.31,0,-12.45
5106,170.37,red,observed,1.0,12.49,,red,1,27.93,0,-16.03,0,-12.49
5109,170.47,red,observed,1.0,12.61,,red,1,27.98,0,-15.45,0,-12.61
5112,170.57,red,observed,1.0,12.45,,red,1,27.62,0,-15.81,0,-12.45
5115,170.67,red,observed,1.0,12.73,,red,1,28.15,0,-16.67,0,-12.73
5118,170.771,red,observed,1.0,12.51,,red,1,28.02,0,-16.1,0,-12.51
5121,170.871,red,observed,1.0,12.43,,red,1,27.71,0,-15.52,0,-12.43
5124,170.971,red,observed,1.0,12.71,,red,1,28.02,0,-16.1,0,-12.71
5127,171.071,red,observed,1.0,12.57,,red,1,27.84,0,-16.17,0,-12.57
5130,171.171,red,observed,1.0,12.57,,red,1,28.15,0,-16.67,0,-12.57
5133,171.271,red,observed,1.0,12.67,,red,1,28.47,0,-16.45,0,-12.67
5136,171.371,red,observed,1.0,12.67,,red,1,28.29,0,-16.17,0,-12.67
5139,171.471,red,observed,1.0,12.53,,red,1,28.24,0,-16.6,0,-12.53
5142,171.571,red,observed,1.0,12.37,,red,1,27.89,0,-16.24,0,-12.37
5145,171.672,red,observed,1.0,12.65,,red,1,28.07,0,-16.24,0,-12.65
5148,171.772,red,observed,1.0,12.63,,red,1,27.93,0,-16.24,0,-12.63
5151,171.872,red,observed,1.0,12.59,,red,1,27.93,0,-16.03,0,-12.59
5154,171.972,red,observed,1.0,12.53,,red,1,28.74,0,-15.95,0,-12.53
5157,172.072,red,observed,1.0,12.39,,red,1,28.38,0,-15.95,0,-12.39
5160,172.172,red,observed,1.0,12.61,,red,1,28.24,0,-16.38,0,-12.61
5163,172.272,red,observed,1.0,12.61,,red,1,28.07,0,-16.45,0,-12.61
5166,172.372,red,observed,1.0,12.35,,red,1,28.51,0,-15.6,0,-12.35
5169,172.472,red,observed,1.0,12.75,,red,1,28.47,0,-15.95,0,-12.75
5172,172.572,red,observed,1.0,12.65,,red,1,28.11,0,-15.02,0,-12.65
5175,172.672,red,observed,1.0,12.47,,red,1,28.96,0,-16.31,0,-12.47
5178,172.773,red,observed,1.0,12.51,,red,1,28.56,0,-16.45,0,-12.51
5181,172.873,red,observed,1.0,12.59,,red,1,28.42,0,-16.17,0,-12.59
5184,172.973,red,observed,1.0,12.67,,red,1,27.98,0,-16.53,0,-12.67
5187,173.073,red,observed,1.0,12.67,,red,1,29.28,0,-16.31,0,-12.67
5190,173.173,red,observed,1.0,12.65,,red,1,28.6,0,-15.81,0,-12.65
5193,173.273,red,observed,1.0,12.57,,red,1,28.51,0,-16.81,0,-12.57
5196,173.373,red,observed,1.0,12.55,,red,1,28.56,0,-16.6,0,-12.55
5199,173.473,red,observed,1.0,12.73,,red,1,28.78,0,-16.53,0,-12.73
5202,173.573,red,observed,1.0,12.49,,red,1,28.83,0,-16.1,0,-12.49
5205,173.674,red,observed,1.0,12.69,,red,1,28.42,0,-16.24,0,-12.69
5208,173.774,red,observed,1.0,12.49,,red,1,29.32,0,-16.45,0,-12.49
5211,173.874,red,observed,1.0,12.41,,red,1,29.14,0,-16.17,0,-12.41
5214,173.974,red,observed,1.0,12.65,,red,1,28.92,0,-16.31,0,-12.65
5217,174.074,red,observed,1.0,12.71,,red,1,28.33,0,-15.81,0,-12.71
5220,174.174,red,observed,1.0,12.59,,red,1,29.14,0,-16.03,0,-12.59
5223,174.274,red,observed,1.0,12.47,,red,1,29.59,0,-16.38,0,-12.47
5226,174.374,red,observed,1.0,12.47,,red,1,29.14,0,-16.6,0,-12.47
5229,174.474,red,observed,1.0,12.59,,red,1,28.78,0,-16.24,0,-12.59
5232,174.574,red,observed,1.0,12.59,,red,1,28.56,0,-15.95,0,-12.59
5235,174.674,red,observed,1.0,12.63,,red,1,28.56,0,-16.17,0,-12.63
5238,174.775,red,observed,1.0,12.55,,red,1,28.74,0,-16.45,0,-12.55
5241,174.875,red,observed,1.0,12.59,,red,1,28.78,0,-15.74,0,-12.59
5244,174.975,red,observed,1.0,12.87,,red,1,28.65,0,-15.88,0,-12.87
5247,175.075,red,observed,1.0,12.61,,red,1,28.15,0,-16.03,0,-12.61
5250,175.175,red,observed,1.0,12.57,,red,1,27.98,0,-16.24,0,-12.57
5253,175.275,red,observed,1.0,12.69,,red,1,28.38,0,-16.03,0,-12.69
5256,175.375,red,observed,1.0,12.55,,red,1,28.38,0,-16.1,0,-12.55
5259,175.475,red,observed,1.0,12.55,,red,1,28.38,0,-15.6,0,-12.55
5262,175.575,red,observed,1.0,12.59,,red,1,28.07,0,-16.74,0,-12.59
5265,175.676,red,observed,1.0,12.71,,red,1,29.01,0,-15.67,0,-12.71
5268,175.776,red,observed,1.0,12.83,,red,1,28.56,0,-16.1,0,-12.83
5271,175.876,red,observed,1.0,12.69,,red,1,28.51,0,-16.03,0,-12.69
5274,175.976,red,observed,1.0,12.65,,red,1,29.28,0,-16.67,0,-12.65
5277,176.076,red,observed,1.0,12.67,,red,1,28.87,0,-16.74,0,-12.67
5280,176.176,red,observed,1.0,12.81,,red,1,29.19,0,-16.17,0,-12.81
5283,176.276,red,observed,1.0,12.59,,red,1,28.78,0,-15.52,0,-12.59
5286,176.376,red,observed,1.0,12.35,,red,1,27.84,0,-15.95,0,-12.35
5289,176.476,red,observed,1.0,12.75,,red,1,28.96,0,-15.95,0,-12.75
5292,176.576,red,observed,1.0,12.73,,red,1,28.87,0,-16.24,0,-12.73
5295,176.676,red,observed,1.0,12.65,,red,1,29.14,0,-16.88,0,-12.65
5298,176.777,red,observed,1.0,12.55,,red,1,28.51,0,-17.03,0,-12.55
5301,176.877,red,observed,1.0,12.61,,red,1,28.47,0,-16.17,0,-12.61
5304,176.977,red,observed,1.0,12.65,,red,1,28.47,0,-16.03,0,-12.65
5307,177.077,red,observed,1.0,12.47,,red,1,27.75,0,-16.67,0,-12.47
5310,177.177,red,observed,1.0,12.73,,red,1,28.07,0,-16.96,0,-12.73
5313,177.277,red,observed,1.0,12.43,,red,1,28.6,0,-15.88,0,-12.43
5316,177.377,red,observed,1.0,12.75,,red,1,28.56,0,-15.81,0,-12.75
5319,177.477,red,observed,1.0,12.77,,red,1,28.65,0,-16.67,0,-12.77
5322,177.577,red,observed,1.0,12.53,,red,1,28.38,0,-16.24,0,-12.53
5325,177.678,red,observed,1.0,12.89,,red,1,28.83,0,-16.1,0,-12.89
5328,177.778,red,observed,1.0,12.53,,red,1,28.07,0,-16.17,0,-12.53
5331,177.878,red,observed,1.0,12.65,,red,1,28.6,0,-16.03,0,-12.65
5334,177.978,red,observed,1.0,12.57,,red,1,28.47,0,-16.6,0,-12.57
5337,178.078,red,observed,1.0,12.61,,red,1,28.65,0,-16.45,0,-12.61
5340,178.178,red,observed,1.0,12.73,,red,1,28.92,0,-16.45,0,-12.73
5343,178.278,red,observed,1.0,12.57,,red,1,28.83,0,-16.31,0,-12.57
5346,178.378,red,observed,1.0,12.45,,red,1,28.92,0,-16.67,0,-12.45
5349,178.478,red,observed,1.0,12.51,,red,1,28.74,0,-16.1,0,-12.51
5352,178.578,red,observed,1.0,12.51,,red,1,28.69,0,-16.24,0,-12.51
5355,178.678,red,observed,1.0,12.55,,red,1,27.71,0,-16.81,0,-12.55
5358,178.779,red,observed,1.0,12.55,,red,1,28.51,0,-16.31,0,-12.55
5361,178.879,red,observed,1.0,12.55,,red,1,28.29,0,-16.17,0,-12.55
5364,178.979,red,observed,1.0,12.55,,red,1,28.2,0,-16.45,0,-12.55
5367,179.079,red,observed,1.0,12.69,,red,1,27.89,0,-16.6,0,-12.69
5370,179.179,red,observed,1.0,12.55,,red,1,27.84,0,-16.1,0,-12.55
5373,179.279,red,observed,1.0,12.61,,red,1,27.84,0,-16.17,0,-12.61
5376,179.379,red,observed,1.0,12.37,,red,1,27.89,0,-15.88,0,-12.37
5379,179.479,red,observed,1.0,12.45,,red,1,27.8,0,-15.88,0,-12.45
5382,179.579,red,observed,1.0,12.45,,red,1,28.47,0,-15.95,0,-12.45
5385,179.68,red,observed,1.0,12.59,,red,1,27.98,0,-16.17,0,-12.59
5388,179.78,red,observed,1.0,12.55,,red,1,27.89,0,-15.95,0,-12.55
5391,179.88,red,observed,1.0,12.61,,red,1,28.33,0,-16.38,0,-12.61
5394,179.98,red,observed,1.0,12.47,,red,1,28.33,0,-16.24,0,-12.47
5397,180.08,red,observed,1.0,12.61,,red,1,28.38,0,-16.03,0,-12.61
5400,180.18,red,observed,1.0,12.65,,red,1,27.71,0,-16.53,0,-12.65
5403,180.28,red,observed,1.0,12.55,,red,1,27.17,0,-16.31,0,-12.55
5406,180.38,red,observed,1.0,12.43,,red,1,27.35,0,-16.88,0,-12.43
5409,180.48,red,observed,1.0,12.45,,red,1,28.02,0,-16.38,0,-12.45
5412,180.58,red,observed,1.0,12.71,,red,1,27.53,0,-17.03,0,-12.71
5415,180.68,red,observed,1.0,12.39,,red,1,27.53,0,-16.45,0,-12.39
5418,180.781,red,observed,1.0,12.59,,red,1,27.39,0,-16.53,0,-12.59
5421,180.881,red,observed,1.0,12.47,,red,1,27.71,0,-16.31,0,-12.47
5424,180.981,red,observed,1.0,12.53,,red,1,27.93,0,-15.95,0,-12.53
5427,181.081,red,observed,1.0,12.57,,red,1,27.89,0,-16.67,0,-12.57
5430,181.181,red,observed,1.0,12.67,,red,1,27.44,0,-16.31,0,-12.67
5433,181.281,red,observed,1.0,12.51,,red,1,28.02,0,-16.17,0,-12.51
5436,181.381,red,observed,1.0,12.65,,red,1,27.98,0,-16.03,0,-12.65
5439,181.481,red,observed,1.0,12.53,,red,1,27.98,0,-15.81,0,-12.53
5442,181.581,red,observed,1.0,12.55,,red,1,28.11,0,-16.6,0,-12.55
5445,181.682,red,observed,1.0,12.51,,red,1,27.84,0,-15.95,0,-12.51
5448,181.782,red,observed,1.0,12.55,,red,1,27.26,0,-16.03,0,-12.55
5451,181.882,red,observed,1.0,12.45,,red,1,27.12,0,-16.81,0,-12.45
5454,181.982,red,observed,1.0,12.45,,red,1,26.99,0,-16.6,0,-12.45
5457,182.082,red,observed,1.0,12.47,,red,1,27.84,0,-16.53,0,-12.47
5460,182.182,red,observed,1.0,12.41,,red,1,27.62,0,-16.53,0,-12.41
5463,182.282,red,observed,1.0,12.57,,red,1,27.57,0,-16.45,0,-12.57
5466,182.382,red,observed,1.0,12.73,,red,1,27.62,0,-16.6,0,-12.73
5469,182.482,red,observed,1.0,12.57,,red,1,28.02,0,-15.88,0,-12.57
5472,182.582,red,observed,1.0,12.35,,red,1,27.75,0,-16.38,0,-12.35
5475,182.682,red,observed,1.0,12.55,,red,1,28.24,0,-16.38,0,-12.55
5478,182.783,red,observed,1.0,12.53,,red,1,28.11,0,-16.17,0,-12.53
5481,182.883,red,observed,1.0,12.51,,red,1,28.24,0,-16.53,0,-12.51
5484,182.983,red,observed,1.0,12.55,,red,1,28.24,0,-17.17,0,-12.55
5487,183.083,red,observed,1.0,12.51,,red,1,27.48,0,-16.88,0,-12.51
5490,183.183,red,observed,1.0,12.47,,red,1,27.8,0,-16.67,0,-12.47
5493,183.283,red,observed,1.0,12.41,,red,1,27.93,0,-16.24,0,-12.41
5496,183.383,red,observed,1.0,12.47,,red,1,27.71,0,-16.74,0,-12.47
5499,183.483,red,observed,1.0,12.69,,red,1,28.07,0,-16.6,0,-12.69
5502,183.583,red,observed,1.0,12.43,,red,1,28.11,0,-15.6,0,-12.43
5505,183.684,red,observed,1.0,12.57,,red,1,27.8,0,-16.1,0,-12.57
5508,183.784,red,observed,1.0,12.37,,red,1,27.21,0,-15.67,0,-12.37
5511,183.884,red,observed,1.0,12.49,,red,1,28.2,0,-16.38,0,-12.49
5514,183.984,red,observed,1.0,12.29,,red,1,28.38,0,-16.17,0,-12.29
5517,184.084,red,observed,1.0,12.33,,red,1,28.42,0,-15.67,0,-12.33
5520,184.184,red,observed,1.0,12.67,,red,1,28.42,0,-16.81,0,-12.67
5523,184.284,red,observed,1.0,12.55,,red,1,28.47,0,-16.31,0,-12.55
5526,184.384,red,observed,1.0,12.57,,red,1,28.24,0,-15.81,0,-12.57
5529,184.484,red,observed,1.0,12.37,,red,1,27.26,0,-16.17,0,-12.37
5532,184.584,red,observed,1.0,12.55,,red,1,27.98,0,-16.03,0,-12.55
5535,184.684,red,observed,1.0,12.49,,red,1,28.07,0,-16.67,0,-12.49
5538,184.785,red,observed,1.0,12.55,,red,1,27.35,0,-16.96,0,-12.55
5541,184.885,red,observed,1.0,12.53,,red,1,27.21,0,-17.24,0,-12.53
5544,184.985,red,observed,1.0,12.49,,red,1,27.26,0,-16.81,0,-12.49
5547,185.085,red,observed,1.0,12.59,,red,1,27.39,0,-16.81,0,-12.59
5550,185.185,red,observed,1.0,12.65,,red,1,28.47,0,-16.96,0,-12.65
5553,185.285,red,observed,1.0,12.53,,red,1,28.42,0,-16.6,0,-12.53
5556,185.385,red,observed,1.0,12.33,,red,1,28.83,0,-16.24,0,-12.33
5559,185.485,red,observed,1.0,12.79,,red,1,28.38,0,-16.67,0,-12.79
5562,185.585,red,observed,1.0,12.51,,red,1,28.42,0,-16.74,0,-12.51
5565,185.686,red,observed,1.0,12.33,,red,1,28.6,0,-16.53,0,-12.33
5568,185.786,red,observed,1.0,12.21,,red,1,28.29,0,-16.81,0,-12.21
5571,185.886,red,observed,1.0,12.53,,red,1,27.93,0,-15.95,0,-12.53
5574,185.986,red,observed,1.0,12.47,,red,1,28.29,0,-16.81,0,-12.47
5577,186.086,red,observed,1.0,12.61,,red,1,27.8,0,-16.1,0,-12.61
5580,186.186,red,observed,1.0,12.25,,red,1,27.35,0,-17.46,0,-12.25
5583,186.286,red,observed,1.0,12.61,,red,1,28.15,0,-16.38,0,-12.61
5586,186.386,red,observed,1.0,12.61,,red,1,28.24,0,-16.24,0,-12.61
5589,186.486,red,observed,1.0,12.65,,red,1,27.66,0,-16.38,0,-12.65
5592,186.586,red,observed,1.0,12.75,,red,1,28.92,0,-15.81,0,-12.75
5595,186.686,red,observed,1.0,12.59,,red,1,27.98,0,-16.45,0,-12.59
5598,186.787,red,observed,1.0,12.51,,red,1,28.74,0,-15.95,0,-12.51
5601,186.887,red,observed,1.0,12.37,,red,1,28.38,0,-16.1,0,-12.37
5604,186.987,red,observed,1.0,12.33,,red,1,28.33,0,-17.17,0,-12.33
5607,187.087,red,observed,1.0,12.57,,red,1,28.42,0,-16.24,0,-12.57
5610,187.187,red,observed,1.0,12.53,,red,1,28.11,0,-16.1,0,-12.53
5613,187.287,red,observed,1.0,12.49,,red,1,27.84,0,-15.6,0,-12.49
5616,187.387,red,observed,1.0,12.69,,red,1,28.96,0,-15.74,0,-12.69
5619,187.487,red,observed,1.0,12.45,,red,1,28.69,0,-15.74,0,-12.45
5622,187.587,red,observed,1.0,12.65,,red,1,28.11,0,-16.31,0,-12.65
5625,187.688,red,observed,1.0,12.55,,red,1,27.93,0,-16.31,0,-12.55
5628,187.788,red,observed,1.0,12.53,,red,1,28.74,0,-15.81,0,-12.53
5631,187.888,red,observed,1.0,12.55,,red,1,28.29,0,-16.53,0,-12.55
5634,187.988,red,observed,1.0,12.57,,red,1,28.2,0,-16.17,0,-12.57
5637,188.088,red,observed,1.0,12.77,,red,1,28.78,0,-16.03,0,-12.77
5640,188.188,red,observed,1.0,12.55,,red,1,28.83,0,-16.17,0,-12.55
5643,188.288,red,observed,1.0,12.55,,red,1,28.69,0,-16.31,0,-12.55
5646,188.388,red,observed,1.0,12.55,,red,1,28.96,0,-15.95,0,-12.55
5649,188.488,red,observed,1.0,12.61,,red,1,28.83,0,-16.67,0,-12.61
5652,188.588,red,observed,1.0,12.59,,red,1,29.14,0,-16.31,0,-12.59
5655,188.688,red,observed,1.0,12.59,,red,1,29.01,0,-15.67,0,-12.59
5658,188.789,red,observed,1.0,12.75,,red,1,27.89,0,-15.38,0,-12.75
5661,188.889,red,observed,1.0,12.57,,red,1,28.07,0,-15.88,0,-12.57
5664,188.989,red,observed,1.0,12.63,,red,1,28.42,0,-16.03,0,-12.63
5667,189.089,red,observed,1.0,12.71,,red,1,28.47,0,-15.74,0,-12.71
5670,189.189,red,observed,1.0,12.59,,red,1,28.56,0,-16.24,0,-12.59
5673,189.289,red,observed,1.0,12.59,,red,1,27.93,0,-16.31,0,-12.59
5676,189.389,red,observed,1.0,12.49,,red,1,28.74,0,-16.17,0,-12.49
5679,189.489,red,observed,1.0,12.53,,red,1,28.42,0,-16.1,0,-12.53
5682,189.589,red,observed,1.0,12.73,,red,1,28.38,0,-15.67,0,-12.73
5685,189.69,red,observed,1.0,12.61,,red,1,28.33,0,-16.03,0,-12.61
5688,189.79,red,observed,1.0,12.57,,red,1,28.69,0,-16.03,0,-12.57
5691,189.89,red,observed,1.0,12.51,,red,1,28.15,0,-16.17,0,-12.51
5694,189.99,red,observed,1.0,12.51,,red,1,28.65,0,-16.24,0,-12.51
5697,190.09,red,observed,1.0,12.59,,red,1,28.6,0,-16.45,0,-12.59
5700,190.19,red,observed,1.0,12.71,,red,1,28.65,0,-16.38,0,-12.71
5703,190.29,red,observed,1.0,12.67,,red,1,28.65,0,-16.03,0,-12.67
5706,190.39,red,observed,1.0,12.45,,red,1,28.65,0,-16.53,0,-12.45
5709,190.49,red,observed,1.0,12.53,,red,1,28.65,0,-15.95,0,-12.53
5712,190.59,red,observed,1.0,12.69,,red,1,27.89,0,-15.81,0,-12.69
5715,190.69,red,observed,1.0,12.53,,red,1,28.07,0,-16.67,0,-12.53
5718,190.791,red,observed,1.0,12.71,,red,1,28.51,0,-15.88,0,-12.71
5721,190.891,red,observed,1.0,12.57,,red,1,28.51,0,-15.95,0,-12.57
5724,190.991,red,observed,1.0,12.49,,red,1,28.24,0,-16.53,0,-12.49
5727,191.091,red,observed,1.0,12.47,,red,1,28.15,0,-16.96,0,-12.47
5730,191.191,red,observed,1.0,12.37,,red,1,28.38,0,-16.88,0,-12.37
5733,191.291,red,observed,1.0,12.67,,red,1,27.8,0,-16.1,0,-12.67
5736,191.391,red,observed,1.0,12.77,,red,1,28.07,0,-16.38,0,-12.77
5739,191.491,red,observed,1.0,12.55,,red,1,28.2,0,-16.24,0,-12.55
5742,191.591,red,observed,1.0,12.77,,red,1,28.6,0,-16.38,0,-12.77
5745,191.692,red,observed,1.0,12.65,,red,1,28.2,0,-16.24,0,-12.65
5748,191.792,red,observed,1.0,12.59,,red,1,28.02,0,-16.1,0,-12.59
5751,191.892,red,observed,1.0,12.53,,red,1,28.69,0,-16.38,0,-12.53
5754,191.992,red,observed,1.0,12.71,,red,1,28.29,0,-16.17,0,-12.71
5757,192.092,red,observed,1.0,12.79,,red,1,28.56,0,-15.17,0,-12.79
5760,192.192,red,observed,1.0,12.45,,red,1,28.07,0,-15.88,0,-12.45
5763,192.292,red,observed,1.0,12.35,,red,1,28.11,0,-15.74,0,-12.35
5766,192.392,red,observed,1.0,12.57,,red,1,28.56,0,-15.45,0,-12.57
5769,192.492,red,observed,1.0,12.63,,red,1,27.75,0,-16.88,0,-12.63
5772,192.592,red,observed,1.0,12.59,,red,1,28.65,0,-16.03,0,-12.59
5775,192.692,red,observed,1.0,12.59,,red,1,27.03,0,-17.03,0,-12.59
5778,192.793,red,observed,1.0,12.47,,red,1,28.33,0,-15.67,0,-12.47
5781,192.893,red,observed,1.0,12.75,,red,1,27.75,0,-15.81,0,-12.75
5784,192.993,red,observed,1.0,12.49,,red,1,27.48,0,-16.1,0,-12.49
5787,193.093,red,observed,1.0,12.65,,red,1,27.57,0,-16.67,0,-12.65
5790,193.193,red,observed,1.0,12.33,,red,1,28.87,0,-16.1,0,-12.33
5793,193.293,red,observed,1.0,12.53,,red,1,28.24,0,-16.38,0,-12.53
5796,193.393,red,observed,1.0,12.49,,red,1,28.74,0,-15.88,0,-12.49
5799,193.493,red,observed,1.0,12.45,,red,1,28.83,0,-15.67,0,-12.45
5802,193.593,red,observed,1.0,12.39,,red,1,28.42,0,-16.17,0,-12.39
5805,193.694,red,observed,1.0,12.55,,red,1,28.24,0,-16.53,0,-12.55
5808,193.794,red,observed,1.0,12.45,,red,1,28.42,0,-15.74,0,-12.45
5811,193.894,red,observed,1.0,12.53,,red,1,28.29,0,-15.74,0,-12.53
5814,193.994,red,observed,1.0,12.61,,red,1,28.42,0,-15.81,0,-12.61
5817,194.094,red,observed,1.0,12.47,,red,1,28.29,0,-16.31,0,-12.47
5820,194.194,red_amber,observed,1.0,12.67,,red_amber,1,28.74,1,16.67,0,-12.67
5823,194.294,red_amber,observed,1.0,12.59,,red_amber,1,28.74,1,16.81,0,-12.59
5826,194.394,red_amber,observed,1.0,12.65,,red_amber,1,28.51,1,17.17,0,-12.65
5829,194.494,red_amber,observed,1.0,12.57,,red_amber,1,28.02,1,16.6,0,-12.57
5832,194.594,red_amber,observed,1.0,12.71,,red_amber,1,28.69,1,15.74,0,-12.71
5835,194.694,red_amber,observed,1.0,12.63,,red_amber,1,28.83,1,16.6,0,-12.63
5838,194.795,red_amber,observed,1.0,12.57,,red_amber,1,28.42,1,16.96,0,-12.57
5841,194.895,red_amber,observed,1.0,12.69,,red_amber,1,28.65,1,16.88,0,-12.69
5844,194.995,red_amber,observed,1.0,12.61,,red_amber,1,28.92,1,17.03,0,-12.61
5847,195.095,red_amber,observed,1.0,12.61,,red_amber,1,28.33,1,16.53,0,-12.61
5850,195.195,red_amber,observed,1.0,12.43,,red_amber,1,28.24,1,16.24,0,-12.43
5853,195.295,red_amber,observed,1.0,12.41,,red_amber,1,28.15,1,16.24,0,-12.41
5856,195.395,red_amber,observed,1.0,12.67,,red_amber,1,28.2,1,16.67,0,-12.67
5859,195.495,red_amber,observed,1.0,12.55,,red_amber,1,28.02,1,16.24,0,-12.55
5862,195.595,red_amber,observed,1.0,12.49,,red_amber,1,28.2,1,16.31,0,-12.49
5865,195.696,red_amber,observed,1.0,12.67,,red_amber,1,27.84,1,16.38,0,-12.67
5868,195.796,red_amber,observed,1.0,12.55,,red_amber,1,28.38,1,16.1,0,-12.55
5871,195.896,red_amber,observed,1.0,12.69,,red_amber,1,28.02,1,16.31,0,-12.69
5874,195.996,red_amber,observed,1.0,12.83,,red_amber,1,28.74,1,15.6,0,-12.83
5877,196.096,red_amber,observed,1.0,12.67,,red_amber,1,29.05,1,15.6,0,-12.67
5880,196.196,red_amber,observed,1.0,12.55,,red_amber,1,27.62,1,15.95,0,-12.55
5883,196.296,red_amber,observed,1.0,12.77,,red_amber,1,27.48,1,15.95,0,-12.77
5886,196.396,red_amber,observed,1.0,12.83,,red_amber,1,28.24,1,15.88,0,-12.83
5889,196.496,red_amber,observed,1.0,12.73,,red_amber,1,28.24,1,15.74,0,-12.73
5892,196.596,red_amber,observed,1.0,12.77,,red_amber,1,28.29,1,15.74,0,-12.77
5895,196.696,red_amber,observed,1.0,12.43,,red_amber,1,27.35,1,17.03,0,-12.43
5898,196.797,red_amber,observed,1.0,12.77,,red_amber,1,28.07,1,15.95,0,-12.77
5901,196.897,red_amber,observed,1.0,12.71,,red_amber,1,28.47,1,15.74,0,-12.71
5904,196.997,red_amber,observed,1.0,12.39,,red_amber,1,28.83,1,16.03,0,-12.39
5907,197.097,red_amber,observed,1.0,12.61,,red_amber,1,28.51,1,15.67,0,-12.61
5910,197.197,green,observed,1.0,12.05,,green,0,-26.94,0,-15.38,1,12.05
5913,197.297,green,observed,1.0,12.15,,green,0,-27.39,0,-16.03,1,12.15
5916,197.397,green,observed,1.0,11.95,,green,0,-27.21,0,-16.45,1,11.95
5919,197.497,green,observed,1.0,12.01,,green,0,-27.71,0,-16.38,1,12.01
5922,197.597,green,observed,1.0,12.07,,green,0,-27.8,0,-15.74,1,12.07
5925,197.698,green,observed,1.0,12.13,,green,0,-27.93,0,-16.24,1,12.13
5928,197.798,green,observed,1.0,12.25,,green,0,-27.84,0,-16.53,1,12.25
5931,197.898,green,observed,1.0,12.19,,green,0,-27.44,0,-16.67,1,12.19
5934,197.998,green,observed,1.0,12.21,,green,0,-27.57,0,-16.88,1,12.21
5937,198.098,green,observed,1.0,12.21,,green,0,-27.89,0,-16.53,1,12.21
5940,198.198,green,observed,1.0,12.19,,green,0,-27.35,0,-16.53,1,12.19
5943,198.298,green,observed,1.0,12.27,,green,0,-27.39,0,-16.6,1,12.27
5946,198.398,green,observed,1.0,12.31,,green,0,-27.62,0,-16.6,1,12.31
5949,198.498,green,observed,1.0,12.17,,green,0,-27.39,0,-16.67,1,12.17
5952,198.598,green,observed,1.0,12.23,,green,0,-27.71,0,-15.88,1,12.23
5955,198.698,green,observed,1.0,12.19,,green,0,-27.71,0,-16.03,1,12.19
5958,198.799,green,observed,1.0,12.25,,green,0,-27.66,0,-16.74,1,12.25
5961,198.899,green,observed,1.0,12.29,,green,0,-27.62,0,-16.88,1,12.29
5964,198.999,green,observed,1.0,12.25,,green,0,-28.02,0,-15.67,1,12.25
5967,199.099,green,observed,1.0,12.27,,green,0,-27.44,0,-16.53,1,12.27
5970,199.199,green,observed,1.0,12.29,,green,0,-27.84,0,-15.81,1,12.29
5973,199.299,green,observed,1.0,12.53,,green,0,-27.71,0,-16.45,1,12.53
5976,199.399,green,observed,1.0,12.27,,green,0,-27.62,0,-16.67,1,12.27
5979,199.499,green,observed,1.0,12.39,,green,0,-27.53,0,-15.88,1,12.39
5982,199.599,green,observed,1.0,12.23,,green,0,-27.35,0,-16.53,1,12.23
5985,199.7,green,observed,1.0,12.11,,green,0,-27.53,0,-16.67,1,12.11
5988,199.8,green,observed,1.0,12.31,,green,0,-28.15,0,-16.81,1,12.31
5991,199.9,green,observed,1.0,12.17,,green,0,-28.07,0,-16.03,1,12.17
5994,200.0,green,observed,1.0,12.25,,green,0,-27.93,0,-16.24,1,12.25
5997,200.1,green,observed,1.0,12.21,,green,0,-28.02,0,-16.24,1,12.21
6000,200.2,green,observed,1.0,12.39,,green,0,-27.8,0,-16.74,1,12.39
6003,200.3,green,observed,1.0,12.45,,green,0,-27.93,0,-16.24,1,12.45
6006,200.4,green,observed,1.0,12.29,,green,0,-27.48,0,-16.03,1,12.29
6009,200.5,green,observed,1.0,12.27,,green,0,-27.48,0,-16.03,1,12.27
6012,200.6,green,observed,1.0,12.35,,green,0,-27.26,0,-16.88,1,12.35
6015,200.7,green,observed,1.0,12.19,,green,0,-27.93,0,-16.88,1,12.19
6018,200.801,green,observed,1.0,12.27,,green,0,-27.62,0,-16.53,1,12.27
6021,200.901,green,observed,1.0,12.31,,green,0,-28.38,0,-16.38,1,12.31
6024,201.001,green,observed,1.0,12.23,,green,0,-28.07,0,-16.96,1,12.23
6027,201.101,green,observed,1.0,12.29,,green,0,-27.57,0,-17.67,1,12.29
6030,201.201,green,observed,1.0,12.25,,green,0,-27.8,0,-16.17,1,12.25
6033,201.301,green,observed,1.0,12.39,,green,0,-28.15,0,-16.03,1,12.39
6036,201.401,green,observed,1.0,12.39,,green,0,-27.66,0,-16.38,1,12.39
6039,201.501,green,observed,1.0,12.45,,green,0,-27.98,0,-16.31,1,12.45
6042,201.601,green,observed,1.0,12.29,,green,0,-27.62,0,-16.96,1,12.29
6045,201.702,green,observed,1.0,12.37,,green,0,-27.71,0,-16.45,1,12.37
6048,201.802,green,observed,1.0,12.41,,green,0,-27.8,0,-15.81,1,12.41
6051,201.902,green,observed,1.0,12.23,,green,0,-28.07,0,-15.52,1,12.23
6054,202.002,green,observed,1.0,12.41,,green,0,-27.93,0,-15.67,1,12.41
6057,202.102,green,observed,1.0,12.29,,green,0,-27.71,0,-15.81,1,12.29
6060,202.202,green,observed,1.0,12.23,,green,0,-27.57,0,-16.1,1,12.23
6063,202.302,green,observed,1.0,12.27,,green,0,-27.66,0,-16.45,1,12.27
6066,202.402,green,observed,1.0,12.35,,green,0,-27.03,0,-16.6,1,12.35
6069,202.502,green,observed,1.0,12.19,,green,0,-27.89,0,-16.17,1,12.19
6072,202.602,green,observed,1.0,12.19,,green,0,-27.93,0,-16.31,1,12.19
6075,202.703,green,observed,1.0,12.35,,green,0,-27.48,0,-16.31,1,12.35
6078,202.803,green,observed,1.0,12.25,,green,0,-27.53,0,-16.17,1,12.25
6081,202.903,green,observed,1.0,12.23,,green,0,-27.39,0,-16.24,1,12.23
6084,203.003,green,observed,1.0,12.33,,green,0,-27.66,0,-15.88,1,12.33
6087,203.103,green,observed,1.0,12.25,,green,0,-27.98,0,-15.81,1,12.25
6090,203.203,green,observed,1.0,12.29,,green,0,-27.39,0,-16.81,1,12.29
6093,203.303,green,observed,1.0,12.25,,green,0,-27.93,0,-16.31,1,12.25
6096,203.403,green,observed,1.0,12.39,,green,0,-27.39,0,-16.53,1,12.39
6099,203.503,green,observed,1.0,12.19,,green,0,-27.53,0,-16.17,1,12.19
6102,203.603,green,observed,1.0,12.17,,green,0,-27.66,0,-15.74,1,12.17
6105,203.704,green,observed,1.0,12.23,,green,0,-27.35,0,-17.03,1,12.23
6108,203.804,green,observed,1.0,12.33,,green,0,-27.89,0,-16.38,1,12.33
6111,203.904,green,observed,1.0,12.21,,green,0,-27.57,0,-16.38,1,12.21
6114,204.004,green,observed,1.0,12.29,,green,0,-28.24,0,-16.74,1,12.29
6117,204.104,green,observed,1.0,12.21,,green,0,-28.07,0,-16.17,1,12.21
6120,204.204,green,observed,1.0,12.17,,green,0,-28.11,0,-16.24,1,12.17
6123,204.304,green,observed,1.0,12.19,,green,0,-27.75,0,-16.45,1,12.19
6126,204.404,green,observed,1.0,12.23,,green,0,-28.02,0,-16.74,1,12.23
6129,204.504,green,observed,1.0,12.21,,green,0,-27.44,0,-16.53,1,12.21
6132,204.604,green,observed,1.0,12.11,,green,0,-27.8,0,-16.53,1,12.11
6135,204.704,green,observed,1.0,12.09,,green,0,-27.44,0,-16.67,1,12.09
6138,204.805,green,observed,1.0,12.25,,green,0,-27.44,0,-15.6,1,12.25
6141,204.905,green,observed,1.0,12.17,,green,0,-27.53,0,-16.24,1,12.17
6144,205.005,green,observed,1.0,12.27,,green,0,-27.35,0,-16.17,1,12.27
6147,205.105,green,observed,1.0,11.97,,green,0,-27.66,0,-15.95,1,11.97
6150,205.205,green,observed,1.0,12.23,,green,0,-27.89,0,-15.6,1,12.23
6153,205.305,green,observed,1.0,12.19,,green,0,-27.71,0,-15.74,1,12.19
6156,205.405,green,observed,1.0,11.99,,green,0,-27.66,0,-15.67,1,11.99
6159,205.505,green,observed,1.0,12.17,,green,0,-27.53,0,-16.1,1,12.17
6162,205.605,green,observed,1.0,12.19,,green,0,-27.57,0,-15.81,1,12.19
6165,205.706,green,observed,1.0,12.15,,green,0,-27.35,0,-15.88,1,12.15
6168,205.806,green,observed,1.0,12.07,,green,0,-28.11,0,-16.1,1,12.07
6171,205.906,green,observed,1.0,12.11,,green,0,-27.17,0,-15.88,1,12.11
6174,206.006,green,observed,1.0,12.03,,green,0,-27.53,0,-15.81,1,12.03
6177,206.106,green,observed,1.0,12.25,,green,0,-27.44,0,-16.6,1,12.25
6180,206.206,green,observed,1.0,12.09,,green,0,-27.3,0,-16.1,1,12.09
6183,206.306,green,observed,1.0,12.17,,green,0,-27.35,0,-16.38,1,12.17
6186,206.406,green,observed,1.0,11.99,,green,0,-27.39,0,-16.17,1,11.99
6189,206.506,green,observed,1.0,12.03,,green,0,-27.93,0,-16.17,1,12.03
6192,206.606,green,observed,1.0,12.07,,green,0,-27.62,0,-16.31,1,12.07
6195,206.706,green,observed,1.0,12.03,,green,0,-27.8,0,-16.67,1,12.03
6198,206.807,green,observed,1.0,11.97,,green,0,-27.89,0,-16.31,1,11.97
6201,206.907,green,observed,1.0,12.01,,green,0,-27.62,0,-16.67,1,12.01
6204,207.007,green,observed,1.0,11.99,,green,0,-27.62,0,-16.67,1,11.99
6207,207.107,green,observed,1.0,11.79,,green,0,-27.98,0,-16.6,1,11.79
6210,207.207,green,observed,1.0,11.91,,green,0,-27.66,0,-16.24,1,11.91
6213,207.307,green,observed,1.0,11.77,,green,0,-27.66,0,-17.17,1,11.77
6216,207.407,green,observed,1.0,12.01,,green,0,-27.93,0,-16.88,1,12.01
6219,207.507,green,observed,1.0,11.83,,green,0,-27.57,0,-17.1,1,11.83
6222,207.607,green,observed,1.0,12.03,,green,0,-27.84,0,-16.67,1,12.03
6225,207.708,green,observed,1.0,11.85,,green,0,-27.98,0,-16.53,1,11.85
6228,207.808,green,observed,1.0,11.85,,green,0,-27.93,0,-16.6,1,11.85
6231,207.908,green,observed,1.0,12.01,,green,0,-27.21,0,-16.45,1,12.01
6234,208.008,green,observed,1.0,11.91,,green,0,-27.89,0,-17.6,1,11.91
6237,208.108,green,observed,1.0,11.93,,green,0,-27.8,0,-17.17,1,11.93
6240,208.208,green,observed,1.0,11.87,,green,0,-27.66,0,-17.1,1,11.87
6243,208.308,green,observed,1.0,11.83,,green,0,-27.89,0,-17.1,1,11.83
6246,208.408,green,observed,1.0,11.85,,green,0,-27.89,0,-17.17,1,11.85
6249,208.508,green,observed,1.0,11.73,,green,0,-27.89,0,-17.03,1,11.73
6252,208.608,green,observed,1.0,11.85,,green,0,-27.93,0,-17.03,1,11.85
6255,208.709,green,observed,1.0,11.97,,green,0,-28.42,0,-16.74,1,11.97
6258,208.809,green,observed,1.0,11.83,,green,0,-27.93,0,-16.88,1,11.83
6261,208.909,green,observed,1.0,11.87,,green,0,-27.57,0,-16.38,1,11.87
6264,209.009,green,observed,1.0,11.91,,green,0,-27.89,0,-17.03,1,11.91
6267,209.109,green,observed,1.0,12.05,,green,0,-28.07,0,-16.96,1,12.05
6270,209.209,green,observed,1.0,12.05,,green,0,-28.38,0,-17.67,1,12.05
6273,209.309,green,observed,1.0,12.09,,green,0,-27.98,0,-17.1,1,12.09
6276,209.409,green,observed,1.0,11.97,,green,0,-28.56,0,-17.38,1,11.97
6279,209.509,green,observed,1.0,12.05,,green,0,-28.42,0,-17.24,1,12.05
6282,209.609,green,observed,1.0,12.15,,green,0,-27.89,0,-17.38,1,12.15
6285,209.71,green,observed,1.0,12.09,,green,0,-27.75,0,-17.46,1,12.09
6288,209.81,green,observed,1.0,11.91,,green,0,-28.29,0,-17.38,1,11.91
6291,209.91,green,observed,1.0,11.97,,green,0,-28.6,0,-17.46,1,11.97
6294,210.01,green,observed,1.0,12.07,,green,0,-27.98,0,-17.74,1,12.07
6297,210.11,green,observed,1.0,12.05,,green,0,-28.33,0,-17.53,1,12.05
6300,210.21,green,observed,1.0,12.29,,green,0,-28.24,0,-17.31,1,12.29
6303,210.31,green,observed,1.0,12.21,,green,0,-27.71,0,-17.6,1,12.21
6306,210.41,green,observed,1.0,12.15,,green,0,-28.33,0,-17.1,1,12.15
6309,210.51,green,observed,1.0,12.23,,green,0,-27.66,0,-17.03,1,12.23
6312,210.61,green,observed,1.0,12.13,,green,0,-28.24,0,-16.88,1,12.13
6315,210.71,green,observed,1.0,12.03,,green,0,-28.33,0,-17.38,1,12.03
6318,210.811,green,observed,1.0,12.17,,green,0,-28.56,0,-17.89,1,12.17
6321,210.911,green,observed,1.0,12.19,,green,0,-28.2,0,-17.81,1,12.19
6324,211.011,green,observed,1.0,12.29,,green,0,-28.69,0,-17.03,1,12.29
6327,211.111,green,observed,1.0,12.29,,green,0,-28.56,0,-17.96,1,12.29
6330,211.211,green,observed,1.0,12.33,,green,0,-28.47,0,-17.31,1,12.33
6333,211.311,green,observed,1.0,12.19,,green,0,-28.11,0,-17.1,1,12.19
6336,211.411,green,observed,1.0,12.23,,green,0,-28.69,0,-17.24,1,12.23
6339,211.511,green,observed,1.0,12.11,,green,0,-27.84,0,-18.1,1,12.11
6342,211.611,green,observed,1.0,12.49,,green,0,-28.15,0,-18.17,1,12.49
6345,211.712,green,observed,1.0,12.31,,green,0,-28.38,0,-17.53,1,12.31
6348,211.812,green,observed,1.0,12.29,,green,0,-28.38,0,-17.1,1,12.29
6351,211.912,green,observed,1.0,12.15,,green,0,-28.07,0,-17.74,1,12.15
6354,212.012,green,observed,1.0,12.41,,green,0,-28.11,0,-18.31,1,12.41
6357,212.112,green,observed,1.0,12.41,,green,0,-28.92,0,-18.03,1,12.41
6360,212.212,green,observed,1.0,12.39,,green,0,-28.87,0,-17.46,1,12.39
6363,212.312,green,observed,1.0,12.51,,green,0,-28.69,0,-18.31,1,12.51
6366,212.412,green,observed,1.0,12.47,,green,0,-28.78,0,-17.74,1,12.47
6369,212.512,green,observed,1.0,12.31,,green,0,-28.92,0,-17.38,1,12.31
6372,212.612,green,observed,1.0,12.31,,green,0,-28.83,0,-17.38,1,12.31
6375,212.712,green,observed,1.0,12.21,,green,0,-28.6,0,-17.96,1,12.21
6378,212.813,green,observed,1.0,12.11,,green,0,-28.38,0,-17.38,1,12.11
6381,212.913,green,observed,1.0,12.29,,green,0,-28.69,0,-18.31,1,12.29
6384,213.013,green,observed,1.0,12.33,,green,0,-28.38,0,-17.6,1,12.33
6387,213.113,green,observed,1.0,12.31,,green,0,-28.24,0,-18.46,1,12.31
6390,213.213,green,observed,1.0,12.47,,green,0,-28.15,0,-17.96,1,12.47
6393,213.313,green,observed,1.0,12.11,,green,0,-28.56,0,-19.53,1,12.11
6396,213.413,green,observed,1.0,12.31,,green,0,-28.33,0,-18.17,1,12.31
6399,213.513,green,observed,1.0,12.37,,green,0,-28.24,0,-17.24,1,12.37
6402,213.613,green,observed,1.0,12.29,,green,0,-28.96,0,-18.17,1,12.29
6405,213.714,green,observed,1.0,12.37,,green,0,-28.6,0,-17.31,1,12.37
6408,213.814,green,observed,1.0,12.21,,green,0,-28.56,0,-18.1,1,12.21
6411,213.914,green,observed,1.0,12.37,,green,0,-28.38,0,-17.38,1,12.37
6414,214.014,green,observed,1.0,12.43,,green,0,-28.47,0,-17.17,1,12.43
6417,214.114,green,observed,1.0,12.51,,green,0,-28.33,0,-16.96,1,12.51
6420,214.214,green,observed,1.0,12.35,,green,0,-28.07,0,-17.38,1,12.35
6423,214.314,green,observed,1.0,12.33,,green,0,-28.74,0,-16.6,1,12.33
6426,214.414,green,observed,1.0,12.55,,green,0,-28.65,0,-17.6,1,12.55
6429,214.514,green,observed,1.0,12.57,,green,0,-28.69,0,-18.39,1,12.57
6432,214.614,green,observed,1.0,12.43,,green,0,-28.56,0,-17.31,1,12.43
6435,214.715,green,observed,1.0,12.53,,green,0,-28.96,0,-17.67,1,12.53
6438,214.815,green,observed,1.0,12.57,,green,0,-28.07,0,-17.81,1,12.57
6441,214.915,green,observed,1.0,12.57,,green,0,-28.51,0,-17.31,1,12.57
6444,215.015,green,observed,1.0,12.67,,green,0,-28.33,0,-17.24,1,12.67
6447,215.115,green,observed,1.0,12.61,,green,0,-28.38,0,-17.17,1,12.61
6450,215.215,green,observed,1.0,12.53,,green,0,-28.38,0,-16.45,1,12.53
6453,215.315,green,observed,1.0,12.53,,green,0,-28.42,0,-17.74,1,12.53
6456,215.415,green,observed,1.0,12.63,,green,0,-28.74,0,-17.24,1,12.63
6459,215.515,green,observed,1.0,12.77,,green,0,-28.33,0,-17.46,1,12.77
6462,215.615,green,observed,1.0,12.81,,green,0,-28.38,0,-16.6,1,12.81
6465,215.716,green,observed,1.0,12.77,,green,0,-28.02,0,-17.89,1,12.77
6468,215.816,green,observed,1.0,12.87,,green,0,-28.02,0,-17.17,1,12.87
6471,215.916,green,observed,1.0,12.75,,green,0,-28.83,0,-17.38,1,12.75
6474,216.016,green,observed,1.0,12.98,,green,0,-28.2,0,-16.81,1,12.98
6477,216.116,green,observed,1.0,13.02,,green,0,-28.11,0,-16.96,1,13.02
6480,216.216,green,observed,1.0,12.96,,green,0,-28.15,0,-17.1,1,12.96
6483,216.316,green,observed,1.0,13.06,,green,0,-28.33,0,-17.38,1,13.06
6486,216.416,green,observed,1.0,13.0,,green,0,-28.51,0,-17.24,1,13.0
6489,216.516,green,observed,1.0,13.2,,green,0,-28.65,0,-17.6,1,13.2
6492,216.616,green,observed,1.0,13.12,,green,0,-28.29,0,-17.38,1,13.12
6495,216.716,green,observed,1.0,13.26,,green,0,-28.33,0,-17.74,1,13.26
6498,216.817,green,observed,1.0,13.3,,green,0,-28.6,0,-17.46,1,13.3
6501,216.917,green,observed,1.0,13.14,,green,0,-28.42,0,-16.67,1,13.14
6504,217.017,green,observed,1.0,13.26,,green,0,-27.93,0,-16.67,1,13.26
6507,217.117,green,observed,1.0,13.02,,green,0,-28.42,0,-16.38,1,13.02
6510,217.217,green,observed,1.0,13.24,,green,0,-28.11,0,-17.31,1,13.24
6513,217.317,green,observed,1.0,13.16,,green,0,-28.11,0,-17.1,1,13.16
6516,217.417,green,observed,1.0,13.1,,green,0,-28.42,0,-17.1,1,13.1
6519,217.517,green,observed,1.0,13.24,,green,0,-28.29,0,-17.31,1,13.24
6522,217.617,green,observed,1.0,13.36,,green,0,-28.11,0,-17.31,1,13.36
6525,217.718,green,observed,1.0,13.42,,green,0,-28.2,0,-17.24,1,13.42
6528,217.818,green,observed,1.0,13.34,,green,0,-28.29,0,-17.1,1,13.34
6531,217.918,green,observed,1.0,13.3,,green,0,-27.98,0,-16.74,1,13.3
6534,218.018,green,observed,1.0,13.36,,green,0,-28.11,0,-17.17,1,13.36
6537,218.118,green,observed,1.0,13.08,,green,0,-28.24,0,-17.24,1,13.08
6540,218.218,green,observed,1.0,13.0,,green,0,-28.24,0,-17.03,1,13.0
6543,218.318,green,observed,1.0,13.2,,green,0,-28.42,0,-15.67,1,13.2
6546,218.418,green,observed,1.0,13.1,,green,0,-28.51,0,-16.53,1,13.1
6549,218.518,green,observed,1.0,13.14,,green,0,-28.38,0,-16.6,1,13.14
6552,218.618,green,observed,1.0,12.92,,green,0,-27.84,0,-16.24,1,12.92
6555,218.718,green,observed,1.0,13.06,,green,0,-27.8,0,-17.17,1,13.06
6558,218.819,green,observed,1.0,12.89,,green,0,-28.15,0,-16.96,1,12.89
6561,218.919,green,observed,1.0,12.85,,green,0,-27.89,0,-17.24,1,12.85
6564,219.019,green,observed,1.0,12.77,,green,0,-28.24,0,-16.53,1,12.77
6567,219.119,green,observed,1.0,12.71,,green,0,-27.75,0,-17.17,1,12.71
6570,219.219,green,observed,1.0,12.96,,green,0,-27.89,0,-16.45,1,12.96
6573,219.319,green,observed,1.0,12.71,,green,0,-27.62,0,-16.6,1,12.71
6576,219.419,green,observed,1.0,12.73,,green,0,-27.66,0,-16.74,1,12.73
6579,219.519,green,observed,1.0,12.83,,green,0,-27.98,0,-17.1,1,12.83
6582,219.619,green,observed,1.0,12.79,,green,0,-28.07,0,-16.96,1,12.79
6585,219.72,green,observed,1.0,12.89,,green,0,-28.2,0,-16.31,1,12.89
6588,219.82,green,observed,1.0,12.69,,green,0,-28.38,0,-16.38,1,12.69
6591,219.92,green,observed,1.0,12.73,,green,0,-28.38,0,-16.6,1,12.73
6594,220.02,green,observed,1.0,12.63,,green,0,-28.33,0,-17.1,1,12.63
6597,220.12,green,observed,1.0,12.87,,green,0,-28.11,0,-17.53,1,12.87
6600,220.22,green,observed,1.0,12.92,,green,0,-28.07,0,-17.53,1,12.92
6603,220.32,green,observed,1.0,12.85,,green,0,-28.07,0,-17.67,1,12.85
6606,220.42,green,observed,1.0,12.96,,green,0,-28.38,0,-17.17,1,12.96
6609,220.52,green,observed,1.0,12.87,,green,0,-28.6,0,-17.24,1,12.87
6612,220.62,green,observed,1.0,12.81,,green,0,-27.93,0,-17.46,1,12.81
6615,220.721,green,observed,1.0,12.87,,green,0,-27.93,0,-18.1,1,12.87
6618,220.821,green,observed,1.0,12.77,,green,0,-28.02,0,-18.03,1,12.77
6621,220.921,green,observed,1.0,12.87,,green,0,-28.51,0,-16.67,1,12.87
6624,221.021,green,observed,1.0,12.89,,green,0,-28.56,0,-17.17,1,12.89
6627,221.121,green,observed,1.0,12.83,,green,0,-27.98,0,-16.53,1,12.83
6630,221.221,green,observed,1.0,12.63,,green,0,-27.89,0,-16.74,1,12.63
6633,221.321,green,observed,1.0,12.73,,green,0,-27.57,0,-17.17,1,12.73
6636,221.421,green,observed,1.0,12.63,,green,0,-27.98,0,-17.24,1,12.63
6639,221.521,green,observed,1.0,12.47,,green,0,-27.98,0,-16.1,1,12.47
6642,221.621,green,observed,1.0,12.47,,green,0,-27.98,0,-16.31,1,12.47
6645,221.722,green,observed,1.0,12.57,,green,0,-27.75,0,-16.96,1,12.57
6648,221.822,green,observed,1.0,12.75,,green,0,-27.39,0,-16.03,1,12.75
6651,221.922,green,observed,1.0,12.79,,green,0,-28.07,0,-16.31,1,12.79
6654,222.022,green,observed,1.0,12.53,,green,0,-28.07,0,-16.81,1,12.53
6657,222.122,green,observed,1.0,12.45,,green,0,-28.07,0,-17.24,1,12.45
6660,222.222,green,observed,1.0,12.75,,green,0,-28.38,0,-17.24,1,12.75
6663,222.322,green,observed,1.0,12.79,,green,0,-28.6,0,-17.67,1,12.79
6666,222.422,green,observed,1.0,12.57,,green,0,-28.87,0,-17.46,1,12.57
6669,222.522,green,observed,1.0,12.65,,green,0,-28.56,0,-17.96,1,12.65
6672,222.622,green,observed,1.0,12.51,,green,0,-28.78,0,-17.31,1,12.51
6675,222.722,green,observed,1.0,12.55,,green,0,-28.33,0,-18.03,1,12.55
6678,222.823,green,observed,1.0,12.37,,green,0,-28.38,0,-17.1,1,12.37
6681,222.923,green,observed,1.0,12.51,,green,0,-28.2,0,-17.38,1,12.51
6684,223.023,green,observed,1.0,12.33,,green,0,-28.11,0,-17.6,1,12.33
6687,223.123,green,observed,1.0,12.27,,green,0,-28.42,0,-17.03,1,12.27
6690,223.223,green,observed,1.0,12.39,,green,0,-28.02,0,-17.24,1,12.39
6693,223.323,green,observed,1.0,12.25,,green,0,-28.47,0,-17.03,1,12.25
6696,223.423,green,observed,1.0,12.47,,green,0,-28.24,0,-16.67,1,12.47
6699,223.523,green,observed,1.0,12.31,,green,0,-28.2,0,-18.24,1,12.31
6702,223.623,green,observed,1.0,12.33,,green,0,-27.53,0,-16.81,1,12.33
6705,223.724,green,observed,1.0,12.41,,green,0,-28.38,0,-16.88,1,12.41
6708,223.824,green,observed,1.0,12.21,,green,0,-28.38,0,-16.88,1,12.21
6711,223.924,green,observed,1.0,12.33,,green,0,-28.38,0,-17.03,1,12.33
6714,224.024,green,observed,1.0,12.29,,green,0,-28.02,0,-16.81,1,12.29
6717,224.124,green,observed,1.0,12.19,,green,0,-28.6,0,-17.03,1,12.19
6720,224.224,green,observed,1.0,12.09,,green,0,-28.51,0,-17.03,1,12.09
6723,224.324,green,observed,1.0,11.29,,green,0,-28.2,0,-16.74,1,11.29
6726,224.424,green,observed,1.0,6.34,,green,0,-27.89,0,-17.46,1,6.34
6729,224.524,unknown,occluded,0.0,0.72,occluded,occluded,0,-28.29,0,-18.24,0,-0.72
6732,224.624,unknown,occluded,0.0,5.93,occluded,occluded,0,-28.15,0,-17.17,0,-5.93
6735,224.724,unknown,occluded,0.0,7.42,occluded,occluded,0,-28.24,0,-16.74,0,-7.42
6738,224.825,unknown,occluded,0.0,7.93,occluded,occluded,0,-28.29,0,-17.03,0,-7.93
6741,224.925,unknown,occluded,0.0,7.54,occluded,occluded,0,-27.98,0,-16.81,0,-7.54
6744,225.025,unknown,occluded,0.0,6.82,occluded,occluded,0,-27.75,0,-16.88,0,-6.82
6747,225.125,unknown,occluded,0.0,6.3,occluded,occluded,0,-27.98,0,-16.6,0,-6.3
6750,225.225,unknown,occluded,0.0,6.34,occluded,occluded,0,-27.84,0,-17.17,0,-6.34
6753,225.325,unknown,occluded,0.0,6.7,occluded,occluded,0,-27.84,0,-17.24,0,-6.7
6756,225.425,unknown,occluded,0.0,7.38,occluded,occluded,0,-27.98,0,-16.88,0,-7.38
6759,225.525,unknown,occluded,0.0,7.97,occluded,occluded,0,-27.75,0,-16.31,0,-7.97
6762,225.625,dark,low_confidence,1.0,8.19,short_unsupported_run,green_flash,0,-27.35,0,-16.67,0,-8.19
6765,225.726,dark,low_confidence,1.0,8.37,short_unsupported_run,green_flash,0,-27.48,0,-16.38,0,-8.37
6768,225.826,unknown,occluded,0.0,8.33,occluded,occluded,0,-27.62,0,-16.81,0,-8.33
6771,225.926,unknown,occluded,0.0,7.38,occluded,occluded,0,-27.66,0,-16.45,0,-7.38
6774,226.026,unknown,occluded,0.0,5.63,occluded,occluded,0,-27.53,0,-16.53,0,-5.63
6777,226.126,unknown,occluded,0.0,3.76,occluded,occluded,0,-27.57,0,-16.31,0,-3.76
6780,226.226,unknown,occluded,0.0,5.17,occluded,occluded,0,-27.3,0,-17.1,0,-5.17
6783,226.326,unknown,occluded,0.0,5.61,occluded,occluded,0,-27.35,0,-16.53,0,-5.61
6786,226.426,unknown,occluded,0.0,6.24,occluded,occluded,0,-27.89,0,-16.67,0,-6.24
6789,226.526,unknown,occluded,0.0,6.5,occluded,occluded,0,-27.48,0,-16.45,0,-6.5
6792,226.626,unknown,occluded,0.0,7.02,occluded,occluded,0,-27.89,0,-16.6,0,-7.02
6795,226.727,unknown,occluded,0.0,7.08,occluded,occluded,0,-27.71,0,-16.17,0,-7.08
6798,226.827,unknown,occluded,0.0,7.04,occluded,occluded,0,-28.02,0,-16.53,0,-7.04
6801,226.927,unknown,occluded,0.0,7.0,occluded,occluded,0,-27.71,0,-16.1,0,-7.0
6804,227.027,unknown,occluded,0.0,7.12,occluded,occluded,0,-27.98,0,-16.31,0,-7.12
6807,227.127,unknown,occluded,0.0,7.28,occluded,occluded,0,-27.39,0,-16.17,0,-7.28
6810,227.227,unknown,occluded,0.0,6.98,occluded,occluded,0,-28.02,0,-16.53,0,-6.98
6813,227.327,unknown,occluded,0.0,6.84,occluded,occluded,0,-27.93,0,-16.67,0,-6.84
6816,227.427,unknown,occluded,0.0,6.74,occluded,occluded,0,-27.93,0,-15.88,0,-6.74
6819,227.527,unknown,occluded,0.0,6.9,occluded,occluded,0,-27.62,0,-16.24,0,-6.9
6822,227.627,unknown,occluded,0.0,6.82,occluded,occluded,0,-27.57,0,-16.24,0,-6.82
6825,227.728,unknown,occluded,0.0,6.62,occluded,occluded,0,-27.8,0,-16.1,0,-6.62
6828,227.828,unknown,occluded,0.0,6.66,occluded,occluded,0,-27.62,0,-16.1,0,-6.66
6831,227.928,unknown,occluded,0.0,6.66,occluded,occluded,0,-27.44,0,-16.67,0,-6.66
6834,228.028,unknown,occluded,0.0,7.81,occluded,occluded,0,-27.93,0,-15.6,0,-7.81
6837,228.128,unknown,occluded,0.0,8.49,occluded,occluded,0,-27.53,0,-16.81,0,-8.49
6840,228.228,unknown,occluded,0.0,9.01,occluded,occluded,0,-28.07,0,-16.24,0,-9.01
6843,228.328,unknown,occluded,0.0,8.87,occluded,occluded,0,-27.98,0,-16.24,0,-8.87
6846,228.428,unknown,occluded,0.0,8.85,occluded,occluded,0,-27.66,0,-16.53,0,-8.85
6849,228.528,unknown,occluded,0.0,8.95,occluded,occluded,0,-27.93,0,-16.88,0,-8.95
6852,228.628,unknown,occluded,0.0,8.81,occluded,occluded,0,-27.89,0,-16.74,0,-8.81
6855,228.728,unknown,occluded,0.0,9.09,occluded,occluded,0,-27.66,0,-16.31,0,-9.09
6858,228.829,unknown,occluded,0.0,8.95,occluded,occluded,0,-27.62,0,-16.31,0,-8.95
6861,228.929,unknown,occluded,0.0,9.21,occluded,occluded,0,-27.71,0,-16.03,0,-9.21
6864,229.029,unknown,occluded,0.0,9.05,occluded,occluded,0,-28.02,0,-16.38,0,-9.05
6867,229.129,unknown,occluded,0.0,8.91,occluded,occluded,0,-27.66,0,-16.53,0,-8.91
6870,229.229,unknown,occluded,0.0,8.83,occluded,occluded,0,-27.93,0,-16.1,0,-8.83
6873,229.329,unknown,occluded,0.0,9.03,occluded,occluded,0,-27.84,0,-16.03,0,-9.03
6876,229.429,unknown,occluded,0.0,8.89,occluded,occluded,0,-27.26,0,-15.74,0,-8.89
6879,229.529,unknown,occluded,0.0,8.81,occluded,occluded,0,-27.53,0,-16.45,0,-8.81
6882,229.629,unknown,occluded,0.0,9.07,occluded,occluded,0,-27.26,0,-15.81,0,-9.07
6885,229.73,unknown,occluded,0.0,8.83,occluded,occluded,0,-27.71,0,-15.67,0,-8.83
6888,229.83,unknown,occluded,0.0,8.91,occluded,occluded,0,-27.48,0,-15.74,0,-8.91
6891,229.93,unknown,occluded,0.0,9.23,occluded,occluded,0,-27.12,0,-16.45,0,-9.23
6894,230.03,unknown,occluded,0.0,8.91,occluded,occluded,0,-27.66,0,-15.38,0,-8.91
6897,230.13,unknown,occluded,0.0,8.81,occluded,occluded,0,-27.57,0,-15.6,0,-8.81
6900,230.23,unknown,occluded,0.0,8.89,occluded,occluded,0,-27.66,0,-16.1,0,-8.89
6903,230.33,unknown,occluded,0.0,8.97,occluded,occluded,0,-27.17,0,-15.24,0,-8.97
6906,230.43,unknown,occluded,0.0,8.89,occluded,occluded,0,-28.02,0,-15.67,0,-8.89
6909,230.53,unknown,occluded,0.0,8.65,occluded,occluded,0,-27.48,0,-15.67,0,-8.65
6912,230.63,unknown,occluded,0.0,8.99,occluded,occluded,0,-27.66,0,-15.74,0,-8.99
6915,230.73,unknown,occluded,0.0,8.79,occluded,occluded,0,-27.89,0,-16.1,0,-8.79
6918,230.831,unknown,occluded,0.0,8.75,occluded,occluded,0,-27.66,0,-15.81,0,-8.75
6921,230.931,unknown,occluded,0.0,8.79,occluded,occluded,0,-26.94,0,-15.81,0,-8.79
6924,231.031,unknown,occluded,0.0,8.71,occluded,occluded,0,-27.84,0,-15.31,0,-8.71
6927,231.131,unknown,occluded,0.0,8.97,occluded,occluded,0,-27.98,0,-15.81,0,-8.97
6930,231.231,unknown,occluded,0.0,8.75,occluded,occluded,0,-27.57,0,-16.31,0,-8.75
6933,231.331,unknown,occluded,0.0,8.69,occluded,occluded,0,-27.8,0,-16.96,0,-8.69
6936,231.431,unknown,occluded,0.0,8.97,occluded,occluded,0,-27.35,0,-16.24,0,-8.97
6939,231.531,unknown,occluded,0.0,8.77,occluded,occluded,0,-27.53,0,-16.67,0,-8.77
6942,231.631,unknown,occluded,0.0,8.59,occluded,occluded,0,-27.75,0,-15.88,0,-8.59
6945,231.732,unknown,occluded,0.0,8.87,occluded,occluded,0,-27.62,0,-16.38,0,-8.87
6948,231.832,unknown,occluded,0.0,8.91,occluded,occluded,0,-27.44,0,-15.81,0,-8.91
6951,231.932,unknown,occluded,0.0,9.17,occluded,occluded,0,-27.48,0,-16.24,0,-9.17
6954,232.032,unknown,occluded,0.0,9.01,occluded,occluded,0,-27.39,0,-16.17,0,-9.01
6957,232.132,unknown,occluded,0.0,10.52,occluded,occluded,0,-27.53,0,-15.95,0,-10.52
6960,232.232,unknown,occluded,0.0,10.36,occluded,occluded,0,-27.48,0,-16.38,0,-10.36
6963,232.332,unknown,occluded,0.0,10.58,occluded,occluded,0,-27.21,0,-16.67,0,-10.58
6966,232.432,unknown,occluded,0.0,10.3,occluded,occluded,0,-27.57,0,-16.45,0,-10.3
6969,232.532,unknown,occluded,0.0,10.14,occluded,occluded,0,-28.02,0,-16.03,0,-10.14
6972,232.632,unknown,occluded,0.0,9.15,occluded,occluded,0,-27.93,0,-16.03,0,-9.15
6975,232.733,unknown,occluded,0.0,8.93,occluded,occluded,0,-27.93,0,-16.88,0,-8.93
6978,232.833,unknown,occluded,0.0,8.99,occluded,occluded,0,-27.8,0,-16.96,0,-8.99
6981,232.933,unknown,occluded,0.0,8.81,occluded,occluded,0,-27.57,0,-16.1,0,-8.81
6984,233.033,unknown,occluded,0.0,9.03,occluded,occluded,0,-27.39,0,-15.74,0,-9.03
6987,233.133,unknown,occluded,0.0,10.62,occluded,occluded,0,-27.53,0,-16.17,0,-10.62
6990,233.233,unknown,occluded,0.0,10.32,occluded,occluded,0,-27.26,0,-16.53,0,-10.32
6993,233.333,unknown,occluded,0.0,10.32,occluded,occluded,0,-26.99,0,-15.6,0,-10.32
6996,233.433,unknown,occluded,0.0,10.22,occluded,occluded,0,-27.3,0,-16.1,0,-10.22
6999,233.533,unknown,occluded,0.0,10.6,occluded,occluded,0,-27.39,0,-15.88,0,-10.6
7002,233.633,unknown,occluded,0.0,8.95,occluded,occluded,0,-27.62,0,-16.03,0,-8.95
7005,233.734,unknown,occluded,0.0,8.85,occluded,occluded,0,-27.44,0,-16.03,0,-8.85
7008,233.834,unknown,occluded,0.0,9.09,occluded,occluded,0,-27.35,0,-15.74,0,-9.09
7011,233.934,unknown,occluded,0.0,8.95,occluded,occluded,0,-27.35,0,-15.81,0,-8.95
7014,234.034,unknown,occluded,0.0,9.09,occluded,occluded,0,-27.21,0,-16.03,0,-9.09
7017,234.134,unknown,occluded,0.0,10.34,occluded,occluded,0,-27.12,0,-15.88,0,-10.34
7020,234.234,unknown,occluded,0.0,10.22,occluded,occluded,0,-27.57,0,-16.1,0,-10.22
7023,234.334,unknown,occluded,0.0,10.3,occluded,occluded,0,-27.71,0,-16.31,0,-10.3
7026,234.434,unknown,occluded,0.0,10.22,occluded,occluded,0,-27.57,0,-16.38,0,-10.22
7029,234.534,unknown,occluded,0.0,10.42,occluded,occluded,0,-27.71,0,-15.52,0,-10.42
7032,234.634,unknown,occluded,0.0,8.93,occluded,occluded,0,-27.84,0,-16.31,0,-8.93
7035,234.734,unknown,occluded,0.0,8.97,occluded,occluded,0,-27.35,0,-15.88,0,-8.97
7038,234.835,unknown,occluded,0.0,9.41,occluded,occluded,0,-28.29,0,-16.31,0,-9.41
7041,234.935,unknown,occluded,0.0,9.37,occluded,occluded,0,-27.44,0,-15.74,0,-9.37
7044,235.035,unknown,occluded,0.0,9.64,occluded,occluded,0,-27.39,0,-15.6,0,-9.64
7047,235.135,amber,observed,1.0,10.5,,amber,0,-26.94,1,20.17,0,-10.5
7050,235.235,amber,observed,1.0,10.82,,amber,0,-27.8,1,18.6,0,-10.82
7053,235.335,amber,observed,1.0,10.86,,amber,0,-27.57,1,18.6,0,-10.86
7056,235.435,amber,observed,1.0,10.72,,amber,0,-27.98,1,17.24,0,-10.72
7059,235.535,amber,observed,1.0,10.66,,amber,0,-27.17,1,17.67,0,-10.66
7062,235.635,amber,observed,1.0,10.8,,amber,0,-27.53,1,16.1,0,-10.8
7065,235.736,amber,observed,1.0,10.76,,amber,0,-27.84,1,17.67,0,-10.76
7068,235.836,amber,observed,1.0,10.92,,amber,0,-27.21,1,17.1,0,-10.92
7071,235.936,amber,observed,1.0,10.58,,amber,0,-27.44,1,16.81,0,-10.58
7074,236.036,amber,observed,1.0,10.42,,amber,0,-27.35,1,16.74,0,-10.42
7077,236.136,amber,observed,1.0,10.72,,amber,0,-27.48,1,16.81,0,-10.72
7080,236.236,amber,observed,1.0,10.92,,amber,0,-27.62,1,16.96,0,-10.92
7083,236.336,amber,observed,1.0,10.44,,amber,0,-27.71,1,17.03,0,-10.44
7086,236.436,amber,observed,1.0,10.46,,amber,0,-27.62,1,16.03,0,-10.46
7089,236.536,amber,observed,1.0,10.18,,amber,0,-27.93,1,16.74,0,-10.18
7092,236.636,amber,observed,1.0,10.48,,amber,0,-27.53,1,16.45,0,-10.48
7095,236.736,amber,observed,1.0,10.32,,amber,0,-27.66,1,16.38,0,-10.32
7098,236.837,amber,observed,1.0,10.06,,amber,0,-27.53,1,16.45,0,-10.06
7101,236.937,amber,observed,1.0,10.28,,amber,0,-27.12,1,16.67,0,-10.28
7104,237.037,amber,observed,1.0,9.94,,amber,0,-27.35,1,15.95,0,-9.94
7107,237.137,amber,observed,1.0,9.11,,amber,0,-27.26,1,15.88,0,-9.11
7110,237.237,amber,observed,1.0,8.87,,amber,0,-27.57,1,16.31,0,-8.87
7113,237.337,amber,observed,1.0,8.23,,amber,0,-27.57,1,16.88,0,-8.23
7116,237.437,amber,observed,1.0,7.08,,amber,0,-27.53,1,16.45,0,-7.08
7119,237.537,amber,observed,1.0,6.34,,amber,0,-27.39,1,16.1,0,-6.34
7122,237.637,amber,observed,1.0,5.77,,amber,0,-27.26,1,16.03,0,-5.77
7125,237.738,amber,observed,1.0,5.45,,amber,0,-27.89,1,16.74,0,-5.45
7128,237.838,amber,observed,1.0,5.61,,amber,0,-27.3,1,16.31,0,-5.61
7131,237.938,amber,observed,1.0,5.43,,amber,0,-27.8,1,16.1,0,-5.43
7134,238.038,amber,observed,1.0,5.39,,amber,0,-27.48,1,16.53,0,-5.39
7137,238.138,red,observed,1.0,5.53,,red,1,29.82,0,-14.59,0,-5.53
7140,238.238,red,observed,1.0,5.51,,red,1,30.27,0,-15.74,0,-5.51
7143,238.338,red,observed,1.0,5.59,,red,1,30.0,0,-16.1,0,-5.59
7146,238.438,red,observed,1.0,5.77,,red,1,29.1,0,-15.45,0,-5.77
7149,238.538,red,observed,1.0,5.63,,red,1,30.31,0,-15.45,0,-5.63
7152,238.638,red,observed,1.0,5.59,,red,1,29.73,0,-15.67,0,-5.59
7155,238.739,red,observed,1.0,5.57,,red,1,29.95,0,-15.81,0,-5.57
7158,238.839,red,observed,1.0,5.51,,red,1,29.46,0,-16.31,0,-5.51
7161,238.939,red,observed,1.0,5.65,,red,1,29.5,0,-16.38,0,-5.65
7164,239.039,red,observed,1.0,5.67,,red,1,28.87,0,-15.74,0,-5.67
7167,239.139,red,observed,1.0,5.43,,red,1,28.33,0,-16.24,0,-5.43
7170,239.239,red,observed,1.0,5.69,,red,1,29.86,0,-15.88,0,-5.69
7173,239.339,red,observed,1.0,5.59,,red,1,28.38,0,-15.17,0,-5.59
7176,239.439,red,observed,1.0,5.63,,red,1,29.32,0,-16.1,0,-5.63
7179,239.539,red,observed,1.0,5.63,,red,1,29.28,0,-16.17,0,-5.63
7182,239.639,red,observed,1.0,5.65,,red,1,29.19,0,-16.03,0,-5.65
7185,239.74,red,observed,1.0,5.67,,red,1,28.78,0,-16.38,0,-5.67
7188,239.84,red,observed,1.0,5.73,,red,1,29.59,0,-15.6,0,-5.73
7191,239.94,red,observed,1.0,5.81,,red,1,29.37,0,-15.45,0,-5.81
7194,240.04,red,observed,1.0,5.69,,red,1,29.41,0,-16.03,0,-5.69
7197,240.14,red,observed,1.0,5.47,,red,1,29.01,0,-16.88,0,-5.47
7200,240.24,red,observed,1.0,5.69,,red,1,27.98,0,-16.53,0,-5.69
7203,240.34,red,observed,1.0,5.71,,red,1,27.93,0,-17.17,0,-5.71
7206,240.44,red,observed,1.0,5.47,,red,1,28.15,0,-16.38,0,-5.47
7209,240.54,red,observed,1.0,5.51,,red,1,28.11,0,-16.1,0,-5.51
7212,240.64,red,observed,1.0,5.69,,red,1,28.83,0,-15.88,0,-5.69
7215,240.74,red,observed,1.0,5.59,,red,1,27.98,0,-16.53,0,-5.59
7218,240.841,red,observed,1.0,5.49,,red,1,29.41,0,-16.1,0,-5.49
7221,240.941,red,observed,1.0,5.51,,red,1,29.28,0,-16.1,0,-5.51
7224,241.041,red,observed,1.0,5.55,,red,1,29.19,0,-15.67,0,-5.55
7227,241.141,red,observed,1.0,5.57,,red,1,28.69,0,-16.1,0,-5.57
7230,241.241,red,observed,1.0,5.71,,red,1,29.14,0,-15.88,0,-5.71
7233,241.341,red,observed,1.0,5.43,,red,1,28.87,0,-16.03,0,-5.43
7236,241.441,red,observed,1.0,5.65,,red,1,28.15,0,-16.38,0,-5.65
7239,241.541,red,observed,1.0,5.43,,red,1,27.93,0,-15.81,0,-5.43
7242,241.641,red,observed,1.0,5.63,,red,1,28.87,0,-15.81,0,-5.63
7245,241.742,red,observed,1.0,5.53,,red,1,29.05,0,-16.1,0,-5.53
7248,241.842,red,observed,1.0,5.63,,red,1,28.83,0,-16.03,0,-5.63
7251,241.942,red,observed,1.0,5.63,,red,1,29.05,0,-16.45,0,-5.63
7254,242.042,red,observed,1.0,5.71,,red,1,29.28,0,-15.67,0,-5.71
7257,242.142,red,observed,1.0,5.77,,red,1,29.37,0,-16.67,0,-5.77
7260,242.242,red,observed,1.0,5.73,,red,1,28.96,0,-16.1,0,-5.73
7263,242.342,red,observed,1.0,5.75,,red,1,29.32,0,-16.03,0,-5.75
7266,242.442,red,observed,1.0,5.95,,red,1,29.05,0,-16.17,0,-5.95
7269,242.542,red,observed,1.0,6.34,,red,1,28.78,0,-16.38,0,-6.34
7272,242.642,red,observed,1.0,6.6,,red,1,29.1,0,-15.02,0,-6.6
7275,242.742,red,observed,1.0,6.74,,red,1,28.42,0,-16.74,0,-6.74
7278,242.843,red,observed,1.0,6.78,,red,1,28.83,0,-16.03,0,-6.78
7281,242.943,red,observed,1.0,6.92,,red,1,28.42,0,-16.03,0,-6.92
7284,243.043,red,observed,1.0,7.48,,red,1,28.24,0,-15.6,0,-7.48
7287,243.143,red,observed,1.0,7.68,,red,1,28.78,0,-15.74,0,-7.68
7290,243.243,red,observed,1.0,7.7,,red,1,28.96,0,-15.74,0,-7.7
7293,243.343,red,observed,1.0,8.07,,red,1,28.92,0,-15.31,0,-8.07
7296,243.443,red,observed,1.0,8.35,,red,1,28.87,0,-15.45,0,-8.35
7299,243.543,red,observed,1.0,8.35,,red,1,29.64,0,-16.24,0,-8.35
7302,243.643,red,observed,1.0,8.17,,red,1,28.78,0,-16.31,0,-8.17
7305,243.744,red,observed,1.0,8.69,,red,1,28.96,0,-15.1,0,-8.69
7308,243.844,red,observed,1.0,9.64,,red,1,29.19,0,-16.17,0,-9.64
7311,243.944,red,observed,1.0,11.1,,red,1,29.28,0,-15.67,0,-11.1
7314,244.044,red,observed,1.0,11.53,,red,1,29.23,0,-15.74,0,-11.53
7317,244.144,red,observed,1.0,11.51,,red,1,29.77,0,-15.88,0,-11.51
7320,244.244,red,observed,1.0,11.63,,red,1,29.86,0,-16.38,0,-11.63
7323,244.344,red,observed,1.0,12.83,,red,1,29.37,0,-16.17,0,-12.83
7326,244.444,red,observed,1.0,12.83,,red,1,29.37,0,-16.38,0,-12.83
7329,244.544,red,observed,1.0,12.55,,red,1,30.09,0,-15.67,0,-12.55
7332,244.644,red,observed,1.0,12.83,,red,1,28.92,0,-15.52,0,-12.83
7335,244.745,red,observed,1.0,12.29,,red,1,29.41,0,-15.45,0,-12.29
7338,244.845,red,observed,1.0,12.47,,red,1,29.14,0,-15.45,0,-12.47
7341,244.945,red,observed,1.0,12.57,,red,1,29.37,0,-15.88,0,-12.57
7344,245.045,red,observed,1.0,12.71,,red,1,29.59,0,-16.03,0,-12.71
7347,245.145,red,observed,1.0,12.55,,red,1,29.68,0,-15.24,0,-12.55
7350,245.245,red,observed,1.0,12.59,,red,1,29.73,0,-15.88,0,-12.59
7353,245.345,red,observed,1.0,12.53,,red,1,29.19,0,-15.1,0,-12.53
7356,245.445,red,observed,1.0,12.71,,red,1,29.77,0,-15.6,0,-12.71
7359,245.545,red,observed,1.0,12.49,,red,1,29.23,0,-15.1,0,-12.49
7362,245.645,red,observed,1.0,12.43,,red,1,29.23,0,-15.88,0,-12.43
7365,245.746,red,observed,1.0,12.51,,red,1,29.55,0,-16.24,0,-12.51
7368,245.846,red,observed,1.0,12.61,,red,1,29.59,0,-15.67,0,-12.61
7371,245.946,red,observed,1.0,12.61,,red,1,29.41,0,-14.95,0,-12.61
7374,246.046,red,observed,1.0,12.71,,red,1,29.73,0,-15.52,0,-12.71
7377,246.146,red,observed,1.0,12.67,,red,1,29.64,0,-15.74,0,-12.67
7380,246.246,red,observed,1.0,12.53,,red,1,28.92,0,-14.81,0,-12.53
7383,246.346,red,observed,1.0,12.69,,red,1,29.46,0,-15.1,0,-12.69
7386,246.446,red,observed,1.0,12.83,,red,1,28.74,0,-15.31,0,-12.83
7389,246.546,red,observed,1.0,12.63,,red,1,29.19,0,-15.67,0,-12.63
7392,246.646,red,observed,1.0,12.65,,red,1,29.05,0,-16.17,0,-12.65
7395,246.746,red,observed,1.0,12.61,,red,1,29.05,0,-15.17,0,-12.61
7398,246.847,red,observed,1.0,12.53,,red,1,29.23,0,-15.52,0,-12.53
7401,246.947,red,observed,1.0,12.81,,red,1,28.87,0,-15.74,0,-12.81
7404,247.047,red,observed,1.0,12.69,,red,1,28.78,0,-15.38,0,-12.69
7407,247.147,red,observed,1.0,12.77,,red,1,29.41,0,-15.52,0,-12.77
7410,247.247,red,observed,1.0,12.79,,red,1,29.5,0,-15.17,0,-12.79
7413,247.347,red,observed,1.0,12.59,,red,1,29.28,0,-15.81,0,-12.59
7416,247.447,red,observed,1.0,12.67,,red,1,30.13,0,-15.31,0,-12.67
7419,247.547,red,observed,1.0,12.63,,red,1,29.59,0,-15.31,0,-12.63
7422,247.647,red,observed,1.0,12.51,,red,1,29.73,0,-15.74,0,-12.51
7425,247.748,red,observed,1.0,12.49,,red,1,29.82,0,-15.17,0,-12.49
7428,247.848,red,observed,1.0,13.02,,red,1,29.59,0,-15.17,0,-13.02
7431,247.948,red,observed,1.0,12.45,,red,1,29.46,0,-14.88,0,-12.45
7434,248.048,red,observed,1.0,12.69,,red,1,30.0,0,-15.31,0,-12.69
7437,248.148,red,observed,1.0,12.79,,red,1,29.77,0,-14.95,0,-12.79
7440,248.248,red,observed,1.0,12.77,,red,1,29.68,0,-15.24,0,-12.77
7443,248.348,red,observed,1.0,12.57,,red,1,29.77,0,-15.81,0,-12.57
7446,248.448,red,observed,1.0,12.73,,red,1,29.59,0,-15.74,0,-12.73
7449,248.548,red,observed,1.0,12.81,,red,1,29.95,0,-15.88,0,-12.81
7452,248.648,red,observed,1.0,12.71,,red,1,29.46,0,-14.95,0,-12.71
7455,248.748,red,observed,1.0,12.69,,red,1,29.77,0,-15.17,0,-12.69
7458,248.849,red,observed,1.0,12.61,,red,1,29.28,0,-15.67,0,-12.61
7461,248.949,red,observed,1.0,12.55,,red,1,30.36,0,-15.6,0,-12.55
7464,249.049,red,observed,1.0,12.55,,red,1,29.73,0,-15.31,0,-12.55
7467,249.149,red,observed,1.0,12.39,,red,1,29.91,0,-15.38,0,-12.39
7470,249.249,red,observed,1.0,12.55,,red,1,29.55,0,-15.74,0,-12.55
7473,249.349,red,observed,1.0,12.45,,red,1,29.55,0,-15.74,0,-12.45
7476,249.449,red,observed,1.0,12.89,,red,1,30.04,0,-15.45,0,-12.89
7479,249.549,red,observed,1.0,12.67,,red,1,29.5,0,-15.95,0,-12.67
7482,249.649,red,observed,1.0,12.57,,red,1,29.82,0,-15.1,0,-12.57
7485,249.75,red,observed,1.0,12.41,,red,1,30.09,0,-15.02,0,-12.41
7488,249.85,red,observed,1.0,12.67,,red,1,29.55,0,-15.52,0,-12.67
7491,249.95,red,observed,1.0,12.67,,red,1,29.77,0,-15.67,0,-12.67
7494,250.05,red,observed,1.0,12.67,,red,1,30.09,0,-16.03,0,-12.67
7497,250.15,red,observed,1.0,12.55,,red,1,30.53,0,-15.74,0,-12.55
7500,250.25,red,observed,1.0,12.69,,red,1,30.22,0,-15.38,0,-12.69
7503,250.35,red,observed,1.0,12.61,,red,1,29.55,0,-15.95,0,-12.61
7506,250.45,red,observed,1.0,12.39,,red,1,30.22,0,-14.52,0,-12.39
7509,250.55,red,observed,1.0,12.55,,red,1,30.0,0,-15.17,0,-12.55
7512,250.65,red,observed,1.0,12.61,,red,1,29.91,0,-15.81,0,-12.61
7515,250.751,red,observed,1.0,12.49,,red,1,29.95,0,-14.52,0,-12.49
7518,250.851,red,observed,1.0,12.61,,red,1,29.28,0,-15.38,0,-12.61
7521,250.951,red,observed,1.0,12.57,,red,1,29.68,0,-15.81,0,-12.57
7524,251.051,red,observed,1.0,12.53,,red,1,29.64,0,-15.74,0,-12.53
7527,251.151,red,observed,1.0,12.53,,red,1,29.46,0,-15.67,0,-12.53
7530,251.251,red,observed,1.0,12.61,,red,1,28.87,0,-16.03,0,-12.61
7533,251.351,red,observed,1.0,12.61,,red,1,29.28,0,-15.17,0,-12.61
7536,251.451,red,observed,1.0,12.67,,red,1,30.04,0,-16.1,0,-12.67
7539,251.551,red,observed,1.0,12.79,,red,1,29.14,0,-16.38,0,-12.79
7542,251.651,red,observed,1.0,12.67,,red,1,28.96,0,-15.52,0,-12.67
7545,251.752,red,observed,1.0,12.63,,red,1,29.64,0,-14.95,0,-12.63
7548,251.852,red,observed,1.0,12.63,,red,1,29.41,0,-15.52,0,-12.63
7551,251.952,red,observed,1.0,12.59,,red,1,29.5,0,-16.03,0,-12.59
7554,252.052,red,observed,1.0,12.63,,red,1,29.32,0,-16.03,0,-12.63
7557,252.152,red,observed,1.0,12.49,,red,1,29.1,0,-14.67,0,-12.49
7560,252.252,red,observed,1.0,12.61,,red,1,29.46,0,-16.03,0,-12.61
7563,252.352,red,observed,1.0,12.35,,red,1,29.28,0,-16.1,0,-12.35
7566,252.452,red,observed,1.0,12.73,,red,1,29.23,0,-15.81,0,-12.73
7569,252.552,red,observed,1.0,12.63,,red,1,29.28,0,-15.67,0,-12.63
7572,252.652,red,observed,1.0,12.69,,red,1,29.32,0,-15.17,0,-12.69
7575,252.752,red,observed,1.0,12.57,,red,1,29.32,0,-15.95,0,-12.57
7578,252.853,red,observed,1.0,12.55,,red,1,29.23,0,-15.67,0,-12.55
7581,252.953,red,observed,1.0,12.65,,red,1,29.64,0,-15.81,0,-12.65
7584,253.053,red,observed,1.0,12.69,,red,1,28.96,0,-15.24,0,-12.69
7587,253.153,red,observed,1.0,12.69,,red,1,29.77,0,-15.95,0,-12.69
7590,253.253,red,observed,1.0,12.63,,red,1,28.74,0,-15.17,0,-12.63
7593,253.353,red,observed,1.0,12.71,,red,1,28.87,0,-15.31,0,-12.71
7596,253.453,red,observed,1.0,12.33,,red,1,29.28,0,-14.81,0,-12.33
7599,253.553,red,observed,1.0,12.53,,red,1,28.83,0,-15.81,0,-12.53
7602,253.653,red,observed,1.0,12.69,,red,1,29.01,0,-16.1,0,-12.69
7605,253.754,red,observed,1.0,12.61,,red,1,28.96,0,-16.24,0,-12.61
7608,253.854,red,observed,1.0,12.69,,red,1,28.51,0,-15.67,0,-12.69
7611,253.954,red,observed,1.0,12.53,,red,1,28.96,0,-15.52,0,-12.53
7614,254.054,red,observed,1.0,12.55,,red,1,29.28,0,-15.17,0,-12.55
7617,254.154,red,observed,1.0,12.69,,red,1,29.14,0,-15.81,0,-12.69
7620,254.254,red,observed,1.0,12.57,,red,1,29.01,0,-15.38,0,-12.57
7623,254.354,red,observed,1.0,12.63,,red,1,28.6,0,-14.81,0,-12.63
7626,254.454,red,observed,1.0,12.53,,red,1,29.14,0,-15.02,0,-12.53
7629,254.554,red,observed,1.0,12.67,,red,1,29.64,0,-15.38,0,-12.67
7632,254.654,red,observed,1.0,12.49,,red,1,28.83,0,-15.52,0,-12.49
7635,254.754,red,observed,1.0,12.69,,red,1,29.41,0,-15.38,0,-12.69
7638,254.855,red,observed,1.0,12.77,,red,1,28.47,0,-15.45,0,-12.77
7641,254.955,red,observed,1.0,12.59,,red,1,29.55,0,-15.81,0,-12.59
7644,255.055,red,observed,1.0,12.79,,red,1,29.41,0,-15.88,0,-12.79
7647,255.155,red,observed,1.0,12.89,,red,1,28.29,0,-16.24,0,-12.89
7650,255.255,red,observed,1.0,12.63,,red,1,28.6,0,-15.81,0,-12.63
7653,255.355,red,observed,1.0,12.65,,red,1,29.46,0,-15.88,0,-12.65
7656,255.455,red,observed,1.0,12.57,,red,1,29.59,0,-15.52,0,-12.57
7659,255.555,red,observed,1.0,12.61,,red,1,29.19,0,-15.67,0,-12.61
7662,255.655,red,observed,1.0,12.61,,red,1,28.74,0,-15.6,0,-12.61
7665,255.756,red,observed,1.0,12.69,,red,1,29.01,0,-15.6,0,-12.69
7668,255.856,red,observed,1.0,12.51,,red,1,28.96,0,-15.74,0,-12.51
7671,255.956,red,observed,1.0,12.69,,red,1,28.92,0,-15.67,0,-12.69
7674,256.056,red,observed,1.0,12.77,,red,1,28.47,0,-15.67,0,-12.77
7677,256.156,red,observed,1.0,12.73,,red,1,28.24,0,-15.1,0,-12.73
7680,256.256,red,observed,1.0,12.61,,red,1,29.05,0,-15.24,0,-12.61
7683,256.356,red,observed,1.0,12.67,,red,1,29.1,0,-15.38,0,-12.67
7686,256.456,red,observed,1.0,12.61,,red,1,29.14,0,-15.45,0,-12.61
7689,256.556,red,observed,1.0,12.73,,red,1,28.65,0,-15.38,0,-12.73
7692,256.656,red,observed,1.0,12.73,,red,1,29.32,0,-16.1,0,-12.73
7695,256.757,red,observed,1.0,12.83,,red,1,29.41,0,-16.45,0,-12.83
7698,256.857,red,observed,1.0,12.77,,red,1,29.05,0,-15.95,0,-12.77
7701,256.957,red,observed,1.0,12.73,,red,1,28.96,0,-15.95,0,-12.73
7704,257.057,red,observed,1.0,12.79,,red,1,29.32,0,-16.1,0,-12.79
7707,257.157,red,observed,1.0,12.81,,red,1,29.28,0,-15.45,0,-12.81
7710,257.257,red,observed,1.0,12.65,,red,1,29.05,0,-16.17,0,-12.65
7713,257.357,red,observed,1.0,12.71,,red,1,29.41,0,-16.24,0,-12.71
7716,257.457,red,observed,1.0,12.57,,red,1,28.69,0,-15.88,0,-12.57
7719,257.557,red,observed,1.0,12.59,,red,1,28.69,0,-15.88,0,-12.59
7722,257.657,red,observed,1.0,12.47,,red,1,29.05,0,-16.17,0,-12.47
7725,257.758,red,observed,1.0,12.55,,red,1,28.87,0,-14.45,0,-12.55
7728,257.858,red,observed,1.0,12.59,,red,1,28.92,0,-16.1,0,-12.59
7731,257.958,red,observed,1.0,12.75,,red,1,29.14,0,-15.52,0,-12.75
7734,258.058,red,observed,1.0,12.79,,red,1,28.78,0,-15.67,0,-12.79
7737,258.158,red,observed,1.0,12.49,,red,1,28.69,0,-15.95,0,-12.49
7740,258.258,red,observed,1.0,12.55,,red,1,28.69,0,-16.03,0,-12.55
7743,258.358,red,observed,1.0,12.55,,red,1,28.87,0,-15.24,0,-12.55
7746,258.458,red,observed,1.0,12.65,,red,1,29.23,0,-15.38,0,-12.65
7749,258.558,red,observed,1.0,12.69,,red,1,29.01,0,-15.81,0,-12.69
7752,258.658,red,observed,1.0,12.69,,red,1,29.23,0,-15.31,0,-12.69
7755,258.759,red,observed,1.0,12.67,,red,1,29.82,0,-15.31,0,-12.67
7758,258.859,red,observed,1.0,12.77,,red,1,29.55,0,-15.45,0,-12.77
7761,258.959,red,observed,1.0,12.65,,red,1,29.28,0,-15.67,0,-12.65
7764,259.059,red,observed,1.0,12.75,,red,1,29.32,0,-15.52,0,-12.75
7767,259.159,red,observed,1.0,12.69,,red,1,29.23,0,-16.03,0,-12.69
7770,259.259,red,observed,1.0,12.67,,red,1,28.38,0,-16.31,0,-12.67
7773,259.359,red,observed,1.0,12.47,,red,1,28.2,0,-15.6,0,-12.47
7776,259.459,red,observed,1.0,12.67,,red,1,29.19,0,-15.74,0,-12.67
7779,259.559,red,observed,1.0,12.73,,red,1,28.96,0,-16.38,0,-12.73
7782,259.659,red,observed,1.0,12.41,,red,1,28.92,0,-16.38,0,-12.41
7785,259.76,red,observed,1.0,12.85,,red,1,28.6,0,-15.81,0,-12.85
7788,259.86,red,observed,1.0,12.53,,red,1,29.28,0,-15.17,0,-12.53
7791,259.96,red,observed,1.0,12.51,,red,1,29.28,0,-16.1,0,-12.51
7794,260.06,red,observed,1.0,12.53,,red,1,29.1,0,-15.24,0,-12.53
7797,260.16,red,observed,1.0,12.63,,red,1,28.92,0,-16.24,0,-12.63
7800,260.26,red,observed,1.0,12.35,,red,1,29.1,0,-15.67,0,-12.35
7803,260.36,red,observed,1.0,12.75,,red,1,28.56,0,-15.38,0,-12.75
7806,260.46,red,observed,1.0,12.55,,red,1,29.55,0,-15.74,0,-12.55
7809,260.56,red,observed,1.0,12.55,,red,1,28.78,0,-15.74,0,-12.55
7812,260.66,red,observed,1.0,12.67,,red,1,29.41,0,-15.74,0,-12.67
7815,260.76,red,observed,1.0,12.75,,red,1,29.37,0,-14.95,0,-12.75
7818,260.861,red,observed,1.0,12.59,,red,1,29.68,0,-16.1,0,-12.59
7821,260.961,red,observed,1.0,12.73,,red,1,29.01,0,-15.38,0,-12.73
7824,261.061,red,observed,1.0,12.53,,red,1,29.68,0,-15.38,0,-12.53
7827,261.161,red,observed,1.0,12.75,,red,1,29.32,0,-15.45,0,-12.75
7830,261.261,red,observed,1.0,12.79,,red,1,28.92,0,-15.81,0,-12.79
7833,261.361,red,observed,1.0,12.59,,red,1,28.47,0,-15.88,0,-12.59
7836,261.461,red,observed,1.0,12.65,,red,1,29.37,0,-15.31,0,-12.65
7839,261.561,red,observed,1.0,12.53,,red,1,29.1,0,-14.52,0,-12.53
7842,261.661,red,observed,1.0,12.61,,red,1,29.19,0,-15.24,0,-12.61
7845,261.762,red,observed,1.0,12.69,,red,1,29.28,0,-16.17,0,-12.69
7848,261.862,red,observed,1.0,12.75,,red,1,29.19,0,-15.38,0,-12.75
7851,261.962,red,observed,1.0,12.73,,red,1,29.37,0,-15.81,0,-12.73
7854,262.062,red,observed,1.0,12.65,,red,1,29.14,0,-15.38,0,-12.65
7857,262.162,red,observed,1.0,12.59,,red,1,29.41,0,-15.38,0,-12.59
7860,262.262,red,observed,1.0,12.45,,red,1,29.32,0,-15.52,0,-12.45
7863,262.362,red,observed,1.0,12.53,,red,1,29.1,0,-16.03,0,-12.53
7866,262.462,red,observed,1.0,12.55,,red,1,29.14,0,-16.17,0,-12.55
7869,262.562,red,observed,1.0,12.59,,red,1,30.0,0,-15.52,0,-12.59
7872,262.662,red,observed,1.0,12.79,,red,1,29.19,0,-16.03,0,-12.79
7875,262.762,red,observed,1.0,12.59,,red,1,29.41,0,-15.1,0,-12.59
7878,262.863,red,observed,1.0,12.61,,red,1,29.5,0,-15.17,0,-12.61
7881,262.963,red,observed,1.0,12.65,,red,1,29.41,0,-16.17,0,-12.65
7884,263.063,red,observed,1.0,12.67,,red,1,29.55,0,-15.17,0,-12.67
7887,263.163,red,observed,1.0,12.63,,red,1,29.28,0,-15.38,0,-12.63
7890,263.263,red,observed,1.0,12.79,,red,1,29.05,0,-15.31,0,-12.79
7893,263.363,red,observed,1.0,12.63,,red,1,28.87,0,-15.6,0,-12.63
7896,263.463,red,observed,1.0,12.63,,red,1,29.46,0,-15.52,0,-12.63
7899,263.563,red,observed,1.0,12.49,,red,1,30.18,0,-15.52,0,-12.49
7902,263.663,red,observed,1.0,12.67,,red,1,29.19,0,-15.67,0,-12.67
7905,263.764,red,observed,1.0,12.71,,red,1,29.37,0,-15.31,0,-12.71
7908,263.864,red,observed,1.0,12.37,,red,1,29.77,0,-15.38,0,-12.37
7911,263.964,red,observed,1.0,12.67,,red,1,29.41,0,-15.52,0,-12.67
7914,264.064,red,observed,1.0,12.55,,red,1,29.46,0,-15.38,0,-12.55
7917,264.164,red,observed,1.0,12.63,,red,1,29.86,0,-15.45,0,-12.63
7920,264.264,red,observed,1.0,12.31,,red,1,29.41,0,-16.03,0,-12.31
7923,264.364,red,observed,1.0,12.83,,red,1,29.1,0,-15.67,0,-12.83
7926,264.464,red,observed,1.0,12.69,,red,1,29.23,0,-15.88,0,-12.69
7929,264.564,red,observed,1.0,12.53,,red,1,29.64,0,-14.88,0,-12.53
7932,264.664,red,observed,1.0,12.51,,red,1,30.45,0,-15.88,0,-12.51
7935,264.764,red,observed,1.0,12.63,,red,1,29.19,0,-16.1,0,-12.63
7938,264.865,red,observed,1.0,12.55,,red,1,28.92,0,-16.03,0,-12.55
7941,264.965,red,observed,1.0,12.65,,red,1,29.28,0,-15.52,0,-12.65
7944,265.065,red,observed,1.0,12.85,,red,1,29.82,0,-15.31,0,-12.85
7947,265.165,red,observed,1.0,12.83,,red,1,29.59,0,-15.45,0,-12.83
7950,265.265,red,observed,1.0,12.87,,red,1,30.09,0,-15.38,0,-12.87
7953,265.365,red,observed,1.0,12.77,,red,1,29.73,0,-15.88,0,-12.77
7956,265.465,red,observed,1.0,12.87,,red,1,29.37,0,-15.88,0,-12.87
7959,265.565,red,observed,1.0,12.75,,red,1,29.5,0,-15.31,0,-12.75
7962,265.665,red,observed,1.0,12.75,,red,1,29.23,0,-15.6,0,-12.75
7965,265.766,red,observed,1.0,12.83,,red,1,29.41,0,-15.81,0,-12.83
7968,265.866,red,observed,1.0,12.59,,red,1,29.59,0,-14.59,0,-12.59
7971,265.966,red,observed,1.0,12.63,,red,1,29.59,0,-16.31,0,-12.63
7974,266.066,red,observed,1.0,12.71,,red,1,28.92,0,-15.52,0,-12.71
7977,266.166,red,observed,1.0,12.75,,red,1,29.55,0,-15.02,0,-12.75
7980,266.266,red,observed,1.0,12.73,,red,1,30.13,0,-15.02,0,-12.73
7983,266.366,red,observed,1.0,12.59,,red,1,29.59,0,-16.17,0,-12.59
7986,266.466,red,observed,1.0,12.63,,red,1,29.28,0,-15.67,0,-12.63
7989,266.566,red,observed,1.0,12.63,,red,1,29.1,0,-15.38,0,-12.63
7992,266.666,red,observed,1.0,12.67,,red,1,28.87,0,-15.6,0,-12.67
7995,266.766,red,observed,1.0,12.75,,red,1,29.19,0,-15.24,0,-12.75
7998,266.867,red,observed,1.0,12.67,,red,1,29.14,0,-16.45,0,-12.67
8001,266.967,red,observed,1.0,12.67,,red,1,29.64,0,-15.74,0,-12.67
8004,267.067,red,observed,1.0,12.67,,red,1,29.86,0,-15.74,0,-12.67
8007,267.167,red,observed,1.0,12.67,,red,1,29.5,0,-15.02,0,-12.67
8010,267.267,red,observed,1.0,12.77,,red,1,29.01,0,-15.45,0,-12.77
8013,267.367,red,observed,1.0,12.55,,red,1,29.05,0,-15.31,0,-12.55
8016,267.467,red,observed,1.0,12.77,,red,1,29.46,0,-15.1,0,-12.77
8019,267.567,red,observed,1.0,12.71,,red,1,29.91,0,-15.45,0,-12.71
8022,267.667,red,observed,1.0,12.63,,red,1,29.86,0,-15.81,0,-12.63
8025,267.768,red,observed,1.0,12.75,,red,1,29.37,0,-15.52,0,-12.75
8028,267.868,red,observed,1.0,12.67,,red,1,29.28,0,-15.95,0,-12.67
8031,267.968,red,observed,1.0,12.61,,red,1,29.05,0,-15.88,0,-12.61
8034,268.068,red,observed,1.0,12.73,,red,1,29.64,0,-15.45,0,-12.73
8037,268.168,red,observed,1.0,12.73,,red,1,29.23,0,-15.81,0,-12.73
8040,268.268,red,observed,1.0,12.57,,red,1,29.19,0,-14.88,0,-12.57
8043,268.368,red,observed,1.0,12.67,,red,1,28.78,0,-15.74,0,-12.67
8046,268.468,red,observed,1.0,12.69,,red,1,29.95,0,-16.03,0,-12.69
8049,268.568,red,observed,1.0,12.61,,red,1,28.96,0,-15.17,0,-12.61
8052,268.668,red,observed,1.0,12.77,,red,1,28.74,0,-15.38,0,-12.77
8055,268.768,red,observed,1.0,12.65,,red,1,29.41,0,-15.95,0,-12.65
8058,268.869,red,observed,1.0,12.67,,red,1,29.59,0,-15.45,0,-12.67
8061,268.969,red,observed,1.0,12.39,,red,1,29.23,0,-15.67,0,-12.39
8064,269.069,red,observed,1.0,12.51,,red,1,29.23,0,-16.03,0,-12.51
8067,269.169,red,observed,1.0,12.75,,red,1,29.41,0,-15.6,0,-12.75
8070,269.269,red,observed,1.0,12.55,,red,1,29.77,0,-14.81,0,-12.55
8073,269.369,red,observed,1.0,12.51,,red,1,29.01,0,-15.31,0,-12.51
8076,269.469,red,observed,1.0,12.51,,red,1,29.68,0,-15.52,0,-12.51
8079,269.569,red,observed,1.0,12.69,,red,1,28.92,0,-15.17,0,-12.69
8082,269.669,red,observed,1.0,12.55,,red,1,28.92,0,-14.95,0,-12.55
8085,269.77,red,observed,1.0,12.39,,red,1,29.59,0,-15.17,0,-12.39
8088,269.87,red,observed,1.0,12.73,,red,1,28.87,0,-15.95,0,-12.73
8091,269.97,red,observed,1.0,12.75,,red,1,28.29,0,-15.74,0,-12.75
8094,270.07,red,observed,1.0,12.71,,red,1,28.56,0,-15.38,0,-12.71
8097,270.17,red,observed,1.0,12.65,,red,1,28.65,0,-15.95,0,-12.65
8100,270.27,red,observed,1.0,12.63,,red,1,28.69,0,-15.81,0,-12.63
8103,270.37,red,observed,1.0,12.73,,red,1,28.74,0,-15.74,0,-12.73
8106,270.47,red,observed,1.0,12.69,,red,1,27.66,0,-15.38,0,-12.69
8109,270.57,red,observed,1.0,12.65,,red,1,29.05,0,-15.88,0,-12.65
8112,270.67,red,observed,1.0,12.61,,red,1,28.83,0,-15.6,0,-12.61
8115,270.77,red,observed,1.0,12.65,,red,1,28.87,0,-15.17,0,-12.65
8118,270.871,red,observed,1.0,12.69,,red,1,28.87,0,-15.38,0,-12.69
8121,270.971,red,observed,1.0,12.53,,red,1,28.83,0,-15.52,0,-12.53
8124,271.071,red,observed,1.0,12.77,,red,1,29.14,0,-15.45,0,-12.77
8127,271.171,red,observed,1.0,12.69,,red,1,29.59,0,-15.81,0,-12.69
8130,271.271,red,observed,1.0,12.67,,red,1,29.28,0,-15.1,0,-12.67
8133,271.371,red,observed,1.0,12.49,,red,1,29.05,0,-14.74,0,-12.49
8136,271.471,red,observed,1.0,12.61,,red,1,28.11,0,-15.67,0,-12.61
8139,271.571,red,observed,1.0,12.77,,red,1,28.65,0,-15.38,0,-12.77
8142,271.671,red,observed,1.0,12.71,,red,1,28.47,0,-15.6,0,-12.71
8145,271.772,red,observed,1.0,12.71,,red,1,28.51,0,-15.88,0,-12.71
8148,271.872,red,observed,1.0,12.69,,red,1,28.74,0,-15.6,0,-12.69
8151,271.972,red,observed,1.0,12.49,,red,1,28.78,0,-14.81,0,-12.49
8154,272.072,red,observed,1.0,12.77,,red,1,28.87,0,-15.52,0,-12.77
8157,272.172,red,observed,1.0,12.81,,red,1,28.92,0,-15.45,0,-12.81
8160,272.272,red,observed,1.0,12.79,,red,1,28.33,0,-15.38,0,-12.79
8163,272.372,red,observed,1.0,12.73,,red,1,28.65,0,-14.95,0,-12.73
8166,272.472,red,observed,1.0,12.55,,red,1,28.07,0,-15.74,0,-12.55
8169,272.572,red,observed,1.0,12.77,,red,1,28.24,0,-15.45,0,-12.77
8172,272.672,red,observed,1.0,12.77,,red,1,27.84,0,-15.31,0,-12.77
8175,272.772,red,observed,1.0,12.51,,red,1,28.24,0,-15.6,0,-12.51
8178,272.873,red,observed,1.0,12.77,,red,1,27.44,0,-15.52,0,-12.77
8181,272.973,red,observed,1.0,12.57,,red,1,27.84,0,-15.95,0,-12.57
8184,273.073,red,observed,1.0,12.51,,red,1,27.39,0,-16.38,0,-12.51
8187,273.173,red,observed,1.0,12.61,,red,1,28.33,0,-15.45,0,-12.61
8190,273.273,red,observed,1.0,12.71,,red,1,27.71,0,-16.03,0,-12.71
8193,273.373,red,observed,1.0,12.85,,red,1,28.29,0,-15.88,0,-12.85
8196,273.473,red,observed,1.0,12.77,,red,1,27.8,0,-15.95,0,-12.77
8199,273.573,red,observed,1.0,12.49,,red,1,27.48,0,-16.17,0,-12.49
8202,273.673,red,observed,1.0,12.63,,red,1,27.8,0,-15.95,0,-12.63
8205,273.774,red,observed,1.0,12.65,,red,1,27.89,0,-15.95,0,-12.65
8208,273.874,red,observed,1.0,12.51,,red,1,28.42,0,-16.17,0,-12.51
8211,273.974,red,observed,1.0,12.73,,red,1,28.42,0,-15.74,0,-12.73
8214,274.074,red,observed,1.0,12.45,,red,1,28.51,0,-15.17,0,-12.45
8217,274.174,red_amber,observed,1.0,12.89,,red_amber,1,28.33,1,17.67,0,-12.89
8220,274.274,red_amber,observed,1.0,12.96,,red_amber,1,28.65,1,17.17,0,-12.96
8223,274.374,red_amber,observed,1.0,12.61,,red_amber,1,28.51,1,17.03,0,-12.61
8226,274.474,red_amber,observed,1.0,12.77,,red_amber,1,28.38,1,17.17,0,-12.77
8229,274.574,red_amber,observed,1.0,12.94,,red_amber,1,28.33,1,17.03,0,-12.94
8232,274.674,red_amber,observed,1.0,12.65,,red_amber,1,28.47,1,16.96,0,-12.65
8235,274.774,red_amber,observed,1.0,12.71,,red_amber,1,28.24,1,15.88,0,-12.71
8238,274.875,red_amber,observed,1.0,12.79,,red_amber,1,28.24,1,16.53,0,-12.79
8241,274.975,red_amber,observed,1.0,12.55,,red_amber,1,27.8,1,16.53,0,-12.55
8244,275.075,unknown,occluded,0.0,12.71,occluded,occluded,1,28.02,1,16.53,0,-12.71
8247,275.175,unknown,occluded,0.0,12.51,occluded,occluded,1,28.15,1,16.45,0,-12.51
8250,275.275,red_amber,observed,1.0,12.75,,red_amber,1,28.11,1,16.31,0,-12.75
8253,275.375,red_amber,observed,1.0,12.71,,red_amber,1,28.29,1,16.31,0,-12.71
8256,275.475,red_amber,observed,1.0,12.77,,red_amber,1,28.78,1,16.6,0,-12.77
8259,275.575,red_amber,observed,1.0,12.53,,red_amber,1,28.87,1,16.45,0,-12.53
8262,275.675,red_amber,observed,1.0,12.53,,red_amber,1,28.33,1,16.67,0,-12.53
8265,275.776,red_amber,observed,1.0,12.57,,red_amber,1,27.93,1,16.45,0,-12.57
8268,275.876,red_amber,observed,1.0,12.37,,red_amber,1,28.56,1,16.74,0,-12.37
8271,275.976,red_amber,observed,1.0,12.63,,red_amber,1,27.71,1,16.67,0,-12.63
8274,276.076,red_amber,observed,1.0,12.69,,red_amber,1,27.75,1,16.67,0,-12.69
8277,276.176,red_amber,observed,1.0,12.59,,red_amber,1,28.02,1,15.38,0,-12.59
8280,276.276,red_amber,observed,1.0,12.59,,red_amber,1,28.02,1,16.96,0,-12.59
8283,276.376,red_amber,observed,1.0,12.59,,red_amber,1,28.65,1,17.03,0,-12.59
8286,276.476,red_amber,observed,1.0,12.53,,red_amber,1,27.8,1,17.31,0,-12.53
8289,276.576,red_amber,observed,1.0,12.87,,red_amber,1,28.42,1,17.38,0,-12.87
8292,276.676,red_amber,observed,1.0,12.77,,red_amber,1,28.24,1,17.1,0,-12.77
8295,276.776,red_amber,observed,1.0,12.81,,red_amber,1,27.21,1,17.1,0,-12.81
8298,276.877,red_amber,observed,1.0,12.73,,red_amber,1,28.24,1,17.24,0,-12.73
8301,276.977,red_amber,observed,1.0,12.65,,red_amber,1,28.2,1,17.38,0,-12.65
8304,277.077,unknown,occluded,0.0,12.79,occluded,occluded,1,28.24,1,16.88,0,-12.79
8307,277.177,green,observed,1.0,12.39,,green,0,-26.54,0,-15.31,1,12.39
8310,277.277,green,observed,1.0,12.15,,green,0,-27.71,0,-16.6,1,12.15
8313,277.377,green,observed,1.0,12.19,,green,0,-28.02,0,-15.95,1,12.19
8316,277.477,green,observed,1.0,12.07,,green,0,-27.89,0,-16.6,1,12.07
8319,277.577,green,observed,1.0,12.01,,green,0,-27.84,0,-16.03,1,12.01
8322,277.677,green,observed,1.0,12.27,,green,0,-27.21,0,-15.6,1,12.27
8325,277.778,green,observed,1.0,12.19,,green,0,-27.84,0,-16.45,1,12.19
8328,277.878,green,observed,1.0,12.23,,green,0,-27.3,0,-16.38,1,12.23
8331,277.978,green,observed,1.0,12.25,,green,0,-27.62,0,-15.95,1,12.25
8334,278.078,green,observed,1.0,12.21,,green,0,-27.44,0,-15.95,1,12.21
8337,278.178,green,observed,1.0,12.11,,green,0,-27.35,0,-16.24,1,12.11
8340,278.278,green,observed,1.0,12.31,,green,0,-27.48,0,-16.17,1,12.31
8343,278.378,green,observed,1.0,12.25,,green,0,-27.3,0,-15.67,1,12.25
8346,278.478,green,observed,1.0,12.35,,green,0,-26.81,0,-15.88,1,12.35
8349,278.578,green,observed,1.0,12.15,,green,0,-27.39,0,-15.95,1,12.15
8352,278.678,green,observed,1.0,12.19,,green,0,-27.08,0,-15.45,1,12.19
8355,278.778,green,observed,1.0,12.21,,green,0,-27.26,0,-15.74,1,12.21
8358,278.879,green,observed,1.0,12.31,,green,0,-26.94,0,-16.45,1,12.31
8361,278.979,green,observed,1.0,12.23,,green,0,-27.21,0,-15.67,1,12.23
8364,279.079,green,observed,1.0,12.37,,green,0,-27.03,0,-16.17,1,12.37
8367,279.179,green,observed,1.0,12.29,,green,0,-27.62,0,-16.03,1,12.29
8370,279.279,green,observed,1.0,12.17,,green,0,-27.57,0,-15.81,1,12.17
8373,279.379,green,observed,1.0,12.13,,green,0,-27.53,0,-16.03,1,12.13
8376,279.479,green,observed,1.0,12.23,,green,0,-27.71,0,-15.81,1,12.23
8379,279.579,green,observed,1.0,12.37,,green,0,-27.66,0,-16.03,1,12.37
8382,279.679,green,observed,1.0,12.13,,green,0,-27.71,0,-16.17,1,12.13
8385,279.78,green,observed,1.0,12.17,,green,0,-27.17,0,-16.45,1,12.17
8388,279.88,green,observed,1.0,12.39,,green,0,-27.08,0,-16.96,1,12.39
8391,279.98,green,observed,1.0,12.31,,green,0,-27.71,0,-16.53,1,12.31
8394,280.08,green,observed,1.0,12.23,,green,0,-27.17,0,-15.95,1,12.23
8397,280.18,green,observed,1.0,12.33,,green,0,-27.57,0,-16.1,1,12.33
8400,280.28,green,observed,1.0,12.17,,green,0,-26.99,0,-16.81,1,12.17
8403,280.38,green,observed,1.0,12.17,,green,0,-27.3,0,-16.45,1,12.17
8406,280.48,green,observed,1.0,12.19,,green,0,-27.35,0,-15.95,1,12.19
8409,280.58,green,observed,1.0,12.41,,green,0,-27.57,0,-15.95,1,12.41
8412,280.68,green,observed,1.0,12.17,,green,0,-27.57,0,-15.67,1,12.17
8415,280.78,green,observed,1.0,12.31,,green,0,-26.94,0,-15.88,1,12.31
8418,280.881,green,observed,1.0,12.25,,green,0,-27.57,0,-15.31,1,12.25
8421,280.981,green,observed,1.0,12.07,,green,0,-27.44,0,-16.1,1,12.07
8424,281.081,green,observed,1.0,12.13,,green,0,-27.93,0,-16.17,1,12.13
8427,281.181,green,observed,1.0,12.21,,green,0,-27.75,0,-16.24,1,12.21
8430,281.281,green,observed,1.0,12.21,,green,0,-27.98,0,-16.38,1,12.21
8433,281.381,green,observed,1.0,12.21,,green,0,-28.24,0,-16.38,1,12.21
8436,281.481,green,observed,1.0,12.25,,green,0,-27.57,0,-15.95,1,12.25
8439,281.581,green,observed,1.0,12.19,,green,0,-27.35,0,-15.95,1,12.19
8442,281.681,green,observed,1.0,12.21,,green,0,-27.62,0,-16.45,1,12.21
8445,281.782,green,observed,1.0,12.13,,green,0,-27.75,0,-16.24,1,12.13
8448,281.882,green,observed,1.0,12.03,,green,0,-27.98,0,-16.96,1,12.03
8451,281.982,green,observed,1.0,12.11,,green,0,-27.48,0,-16.96,1,12.11
8454,282.082,green,observed,1.0,12.09,,green,0,-27.39,0,-16.1,1,12.09
8457,282.182,green,observed,1.0,12.07,,green,0,-27.62,0,-16.6,1,12.07
8460,282.282,green,observed,1.0,11.95,,green,0,-27.08,0,-15.81,1,11.95
8463,282.382,green,observed,1.0,12.09,,green,0,-27.17,0,-15.74,1,12.09
8466,282.482,green,observed,1.0,11.99,,green,0,-27.3,0,-15.81,1,11.99
8469,282.582,green,observed,1.0,11.87,,green,0,-27.62,0,-16.03,1,11.87
8472,282.682,green,observed,1.0,12.03,,green,0,-27.48,0,-15.88,1,12.03
8475,282.782,green,observed,1.0,11.87,,green,0,-27.39,0,-16.31,1,11.87
8478,282.883,green,observed,1.0,11.81,,green,0,-27.39,0,-16.6,1,11.81
8481,282.983,green,observed,1.0,11.81,,green,0,-27.62,0,-15.74,1,11.81
8484,283.083,green,observed,1.0,11.81,,green,0,-27.35,0,-16.31,1,11.81
8487,283.183,green,observed,1.0,11.89,,green,0,-27.57,0,-15.88,1,11.89
8490,283.283,green,observed,1.0,11.71,,green,0,-27.21,0,-15.6,1,11.71
8493,283.383,green,observed,1.0,11.75,,green,0,-27.8,0,-16.67,1,11.75
8496,283.483,green,observed,1.0,11.81,,green,0,-27.39,0,-15.45,1,11.81
8499,283.583,green,observed,1.0,11.89,,green,0,-27.26,0,-15.81,1,11.89
8502,283.683,green,observed,1.0,11.75,,green,0,-27.71,0,-15.67,1,11.75
8505,283.784,green,observed,1.0,11.69,,green,0,-27.3,0,-16.17,1,11.69
8508,283.884,green,observed,1.0,11.59,,green,0,-27.39,0,-15.67,1,11.59
8511,283.984,green,observed,1.0,11.67,,green,0,-27.62,0,-16.6,1,11.67
8514,284.084,green,observed,1.0,11.63,,green,0,-27.48,0,-15.74,1,11.63
8517,284.184,green,observed,1.0,11.51,,green,0,-26.94,0,-15.45,1,11.51
8520,284.284,green,observed,1.0,11.55,,green,0,-27.35,0,-16.1,1,11.55
8523,284.384,green,observed,1.0,11.47,,green,0,-27.26,0,-16.03,1,11.47
8526,284.484,green,observed,1.0,11.61,,green,0,-27.21,0,-16.38,1,11.61
8529,284.584,green,observed,1.0,11.49,,green,0,-27.53,0,-16.1,1,11.49
8532,284.684,green,observed,1.0,11.55,,green,0,-27.26,0,-15.88,1,11.55
8535,284.784,green,observed,1.0,11.61,,green,0,-27.17,0,-16.31,1,11.61
8538,284.885,green,observed,1.0,11.45,,green,0,-26.99,0,-16.1,1,11.45
8541,284.985,green,observed,1.0,11.53,,green,0,-27.12,0,-15.88,1,11.53
8544,285.085,green,observed,1.0,11.51,,green,0,-27.03,0,-15.52,1,11.51
8547,285.185,green,observed,1.0,11.65,,green,0,-27.21,0,-15.45,1,11.65
8550,285.285,green,observed,1.0,11.43,,green,0,-27.12,0,-15.17,1,11.43
8553,285.385,green,observed,1.0,11.53,,green,0,-27.17,0,-15.17,1,11.53
8556,285.485,green,observed,1.0,11.53,,green,0,-27.75,0,-15.81,1,11.53
8559,285.585,green,observed,1.0,11.51,,green,0,-27.44,0,-15.67,1,11.51
8562,285.685,green,observed,1.0,11.49,,green,0,-27.39,0,-16.24,1,11.49
8565,285.786,green,observed,1.0,11.39,,green,0,-27.48,0,-16.17,1,11.39
8568,285.886,green,observed,1.0,11.57,,green,0,-27.71,0,-15.45,1,11.57
8571,285.986,green,observed,1.0,11.65,,green,0,-27.71,0,-16.53,1,11.65
8574,286.086,green,observed,1.0,11.37,,green,0,-27.44,0,-15.31,1,11.37
8577,286.186,green,observed,1.0,11.29,,green,0,-27.39,0,-15.95,1,11.29
8580,286.286,green,observed,1.0,11.39,,green,0,-27.08,0,-15.88,1,11.39
8583,286.386,green,observed,1.0,11.39,,green,0,-27.21,0,-15.95,1,11.39
8586,286.486,green,observed,1.0,11.45,,green,0,-27.12,0,-15.52,1,11.45
8589,286.586,green,observed,1.0,11.31,,green,0,-27.35,0,-15.88,1,11.31
8592,286.686,green,observed,1.0,11.57,,green,0,-27.44,0,-15.67,1,11.57
8595,286.786,green,observed,1.0,11.45,,green,0,-27.66,0,-15.81,1,11.45
8598,286.887,green,observed,1.0,11.67,,green,0,-27.48,0,-15.38,1,11.67
8601,286.987,green,observed,1.0,11.49,,green,0,-27.71,0,-15.45,1,11.49
8604,287.087,green,observed,1.0,11.57,,green,0,-27.26,0,-16.31,1,11.57
8607,287.187,green,observed,1.0,11.47,,green,0,-27.12,0,-15.52,1,11.47
8610,287.287,green,observed,1.0,11.33,,green,0,-27.75,0,-15.67,1,11.33
8613,287.387,green,observed,1.0,11.37,,green,0,-27.39,0,-15.74,1,11.37
8616,287.487,green,observed,1.0,11.27,,green,0,-27.35,0,-15.52,1,11.27
8619,287.587,green,observed,1.0,11.55,,green,0,-27.53,0,-15.81,1,11.55
8622,287.687,green,observed,1.0,11.47,,green,0,-27.53,0,-16.53,1,11.47
8625,287.788,green,observed,1.0,11.37,,green,0,-27.26,0,-14.67,1,11.37
8628,287.888,green,observed,1.0,11.43,,green,0,-26.9,0,-16.1,1,11.43
8631,287.988,green,observed,1.0,11.47,,green,0,-27.26,0,-15.88,1,11.47
8634,288.088,green,observed,1.0,11.37,,green,0,-27.17,0,-15.95,1,11.37
8637,288.188,green,observed,1.0,11.47,,green,0,-26.4,0,-15.88,1,11.47
8640,288.288,green,observed,1.0,11.69,,green,0,-27.26,0,-15.31,1,11.69
8643,288.388,green,observed,1.0,11.45,,green,0,-27.21,0,-15.45,1,11.45
8646,288.488,green,observed,1.0,11.69,,green,0,-27.35,0,-15.38,1,11.69
8649,288.588,green,observed,1.0,11.65,,green,0,-27.48,0,-15.95,1,11.65
8652,288.688,green,observed,1.0,11.45,,green,0,-27.3,0,-16.1,1,11.45
8655,288.788,green,observed,1.0,11.53,,green,0,-26.81,0,-16.03,1,11.53
8658,288.889,green,observed,1.0,11.45,,green,0,-27.39,0,-15.17,1,11.45
8661,288.989,green,observed,1.0,11.45,,green,0,-26.94,0,-15.45,1,11.45
8664,289.089,green,observed,1.0,11.53,,green,0,-27.21,0,-15.74,1,11.53
8667,289.189,green,observed,1.0,11.63,,green,0,-27.66,0,-15.67,1,11.63
8670,289.289,green,observed,1.0,11.71,,green,0,-27.35,0,-15.95,1,11.71
8673,289.389,green,observed,1.0,11.55,,green,0,-27.93,0,-15.88,1,11.55
8676,289.489,unknown,occluded,0.0,6.12,occluded,occluded,0,-27.71,0,-15.38,1,6.12
8679,289.589,unknown,occluded,0.0,4.47,occluded,occluded,0,-27.39,0,-15.88,1,4.47
8682,289.689,green,observed,1.0,11.49,,green,0,-27.53,0,-16.31,1,11.49
8685,289.79,unknown,occluded,0.0,11.35,occluded,occluded,0,-28.07,0,-16.88,1,11.35
8688,289.89,unknown,occluded,0.0,11.12,occluded,occluded,0,-27.39,0,-15.81,1,11.12
8691,289.99,unknown,occluded,0.0,7.4,occluded,occluded,0,-28.24,0,-17.17,0,-7.4
8694,290.09,unknown,occluded,0.0,5.81,occluded,occluded,0,-27.84,0,-17.31,0,-5.81
8697,290.19,unknown,occluded,0.0,6.72,occluded,occluded,0,-27.66,0,-16.96,0,-6.72
8700,290.29,unknown,occluded,0.0,6.48,occluded,occluded,0,-27.75,0,-16.74,0,-6.48
8703,290.39,unknown,occluded,0.0,6.56,occluded,occluded,0,-27.35,0,-16.81,0,-6.56
8706,290.49,unknown,occluded,0.0,6.44,occluded,occluded,0,-27.75,0,-16.88,0,-6.44
8709,290.59,unknown,occluded,0.0,4.33,occluded,occluded,0,-27.66,0,-16.45,1,4.33
8712,290.69,green,observed,1.0,12.07,,green,0,-27.48,0,-16.6,1,12.07
8715,290.79,green,observed,1.0,12.17,,green,0,-27.89,0,-16.45,1,12.17
8718,290.891,green,observed,1.0,12.17,,green,0,-27.48,0,-15.81,1,12.17
8721,290.991,green,observed,1.0,12.27,,green,0,-27.21,0,-16.31,1,12.27
8724,291.091,green,observed,1.0,12.29,,green,0,-27.57,0,-16.24,1,12.29
8727,291.191,green,observed,1.0,12.15,,green,0,-27.35,0,-15.88,1,12.15
8730,291.291,green,observed,1.0,12.39,,green,0,-28.15,0,-16.81,1,12.39
8733,291.391,green,observed,1.0,12.51,,green,0,-27.93,0,-16.17,1,12.51
8736,291.491,green,observed,1.0,12.35,,green,0,-28.2,0,-16.6,1,12.35
8739,291.591,green,observed,1.0,12.49,,green,0,-27.53,0,-16.96,1,12.49
8742,291.691,green,observed,1.0,12.65,,green,0,-27.84,0,-16.88,1,12.65
8745,291.792,green,observed,1.0,12.49,,green,0,-27.53,0,-16.31,1,12.49
8748,291.892,green,observed,1.0,12.63,,green,0,-27.84,0,-16.1,1,12.63
8751,291.992,green,observed,1.0,12.67,,green,0,-28.15,0,-16.53,1,12.67
8754,292.092,green,observed,1.0,12.61,,green,0,-27.75,0,-16.45,1,12.61
8757,292.192,green,observed,1.0,12.81,,green,0,-27.71,0,-16.24,1,12.81
8760,292.292,green,observed,1.0,12.75,,green,0,-27.71,0,-15.81,1,12.75
8763,292.392,green,observed,1.0,12.79,,green,0,-27.57,0,-15.74,1,12.79
8766,292.492,green,observed,1.0,12.83,,green,0,-28.02,0,-16.45,1,12.83
8769,292.592,green,observed,1.0,12.87,,green,0,-27.39,0,-16.38,1,12.87
8772,292.692,green,observed,1.0,12.75,,green,0,-27.93,0,-16.88,1,12.75
8775,292.792,green,observed,1.0,12.83,,green,0,-27.66,0,-16.81,1,12.83
8778,292.893,green,observed,1.0,12.89,,green,0,-27.53,0,-16.6,1,12.89
8781,292.993,green,observed,1.0,13.02,,green,0,-27.84,0,-16.67,1,13.02
8784,293.093,green,observed,1.0,13.02,,green,0,-27.8,0,-16.31,1,13.02
8787,293.193,green,observed,1.0,13.08,,green,0,-27.98,0,-17.31,1,13.08
8790,293.293,green,observed,1.0,12.83,,green,0,-28.24,0,-17.17,1,12.83
8793,293.393,green,observed,1.0,12.96,,green,0,-27.98,0,-17.24,1,12.96
8796,293.493,green,observed,1.0,13.04,,green,0,-28.15,0,-17.38,1,13.04
8799,293.593,green,observed,1.0,12.98,,green,0,-28.2,0,-16.45,1,12.98
8802,293.693,green,observed,1.0,13.02,,green,0,-28.11,0,-16.67,1,13.02
8805,293.794,green,observed,1.0,12.94,,green,0,-27.93,0,-16.81,1,12.94
8808,293.894,green,observed,1.0,12.75,,green,0,-27.53,0,-15.81,1,12.75
8811,293.994,green,observed,1.0,12.75,,green,0,-27.89,0,-16.45,1,12.75
8814,294.094,green,observed,1.0,12.98,,green,0,-27.84,0,-16.67,1,12.98
8817,294.194,green,observed,1.0,12.89,,green,0,-27.53,0,-16.45,1,12.89
8820,294.294,green,observed,1.0,12.92,,green,0,-27.98,0,-16.67,1,12.92
8823,294.394,green,observed,1.0,12.83,,green,0,-27.62,0,-16.6,1,12.83
8826,294.494,green,observed,1.0,12.92,,green,0,-27.98,0,-16.45,1,12.92
8829,294.594,green,observed,1.0,12.79,,green,0,-27.66,0,-16.17,1,12.79
8832,294.694,green,observed,1.0,12.85,,green,0,-27.39,0,-16.6,1,12.85
8835,294.794,green,observed,1.0,12.83,,green,0,-27.44,0,-15.67,1,12.83
8838,294.895,green,observed,1.0,12.77,,green,0,-27.89,0,-16.03,1,12.77
8841,294.995,green,observed,1.0,12.71,,green,0,-27.8,0,-16.74,1,12.71
8844,295.095,green,observed,1.0,12.87,,green,0,-27.48,0,-16.1,1,12.87
8847,295.195,green,observed,1.0,12.67,,green,0,-27.26,0,-16.88,1,12.67
8850,295.295,green,observed,1.0,12.73,,green,0,-28.2,0,-16.53,1,12.73
8853,295.395,green,observed,1.0,12.79,,green,0,-28.02,0,-17.1,1,12.79
8856,295.495,green,observed,1.0,12.87,,green,0,-28.02,0,-17.17,1,12.87
8859,295.595,green,observed,1.0,12.87,,green,0,-27.48,0,-16.67,1,12.87
8862,295.695,green,observed,1.0,12.83,,green,0,-27.39,0,-15.81,1,12.83
8865,295.796,green,observed,1.0,13.02,,green,0,-27.48,0,-16.74,1,13.02
8868,295.896,green,observed,1.0,12.85,,green,0,-27.26,0,-15.45,1,12.85
8871,295.996,green,observed,1.0,12.69,,green,0,-27.35,0,-15.6,1,12.69
8874,296.096,green,observed,1.0,12.69,,green,0,-27.53,0,-16.03,1,12.69
8877,296.196,green,observed,1.0,12.61,,green,0,-27.57,0,-16.17,1,12.61
8880,296.296,green,observed,1.0,12.61,,green,0,-27.12,0,-15.74,1,12.61
8883,296.396,green,observed,1.0,12.69,,green,0,-27.3,0,-15.52,1,12.69
8886,296.496,green,observed,1.0,12.57,,green,0,-27.44,0,-15.6,1,12.57
8889,296.596,green,observed,1.0,12.67,,green,0,-27.44,0,-15.6,1,12.67
8892,296.696,green,observed,1.0,12.71,,green,0,-27.57,0,-16.03,1,12.71
8895,296.796,green,observed,1.0,12.69,,green,0,-27.66,0,-16.24,1,12.69
8898,296.897,green,observed,1.0,12.55,,green,0,-27.35,0,-15.81,1,12.55
8901,296.997,green,observed,1.0,12.55,,green,0,-27.35,0,-15.17,1,12.55
8904,297.097,green,observed,1.0,12.47,,green,0,-27.3,0,-15.45,1,12.47
8907,297.197,green,observed,1.0,12.49,,green,0,-27.57,0,-15.24,1,12.49
8910,297.297,green,observed,1.0,12.37,,green,0,-27.17,0,-16.31,1,12.37
8913,297.397,green,observed,1.0,12.39,,green,0,-27.08,0,-15.81,1,12.39
8916,297.497,green,observed,1.0,12.31,,green,0,-27.08,0,-15.95,1,12.31
8919,297.597,green,observed,1.0,12.47,,green,0,-27.17,0,-15.1,1,12.47
8922,297.697,green,observed,1.0,12.51,,green,0,-27.26,0,-15.52,1,12.51
8925,297.798,green,observed,1.0,12.41,,green,0,-26.9,0,-15.88,1,12.41
8928,297.898,green,observed,1.0,12.43,,green,0,-27.53,0,-16.38,1,12.43
8931,297.998,green,observed,1.0,12.49,,green,0,-27.62,0,-16.03,1,12.49
8934,298.098,green,observed,1.0,12.53,,green,0,-27.39,0,-15.88,1,12.53
8937,298.198,green,observed,1.0,12.43,,green,0,-26.94,0,-15.38,1,12.43
8940,298.298,green,observed,1.0,12.37,,green,0,-27.62,0,-16.1,1,12.37
8943,298.398,green,observed,1.0,12.45,,green,0,-27.62,0,-16.03,1,12.45
8946,298.498,green,observed,1.0,12.59,,green,0,-27.39,0,-16.17,1,12.59
8949,298.598,green,observed,1.0,12.39,,green,0,-27.35,0,-16.67,1,12.39
8952,298.698,green,observed,1.0,12.41,,green,0,-27.53,0,-15.95,1,12.41
8955,298.798,green,observed,1.0,12.35,,green,0,-27.35,0,-15.52,1,12.35
8958,298.899,green,observed,1.0,12.43,,green,0,-27.08,0,-15.88,1,12.43
8961,298.999,green,observed,1.0,12.33,,green,0,-27.44,0,-15.31,1,12.33
8964,299.099,green,observed,1.0,12.21,,green,0,-27.62,0,-15.45,1,12.21
8967,299.199,green,observed,1.0,12.21,,green,0,-27.44,0,-16.17,1,12.21
8970,299.299,green,observed,1.0,12.31,,green,0,-27.3,0,-15.6,1,12.31
8973,299.399,green,observed,1.0,12.19,,green,0,-27.21,0,-15.67,1,12.19
8976,299.499,green,observed,1.0,12.33,,green,0,-26.85,0,-15.74,1,12.33
8979,299.599,green,observed,1.0,12.23,,green,0,-27.71,0,-16.03,1,12.23
8982,299.699,green,observed,1.0,12.15,,green,0,-26.81,0,-15.88,1,12.15
8985,299.8,green,observed,1.0,12.09,,green,0,-27.35,0,-15.24,1,12.09
8988,299.9,green,observed,1.0,12.03,,green,0,-27.17,0,-15.31,1,12.03
8991,300.0,green,observed,1.0,12.05,,green,0,-27.17,0,-15.45,1,12.05
8994,300.1,green,observed,1.0,11.93,,green,0,-27.39,0,-15.67,1,11.93
8997,300.2,green,observed,1.0,11.91,,green,0,-27.26,0,-15.88,1,11.91
9000,300.3,green,observed,1.0,12.13,,green,0,-26.94,0,-15.38,1,12.13
9003,300.4,green,observed,1.0,12.07,,green,0,-26.94,0,-16.03,1,12.07
9006,300.5,green,observed,1.0,11.95,,green,0,-26.94,0,-15.74,1,11.95
9009,300.6,green,observed,1.0,11.87,,green,0,-27.03,0,-15.95,1,11.87
9012,300.7,green,observed,1.0,11.89,,green,0,-27.71,0,-15.17,1,11.89
9015,300.8,green,observed,1.0,11.93,,green,0,-27.62,0,-15.17,1,11.93
9018,300.901,green,observed,1.0,11.83,,green,0,-27.3,0,-15.81,1,11.83
9021,301.001,green,observed,1.0,11.81,,green,0,-27.35,0,-15.52,1,11.81
9024,301.101,green,observed,1.0,11.85,,green,0,-26.99,0,-15.95,1,11.85
9027,301.201,green,observed,1.0,11.75,,green,0,-27.21,0,-15.95,1,11.75
9030,301.301,green,observed,1.0,11.93,,green,0,-27.03,0,-15.31,1,11.93
9033,301.401,green,observed,1.0,11.91,,green,0,-27.17,0,-15.1,1,11.91
9036,301.501,green,observed,1.0,11.73,,green,0,-27.26,0,-15.1,1,11.73
9039,301.601,green,observed,1.0,11.91,,green,0,-27.03,0,-15.81,1,11.91
9042,301.701,green,observed,1.0,11.79,,green,0,-27.3,0,-15.17,1,11.79
9045,301.802,green,observed,1.0,11.81,,green,0,-27.84,0,-15.31,1,11.81
9048,301.902,green,observed,1.0,11.69,,green,0,-27.35,0,-15.24,1,11.69
9051,302.002,green,observed,1.0,11.67,,green,0,-26.99,0,-15.6,1,11.67
9054,302.102,green,observed,1.0,11.79,,green,0,-27.39,0,-16.03,1,11.79
9057,302.202,green,observed,1.0,11.53,,green,0,-27.89,0,-15.6,1,11.53
9060,302.302,green,observed,1.0,11.77,,green,0,-27.12,0,-15.31,1,11.77
9063,302.402,green,observed,1.0,11.67,,green,0,-27.3,0,-15.88,1,11.67
9066,302.502,green,observed,1.0,11.63,,green,0,-26.85,0,-15.52,1,11.63
9069,302.602,green,observed,1.0,11.75,,green,0,-27.03,0,-15.24,1,11.75
9072,302.702,green,observed,1.0,11.53,,green,0,-26.58,0,-15.88,1,11.53
9075,302.802,green,observed,1.0,11.57,,green,0,-27.17,0,-15.1,1,11.57
9078,302.903,green,observed,1.0,11.57,,green,0,-27.17,0,-15.45,1,11.57
9081,303.003,green,observed,1.0,11.65,,green,0,-27.21,0,-14.31,1,11.65
9084,303.103,green,observed,1.0,11.71,,green,0,-27.08,0,-16.1,1,11.71
9087,303.203,green,observed,1.0,11.45,,green,0,-26.81,0,-15.38,1,11.45
9090,303.303,green,observed,1.0,11.57,,green,0,-27.17,0,-15.95,1,11.57
9093,303.403,green,observed,1.0,11.51,,green,0,-27.44,0,-15.45,1,11.51
9096,303.503,green,observed,1.0,11.53,,green,0,-27.39,0,-15.74,1,11.53
9099,303.603,green,observed,1.0,11.47,,green,0,-27.48,0,-15.1,1,11.47
9102,303.703,green,observed,1.0,11.55,,green,0,-27.3,0,-15.74,1,11.55
9105,303.804,green,observed,1.0,11.63,,green,0,-27.17,0,-15.45,1,11.63
9108,303.904,green,observed,1.0,11.53,,green,0,-26.99,0,-14.88,1,11.53
9111,304.004,green,observed,1.0,11.47,,green,0,-27.03,0,-16.1,1,11.47
9114,304.104,green,observed,1.0,11.49,,green,0,-27.48,0,-15.38,1,11.49
9117,304.204,green,observed,1.0,11.47,,green,0,-27.44,0,-15.24,1,11.47
9120,304.304,green,observed,1.0,11.49,,green,0,-27.53,0,-15.67,1,11.49
9123,304.404,green,observed,1.0,11.41,,green,0,-27.08,0,-15.45,1,11.41
9126,304.504,green,observed,1.0,11.49,,green,0,-27.3,0,-16.1,1,11.49
9129,304.604,green,observed,1.0,11.49,,green,0,-27.26,0,-14.88,1,11.49
9132,304.704,green,observed,1.0,11.49,,green,0,-27.08,0,-15.38,1,11.49
9135,304.804,green,observed,1.0,11.39,,green,0,-27.48,0,-15.52,1,11.39
9138,304.905,green,observed,1.0,11.29,,green,0,-27.17,0,-15.74,1,11.29
9141,305.005,green,observed,1.0,11.25,,green,0,-26.85,0,-15.95,1,11.25
9144,305.105,green,observed,1.0,11.53,,green,0,-27.03,0,-15.6,1,11.53
9147,305.205,green,observed,1.0,11.39,,green,0,-27.12,0,-16.03,1,11.39
9150,305.305,green,observed,1.0,11.37,,green,0,-27.12,0,-15.45,1,11.37
9153,305.405,green,observed,1.0,11.27,,green,0,-27.48,0,-15.31,1,11.27
9156,305.505,green,observed,1.0,11.43,,green,0,-27.21,0,-15.95,1,11.43
9159,305.605,green,observed,1.0,11.47,,green,0,-27.03,0,-15.45,1,11.47
9162,305.705,green,observed,1.0,11.51,,green,0,-27.08,0,-15.67,1,11.51
9165,305.806,green,observed,1.0,11.29,,green,0,-27.08,0,-15.74,1,11.29
9168,305.906,green,observed,1.0,11.47,,green,0,-27.3,0,-16.1,1,11.47
9171,306.006,green,observed,1.0,11.39,,green,0,-27.44,0,-15.45,1,11.39
9174,306.106,green,observed,1.0,11.47,,green,0,-27.35,0,-16.1,1,11.47
9177,306.206,green,observed,1.0,11.61,,green,0,-27.75,0,-16.17,1,11.61
9180,306.306,green,observed,1.0,11.35,,green,0,-27.35,0,-15.74,1,11.35
9183,306.406,green,observed,1.0,11.43,,green,0,-27.44,0,-15.31,1,11.43
9186,306.506,green,observed,1.0,11.29,,green,0,-27.17,0,-16.31,1,11.29
9189,306.606,green,observed,1.0,11.35,,green,0,-27.17,0,-16.24,1,11.35
9192,306.706,green,observed,1.0,11.33,,green,0,-26.99,0,-15.6,1,11.33
9195,306.806,green,observed,1.0,11.31,,green,0,-26.94,0,-15.95,1,11.31
9198,306.907,green,observed,1.0,11.25,,green,0,-27.57,0,-15.81,1,11.25
9201,307.007,green,observed,1.0,11.51,,green,0,-27.62,0,-14.74,1,11.51
9204,307.107,green,observed,1.0,11.33,,green,0,-27.57,0,-15.38,1,11.33
9207,307.207,green,observed,1.0,11.43,,green,0,-27.26,0,-15.38,1,11.43
9210,307.307,green,observed,1.0,11.41,,green,0,-27.26,0,-15.74,1,11.41
9213,307.407,green,observed,1.0,11.51,,green,0,-27.35,0,-15.31,1,11.51
9216,307.507,green,observed,1.0,11.59,,green,0,-26.76,0,-15.24,1,11.59
9219,307.607,green,observed,1.0,11.47,,green,0,-27.03,0,-15.6,1,11.47
9222,307.707,green,observed,1.0,11.35,,green,0,-27.03,0,-15.38,1,11.35
9225,307.808,green,observed,1.0,11.41,,green,0,-27.57,0,-15.24,1,11.41
9228,307.908,green,observed,1.0,11.47,,green,0,-26.85,0,-16.24,1,11.47
9231,308.008,green,observed,1.0,11.29,,green,0,-26.85,0,-15.81,1,11.29
9234,308.108,green,observed,1.0,11.55,,green,0,-26.94,0,-15.88,1,11.55
9237,308.208,green,observed,1.0,11.41,,green,0,-27.21,0,-16.38,1,11.41
9240,308.308,green,observed,1.0,11.57,,green,0,-26.85,0,-16.17,1,11.57
9243,308.408,green,observed,1.0,11.41,,green,0,-27.44,0,-16.17,1,11.41
9246,308.508,green,observed,1.0,11.53,,green,0,-27.39,0,-16.24,1,11.53
9249,308.608,green,observed,1.0,11.51,,green,0,-27.21,0,-16.1,1,11.51
9252,308.708,green,observed,1.0,11.53,,green,0,-27.12,0,-15.67,1,11.53
9255,308.808,green,observed,1.0,11.61,,green,0,-27.12,0,-15.31,1,11.61
9258,308.909,green,observed,1.0,11.69,,green,0,-27.48,0,-15.31,1,11.69
9261,309.009,green,observed,1.0,11.51,,green,0,-27.17,0,-15.31,1,11.51
9264,309.109,green,observed,1.0,11.59,,green,0,-27.53,0,-15.81,1,11.59
9267,309.209,green,observed,1.0,11.67,,green,0,-27.53,0,-14.81,1,11.67
9270,309.309,green,observed,1.0,11.53,,green,0,-26.81,0,-14.95,1,11.53
9273,309.409,green,observed,1.0,11.55,,green,0,-27.08,0,-15.6,1,11.55
9276,309.509,green,observed,1.0,11.57,,green,0,-27.26,0,-15.74,1,11.57
9279,309.609,green,observed,1.0,11.49,,green,0,-27.3,0,-15.74,1,11.49
9282,309.709,green,observed,1.0,11.49,,green,0,-27.17,0,-15.6,1,11.49
9285,309.81,green,observed,1.0,11.71,,green,0,-27.3,0,-15.24,1,11.71
9288,309.91,green,observed,1.0,11.79,,green,0,-27.26,0,-15.67,1,11.79
9291,310.01,green,observed,1.0,11.75,,green,0,-27.44,0,-14.95,1,11.75
9294,310.11,green,observed,1.0,11.73,,green,0,-27.21,0,-15.17,1,11.73
9297,310.21,green,observed,1.0,11.81,,green,0,-27.53,0,-15.81,1,11.81
9300,310.31,green,observed,1.0,11.93,,green,0,-27.35,0,-15.1,1,11.93
9303,310.41,green,observed,1.0,11.75,,green,0,-27.39,0,-15.88,1,11.75
9306,310.51,green,observed,1.0,11.75,,green,0,-27.84,0,-15.45,1,11.75
9309,310.61,green,observed,1.0,11.69,,green,0,-26.9,0,-15.74,1,11.69
9312,310.71,green,observed,1.0,11.77,,green,0,-26.94,0,-14.95,1,11.77
9315,310.81,green,observed,1.0,11.79,,green,0,-27.08,0,-15.45,1,11.79
9318,310.911,green,observed,1.0,11.93,,green,0,-27.44,0,-15.38,1,11.93
9321,311.011,green,observed,1.0,11.91,,green,0,-27.17,0,-15.95,1,11.91
9324,311.111,green,observed,1.0,11.81,,green,0,-27.08,0,-15.74,1,11.81
9327,311.211,green,observed,1.0,11.85,,green,0,-27.17,0,-16.45,1,11.85
9330,311.311,green,observed,1.0,11.75,,green,0,-27.12,0,-15.45,1,11.75
9333,311.411,green,observed,1.0,11.97,,green,0,-27.35,0,-15.6,1,11.97
9336,311.511,green,observed,1.0,12.03,,green,0,-27.03,0,-16.03,1,12.03
9339,311.611,green,observed,1.0,12.01,,green,0,-27.17,0,-16.1,1,12.01
9342,311.711,green,observed,1.0,12.03,,green,0,-27.21,0,-15.88,1,12.03
9345,311.812,green,observed,1.0,12.05,,green,0,-27.35,0,-15.88,1,12.05
9348,311.912,green,observed,1.0,11.97,,green,0,-27.57,0,-15.81,1,11.97
9351,312.012,green,observed,1.0,12.05,,green,0,-27.35,0,-15.31,1,12.05
9354,312.112,green,observed,1.0,9.76,,green,0,-26.94,0,-15.74,1,9.76
9357,312.212,green_blink,observed,1.0,12.55,,green_flash,0,-27.12,0,-16.03,0,-12.55
9360,312.312,green_blink,observed,1.0,12.67,,green_flash,0,-27.03,0,-15.67,0,-12.67
9363,312.412,green_blink,observed,1.0,12.67,,green_flash,0,-27.03,0,-15.74,0,-12.67
9366,312.512,green_blink,observed,1.0,12.71,,green_flash,0,-27.17,0,-15.6,0,-12.71
9369,312.612,green_blink,observed,1.0,5.97,,green_flash,0,-27.17,0,-15.24,0,-5.97
9372,312.712,green_blink,observed,1.0,12.27,,green,0,-27.17,0,-15.52,1,12.27
9375,312.812,green_blink,observed,1.0,12.15,,green,0,-27.03,0,-16.1,1,12.15
9378,312.913,green_blink,observed,1.0,12.23,,green,0,-27.44,0,-15.38,1,12.23
9381,313.013,green_blink,observed,1.0,12.19,,green,0,-27.17,0,-15.67,1,12.19
9384,313.113,green_blink,observed,1.0,9.41,,green,0,-26.99,0,-14.88,1,9.41
9387,313.213,green_blink,observed,1.0,12.75,,green_flash,0,-26.94,0,-15.6,0,-12.75
9390,313.313,green_blink,observed,1.0,12.51,,green_flash,0,-27.08,0,-15.74,0,-12.51
9393,313.413,green_blink,observed,1.0,12.61,,green_flash,0,-27.08,0,-15.24,0,-12.61
9396,313.513,green_blink,observed,1.0,12.77,,green_flash,0,-27.44,0,-15.24,0,-12.77
9399,313.613,green_blink,observed,1.0,4.77,,green_flash,0,-27.26,0,-15.67,0,-4.77
9402,313.713,green_blink,observed,1.0,12.23,,green,0,-27.03,0,-15.24,1,12.23
9405,313.814,green_blink,observed,1.0,12.33,,green,0,-27.08,0,-15.24,1,12.33
9408,313.914,green_blink,observed,1.0,12.23,,green,0,-27.48,0,-15.81,1,12.23
9411,314.014,green_blink,observed,1.0,12.33,,green,0,-27.08,0,-16.17,1,12.33
9414,314.114,green_blink,observed,1.0,9.27,,green,0,-27.03,0,-15.74,1,9.27
9417,314.214,green_blink,observed,1.0,12.45,,green_flash,0,-27.35,0,-15.81,0,-12.45
9420,314.314,green_blink,observed,1.0,12.75,,green_flash,0,-27.3,0,-15.24,0,-12.75
9423,314.414,green_blink,observed,1.0,12.69,,green_flash,0,-27.17,0,-15.31,0,-12.69
9426,314.514,green_blink,observed,1.0,12.79,,green_flash,0,-27.57,0,-15.17,0,-12.79
9429,314.614,green_blink,observed,1.0,3.84,,green_flash,0,-27.26,0,-14.67,0,-3.84
9432,314.714,green_blink,observed,1.0,12.13,,green,0,-26.99,0,-15.88,1,12.13
9435,314.814,green_blink,observed,1.0,12.27,,green,0,-26.99,0,-14.74,1,12.27
9438,314.915,green_blink,observed,1.0,12.11,,green,0,-27.12,0,-15.67,1,12.11
9441,315.015,green_blink,observed,1.0,12.17,,green,0,-27.48,0,-15.6,1,12.17
9444,315.115,green_blink,observed,1.0,8.85,,green,0,-27.35,0,-15.67,1,8.85
9447,315.215,amber,observed,1.0,12.49,,amber,0,-27.12,1,18.6,0,-12.49
9450,315.315,amber,observed,1.0,12.69,,amber,0,-27.08,1,19.39,0,-12.69
9453,315.415,amber,observed,1.0,12.69,,amber,0,-27.26,1,19.39,0,-12.69
9456,315.515,amber,observed,1.0,12.65,,amber,0,-26.99,1,18.67,0,-12.65
9459,315.615,amber,observed,1.0,12.63,,amber,0,-27.21,1,19.1,0,-12.63
9462,315.715,amber,observed,1.0,12.65,,amber,0,-26.85,1,19.32,0,-12.65
9465,315.816,amber,observed,1.0,12.67,,amber,0,-27.12,1,19.46,0,-12.67
9468,315.916,amber,observed,1.0,12.67,,amber,0,-26.9,1,18.89,0,-12.67
9471,316.016,amber,observed,1.0,12.69,,amber,0,-26.67,1,18.31,0,-12.69
9474,316.116,amber,observed,1.0,12.61,,amber,0,-26.94,1,18.96,0,-12.61
9477,316.216,amber,observed,1.0,12.75,,amber,0,-27.17,1,18.74,0,-12.75
9480,316.316,amber,observed,1.0,12.81,,amber,0,-27.21,1,18.46,0,-12.81
9483,316.416,amber,observed,1.0,12.75,,amber,0,-26.94,1,18.46,0,-12.75
9486,316.516,amber,observed,1.0,12.57,,amber,0,-27.03,1,18.24,0,-12.57
9489,316.616,amber,observed,1.0,12.59,,amber,0,-27.03,1,18.24,0,-12.59
9492,316.716,amber,observed,1.0,12.98,,amber,0,-26.9,1,19.03,0,-12.98
9495,316.816,amber,observed,1.0,12.87,,amber,0,-27.17,1,18.67,0,-12.87
9498,316.917,amber,observed,1.0,12.69,,amber,0,-27.48,1,18.89,0,-12.69
9501,317.017,amber,observed,1.0,12.73,,amber,0,-27.26,1,18.03,0,-12.73
9504,317.117,amber,observed,1.0,12.79,,amber,0,-27.26,1,18.17,0,-12.79
9507,317.217,amber,observed,1.0,12.59,,amber,0,-27.84,1,19.17,0,-12.59
9510,317.317,amber,observed,1.0,12.63,,amber,0,-27.8,1,17.96,0,-12.63
9513,317.417,amber,observed,1.0,12.73,,amber,0,-26.81,1,19.39,0,-12.73
9516,317.517,amber,observed,1.0,12.51,,amber,0,-26.99,1,19.53,0,-12.51
9519,317.617,amber,observed,1.0,12.71,,amber,0,-27.12,1,18.89,0,-12.71
9522,317.717,amber,observed,1.0,12.73,,amber,0,-27.21,1,18.53,0,-12.73
