frame,t,state,red_score,green_score,before_v2_rule
0,0.0,occluded,-5.6,-4.9,red
3,0.1,red,46.5,-4.4,none
6,0.2,red,47.7,-4.2,red
9,0.3,red,46.2,-4.3,none
12,0.4,red,48.3,-4.4,red
15,0.501,red,46.0,-4.5,none
18,0.601,red,46.4,-4.6,none
21,0.701,red,47.2,-4.4,none
24,0.801,red,46.3,-4.4,none
27,0.901,red,48.1,-5.5,red
30,1.001,red,47.3,-4.3,red
33,1.101,red,46.3,-4.1,none
36,1.201,red,48.2,-4.4,red
39,1.301,red,47.4,-4.6,none
42,1.401,red,47.8,-4.4,none
45,1.502,red,47.1,-4.3,red
48,1.602,red,46.6,-4.2,red
51,1.702,red,47.1,-4.0,red
54,1.802,red,47.0,-4.6,red
57,1.902,red,46.7,-4.9,red
60,2.002,red,46.0,-3.9,red
63,2.102,red,46.5,-3.7,none
66,2.202,red,45.8,-4.7,none
69,2.302,red,46.5,-5.1,none
72,2.402,red,46.5,-4.5,none
75,2.502,red,46.2,-4.6,none
78,2.603,red,46.6,-4.8,red
81,2.703,red,46.0,-3.8,red
84,2.803,red,48.1,-4.1,red
87,2.903,red,46.3,-4.6,red
90,3.003,red,46.9,-4.7,none
93,3.103,red,46.7,-4.5,none
96,3.203,red,47.9,-4.5,none
99,3.303,red,47.7,-4.6,none
102,3.403,red,47.6,-5.4,none
105,3.504,red,48.9,-4.5,red
108,3.604,red,47.0,-5.0,red
111,3.704,red,47.3,-5.3,red
114,3.804,red,48.1,-4.9,red
117,3.904,red,47.7,-5.4,red
120,4.004,red,46.7,-5.0,red
123,4.104,red,46.6,-4.4,red
126,4.204,red,47.2,-3.9,red
129,4.304,red,46.6,-4.1,none
132,4.404,red,47.8,-4.4,red
135,4.504,red,46.3,-4.4,none
138,4.605,red,46.5,-4.3,red
141,4.705,red,45.2,-4.2,red
144,4.805,red,45.7,-4.4,red
147,4.905,red,46.9,-3.9,red
150,5.005,red,47.2,-4.5,red
153,5.105,red,47.2,-4.7,red
156,5.205,red,47.7,-4.8,red
159,5.305,red,47.2,-3.4,none
162,5.405,red,48.2,-4.3,red
165,5.506,red,48.1,-3.7,red
168,5.606,red,46.7,-4.5,none
171,5.706,red,46.6,-4.6,red
174,5.806,red,47.4,-4.6,red
177,5.906,red,47.9,-4.5,red
180,6.006,red,47.2,-4.4,red
183,6.106,red,47.4,-3.7,red
186,6.206,red,47.6,-4.5,red
189,6.306,red,47.9,-4.3,red
192,6.406,red,47.5,-4.1,red
195,6.506,red,48.2,-4.5,red
198,6.607,red,47.5,-4.5,red
201,6.707,red,47.7,-4.4,red
204,6.807,red,46.9,-4.1,red
207,6.907,red,47.9,-4.2,red
210,7.007,red,46.6,-4.0,red
213,7.107,red,47.9,-3.6,red
216,7.207,red,47.9,-4.9,red
219,7.307,red,47.8,-4.1,red
222,7.407,red,46.7,-4.3,red
225,7.508,red,47.5,-4.2,red
228,7.608,red,47.6,-4.4,red
231,7.708,red,47.5,-4.4,red
234,7.808,red,49.1,-4.0,red
237,7.908,red,48.2,-4.2,red
240,8.008,red,48.4,-3.9,red
243,8.108,red,48.2,-4.2,red
246,8.208,red,47.9,-3.9,red
249,8.308,red,47.5,-3.7,red
252,8.408,red,47.1,-4.8,red
255,8.508,red,48.0,-5.3,red
258,8.609,red,48.0,-4.9,red
261,8.709,red,48.3,-4.2,red
264,8.809,red,46.8,-4.3,red
267,8.909,red,47.4,-4.5,red
270,9.009,red,48.3,-4.3,red
273,9.109,red,47.2,-4.7,none
276,9.209,red,48.1,-4.6,red
279,9.309,red,47.6,-4.7,red
282,9.409,red,47.7,-4.4,red
285,9.51,red,47.3,-4.5,none
288,9.61,red,46.2,-4.6,none
291,9.71,red,46.9,-4.3,none
294,9.81,red,47.1,-4.4,none
297,9.91,red,46.8,-4.6,none
300,10.01,red,47.4,-4.6,none
303,10.11,red,48.0,-3.8,red
306,10.21,red,48.1,-5.1,none
309,10.31,red,46.9,-4.6,none
312,10.41,red,46.7,-4.8,none
315,10.51,red,47.6,-5.3,red
318,10.611,red,46.6,-4.1,none
321,10.711,red,47.5,-3.9,none
324,10.811,red,46.6,-4.8,none
327,10.911,red,48.5,-5.0,none
330,11.011,red,46.3,-4.4,none
333,11.111,red,46.4,-3.9,none
336,11.211,red,46.6,-4.8,none
339,11.311,red,46.7,-5.0,none
342,11.411,red,46.2,-4.5,none
345,11.512,red,46.8,-4.4,none
348,11.612,red,46.2,-4.5,none
351,11.712,red,45.6,-5.0,none
354,11.812,red,46.2,-4.8,none
357,11.912,red,45.9,-4.3,none
360,12.012,red,46.5,-4.3,red
363,12.112,red,46.5,-3.8,red
366,12.212,red,46.5,-4.8,none
369,12.312,red,45.6,-5.2,none
372,12.412,red,47.2,-5.0,red
375,12.513,red,46.3,-4.4,red
378,12.613,red,46.0,-4.2,red
381,12.713,red,46.7,-4.3,none
384,12.813,red,45.9,-4.7,red
387,12.913,red,46.8,-4.6,red
390,13.013,red,45.9,-4.8,red
393,13.113,red,45.8,-4.7,red
396,13.213,red,46.1,-5.0,red
399,13.313,red,46.5,-5.3,none
402,13.413,red,47.0,-4.6,red
405,13.514,red,47.6,-5.0,red
408,13.614,red,46.4,-4.4,red
411,13.714,red,47.3,-4.7,red
414,13.814,red,46.3,-4.6,red
417,13.914,red,46.9,-5.1,red
420,14.014,red,47.8,-4.9,red
423,14.114,red,47.1,-4.7,red
426,14.214,red,47.2,-4.2,red
429,14.314,red,47.4,-5.1,red
432,14.414,red,47.8,-4.3,red
435,14.514,red,47.6,-4.2,red
438,14.615,red,46.4,-4.2,red
441,14.715,red,47.0,-3.9,red
444,14.815,red,46.1,-4.8,red
447,14.915,red,46.9,-4.7,red
450,15.015,red,48.3,-4.2,red
453,15.115,red,47.1,-5.1,red
456,15.215,red,46.6,-3.9,red
459,15.315,red,47.7,-4.8,red
462,15.415,red,47.0,-4.1,red
465,15.516,red,48.5,-4.3,red
468,15.616,red,48.0,-4.5,red
471,15.716,red,48.3,-4.9,red
474,15.816,red,48.0,-5.2,red
477,15.916,red,46.2,-4.9,none
480,16.016,red,46.8,-4.1,red
483,16.116,red,48.7,-5.3,red
486,16.216,red,49.2,-3.8,red
489,16.316,red,48.7,-4.2,red
492,16.416,red,47.8,-4.3,red
495,16.516,red,47.9,-4.9,red
498,16.617,red,47.2,-5.6,red
501,16.717,red,47.5,-5.2,none
504,16.817,red,47.7,-5.3,red
507,16.917,red,47.5,-4.6,none
510,17.017,red,48.5,-4.1,red
513,17.117,red,47.2,-4.6,none
516,17.217,red,47.3,-4.2,red
519,17.317,red,48.5,-4.2,none
522,17.417,red,48.4,-4.6,none
525,17.518,red,48.3,-5.2,none
528,17.618,red,48.1,-4.6,none
531,17.718,red,48.1,-4.9,none
534,17.818,red,47.3,-4.7,none
537,17.918,red,47.4,-4.4,red
540,18.018,red,49.2,-4.7,red
543,18.118,red,48.0,-4.1,none
546,18.218,red,48.2,-4.2,red
549,18.318,red,49.0,-4.1,red
552,18.418,red,49.0,-4.4,red
555,18.518,red,48.2,-4.5,red
558,18.619,red,46.9,-5.0,red
561,18.719,red,48.4,-5.3,red
564,18.819,red,48.3,-5.0,red
567,18.919,red,47.1,-4.5,none
570,19.019,red,48.3,-4.6,red
573,19.119,red,48.1,-5.5,red
576,19.219,red,47.3,-4.9,red
579,19.319,red,47.9,-3.7,red
582,19.419,red,46.8,-5.2,none
585,19.52,red,47.7,-4.7,red
588,19.62,red,47.4,-4.8,red
591,19.72,red,47.4,-4.7,red
594,19.82,red,47.3,-4.7,red
597,19.92,red,47.7,-4.2,red
600,20.02,red,46.2,-4.6,red
603,20.12,red,46.2,-4.2,none
606,20.22,red,47.4,-4.5,red
609,20.32,red,45.2,-5.1,none
612,20.42,red,47.0,-4.4,red
615,20.521,red,46.3,-4.6,none
618,20.621,red,45.7,-5.1,red
621,20.721,red,46.3,-4.5,red
624,20.821,red,46.8,-4.8,red
627,20.921,red,44.9,-4.2,red
630,21.021,red,46.3,-3.9,red
633,21.121,red,46.3,-4.6,red
636,21.221,red,46.3,-4.1,red
639,21.321,red,46.8,-3.4,red
642,21.421,red,45.5,-4.3,none
645,21.522,red,46.4,-5.5,red
648,21.622,red,45.5,-4.9,red
651,21.722,red,46.2,-4.4,red
654,21.822,red,46.9,-4.5,red
657,21.922,red,46.7,-4.1,red
660,22.022,red,45.1,-4.8,red
663,22.122,red,46.3,-5.0,red
666,22.222,red,46.1,-5.0,red
669,22.322,red,46.8,-4.7,red
672,22.422,red,46.0,-4.7,red
675,22.522,red,45.5,-5.4,red
678,22.623,red,46.8,-4.8,red
681,22.723,red,46.2,-4.7,red
684,22.823,red,46.2,-4.2,red
687,22.923,red,43.9,-2.9,none
690,23.023,red,47.9,-4.4,red
693,23.123,red,47.6,-4.3,none
696,23.223,red,48.1,-4.4,red
699,23.323,red,47.0,-4.9,red
702,23.423,red,47.2,-4.5,red
705,23.524,red,48.0,-4.4,red
708,23.624,red,46.3,-4.9,red
711,23.724,red,47.5,-5.1,red
714,23.824,red,48.3,-4.5,red
717,23.924,red,47.0,-4.3,red
720,24.024,red,46.7,-4.6,red
723,24.124,red,47.4,-4.2,red
726,24.224,red,48.1,-5.5,red
729,24.324,red,47.1,-4.1,red
732,24.424,red,47.3,-4.9,red
735,24.524,red,47.2,-3.8,red
738,24.625,red,47.6,-3.9,red
741,24.725,red,47.3,-4.1,red
744,24.825,red,48.5,-4.2,red
747,24.925,red,47.2,-5.0,red
750,25.025,red,46.6,-4.8,red
753,25.125,red,47.7,-4.5,red
756,25.225,red,46.9,-4.4,red
759,25.325,red,47.5,-4.4,red
762,25.425,red,48.3,-4.2,red
765,25.526,red,47.5,-3.9,red
768,25.626,red,49.1,-3.7,red
771,25.726,red,47.5,-3.6,red
774,25.826,red,47.9,-3.8,red
777,25.926,red,48.5,-3.9,red
780,26.026,red,48.6,-4.0,red
783,26.126,red,48.3,-4.5,red
786,26.226,red,47.6,-4.3,red
789,26.326,red,48.1,-4.8,red
792,26.426,red,48.5,-4.6,red
795,26.527,red,48.7,-4.8,red
798,26.627,red,47.7,-4.0,red
801,26.727,red,47.1,-3.7,red
804,26.827,red,46.9,-3.9,red
807,26.927,red,47.9,-4.2,red
810,27.027,red,46.4,-3.5,none
813,27.127,green,2.1,38.2,none
816,27.227,green,2.1,38.7,none
819,27.327,green,2.1,37.9,none
822,27.427,green,2.0,37.2,none
825,27.528,green,2.1,37.9,none
828,27.628,green,2.3,36.7,none
831,27.728,green,2.1,37.4,none
834,27.828,green,1.5,36.9,none
837,27.928,green,2.2,36.2,none
840,28.028,green,1.9,36.0,none
843,28.128,green,1.8,36.1,none
846,28.228,green,1.7,35.9,none
849,28.328,green,1.3,36.1,none
852,28.428,green,1.7,36.7,none
855,28.528,green,1.4,36.2,none
858,28.629,green,1.6,36.0,none
861,28.729,green,2.8,36.3,none
864,28.829,green,1.9,35.1,none
867,28.929,green,1.8,35.8,none
870,29.029,green,1.6,35.2,none
873,29.129,green,1.5,34.7,none
876,29.229,green,2.0,36.1,none
879,29.329,green,1.8,35.3,none
882,29.429,green,1.7,35.4,none
885,29.53,green,1.9,35.5,none
888,29.63,green,1.7,35.5,none
891,29.73,green,1.9,36.7,none
894,29.83,green,1.9,36.1,none
897,29.93,green,1.7,34.6,none
900,30.03,green,2.3,35.4,none
903,30.13,green,2.3,34.7,none
906,30.23,green,2.1,35.7,none
909,30.33,green,2.0,34.6,none
912,30.43,green,1.3,35.5,none
915,30.53,green,1.7,35.8,none
918,30.631,green,1.6,35.1,none
921,30.731,green,1.3,36.0,none
924,30.831,green,1.3,35.2,none
927,30.931,green,1.1,36.0,none
930,31.031,green,1.5,36.5,none
933,31.131,green,2.0,35.3,none
936,31.231,green,1.9,36.0,none
939,31.331,green,1.1,35.7,none
942,31.431,green,1.3,36.4,none
945,31.532,green,1.5,36.4,none
948,31.632,green,1.2,36.8,none
951,31.732,green,1.8,37.3,none
954,31.832,green,2.2,35.6,none
957,31.932,green,1.5,38.2,none
960,32.032,green,1.8,37.9,none
963,32.132,green,2.1,37.2,none
966,32.232,green,2.1,38.0,none
969,32.332,green,1.7,38.1,none
972,32.432,green,1.6,38.1,none
975,32.532,green,1.8,38.2,none
978,32.633,green,2.2,38.0,none
981,32.733,green,2.2,37.9,none
984,32.833,green,1.6,38.9,none
987,32.933,green,1.8,40.5,none
990,33.033,green,1.9,38.3,none
993,33.133,green,1.7,38.6,none
996,33.233,green,2.0,39.2,none
999,33.333,green,1.8,40.2,none
1002,33.433,green,1.8,40.2,none
1005,33.534,green,2.1,38.5,none
1008,33.634,green,1.6,39.8,none
1011,33.734,green,2.3,39.7,none
1014,33.834,green,2.5,39.2,none
1017,33.934,green,2.1,39.6,none
1020,34.034,green,1.6,40.0,none
1023,34.134,green,1.6,39.8,none
1026,34.234,green,1.8,40.3,none
1029,34.334,green,2.2,40.5,none
1032,34.434,green,2.1,39.9,none
1035,34.534,green,2.2,39.8,none
1038,34.635,green,1.5,40.0,none
1041,34.735,green,1.4,40.0,none
1044,34.835,green,2.9,40.4,none
1047,34.935,green,2.1,40.2,none
1050,35.035,green,1.8,40.1,none
1053,35.135,green,1.8,39.0,none
1056,35.235,green,1.7,39.8,none
1059,35.335,green,2.4,39.9,none
1062,35.435,green,1.5,40.0,none
1065,35.536,green,2.1,39.3,none
1068,35.636,green,1.9,39.0,none
1071,35.736,green,1.6,39.2,none
1074,35.836,green,1.9,39.1,none
1077,35.936,green,2.0,39.9,none
1080,36.036,green,3.1,39.0,none
1083,36.136,green,2.4,39.1,none
1086,36.236,green,3.0,39.4,none
1089,36.336,green,2.5,39.3,none
1092,36.436,green,2.6,39.1,none
1095,36.537,green,2.2,39.6,none
1098,36.637,green,1.7,37.3,none
1101,36.737,green,1.5,39.2,none
1104,36.837,green,1.9,38.4,none
1107,36.937,green,1.9,38.5,none
1110,37.037,green,1.8,37.8,none
1113,37.137,green,1.9,36.9,none
1116,37.237,green,2.5,37.3,none
1119,37.337,green,2.8,36.9,none
1122,37.437,green,2.2,37.8,none
1125,37.538,green,1.9,37.2,none
1128,37.638,green,2.4,36.8,none
1131,37.738,green,2.7,37.3,none
1134,37.838,green,2.9,35.2,none
1137,37.938,green,2.1,34.9,none
1140,38.038,green,1.2,36.5,none
1143,38.138,green,2.1,35.2,none
1146,38.238,green,2.5,36.0,none
1149,38.338,green,1.3,36.8,none
1152,38.438,green,1.9,34.9,none
1155,38.538,green,2.0,35.4,none
1158,38.639,green,2.1,36.8,none
1161,38.739,green,2.1,35.8,none
1164,38.839,green,2.1,35.6,none
1167,38.939,green,1.8,35.4,none
1170,39.039,green,2.4,36.1,none
1173,39.139,green,2.3,35.5,none
1176,39.239,green,2.3,36.1,none
1179,39.339,green,2.6,35.7,none
1182,39.439,green,2.2,35.2,none
1185,39.54,green,2.5,35.2,none
1188,39.64,green,2.3,34.8,none
1191,39.74,green,2.6,35.2,none
1194,39.84,green,2.5,35.4,none
1197,39.94,green,2.7,35.2,none
1200,40.04,green,2.0,35.1,none
1203,40.14,green,2.0,35.4,none
1206,40.24,green,3.1,34.6,none
1209,40.34,green,2.5,35.8,none
1212,40.44,green,2.5,36.2,none
1215,40.54,green,1.8,36.0,none
1218,40.641,green,2.6,35.5,none
1221,40.741,green,2.0,36.5,none
1224,40.841,green,2.2,36.2,none
1227,40.941,green,2.1,35.6,none
1230,41.041,green,2.0,36.0,none
1233,41.141,green,2.1,36.0,none
1236,41.241,green,1.8,36.7,none
1239,41.341,green,2.6,36.6,none
1242,41.441,green,2.7,36.4,none
1245,41.542,green,1.8,37.1,none
1248,41.642,green,1.6,37.3,none
1251,41.742,green,2.3,37.9,none
1254,41.842,green,1.2,37.8,none
1257,41.942,green,2.4,36.9,none
1260,42.042,green,2.0,37.8,none
1263,42.142,green,2.1,36.3,none
1266,42.242,green,2.4,36.2,none
1269,42.342,green,2.1,37.9,none
1272,42.442,green,2.4,38.7,none
1275,42.543,green,2.9,37.4,none
1278,42.643,green,2.2,38.2,none
1281,42.743,green,2.3,38.7,none
1284,42.843,green,2.3,38.8,none
1287,42.943,green,1.8,39.4,none
1290,43.043,green,1.8,38.4,none
1293,43.143,green,1.6,39.6,none
1296,43.243,green,1.4,39.7,none
1299,43.343,green,3.1,37.9,none
1302,43.443,green,1.9,39.2,none
1305,43.544,green,2.2,38.4,none
1308,43.644,green,2.4,39.0,none
1311,43.744,green,2.4,40.6,none
1314,43.844,green,1.7,39.4,none
1317,43.944,green,2.2,39.8,none
1320,44.044,green,2.6,40.1,none
1323,44.144,green,2.6,38.6,none
1326,44.244,green,2.4,39.8,none
1329,44.344,green,2.6,40.9,none
1332,44.444,green,2.7,40.3,none
1335,44.544,green,2.6,39.8,none
1338,44.645,green,1.9,39.4,none
1341,44.745,green,2.0,40.3,none
1344,44.845,green,2.1,38.8,none
1347,44.945,green,2.1,40.7,none
1350,45.045,green,2.4,40.5,none
1353,45.145,green,2.5,41.1,none
1356,45.245,green,2.3,40.7,none
1359,45.345,green,2.7,40.9,none
1362,45.445,green,3.4,40.5,none
1365,45.546,green,2.2,40.2,none
1368,45.646,green,1.9,40.1,none
1371,45.746,green,1.9,41.1,none
1374,45.846,green,2.4,40.8,none
1377,45.946,green,2.3,40.0,none
1380,46.046,green,2.8,40.2,none
1383,46.146,green,3.4,40.1,none
1386,46.246,green,2.6,40.3,none
1389,46.346,green,2.4,39.9,none
1392,46.446,green,1.9,40.4,none
1395,46.546,green,1.7,39.2,none
1398,46.647,green,2.0,40.2,none
1401,46.747,green,2.3,39.1,none
1404,46.847,green,2.7,38.8,none
1407,46.947,green,2.2,38.7,none
1410,47.047,green,1.9,38.2,none
1413,47.147,green,1.8,39.8,none
1416,47.247,green,2.1,40.0,none
1419,47.347,green,2.3,39.4,none
1422,47.447,green,3.0,38.1,none
1425,47.548,green,1.9,38.4,none
1428,47.648,green,2.3,37.9,none
1431,47.748,green,2.6,37.4,none
1434,47.848,green,2.4,38.3,none
1437,47.948,green,2.4,37.6,none
1440,48.048,green,2.2,37.2,none
1443,48.148,green,2.1,37.2,none
1446,48.248,green,2.3,36.8,none
1449,48.348,green,2.2,37.5,none
1452,48.448,green,1.7,36.0,none
1455,48.549,green,1.5,35.9,none
1458,48.649,green,2.0,37.8,none
1461,48.749,green,1.8,36.9,none
1464,48.849,green,1.9,37.0,none
1467,48.949,green,2.4,35.9,none
1470,49.049,green,2.3,36.0,none
1473,49.149,green,2.2,37.0,none
1476,49.249,green,2.9,36.4,none
1479,49.349,green,2.1,36.4,none
1482,49.449,green,2.1,36.1,none
1485,49.55,green,2.0,36.7,none
1488,49.65,green,2.2,36.0,none
1491,49.75,green,2.1,35.4,none
1494,49.85,green,2.3,35.7,none
1497,49.95,green,3.3,36.9,none
1500,50.05,green,1.3,35.9,none
1503,50.15,green,1.7,36.0,none
1506,50.25,green,1.8,36.1,none
1509,50.35,green,1.6,35.7,none
1512,50.45,green,2.2,34.9,none
1515,50.55,green,2.4,36.2,none
1518,50.651,green,1.9,35.6,none
1521,50.751,green,2.9,35.5,none
1524,50.851,green,2.1,35.8,none
1527,50.951,green,2.4,36.2,none
1530,51.051,green,2.1,35.4,none
1533,51.151,green,2.8,36.2,none
1536,51.251,green,2.3,36.8,none
1539,51.351,green,2.4,35.0,none
1542,51.451,green,1.6,35.6,none
1545,51.552,green,1.8,36.2,none
1548,51.652,green,3.4,36.7,none
1551,51.752,green,2.5,35.5,none
1554,51.852,green,2.3,36.4,none
1557,51.952,green,2.7,36.5,none
1560,52.052,green,2.4,35.3,none
1563,52.152,green,2.5,36.6,none
1566,52.252,green,2.0,35.6,none
1569,52.352,green,2.6,35.7,none
1572,52.452,green,2.3,35.9,none
1575,52.552,green,2.1,36.7,none
1578,52.653,green,1.7,37.0,none
1581,52.753,green,1.7,36.1,none
1584,52.853,green,3.0,36.3,none
1587,52.953,green,1.7,35.9,none
1590,53.053,green,1.7,37.6,none
1593,53.153,green,1.6,36.6,none
1596,53.253,green,2.2,37.1,none
1599,53.353,green,2.8,37.5,none
1602,53.453,green,1.8,38.0,none
1605,53.554,green,1.9,37.7,none
1608,53.654,green,1.5,37.8,none
1611,53.754,green,1.8,36.8,none
1614,53.854,green,2.2,39.1,none
1617,53.954,green,2.9,37.3,none
1620,54.054,green,1.9,37.4,none
1623,54.154,green,2.7,37.8,none
1626,54.254,green,2.4,39.8,none
1629,54.354,green,1.3,39.3,none
1632,54.454,green,2.4,39.8,none
1635,54.555,green,2.1,39.1,none
1638,54.655,green,2.4,38.8,none
1641,54.755,green,2.0,37.8,none
1644,54.855,green,3.1,39.0,none
1647,54.955,green,1.7,39.5,none
1650,55.055,green,1.7,38.7,none
1653,55.155,green,2.8,39.0,none
1656,55.255,green,2.6,39.4,none
1659,55.355,green,2.5,39.6,none
1662,55.455,green,2.4,39.5,none
1665,55.556,green,3.2,39.4,none
1668,55.656,green,2.7,39.0,none
1671,55.756,green,2.4,39.6,none
1674,55.856,green,1.5,40.7,none
1677,55.956,green,1.6,39.9,none
1680,56.056,green,1.8,40.4,none
1683,56.156,green,1.9,40.2,none
1686,56.256,green,2.0,40.2,none
1689,56.356,green,2.9,39.7,none
1692,56.456,green,2.4,38.9,none
1695,56.556,green,3.1,40.9,none
1698,56.657,green,2.4,40.7,none
1701,56.757,green,2.9,40.3,none
1704,56.857,green,2.4,39.6,none
1707,56.957,green,2.1,40.3,none
1710,57.057,green_flash,2.4,-2.8,none
1713,57.157,green_flash,1.6,-3.9,none
1716,57.257,green_flash,2.0,-4.9,none
1719,57.357,green_flash,2.0,-4.5,none
1722,57.457,green_flash,2.3,-4.4,none
1725,57.558,green,2.5,28.8,none
1728,57.658,green,2.3,40.4,none
1731,57.758,green,2.5,39.1,none
1734,57.858,green,2.5,40.1,none
1737,57.958,green,1.9,39.9,none
1740,58.058,green_flash,1.4,-1.9,none
1743,58.158,green_flash,2.0,-3.9,none
1746,58.258,green_flash,1.8,-3.7,none
1749,58.358,green_flash,2.1,-4.8,none
1752,58.458,green_flash,2.3,-5.0,none
1755,58.558,green,2.5,28.9,none
1758,58.659,green,2.1,38.3,none
1761,58.759,green,1.8,38.9,none
1764,58.859,green,2.4,39.3,none
1767,58.959,green,2.4,38.8,none
1770,59.059,green_flash,2.0,-2.8,none
1773,59.159,green_flash,2.6,-4.2,none
1776,59.259,green_flash,1.9,-5.0,none
1779,59.359,green_flash,1.5,-5.2,none
1782,59.459,green_flash,1.8,-4.5,none
1785,59.56,green,2.4,29.4,none
1788,59.66,green,2.9,37.6,none
1791,59.76,green,1.9,39.7,none
1794,59.86,green,1.8,37.4,none
1797,59.96,green,2.3,38.1,none
1800,60.06,red,38.3,-3.6,none
1803,60.16,red,52.1,-5.0,red
1806,60.26,red,51.4,-5.1,red
1809,60.36,red,51.0,-5.1,red
1812,60.46,red,51.9,-5.0,red
1815,60.56,red,51.0,-5.1,red
1818,60.661,red,50.4,-4.8,red
1821,60.761,red,50.3,-4.4,red
1824,60.861,red,51.4,-4.7,red
1827,60.961,red,50.3,-4.6,red
1830,61.061,red,50.7,-4.4,red
1833,61.161,red,50.6,-4.1,red
1836,61.261,red,50.3,-4.3,red
1839,61.361,red,49.9,-4.4,red
1842,61.461,red,49.7,-4.9,red
1845,61.562,red,51.3,-4.8,red
1848,61.662,red,49.5,-4.7,red
1851,61.762,red,50.2,-4.2,red
1854,61.862,red,50.0,-5.1,red
1857,61.962,red,50.2,-4.8,red
1860,62.062,red,49.4,-3.7,red
1863,62.162,red,49.5,-4.8,red
1866,62.262,red,49.7,-4.9,red
1869,62.362,red,49.1,-4.6,red
1872,62.462,red,48.7,-4.5,red
1875,62.562,red,48.4,-4.9,red
1878,62.663,red,49.2,-4.6,red
1881,62.763,red,48.7,-5.0,red
1884,62.863,red,48.3,-5.2,red
1887,62.963,red,49.8,-4.5,red
1890,63.063,red,49.6,-4.3,red
1893,63.163,red,48.9,-4.0,red
1896,63.263,red,48.7,-4.3,red
1899,63.363,red,48.7,-3.9,red
1902,63.463,red,49.6,-4.4,red
1905,63.564,red,48.3,-4.9,red
1908,63.664,red,48.7,-4.9,red
1911,63.764,red,48.0,-5.1,red
1914,63.864,red,48.4,-4.5,red
1917,63.964,red,47.4,-4.4,red
1920,64.064,red,48.2,-4.4,red
1923,64.164,red,49.1,-4.3,red
1926,64.264,red,48.7,-4.9,red
1929,64.364,red,47.6,-4.7,red
1932,64.464,red,49.1,-5.4,red
1935,64.564,red,49.2,-4.5,red
1938,64.665,red,48.8,-3.9,red
1941,64.765,red,48.0,-4.4,red
1944,64.865,red,48.5,-4.1,red
1947,64.965,red,48.7,-5.3,red
1950,65.065,red,48.6,-4.5,red
1953,65.165,red,49.2,-4.6,red
1956,65.265,red,48.4,-4.9,red
1959,65.365,red,47.3,-3.7,red
1962,65.465,red,48.7,-4.9,red
1965,65.566,red,48.7,-5.3,red
1968,65.666,red,49.3,-5.0,red
1971,65.766,red,49.2,-4.8,red
1974,65.866,red,46.6,-4.8,red
1977,65.966,red,49.1,-4.9,red
1980,66.066,red,48.6,-4.5,red
1983,66.166,red,48.5,-4.5,red
1986,66.266,red,48.2,-4.5,red
1989,66.366,red,48.6,-3.9,red
1992,66.466,red,47.6,-4.2,red
1995,66.566,red,48.8,-4.3,red
1998,66.667,red,47.8,-5.2,red
2001,66.767,red,49.0,-5.2,red
2004,66.867,red,49.8,-4.7,red
2007,66.967,red,50.0,-5.1,red
2010,67.067,red,49.9,-4.6,red
2013,67.167,red,47.3,-4.7,red
2016,67.267,red,49.7,-5.0,red
2019,67.367,red,49.7,-5.5,red
2022,67.467,red,48.6,-4.5,red
2025,67.568,red,49.4,-4.7,red
2028,67.668,red,47.9,-4.6,red
2031,67.768,red,47.5,-4.9,red
2034,67.868,red,48.4,-4.8,red
2037,67.968,red,48.9,-3.9,red
2040,68.068,red,48.2,-4.4,red
2043,68.168,red,48.4,-5.1,red
2046,68.268,red,48.8,-4.7,red
2049,68.368,red,49.6,-4.1,red
2052,68.468,red,49.3,-4.9,red
2055,68.568,red,49.5,-4.5,red
2058,68.669,red,49.6,-4.4,red
2061,68.769,red,49.7,-4.4,red
2064,68.869,red,49.4,-4.3,red
2067,68.969,red,49.7,-4.4,red
2070,69.069,red,48.6,-4.6,red
2073,69.169,red,47.7,-4.2,red
2076,69.269,red,50.1,-4.7,red
2079,69.369,red,50.1,-4.6,red
2082,69.469,red,47.9,-3.9,red
2085,69.57,red,49.5,-4.7,red
2088,69.67,red,49.5,-3.7,red
2091,69.77,red,49.5,-4.8,red
2094,69.87,red,47.8,-4.8,red
2097,69.97,red,49.9,-4.7,red
2100,70.07,red,50.1,-4.1,red
2103,70.17,red,50.3,-4.9,red
2106,70.27,red,50.5,-4.8,red
2109,70.37,red,49.6,-4.8,red
2112,70.47,red,49.2,-5.1,red
2115,70.57,red,48.5,-4.3,red
2118,70.671,red,50.4,-5.5,red
2121,70.771,red,48.2,-4.2,red
2124,70.871,red,48.9,-4.9,red
2127,70.971,red,48.6,-4.2,red
2130,71.071,red,50.0,-4.9,red
2133,71.171,red,51.1,-4.3,red
2136,71.271,red,49.9,-4.3,red
2139,71.371,red,48.7,-4.9,red
2142,71.471,red,47.3,-4.7,red
2145,71.572,red,49.6,-4.5,red
2148,71.672,red,49.7,-4.0,red
2151,71.772,red,49.6,-4.5,red
2154,71.872,red,49.6,-4.9,red
2157,71.972,red,48.9,-4.1,red
2160,72.072,red,49.4,-4.4,red
2163,72.172,red,49.1,-4.5,red
2166,72.272,red,49.2,-5.0,red
2169,72.372,red,48.7,-4.5,red
2172,72.472,red,48.8,-4.4,red
2175,72.572,red,47.6,-4.3,red
2178,72.673,red,48.0,-4.8,red
2181,72.773,red,49.5,-4.4,red
2184,72.873,red,49.1,-4.9,red
2187,72.973,red,50.6,-4.5,red
2190,73.073,red,50.0,-4.6,red
2193,73.173,red,48.6,-5.0,red
2196,73.273,red,48.0,-4.4,red
2199,73.373,red,48.0,-4.5,red
2202,73.473,red,47.5,-5.2,red
2205,73.574,red,49.1,-4.5,red
2208,73.674,red,49.2,-4.2,red
2211,73.774,red,46.9,-4.5,red
2214,73.874,red,47.4,-4.8,red
2217,73.974,red,48.6,-4.6,red
2220,74.074,red,48.1,-4.6,red
2223,74.174,red,48.2,-5.0,red
2226,74.274,red,50.4,-4.2,red
2229,74.374,red,49.6,-4.1,red
2232,74.474,red,48.2,-4.3,red
2235,74.574,red,48.2,-4.9,red
2238,74.675,red,49.7,-4.8,red
2241,74.775,red,48.6,-4.8,red
2244,74.875,red,48.7,-4.6,red
2247,74.975,red,50.0,-4.5,red
2250,75.075,red,47.6,-4.4,red
2253,75.175,red,50.0,-4.3,red
2256,75.275,red,48.1,-4.4,red
2259,75.375,red,49.4,-4.7,red
2262,75.475,red,47.6,-4.9,red
2265,75.576,red,47.2,-4.3,red
2268,75.676,red,47.6,-5.3,red
2271,75.776,red,48.0,-4.7,red
2274,75.876,red,49.3,-5.1,red
2277,75.976,red,48.7,-4.3,red
2280,76.076,red,48.1,-4.4,red
2283,76.176,red,48.0,-4.4,red
2286,76.276,red,49.1,-3.9,red
2289,76.376,red,48.6,-4.8,red
2292,76.476,red,47.6,-3.7,red
2295,76.576,red,49.0,-4.4,red
2298,76.677,red,47.0,-5.1,red
2301,76.777,red,49.6,-3.8,red
2304,76.877,red,47.1,-3.8,red
2307,76.977,red,48.8,-4.8,red
2310,77.077,red,48.5,-4.7,red
2313,77.177,red,48.5,-4.6,red
2316,77.277,red,46.9,-4.6,red
2319,77.377,red,48.1,-5.0,red
2322,77.477,red,48.5,-4.4,red
2325,77.578,red,47.4,-3.9,red
2328,77.678,red,46.8,-4.7,red
2331,77.778,red,47.0,-4.4,red
2334,77.878,red,47.6,-4.9,red
2337,77.978,red,48.6,-4.2,red
2340,78.078,red,47.5,-4.6,red
2343,78.178,red,47.5,-4.6,red
2346,78.278,red,45.4,-4.6,red
2349,78.378,red,47.6,-4.0,red
2352,78.478,red,45.2,-3.9,red
2355,78.578,red,46.7,-4.8,red
2358,78.679,red,46.1,-4.7,red
2361,78.779,red,47.4,-4.3,red
2364,78.879,red,47.6,-4.6,red
2367,78.979,red,48.7,-4.0,red
2370,79.079,red,47.6,-4.5,red
2373,79.179,red,48.1,-5.0,red
2376,79.279,red,46.7,-4.7,red
2379,79.379,red,47.0,-5.0,red
2382,79.479,red,46.8,-4.4,red
2385,79.58,red,46.9,-5.1,red
2388,79.68,red,45.8,-4.6,red
2391,79.78,red,47.3,-4.8,red
2394,79.88,red,47.6,-4.7,red
2397,79.98,red,46.6,-4.8,red
2400,80.08,red,47.1,-4.7,red
2403,80.18,red,47.4,-5.1,red
2406,80.28,red,46.5,-5.9,red
2409,80.38,red,48.0,-5.2,red
2412,80.48,red,47.8,-4.8,red
2415,80.58,red,47.8,-5.0,red
2418,80.681,red,46.8,-5.0,red
2421,80.781,red,47.0,-4.7,red
2424,80.881,red,46.2,-4.5,red
2427,80.981,red,45.3,-4.6,red
2430,81.081,red,46.6,-5.3,red
2433,81.181,red,47.9,-4.1,red
2436,81.281,red,47.7,-4.0,red
2439,81.381,red,46.8,-4.3,red
2442,81.481,red,44.3,-4.4,red
2445,81.582,red,46.8,-4.1,red
2448,81.682,red,46.3,-5.1,red
2451,81.782,red,47.0,-5.4,red
2454,81.882,red,45.4,-4.4,red
2457,81.982,red,47.3,-5.3,red
2460,82.082,red,47.7,-5.1,red
2463,82.182,red,47.4,-4.0,red
2466,82.282,red,46.7,-5.1,red
2469,82.382,red,46.7,-4.7,red
2472,82.482,red,47.4,-5.3,red
2475,82.582,red,46.6,-4.3,red
2478,82.683,red,47.8,-4.4,red
2481,82.783,red,46.5,-4.7,red
2484,82.883,red,46.4,-5.1,red
2487,82.983,red,46.3,-5.2,red
2490,83.083,red,47.0,-4.0,red
2493,83.183,red,46.0,-4.4,red
2496,83.283,red,47.4,-4.5,red
2499,83.383,red,47.1,-4.7,red
2502,83.483,red,47.7,-4.6,red
2505,83.584,red,46.7,-4.9,red
2508,83.684,red,46.4,-4.5,red
2511,83.784,red,48.2,-4.9,red
2514,83.884,red,46.2,-4.6,red
2517,83.984,red,47.4,-4.2,red
2520,84.084,red,47.2,-4.1,red
2523,84.184,red,47.3,-4.3,red
2526,84.284,red,47.7,-4.2,red
2529,84.384,red,46.5,-4.9,red
2532,84.484,red,46.4,-4.7,red
2535,84.584,red,47.0,-5.1,red
2538,84.685,red,47.2,-4.9,red
2541,84.785,red,46.1,-4.6,red
2544,84.885,red,47.1,-4.7,red
2547,84.985,red,47.0,-3.8,red
2550,85.085,red,45.7,-4.1,red
2553,85.185,red,47.0,-4.2,red
2556,85.285,red,45.3,-4.6,red
2559,85.385,red,45.8,-5.0,red
2562,85.485,red,46.2,-4.2,red
2565,85.586,red,47.5,-4.5,red
2568,85.686,red,46.1,-4.3,red
2571,85.786,red,47.9,-4.7,red
2574,85.886,red,46.3,-4.7,red
2577,85.986,red,46.2,-4.8,red
2580,86.086,red,46.4,-4.0,red
2583,86.186,red,47.4,-4.9,red
2586,86.286,red,46.1,-4.7,red
2589,86.386,red,47.2,-4.2,red
2592,86.486,red,46.2,-4.2,red
2595,86.586,red,45.8,-4.2,red
2598,86.687,red,46.3,-3.8,red
2601,86.787,red,46.3,-4.8,red
2604,86.887,red,46.3,-3.9,red
2607,86.987,red,47.6,-5.2,red
2610,87.087,red,46.6,-4.4,red
2613,87.187,red,47.0,-4.4,red
2616,87.287,red,47.3,-5.0,red
2619,87.387,red,47.2,-4.5,red
2622,87.487,red,47.5,-4.6,red
2625,87.588,red,47.4,-4.7,red
2628,87.688,red,47.8,-4.2,red
2631,87.788,red,47.7,-5.0,red
2634,87.888,red,46.6,-5.2,red
2637,87.988,red,46.8,-4.7,red
2640,88.088,red,47.2,-3.9,red
2643,88.188,red,45.6,-4.6,red
2646,88.288,red,46.6,-4.8,red
2649,88.388,red,46.9,-5.4,red
2652,88.488,red,46.3,-4.6,red
2655,88.588,red,47.7,-4.2,red
2658,88.689,red,46.5,-4.7,red
2661,88.789,red,46.9,-4.7,red
2664,88.889,red,45.4,-4.4,red
2667,88.989,red,47.3,-4.7,red
2670,89.089,red,46.9,-4.5,red
2673,89.189,red,48.2,-4.5,red
2676,89.289,red,48.0,-4.5,red
2679,89.389,red,47.8,-4.5,red
2682,89.489,red,47.5,-4.7,red
2685,89.59,red,48.5,-4.6,red
2688,89.69,red,46.6,-4.2,red
2691,89.79,red,46.9,-4.0,red
2694,89.89,red,47.2,-4.7,red
2697,89.99,red,46.0,-4.4,red
2700,90.09,red,48.3,-4.7,red
2703,90.19,red,46.2,-4.6,red
2706,90.29,red,47.8,-5.1,red
2709,90.39,red,48.0,-4.4,red
2712,90.49,red,48.3,-4.6,red
2715,90.59,red,47.8,-5.0,red
2718,90.691,red,47.1,-4.5,red
2721,90.791,red,47.0,-3.6,red
2724,90.891,red,47.7,-4.6,red
2727,90.991,red,46.9,-4.7,red
2730,91.091,red,48.7,-4.4,red
2733,91.191,red,48.4,-4.3,red
2736,91.291,red,48.4,-4.4,red
2739,91.391,red,47.6,-5.6,red
2742,91.491,red,48.0,-4.3,red
2745,91.592,red,48.7,-4.3,red
2748,91.692,red,47.9,-5.2,red
2751,91.792,red,47.6,-4.6,red
2754,91.892,red,47.2,-4.2,red
2757,91.992,red,48.2,-4.2,red
2760,92.092,red,47.4,-4.7,red
2763,92.192,red,47.2,-4.5,red
2766,92.292,red,47.8,-5.1,red
2769,92.392,red,48.2,-4.9,red
2772,92.492,red,47.0,-4.3,red
2775,92.592,red,46.7,-4.4,red
2778,92.693,red,47.9,-4.2,red
2781,92.793,red,48.0,-4.2,red
2784,92.893,red,47.9,-4.4,red
2787,92.993,red,48.2,-4.3,red
2790,93.093,red,48.0,-4.7,red
2793,93.193,red,47.8,-4.9,red
2796,93.293,red,47.4,-4.0,red
2799,93.393,red,48.0,-4.8,red
2802,93.493,red,47.5,-4.6,red
2805,93.594,red,46.8,-5.2,red
2808,93.694,red,47.0,-5.5,red
2811,93.794,red,48.2,-4.7,red
2814,93.894,red,46.8,-4.6,red
2817,93.994,red,47.6,-4.8,red
2820,94.094,red,47.3,-4.6,red
2823,94.194,red,46.2,-4.7,red
2826,94.294,red,48.5,-4.6,red
2829,94.394,red,46.7,-4.2,red
2832,94.494,red,46.9,-4.4,red
2835,94.594,red,47.2,-4.6,red
2838,94.695,red,48.1,-5.0,red
2841,94.795,red,48.4,-5.5,red
2844,94.895,red,47.6,-4.6,red
2847,94.995,red,46.5,-4.5,red
2850,95.095,red,47.1,-5.1,red
2853,95.195,red,48.3,-4.4,red
2856,95.295,red,46.3,-4.4,red
2859,95.395,red,46.3,-4.9,red
2862,95.495,red,46.8,-4.2,red
2865,95.596,red,46.4,-5.0,red
2868,95.696,red,45.7,-4.1,red
2871,95.796,red,47.3,-5.1,red
2874,95.896,red,46.9,-5.0,red
2877,95.996,red,47.8,-4.0,red
2880,96.096,red,47.5,-4.8,red
2883,96.196,red,47.5,-4.7,red
2886,96.296,red,47.8,-4.5,red
2889,96.396,red,48.1,-4.3,red
2892,96.496,red,46.6,-4.1,red
2895,96.596,red,46.8,-4.9,red
2898,96.697,red,47.3,-4.8,red
2901,96.797,red,46.2,-4.4,red
2904,96.897,red,47.8,-4.4,red
2907,96.997,red,48.0,-4.7,red
2910,97.097,red,46.9,-4.6,red
2913,97.197,red,46.9,-4.6,red
2916,97.297,red,46.9,-4.6,red
2919,97.397,red,46.7,-3.9,red
2922,97.497,red,46.5,-4.1,red
2925,97.598,red,47.2,-4.0,red
2928,97.698,red,47.6,-4.7,red
2931,97.798,red,46.6,-4.7,red
2934,97.898,red,46.7,-4.4,red
2937,97.998,red,47.1,-5.0,red
2940,98.098,red,46.7,-4.6,red
2943,98.198,red,45.6,-4.8,red
2946,98.298,red,46.5,-4.8,red
2949,98.398,red,46.9,-4.9,red
2952,98.498,red,46.8,-5.0,red
2955,98.598,red,48.1,-4.7,red
2958,98.699,red,46.0,-5.6,red
2961,98.799,red,46.6,-4.7,red
2964,98.899,red,46.5,-4.7,red
2967,98.999,red,46.3,-5.2,red
2970,99.099,red,46.9,-5.0,red
2973,99.199,red,47.0,-5.0,red
2976,99.299,red,45.6,-4.8,red
2979,99.399,red,45.8,-5.3,red
2982,99.499,red,45.5,-4.2,red
2985,99.6,red,46.2,-4.7,red
2988,99.7,red,46.7,-5.4,red
2991,99.8,red,47.3,-5.0,red
2994,99.9,red,47.0,-4.3,red
2997,100.0,red,46.9,-5.0,red
3000,100.1,red,46.0,-5.1,red
3003,100.2,red,46.1,-5.2,red
3006,100.3,red,45.3,-4.5,red
3009,100.4,red,45.8,-4.6,red
3012,100.5,red,44.8,-3.6,red
3015,100.6,red,46.6,-4.8,red
3018,100.701,red,45.9,-5.2,red
3021,100.801,red,46.2,-4.2,red
3024,100.901,red,47.5,-4.9,red
3027,101.001,red,46.1,-4.2,red
3030,101.101,red,47.2,-4.1,red
3033,101.201,red,46.3,-4.8,red
3036,101.301,red,46.1,-5.7,red
3039,101.401,red,46.1,-4.5,red
3042,101.501,red,46.1,-4.1,red
3045,101.602,red,46.9,-4.4,red
3048,101.702,red,46.6,-4.5,red
3051,101.802,red,46.1,-4.5,red
3054,101.902,red,45.6,-4.8,red
3057,102.002,red,46.9,-5.3,red
3060,102.102,green,3.5,37.8,none
3063,102.202,green,2.5,37.0,none
3066,102.302,green,1.9,37.1,none
3069,102.402,green,1.9,37.1,none
3072,102.502,green,2.5,37.9,none
3075,102.602,green,2.1,38.1,none
3078,102.703,green,2.1,38.1,none
3081,102.803,green,2.2,38.0,none
3084,102.903,green,2.3,38.6,none
3087,103.003,green,2.4,39.0,none
3090,103.103,green,1.9,39.1,none
3093,103.203,green,2.3,38.5,none
3096,103.303,green,2.5,38.1,none
3099,103.403,green,2.8,38.8,none
3102,103.503,green,2.0,39.0,none
3105,103.604,green,1.0,39.3,none
3108,103.704,green,2.6,39.7,none
3111,103.804,green,1.3,38.4,none
3114,103.904,green,2.7,38.6,none
3117,104.004,green,1.7,39.8,none
3120,104.104,green,1.4,38.5,none
3123,104.204,green,2.2,39.0,none
3126,104.304,green,2.0,38.7,none
3129,104.404,green,2.0,39.1,none
3132,104.504,green,1.9,40.3,none
3135,104.604,green,2.1,39.2,none
3138,104.705,green,2.0,39.2,none
3141,104.805,green,1.9,39.1,none
3144,104.905,green,1.3,38.8,none
3147,105.005,green,2.5,38.7,none
3150,105.105,green,1.9,39.4,none
3153,105.205,green,2.5,39.3,none
3156,105.305,green,2.2,39.8,none
3159,105.405,green,2.4,39.5,none
3162,105.505,green,1.7,39.2,none
3165,105.606,green,2.0,39.7,none
3168,105.706,green,1.7,39.3,none
3171,105.806,green,2.1,38.8,none
3174,105.906,green,1.8,39.7,none
3177,106.006,green,2.7,38.9,none
3180,106.106,green,2.2,39.7,none
3183,106.206,green,2.0,38.7,none
3186,106.306,green,2.3,39.3,none
3189,106.406,green,1.8,38.6,none
3192,106.506,green,1.8,39.8,none
3195,106.606,green,2.0,39.3,none
3198,106.707,green,1.5,38.9,none
3201,106.807,green,2.4,39.8,none
3204,106.907,green,1.8,40.4,none
3207,107.007,green,1.8,39.1,none
3210,107.107,green,2.0,38.9,none
3213,107.207,green,1.8,38.3,none
3216,107.307,green,1.4,38.9,none
3219,107.407,green,2.4,39.5,none
3222,107.507,green,3.0,39.0,none
3225,107.608,green,2.5,38.1,none
3228,107.708,green,2.5,38.6,none
3231,107.808,green,2.3,38.3,none
3234,107.908,green,2.4,38.3,none
3237,108.008,green,2.3,38.2,none
3240,108.108,green,2.2,38.0,none
3243,108.208,green,2.2,38.8,none
3246,108.308,green,2.4,38.4,none
3249,108.408,green,0.9,38.8,none
3252,108.508,green,2.1,37.4,none
3255,108.608,green,1.9,37.7,none
3258,108.709,green,2.0,37.5,none
3261,108.809,green,2.4,36.2,none
3264,108.909,green,2.0,38.1,none
3267,109.009,green,1.9,37.2,none
3270,109.109,green,2.3,36.5,none
3273,109.209,green,2.4,37.6,none
3276,109.309,green,1.7,37.2,none
3279,109.409,green,1.7,36.8,none
3282,109.509,green,2.1,36.9,none
3285,109.61,green,2.2,36.9,none
3288,109.71,green,1.0,36.7,none
3291,109.81,green,1.2,36.5,none
3294,109.91,green,1.8,37.4,none
3297,110.01,green,1.6,36.7,none
3300,110.11,green,1.5,36.9,none
3303,110.21,green,2.2,36.5,none
3306,110.31,green,2.8,35.5,none
3309,110.41,green,2.1,36.7,none
3312,110.51,green,2.0,36.1,none
3315,110.61,green,2.1,35.5,none
3318,110.711,green,2.0,35.5,none
3321,110.811,green,2.0,35.6,none
3324,110.911,green,2.0,35.0,none
3327,111.011,green,2.1,34.9,none
3330,111.111,green,1.4,36.4,none
3333,111.211,green,2.1,35.5,none
3336,111.311,green,1.5,35.7,none
3339,111.411,green,2.4,35.6,none
3342,111.511,green,1.6,34.7,none
3345,111.612,green,1.7,36.0,none
3348,111.712,green,1.6,35.6,none
3351,111.812,green,1.8,35.1,none
3354,111.912,green,1.8,35.4,none
3357,112.012,green,1.4,35.8,none
3360,112.112,green,2.3,35.6,none
3363,112.212,green,2.3,35.0,none
3366,112.312,green,2.2,35.2,none
3369,112.412,green,2.5,35.2,none
3372,112.512,green,1.9,35.6,none
3375,112.612,green,2.1,36.3,none
3378,112.713,green,2.2,35.3,none
3381,112.813,green,2.0,36.5,none
3384,112.913,green,2.5,35.9,none
3387,113.013,green,2.0,35.9,none
3390,113.113,green,1.8,36.7,none
3393,113.213,green,2.4,35.7,none
3396,113.313,green,2.5,37.3,none
3399,113.413,green,2.4,36.3,none
3402,113.513,green,2.4,36.2,none
3405,113.614,green,2.3,37.4,none
3408,113.714,green,2.8,36.0,none
3411,113.814,green,2.8,36.1,none
3414,113.914,green,2.1,37.5,none
3417,114.014,green,2.1,38.6,none
3420,114.114,green,3.3,37.3,none
3423,114.214,green,2.5,36.7,none
3426,114.314,green,2.6,36.4,none
3429,114.414,green,1.8,37.8,none
3432,114.514,green,2.3,37.5,none
3435,114.614,green,2.7,36.8,none
3438,114.715,green,2.6,38.4,none
3441,114.815,green,2.5,37.6,none
3444,114.915,green,1.9,39.9,none
3447,115.015,green,1.8,38.3,none
3450,115.115,green,2.2,39.3,none
3453,115.215,green,2.0,39.1,none
3456,115.315,green,2.4,39.1,none
3459,115.415,green,2.0,38.2,none
3462,115.515,green,2.9,39.1,none
3465,115.616,green,3.2,39.1,none
3468,115.716,green,2.5,40.5,none
3471,115.816,green,2.2,39.7,none
3474,115.916,green,2.2,41.0,none
3477,116.016,green,2.5,39.3,none
3480,116.116,green,2.0,40.4,none
3483,116.216,green,1.9,40.1,none
3486,116.316,green,2.3,40.2,none
3489,116.416,green,2.0,41.5,none
3492,116.516,green,2.6,41.4,none
3495,116.616,green,2.6,39.8,none
3498,116.717,green,2.5,40.2,none
3501,116.817,green,2.7,40.1,none
3504,116.917,green,1.3,40.5,none
3507,117.017,green,2.4,40.7,none
3510,117.117,green,2.3,40.8,none
3513,117.217,green,2.5,39.9,none
3516,117.317,green,1.8,40.3,none
3519,117.417,green,3.1,39.5,none
3522,117.517,green,2.6,39.9,none
3525,117.618,green,2.6,39.7,none
3528,117.718,green,2.2,40.2,none
3531,117.818,green,1.7,39.1,none
3534,117.918,green,2.8,40.8,none
3537,118.018,green,2.5,40.4,none
3540,118.118,green,2.5,39.4,none
3543,118.218,green,3.2,39.6,none
3546,118.318,green,2.8,40.1,none
3549,118.418,green,2.8,41.0,none
3552,118.518,green,2.2,39.2,none
3555,118.618,green,2.8,39.7,none
3558,118.719,green,2.5,39.2,none
3561,118.819,green,2.0,38.6,none
3564,118.919,green,2.7,39.3,none
3567,119.019,green,2.6,38.9,none
3570,119.119,green,2.4,39.6,none
3573,119.219,green,2.7,38.1,none
3576,119.319,green,2.6,38.8,none
3579,119.419,green,2.5,38.6,none
3582,119.519,green,2.2,38.5,none
3585,119.62,green,2.6,38.1,none
3588,119.72,green,2.8,38.1,none
3591,119.82,green,2.5,38.5,none
3594,119.92,green,2.3,37.3,none
3597,120.02,green,2.5,38.4,none
3600,120.12,green,2.4,37.0,none
3603,120.22,green,2.5,38.2,none
3606,120.32,green,2.6,37.5,none
3609,120.42,green,2.7,38.1,none
3612,120.52,green,1.3,36.9,none
3615,120.62,green,2.8,36.9,none
3618,120.721,green,2.4,37.6,none
3621,120.821,green,3.2,36.6,none
3624,120.921,green,2.8,37.1,none
3627,121.021,green,3.1,36.2,none
3630,121.121,green,2.5,36.5,none
3633,121.221,green,1.9,36.5,none
3636,121.321,green,2.2,36.7,none
3639,121.421,green,2.4,36.9,none
3642,121.521,green,2.5,36.4,none
3645,121.622,green,2.4,36.5,none
3648,121.722,green,2.5,35.1,none
3651,121.822,green,2.8,35.7,none
3654,121.922,green,1.5,35.5,none
3657,122.022,green,2.5,35.9,none
3660,122.122,green,2.5,35.7,none
3663,122.222,green,2.2,34.7,none
3666,122.322,green,2.0,35.9,none
3669,122.422,green,2.2,34.7,none
3672,122.522,green,2.3,35.5,none
3675,122.622,green,1.6,36.2,none
3678,122.723,green,2.6,34.1,none
3681,122.823,green,2.4,35.6,none
3684,122.923,green,2.6,35.1,none
3687,123.023,green,2.9,35.2,none
3690,123.123,green,2.2,36.7,none
3693,123.223,green,2.1,36.9,none
3696,123.323,green,2.0,35.1,none
3699,123.423,green,2.9,36.1,none
3702,123.523,green,2.0,36.9,none
3705,123.624,green,3.0,36.4,none
3708,123.724,green,2.3,36.4,none
3711,123.824,green,3.3,36.6,none
3714,123.924,green,2.5,37.3,none
3717,124.024,green,2.7,36.8,none
3720,124.124,green,2.3,38.1,none
3723,124.224,green,2.4,37.6,none
3726,124.324,green,2.1,36.2,none
3729,124.424,green,2.9,37.5,none
3732,124.524,green,2.7,36.8,none
3735,124.624,green,2.6,36.8,none
3738,124.725,green,1.7,36.9,none
3741,124.825,green,1.9,36.6,none
3744,124.925,green,2.1,38.4,none
3747,125.025,green,1.4,37.1,none
3750,125.125,green,2.6,36.9,none
3753,125.225,green,1.8,36.2,none
3756,125.325,green,2.0,36.9,none
3759,125.425,green,2.2,36.7,none
3762,125.525,green,1.3,37.8,none
3765,125.626,green,2.3,37.3,none
3768,125.726,green,2.3,37.0,none
3771,125.826,green,2.5,37.8,none
3774,125.926,green,1.6,37.9,none
3777,126.026,green,1.7,36.6,none
3780,126.126,green,2.5,37.3,none
3783,126.226,green,2.3,37.6,none
3786,126.326,green,2.4,39.2,none
3789,126.426,green,2.5,38.2,none
3792,126.526,green,3.5,39.2,none
3795,126.626,green,2.3,37.7,none
3798,126.727,green,2.0,39.7,none
3801,126.827,green,2.2,37.6,none
3804,126.927,green,2.8,38.6,none
3807,127.027,green,2.4,39.4,none
3810,127.127,green,2.4,38.6,none
3813,127.227,green,2.3,39.0,none
3816,127.327,green,2.8,37.7,none
3819,127.427,green,2.6,39.0,none
3822,127.527,green,2.1,38.9,none
3825,127.628,green,2.0,39.7,none
3828,127.728,green,2.2,40.5,none
3831,127.828,green,2.6,39.2,none
3834,127.928,green,1.6,39.7,none
3837,128.028,green,2.0,40.6,none
3840,128.128,green,2.1,39.9,none
3843,128.228,green,2.1,40.9,none
3846,128.328,green,1.5,40.3,none
3849,128.428,green,2.2,40.7,none
3852,128.528,green,2.2,41.7,none
3855,128.628,green,1.8,40.2,none
3858,128.729,green,2.5,40.1,none
3861,128.829,green,2.6,39.6,none
3864,128.929,green,3.4,39.5,none
3867,129.029,green,3.2,39.8,none
3870,129.129,green,3.2,40.4,none
3873,129.229,green,2.7,40.6,none
3876,129.329,green,2.3,41.4,none
3879,129.429,green,1.8,38.0,none
3882,129.529,green,1.5,38.9,none
3885,129.63,green,3.2,40.0,none
3888,129.73,green,2.6,41.5,none
3891,129.83,green,2.4,39.9,none
3894,129.93,green,2.5,39.9,none
3897,130.03,green,2.6,39.3,none
3900,130.13,green,2.0,40.1,none
3903,130.23,green,2.3,38.9,none
3906,130.33,green,2.3,40.2,none
3909,130.43,green,2.3,41.8,none
3912,130.53,green,2.4,40.2,none
3915,130.631,green,2.6,41.2,none
3918,130.731,green,2.4,40.1,none
3921,130.831,green,3.0,40.1,none
3924,130.931,green,2.5,40.6,none
3927,131.031,green,2.2,39.7,none
3930,131.131,green,2.5,40.4,none
3933,131.231,green,2.4,39.4,none
3936,131.331,green,2.5,39.3,none
3939,131.431,green,2.2,39.5,none
3942,131.531,green,2.1,39.3,none
3945,131.632,green,2.1,39.2,none
3948,131.732,green,2.2,38.8,none
3951,131.832,green,2.3,39.4,none
3954,131.932,green,2.2,38.0,none
3957,132.032,green,2.9,39.6,none
3960,132.132,green_flash,2.7,-4.4,none
3963,132.232,green_flash,3.2,-5.1,none
3966,132.332,green_flash,3.4,-4.8,none
3969,132.432,green_flash,2.9,-4.3,none
3972,132.532,green_flash,3.3,-4.6,none
3975,132.632,green,2.9,38.5,none
3978,132.733,green,2.1,38.8,none
3981,132.833,green,2.0,38.5,none
3984,132.933,green,1.4,38.3,none
3987,133.033,green,3.1,37.8,none
3990,133.133,green_flash,2.3,-4.9,none
3993,133.233,green_flash,2.0,-4.4,none
3996,133.333,green_flash,2.6,-4.3,none
3999,133.433,green_flash,2.3,-4.6,none
4002,133.533,green_flash,1.9,-4.6,none
4005,133.634,green,2.0,37.1,none
4008,133.734,green,2.9,37.7,none
4011,133.834,green,3.1,37.6,none
4014,133.934,green,2.2,38.1,none
4017,134.034,green,2.6,36.9,none
4020,134.134,green_flash,2.8,-5.1,none
4023,134.234,green_flash,2.9,-3.9,none
4026,134.334,green_flash,2.3,-4.5,none
4029,134.434,green_flash,2.3,-4.1,none
4032,134.534,green_flash,2.3,-4.2,none
4035,134.634,green,2.3,37.6,none
4038,134.735,green,2.6,36.6,none
4041,134.835,green,2.7,36.5,none
4044,134.935,green,2.7,37.6,none
4047,135.035,green,2.8,36.3,none
4050,135.135,red,51.8,-5.3,red
4053,135.235,red,50.8,-4.4,red
4056,135.335,red,53.1,-4.6,red
4059,135.435,red,50.4,-3.9,red
4062,135.535,red,51.2,-4.9,red
4065,135.636,red,50.3,-5.0,red
4068,135.736,red,51.8,-4.4,red
4071,135.836,red,50.1,-4.1,red
4074,135.936,red,51.7,-4.2,red
4077,136.036,red,50.5,-4.7,red
4080,136.136,red,50.1,-4.6,red
4083,136.236,red,49.9,-4.7,red
4086,136.336,red,49.9,-4.6,red
4089,136.436,red,49.7,-4.8,red
4092,136.536,red,49.6,-4.5,red
4095,136.636,red,50.0,-4.8,red
4098,136.737,red,50.5,-3.9,red
4101,136.837,red,49.9,-3.6,red
4104,136.937,red,50.4,-4.3,red
4107,137.037,red,50.8,-5.7,red
4110,137.137,red,49.7,-5.1,red
4113,137.237,red,50.0,-5.0,red
4116,137.337,red,48.8,-4.8,red
4119,137.437,red,50.2,-4.6,red
4122,137.537,red,50.5,-4.6,red
4125,137.638,red,49.9,-4.6,red
4128,137.738,red,48.6,-5.3,red
4131,137.838,red,48.6,-4.8,red
4134,137.938,red,49.1,-5.5,red
4137,138.038,red,50.3,-4.6,red
4140,138.138,red,50.6,-5.0,red
4143,138.238,red,46.7,-4.5,red
4146,138.338,red,49.1,-4.6,red
4149,138.438,red,49.6,-5.3,red
4152,138.538,red,49.8,-4.6,red
4155,138.638,red,50.3,-4.2,red
4158,138.739,red,48.2,-5.2,red
4161,138.839,red,49.7,-4.2,red
4164,138.939,red,48.5,-4.6,red
4167,139.039,red,49.0,-4.6,red
4170,139.139,red,50.1,-5.5,red
4173,139.239,red,49.8,-4.7,red
4176,139.339,red,47.9,-4.4,red
4179,139.439,red,48.2,-5.0,red
4182,139.539,red,48.7,-4.6,red
4185,139.64,red,47.5,-4.8,red
4188,139.74,red,47.3,-5.1,red
4191,139.84,red,49.2,-4.9,red
4194,139.94,red,48.2,-4.5,red
4197,140.04,red,49.9,-4.2,red
4200,140.14,red,49.0,-4.6,red
4203,140.24,red,46.8,-4.6,red
4206,140.34,red,48.2,-4.5,red
4209,140.44,red,48.8,-5.2,red
4212,140.54,red,49.5,-4.4,red
4215,140.64,red,49.6,-4.6,red
4218,140.741,red,47.9,-4.6,red
4221,140.841,red,48.4,-4.3,red
4224,140.941,red,49.0,-4.8,red
4227,141.041,red,48.0,-4.7,red
4230,141.141,red,49.9,-4.1,red
4233,141.241,red,48.6,-3.9,red
4236,141.341,red,49.2,-4.4,red
4239,141.441,red,48.5,-4.9,red
4242,141.541,red,48.3,-3.7,red
4245,141.642,red,49.0,-4.6,red
4248,141.742,red,50.0,-4.4,red
4251,141.842,red,50.0,-5.0,red
4254,141.942,red,49.9,-4.9,red
4257,142.042,red,48.4,-4.8,red
4260,142.142,red,48.7,-5.0,red
4263,142.242,red,49.9,-4.6,red
4266,142.342,red,50.4,-4.9,red
4269,142.442,red,49.9,-5.0,red
4272,142.542,red,50.0,-4.0,red
4275,142.642,red,49.0,-4.9,red
4278,142.743,red,48.9,-5.1,red
4281,142.843,red,48.7,-4.9,red
4284,142.943,red,49.9,-4.8,red
4287,143.043,red,48.7,-5.0,red
4290,143.143,red,49.0,-5.7,red
4293,143.243,red,49.1,-5.2,red
4296,143.343,red,48.5,-4.6,red
4299,143.443,red,49.4,-4.7,red
4302,143.543,red,50.1,-4.8,red
4305,143.644,red,49.8,-5.2,red
4308,143.744,red,48.8,-4.3,red
4311,143.844,red,49.3,-4.6,red
4314,143.944,red,49.3,-4.3,red
4317,144.044,red,48.3,-4.8,red
4320,144.144,red,48.1,-4.7,red
4323,144.244,red,49.6,-5.1,red
4326,144.344,red,48.4,-4.4,red
4329,144.444,red,49.1,-4.8,red
4332,144.544,red,48.8,-4.3,red
4335,144.644,red,49.1,-4.3,red
4338,144.745,red,48.0,-4.7,red
4341,144.845,red,49.5,-3.7,red
4344,144.945,red,49.8,-4.4,red
4347,145.045,red,49.2,-4.5,red
4350,145.145,red,49.7,-4.7,red
4353,145.245,red,48.4,-4.7,red
4356,145.345,red,47.6,-4.8,red
4359,145.445,red,48.4,-5.4,red
4362,145.545,red,50.0,-4.0,red
4365,145.646,red,49.5,-3.8,red
4368,145.746,red,49.6,-5.7,red
4371,145.846,red,49.6,-4.8,red
4374,145.946,red,48.4,-4.7,red
4377,146.046,red,49.2,-3.9,red
4380,146.146,red,48.1,-4.4,red
4383,146.246,red,49.2,-5.2,red
4386,146.346,red,48.6,-4.9,red
4389,146.446,red,49.7,-4.8,red
4392,146.546,red,50.3,-4.5,red
4395,146.646,red,49.5,-5.5,red
4398,146.747,red,49.8,-4.6,red
4401,146.847,red,49.0,-4.5,red
4404,146.947,red,50.3,-3.8,red
4407,147.047,red,50.5,-4.3,red
4410,147.147,red,49.8,-4.7,red
4413,147.247,red,49.1,-5.0,red
4416,147.347,red,50.4,-4.7,red
4419,147.447,red,50.3,-4.9,red
4422,147.547,red,48.9,-4.7,red
4425,147.648,red,49.9,-4.3,red
4428,147.748,red,49.0,-4.7,red
4431,147.848,red,48.8,-4.6,red
4434,147.948,red,50.0,-4.6,red
4437,148.048,red,49.0,-4.6,red
4440,148.148,red,49.8,-4.2,red
4443,148.248,red,49.6,-4.6,red
4446,148.348,red,50.0,-4.0,red
4449,148.448,red,49.0,-4.6,red
4452,148.548,red,49.2,-3.7,red
4455,148.648,red,48.2,-4.8,red
4458,148.749,red,50.0,-4.1,red
4461,148.849,red,48.7,-4.7,red
4464,148.949,red,49.6,-4.0,red
4467,149.049,red,49.7,-4.6,red
4470,149.149,red,49.6,-5.2,red
4473,149.249,red,49.2,-5.0,red
4476,149.349,red,50.0,-5.0,red
4479,149.449,red,48.8,-4.3,red
4482,149.549,red,48.8,-4.3,red
4485,149.65,red,50.7,-4.3,red
4488,149.75,red,49.5,-4.5,red
4491,149.85,red,49.7,-5.1,red
4494,149.95,red,48.8,-5.0,red
4497,150.05,red,48.6,-4.9,red
4500,150.15,red,47.9,-5.3,red
4503,150.25,red,48.9,-5.2,red
4506,150.35,red,50.2,-4.3,red
4509,150.45,red,49.4,-4.5,red
4512,150.55,red,48.8,-5.1,red
4515,150.65,red,48.8,-4.1,red
4518,150.751,red,47.9,-3.4,red
4521,150.851,red,48.5,-4.6,red
4524,150.951,red,47.5,-4.4,red
4527,151.051,red,48.0,-4.4,red
4530,151.151,red,49.2,-4.7,red
4533,151.251,red,50.2,-4.4,red
4536,151.351,red,48.1,-4.8,red
4539,151.451,red,49.2,-5.0,red
4542,151.551,red,48.1,-5.0,red
4545,151.652,red,49.4,-4.6,red
4548,151.752,red,49.4,-4.9,red
4551,151.852,red,49.0,-3.8,red
4554,151.952,red,47.9,-5.4,red
4557,152.052,red,48.7,-4.7,red
4560,152.152,red,48.9,-4.4,red
4563,152.252,red,49.0,-4.7,red
4566,152.352,red,49.0,-4.5,red
4569,152.452,red,48.3,-4.8,red
4572,152.552,red,48.0,-4.1,red
4575,152.652,red,47.4,-4.7,red
4578,152.753,red,48.9,-4.7,red
4581,152.853,red,48.7,-4.2,red
4584,152.953,red,49.4,-4.1,red
4587,153.053,red,47.9,-4.0,red
4590,153.153,red,47.8,-4.4,red
4593,153.253,red,49.4,-4.8,red
4596,153.353,red,48.9,-5.1,red
4599,153.453,red,46.7,-4.7,red
4602,153.553,red,48.1,-4.3,red
4605,153.654,red,48.2,-4.4,red
4608,153.754,red,46.3,-4.9,red
4611,153.854,red,46.3,-4.3,red
4614,153.954,red,48.4,-4.2,red
4617,154.054,red,48.1,-4.2,red
4620,154.154,red,46.7,-4.3,red
4623,154.254,red,48.1,-5.0,red
4626,154.354,red,47.3,-4.6,red
4629,154.454,red,47.4,-4.6,red
4632,154.554,red,48.1,-4.2,red
4635,154.654,red,48.9,-4.7,red
4638,154.755,red,46.3,-4.1,red
4641,154.855,red,47.2,-4.5,red
4644,154.955,red,47.4,-4.9,red
4647,155.055,red,47.5,-4.8,red
4650,155.155,red,47.2,-5.0,red
4653,155.255,red,48.2,-5.0,red
4656,155.355,red,47.6,-5.0,red
4659,155.455,red,48.3,-4.5,red
4662,155.555,red,47.4,-4.1,red
4665,155.656,red,47.4,-5.3,red
4668,155.756,red,47.1,-4.2,red
4671,155.856,red,46.6,-4.2,red
4674,155.956,red,48.0,-4.3,red
4677,156.056,red,47.5,-4.8,red
4680,156.156,red,47.9,-4.0,red
4683,156.256,red,46.7,-4.0,red
4686,156.356,red,49.2,-4.2,red
4689,156.456,red,46.7,-4.2,red
4692,156.556,red,48.0,-4.7,red
4695,156.656,red,48.5,-4.7,red
4698,156.757,red,47.7,-4.3,red
4701,156.857,red,47.2,-4.8,red
4704,156.957,red,47.9,-4.9,red
4707,157.057,red,47.6,-5.1,red
4710,157.157,red,47.1,-4.8,red
4713,157.257,red,47.0,-5.0,red
4716,157.357,red,46.2,-4.6,red
4719,157.457,red,47.3,-5.3,red
4722,157.557,red,48.4,-5.1,red
4725,157.658,red,47.7,-4.6,red
4728,157.758,red,48.1,-4.1,red
4731,157.858,red,47.3,-4.3,red
4734,157.958,red,47.2,-4.5,red
4737,158.058,red,47.3,-4.7,red
4740,158.158,red,47.2,-4.9,red
4743,158.258,red,46.6,-4.5,red
4746,158.358,red,47.6,-4.8,red
4749,158.458,red,48.6,-4.3,red
4752,158.558,red,47.4,-4.7,red
4755,158.658,red,49.2,-4.3,red
4758,158.759,red,48.4,-4.2,red
4761,158.859,red,48.0,-4.7,red
4764,158.959,red,47.6,-4.2,red
4767,159.059,red,46.8,-4.2,red
4770,159.159,red,46.5,-4.8,red
4773,159.259,red,47.7,-4.1,red
4776,159.359,red,48.4,-4.1,red
4779,159.459,red,47.9,-4.8,red
4782,159.559,red,47.9,-4.8,red
4785,159.66,red,48.6,-5.6,red
4788,159.76,red,48.7,-4.4,red
4791,159.86,red,48.6,-4.6,red
4794,159.96,red,48.2,-4.7,red
4797,160.06,red,49.0,-4.5,red
4800,160.16,red,48.4,-4.2,red
4803,160.26,red,47.5,-4.6,red
4806,160.36,red,49.3,-3.9,red
4809,160.46,red,48.2,-4.0,red
4812,160.56,red,48.0,-5.1,red
4815,160.66,red,48.2,-4.5,red
4818,160.761,red,46.9,-5.3,red
4821,160.861,red,48.6,-4.6,red
4824,160.961,red,47.8,-4.6,red
4827,161.061,red,48.9,-4.2,red
4830,161.161,red,48.3,-4.9,red
4833,161.261,red,48.5,-5.5,red
4836,161.361,red,48.7,-5.3,red
4839,161.461,red,49.4,-4.6,red
4842,161.561,red,48.4,-4.1,red
4845,161.662,red,48.1,-5.0,red
4848,161.762,red,48.5,-5.1,red
4851,161.862,red,47.3,-4.4,red
4854,161.962,red,47.7,-4.5,red
4857,162.062,red,48.4,-5.0,red
4860,162.162,red,47.7,-4.6,red
4863,162.262,red,47.4,-4.4,red
4866,162.362,red,48.9,-4.2,red
4869,162.462,red,47.8,-4.5,red
4872,162.562,red,48.8,-4.0,red
4875,162.662,red,48.4,-4.9,red
4878,162.763,red,49.5,-5.3,red
4881,162.863,red,48.9,-3.8,red
4884,162.963,red,49.5,-4.7,red
4887,163.063,red,47.3,-3.7,red
4890,163.163,red,48.9,-4.4,red
4893,163.263,red,48.8,-4.5,red
4896,163.363,red,48.4,-4.9,red
4899,163.463,red,49.4,-4.4,red
4902,163.563,red,48.1,-4.4,red
4905,163.664,red,48.3,-4.9,red
4908,163.764,red,47.9,-4.6,red
4911,163.864,red,47.4,-4.6,red
4914,163.964,red,48.0,-5.4,red
4917,164.064,red,49.3,-4.1,red
4920,164.164,red,47.5,-4.6,red
4923,164.264,red,47.9,-3.7,red
4926,164.364,red,47.4,-5.1,red
4929,164.464,red,48.6,-4.4,red
4932,164.564,red,47.6,-5.5,red
4935,164.664,red,46.7,-4.3,red
4938,164.765,red,47.2,-4.7,red
4941,164.865,red,47.8,-4.7,red
4944,164.965,red,47.2,-4.4,red
4947,165.065,red,47.7,-4.5,red
4950,165.165,red,46.8,-4.2,red
4953,165.265,red,46.8,-4.7,red
4956,165.365,red,47.2,-5.2,red
4959,165.465,red,46.2,-4.2,red
4962,165.565,red,46.7,-4.9,red
4965,165.666,red,47.9,-5.0,red
4968,165.766,red,46.9,-4.1,red
4971,165.866,red,47.4,-5.0,red
4974,165.966,red,46.9,-4.8,red
4977,166.066,red,47.3,-4.4,red
4980,166.166,red,48.2,-4.6,red
4983,166.266,red,47.0,-5.0,red
4986,166.366,red,47.0,-4.4,red
4989,166.466,red,45.7,-4.9,red
4992,166.566,red,46.5,-5.0,red
4995,166.666,red,46.5,-4.7,red
4998,166.767,red,46.6,-3.8,red
5001,166.867,red,47.2,-4.4,red
5004,166.967,red,47.3,-4.9,red
5007,167.067,red,47.8,-4.2,red
5010,167.167,red,47.4,-5.0,red
5013,167.267,red,47.9,-4.1,red
5016,167.367,red,48.2,-4.6,red
5019,167.467,red,46.6,-5.2,red
5022,167.567,red,47.5,-4.7,red
5025,167.668,red,47.5,-4.4,red
5028,167.768,red,47.9,-4.2,red
5031,167.868,red,48.0,-3.5,red
5034,167.968,red,47.0,-4.3,red
5037,168.068,red,47.0,-4.3,red
5040,168.168,red,46.6,-4.0,red
5043,168.268,red,46.8,-3.9,red
5046,168.368,red,47.5,-4.2,red
5049,168.468,red,47.7,-3.7,red
5052,168.568,red,47.2,-4.9,red
5055,168.668,red,47.7,-5.0,red
5058,168.769,red,47.8,-4.2,red
5061,168.869,red,46.9,-5.1,red
5064,168.969,red,46.8,-4.1,red
5067,169.069,red,46.7,-4.3,red
5070,169.169,red,48.2,-4.6,red
5073,169.269,red,48.0,-4.6,red
5076,169.369,red,47.3,-4.9,red
5079,169.469,red,47.4,-4.3,red
5082,169.569,red,46.0,-3.5,red
5085,169.67,red,46.6,-4.2,red
5088,169.77,red,47.0,-5.2,red
5091,169.87,red,46.4,-4.7,red
5094,169.97,red,47.5,-4.8,red
5097,170.07,red,46.5,-4.6,red
5100,170.17,red,47.5,-4.0,red
5103,170.27,red,48.4,-4.8,red
5106,170.37,red,47.5,-5.2,red
5109,170.47,red,47.7,-4.3,red
5112,170.57,red,48.0,-4.3,red
5115,170.67,red,48.0,-4.9,red
5118,170.771,red,47.2,-4.8,red
5121,170.871,red,47.6,-4.8,red
5124,170.971,red,48.0,-3.9,red
5127,171.071,red,48.1,-4.7,red
5130,171.171,red,47.3,-4.7,red
5133,171.271,red,48.1,-4.8,red
5136,171.371,red,47.6,-3.9,red
5139,171.471,red,49.4,-4.0,red
5142,171.571,red,48.0,-4.7,red
5145,171.672,red,49.3,-4.4,red
5148,171.772,red,47.6,-5.2,red
5151,171.872,red,48.2,-4.3,red
5154,171.972,red,48.6,-4.2,red
5157,172.072,red,48.6,-4.6,red
5160,172.172,red,49.2,-4.0,red
5163,172.272,red,49.1,-4.6,red
5166,172.372,red,48.1,-4.5,red
5169,172.472,red,48.1,-4.8,red
5172,172.572,red,49.1,-4.1,red
5175,172.672,red,47.9,-4.5,red
5178,172.773,red,48.0,-4.5,red
5181,172.873,red,48.2,-5.1,red
5184,172.973,red,48.6,-4.0,red
5187,173.073,red,47.8,-4.3,red
5190,173.173,red,49.2,-4.7,red
5193,173.273,red,48.0,-4.7,red
5196,173.373,red,47.8,-4.6,red
5199,173.473,red,48.3,-4.8,red
5202,173.573,red,48.2,-4.4,red
5205,173.674,red,48.3,-4.6,red
5208,173.774,red,47.3,-4.6,red
5211,173.874,red,48.4,-4.6,red
5214,173.974,red,47.5,-4.4,red
5217,174.074,red,48.2,-4.7,red
5220,174.174,red,47.9,-4.4,red
5223,174.274,red,46.8,-4.4,red
5226,174.374,red,48.1,-4.2,red
5229,174.474,red,47.9,-4.1,red
5232,174.574,red,46.4,-4.2,red
5235,174.674,red,47.3,-4.4,red
5238,174.775,red,47.1,-4.4,red
5241,174.875,red,47.4,-4.6,red
5244,174.975,red,47.0,-4.5,red
5247,175.075,red,46.8,-4.4,red
5250,175.175,red,46.6,-4.8,red
5253,175.275,red,47.4,-4.1,red
5256,175.375,red,48.0,-4.7,red
5259,175.475,red,46.5,-4.5,red
5262,175.575,red,48.0,-4.8,red
5265,175.676,red,47.3,-5.5,red
5268,175.776,red,46.4,-4.7,red
5271,175.876,red,47.3,-4.9,red
5274,175.976,red,47.5,-4.4,red
5277,176.076,red,47.7,-4.1,red
5280,176.176,red,45.5,-4.4,red
5283,176.276,red,46.2,-4.4,red
5286,176.376,red,47.3,-4.7,red
5289,176.476,red,45.7,-5.4,red
5292,176.576,red,46.3,-4.5,red
5295,176.676,red,47.2,-4.4,red
5298,176.777,red,45.2,-4.4,red
5301,176.877,red,46.4,-4.2,red
5304,176.977,red,46.3,-4.2,red
5307,177.077,green,10.3,33.2,none
5310,177.177,green,1.9,36.1,none
5313,177.277,green,2.4,36.2,none
5316,177.377,green,2.2,35.5,none
5319,177.477,green,2.1,35.4,none
5322,177.577,green,3.0,37.2,none
5325,177.678,green,2.3,36.0,none
5328,177.778,green,2.6,36.4,none
5331,177.878,green,2.3,36.9,none
5334,177.978,green,2.0,37.8,none
5337,178.078,green,2.0,38.5,none
5340,178.178,green,2.1,37.9,none
5343,178.278,green,2.2,37.8,none
5346,178.378,green,2.2,37.7,none
5349,178.478,green,2.0,37.8,none
5352,178.578,green,2.0,39.4,none
5355,178.678,green,2.2,38.6,none
5358,178.779,green,2.2,38.3,none
5361,178.879,green,2.3,38.6,none
5364,178.979,green,1.8,39.4,none
5367,179.079,green,2.4,38.9,none
5370,179.179,green,2.8,39.4,none
5373,179.279,green,2.8,39.5,none
5376,179.379,green,2.7,39.2,none
5379,179.479,green,2.0,39.8,none
5382,179.579,green,1.7,40.8,none
5385,179.68,green,2.1,39.6,none
5388,179.78,green,2.8,39.8,none
5391,179.88,green,2.4,39.6,none
5394,179.98,green,2.2,40.1,none
5397,180.08,green,2.4,40.5,none
5400,180.18,green,2.7,39.0,none
5403,180.28,green,2.5,40.1,none
5406,180.38,green,2.1,39.2,none
5409,180.48,green,1.7,40.1,none
5412,180.58,green,1.9,39.5,none
5415,180.68,green,1.9,39.8,none
5418,180.781,green,1.5,39.8,none
5421,180.881,green,2.3,38.5,none
5424,180.981,green,1.9,39.0,none
5427,181.081,green,2.7,39.1,none
5430,181.181,green,2.5,38.7,none
5433,181.281,green,3.1,38.5,none
5436,181.381,green,1.9,39.3,none
5439,181.481,green,2.8,38.2,none
5442,181.581,green,1.7,37.8,none
5445,181.682,green,2.3,37.6,none
5448,181.782,green,2.5,36.9,none
5451,181.882,green,1.8,36.8,none
5454,181.982,green,2.0,37.2,none
5457,182.082,green,2.1,36.0,none
5460,182.182,green,2.9,36.4,none
5463,182.282,green,3.0,37.1,none
5466,182.382,green,2.6,36.6,none
5469,182.482,green,2.8,35.6,none
5472,182.582,green,3.3,35.7,none
5475,182.682,green,2.5,35.9,none
5478,182.783,green,2.6,36.7,none
5481,182.883,green,2.3,34.9,none
5484,182.983,green,2.3,34.5,none
5487,183.083,green,1.7,35.5,none
5490,183.183,green,2.2,35.2,none
5493,183.283,green,2.0,34.7,none
5496,183.383,green,2.5,35.2,none
5499,183.483,green,2.5,34.8,none
5502,183.583,green,2.6,34.6,none
5505,183.684,green,2.5,34.3,none
5508,183.784,green,2.3,33.8,none
5511,183.884,green,2.2,34.5,none
5514,183.984,green,2.3,34.6,none
5517,184.084,green,2.4,35.0,none
5520,184.184,green,2.7,34.7,none
5523,184.284,green,2.7,34.6,none
5526,184.384,green,2.2,35.4,none
5529,184.484,green,2.1,34.8,none
5532,184.584,green,2.2,35.3,none
5535,184.684,green,2.6,35.3,none
5538,184.785,green,2.9,36.0,none
5541,184.885,green,2.6,35.5,none
5544,184.985,green,2.7,35.0,none
5547,185.085,green,2.2,35.8,none
5550,185.185,green,2.4,35.3,none
5553,185.285,green,2.6,35.7,none
5556,185.385,green,2.4,37.0,none
5559,185.485,green,2.3,36.4,none
5562,185.585,green,1.8,36.0,none
5565,185.686,green,2.6,36.8,none
5568,185.786,green,2.9,35.8,none
5571,185.886,green,2.5,36.8,none
5574,185.986,green,2.5,37.0,none
5577,186.086,green,3.3,37.0,none
5580,186.186,green,2.1,38.3,none
5583,186.286,green,2.3,37.9,none
5586,186.386,green,2.2,37.5,none
5589,186.486,green,2.6,37.8,none
5592,186.586,green,2.8,38.0,none
5595,186.686,green,3.0,38.7,none
5598,186.787,green,2.4,39.0,none
5601,186.887,green,2.9,39.6,none
5604,186.987,green,2.6,39.3,none
5607,187.087,green,2.8,38.3,none
5610,187.187,green,2.0,40.4,none
5613,187.287,green,2.0,39.3,none
5616,187.387,green,2.8,39.8,none
5619,187.487,green,1.9,38.5,none
5622,187.587,green,2.2,39.8,none
5625,187.688,green,1.5,39.7,none
5628,187.788,green,1.8,40.8,none
5631,187.888,green,2.6,40.0,none
5634,187.988,green,2.2,40.0,none
5637,188.088,green,2.4,40.3,none
5640,188.188,green,1.9,39.5,none
5643,188.288,green,1.8,41.5,none
5646,188.388,green,2.5,40.5,none
5649,188.488,green,1.8,40.6,none
5652,188.588,green,2.1,40.5,none
5655,188.688,green,1.9,40.1,none
5658,188.789,green,2.3,38.8,none
5661,188.889,green,2.5,39.9,none
5664,188.989,green,2.6,40.6,none
5667,189.089,green,2.5,39.6,none
5670,189.189,green,2.7,40.0,none
5673,189.289,green,2.6,40.2,none
5676,189.389,green,2.7,39.5,none
5679,189.489,green,2.3,39.2,none
5682,189.589,green,2.6,39.6,none
5685,189.69,green,2.7,39.0,none
5688,189.79,green,2.2,38.7,none
5691,189.89,green,2.2,38.5,none
5694,189.99,green,2.3,38.4,none
5697,190.09,green,3.0,39.6,none
5700,190.19,green,1.9,38.8,none
5703,190.29,green,1.9,38.0,none
5706,190.39,green,2.5,38.2,none
5709,190.49,green,2.8,37.5,none
5712,190.59,green,2.1,37.1,none
5715,190.69,green,2.8,36.9,none
5718,190.791,green,2.1,38.1,none
5721,190.891,green,2.6,37.9,none
5724,190.991,green,2.5,37.7,none
5727,191.091,green,2.9,37.0,none
5730,191.191,green,2.0,36.0,none
5733,191.291,green,2.5,37.5,none
5736,191.391,green,2.1,36.4,none
5739,191.491,green,2.8,37.2,none
5742,191.591,green,4.0,35.8,none
5745,191.692,green,1.1,36.5,none
5748,191.792,green,2.2,35.7,none
5751,191.892,green,1.6,36.2,none
5754,191.992,green,3.0,35.9,none
5757,192.092,green,3.0,35.5,none
5760,192.192,green,2.3,34.2,none
5763,192.292,green,2.3,36.3,none
5766,192.392,green,1.4,35.7,none
5769,192.492,green,3.0,35.4,none
5772,192.592,green,3.7,35.4,none
5775,192.692,green,2.3,35.3,none
5778,192.793,green,2.1,35.8,none
5781,192.893,green,1.8,35.3,none
5784,192.993,green,2.8,35.4,none
5787,193.093,green,1.7,34.3,none
5790,193.193,green,2.4,36.3,none
5793,193.293,green,2.8,35.7,none
5796,193.393,green,2.2,35.7,none
5799,193.493,green,2.7,35.8,none
5802,193.593,green,2.5,36.7,none
5805,193.694,green,1.5,37.2,none
5808,193.794,green,3.1,37.3,none
5811,193.894,green,1.7,37.9,none
5814,193.994,green,2.8,37.2,none
5817,194.094,green,2.2,37.1,none
5820,194.194,green,2.5,36.9,none
5823,194.294,green,3.2,36.9,none
5826,194.394,green,2.3,37.6,none
5829,194.494,green,3.2,36.6,none
5832,194.594,green,2.4,38.5,none
5835,194.694,green,2.4,37.4,none
5838,194.795,green,3.0,38.1,none
5841,194.895,green,2.9,37.8,none
5844,194.995,green,2.9,39.3,none
5847,195.095,green,3.1,38.3,none
5850,195.195,green,2.9,38.5,none
5853,195.295,green,3.4,39.8,none
5856,195.395,green,2.8,39.4,none
5859,195.495,green,2.6,39.0,none
5862,195.595,green,2.2,39.2,none
5865,195.696,green,2.7,40.1,none
5868,195.796,green,1.9,39.1,none
5871,195.896,green,2.8,39.6,none
5874,195.996,green,2.3,40.2,none
5877,196.096,green,2.4,39.7,none
5880,196.196,green,2.6,40.8,none
5883,196.296,green,2.5,39.0,none
5886,196.396,green,2.5,39.2,none
5889,196.496,green,2.8,39.0,none
5892,196.596,green,2.2,40.5,none
5895,196.696,green,2.6,39.9,none
5898,196.797,green,2.3,40.9,none
5901,196.897,green,2.1,40.6,none
5904,196.997,green,2.6,39.7,none
5907,197.097,green,2.5,40.6,none
5910,197.197,green,3.3,40.5,none
5913,197.297,green,2.4,40.1,none
5916,197.397,green,2.3,40.2,none
5919,197.497,green,2.3,40.9,none
5922,197.597,green,3.2,39.9,none
5925,197.698,green,2.2,39.8,none
5928,197.798,green,2.6,39.8,none
5931,197.898,green,2.3,39.5,none
5934,197.998,green,2.7,40.0,none
5937,198.098,green,3.0,39.5,none
5940,198.198,green,2.7,40.0,none
5943,198.298,green,2.8,38.7,none
5946,198.398,green,2.1,38.1,none
5949,198.498,green,1.8,39.3,none
5952,198.598,green,1.2,38.4,none
5955,198.698,green,2.3,39.6,none
5958,198.799,green,2.1,39.1,none
5961,198.899,green,2.6,39.7,none
5964,198.999,green,2.7,39.0,none
5967,199.099,green,2.4,37.8,none
5970,199.199,green,2.7,39.2,none
5973,199.299,green,1.9,38.6,none
5976,199.399,green,2.7,38.0,none
5979,199.499,green,2.6,37.9,none
5982,199.599,green,2.6,37.1,none
5985,199.7,green,2.8,36.7,none
5988,199.8,green,2.2,38.1,none
5991,199.9,green,2.5,36.9,none
5994,200.0,green,2.7,37.0,none
5997,200.1,green,2.4,36.7,none
6000,200.2,green,2.2,36.8,none
6003,200.3,green,2.3,37.0,none
6006,200.4,green,2.8,35.6,none
6009,200.5,green,3.5,37.0,none
6012,200.6,green,3.0,36.0,none
6015,200.7,green,2.3,36.1,none
6018,200.801,green,2.0,35.8,none
6021,200.901,green,2.3,36.2,none
6024,201.001,green,1.8,35.8,none
6027,201.101,green,1.7,35.7,none
6030,201.201,green,2.2,34.8,none
6033,201.301,green,2.2,35.0,none
6036,201.401,green,2.1,36.4,none
6039,201.501,green,2.2,35.7,none
6042,201.601,green,2.8,36.0,none
6045,201.702,green,2.7,35.1,none
6048,201.802,green,2.6,35.9,none
6051,201.902,green,1.7,35.1,none
6054,202.002,green,2.8,36.2,none
6057,202.102,green,2.1,35.6,none
6060,202.202,green,2.7,35.3,none
6063,202.302,green,1.8,35.6,none
6066,202.402,green,2.9,35.2,none
6069,202.502,green,2.9,35.4,none
6072,202.602,green,3.3,35.7,none
6075,202.703,green,2.6,35.6,none
6078,202.803,green,1.3,35.6,none
6081,202.903,green,3.0,35.0,none
6084,203.003,green,3.3,35.7,none
6087,203.103,green,2.6,35.2,none
6090,203.203,green,2.6,36.3,none
6093,203.303,green,2.3,35.8,none
6096,203.403,green,2.3,36.2,none
6099,203.503,green,2.2,36.2,none
6102,203.603,green,2.5,35.7,none
6105,203.704,green,2.3,37.0,none
6108,203.804,green,1.7,36.0,none
6111,203.904,green,1.8,36.7,none
6114,204.004,green,1.8,36.8,none
6117,204.104,green,2.1,36.5,none
6120,204.204,green,2.6,37.1,none
6123,204.304,green,2.6,37.2,none
6126,204.404,green,3.4,37.3,none
6129,204.504,green,2.5,36.7,none
6132,204.604,green,2.4,37.4,none
6135,204.704,green,3.1,37.5,none
6138,204.805,green,2.9,37.9,none
6141,204.905,green,2.4,38.0,none
6144,205.005,green,3.4,37.6,none
6147,205.105,green,2.5,37.8,none
6150,205.205,green,1.6,37.6,none
6153,205.305,green,2.2,38.2,none
6156,205.405,green,2.2,38.7,none
6159,205.505,green,2.4,38.2,none
6162,205.605,green,2.3,38.1,none
6165,205.706,green,2.2,37.8,none
6168,205.806,green,2.7,38.5,none
6171,205.906,green,3.1,39.0,none
6174,206.006,green,2.7,38.6,none
6177,206.106,green,2.9,38.3,none
6180,206.206,green,2.3,39.1,none
6183,206.306,green,2.3,39.8,none
6186,206.406,green,2.3,39.4,none
6189,206.506,green,3.1,38.8,none
6192,206.606,green,2.4,38.8,none
6195,206.706,green,2.0,38.4,none
6198,206.807,green,2.2,39.7,none
6201,206.907,green,1.6,39.8,none
6204,207.007,green,2.3,39.7,none
6207,207.107,green_flash,2.8,-4.0,none
6210,207.207,green_flash,2.3,-5.5,none
6213,207.307,green_flash,2.5,-5.4,none
6216,207.407,green_flash,2.7,-5.0,none
6219,207.507,green_flash,2.9,-5.1,none
6222,207.607,green,3.0,38.2,none
6225,207.708,green,2.4,38.0,none
6228,207.808,green,2.6,39.2,none
6231,207.908,green,2.8,40.4,none
6234,208.008,green,2.3,39.8,none
6237,208.108,green_flash,2.4,-4.0,none
6240,208.208,green_flash,2.7,-4.5,none
6243,208.308,green_flash,3.3,-4.4,none
6246,208.408,green_flash,2.9,-4.0,none
6249,208.508,green_flash,2.9,-4.3,none
6252,208.608,green,1.9,40.5,none
6255,208.709,green,2.9,39.6,none
6258,208.809,green,1.8,40.1,none
6261,208.909,green,1.8,39.5,none
6264,209.009,green,2.0,39.7,none
6267,209.109,green_flash,2.1,-3.6,none
6270,209.209,green_flash,2.0,-4.8,none
6273,209.309,green_flash,1.9,-4.9,none
6276,209.409,green_flash,1.9,-4.9,none
6279,209.509,green_flash,2.2,-4.9,none
6282,209.609,green,2.4,40.1,none
6285,209.71,green,2.5,39.4,none
6288,209.81,green,2.0,38.9,none
6291,209.91,green,2.4,38.5,none
6294,210.01,green,2.9,38.7,none
6297,210.11,red,52.2,-5.7,red
6300,210.21,red,52.1,-5.1,red
6303,210.31,red,52.0,-4.8,red
6306,210.41,red,52.1,-5.4,red
6309,210.51,red,52.0,-5.1,red
6312,210.61,red,50.9,-4.9,red
6315,210.71,red,52.1,-4.8,red
6318,210.811,red,50.8,-4.3,red
6321,210.911,red,50.7,-4.7,red
6324,211.011,red,51.0,-4.7,red
6327,211.111,red,51.0,-4.7,red
6330,211.211,red,50.2,-4.7,red
6333,211.311,red,50.3,-5.0,red
6336,211.411,red,50.2,-5.0,red
6339,211.511,red,50.3,-4.5,red
6342,211.611,red,50.2,-3.8,red
6345,211.712,red,51.0,-5.1,red
6348,211.812,red,49.3,-4.4,red
6351,211.912,red,49.5,-4.2,red
6354,212.012,red,49.5,-4.4,red
6357,212.112,red,49.4,-5.0,red
6360,212.212,red,50.2,-4.5,red
6363,212.312,red,48.8,-4.6,red
6366,212.412,red,49.4,-4.7,red
6369,212.512,red,50.2,-4.4,red
6372,212.612,red,49.0,-4.8,red
6375,212.712,red,48.9,-4.8,red
6378,212.813,red,48.9,-5.6,red
6381,212.913,red,50.1,-4.0,red
6384,213.013,red,50.2,-4.3,red
6387,213.113,red,49.2,-4.9,red
6390,213.213,red,51.4,-5.3,red
6393,213.313,red,49.3,-4.6,red
6396,213.413,red,49.9,-5.0,red
6399,213.513,red,48.4,-5.3,red
6402,213.613,red,50.0,-4.5,red
6405,213.714,red,50.6,-4.6,red
6408,213.814,red,50.2,-4.5,red
6411,213.914,red,49.7,-4.9,red
6414,214.014,red,47.9,-4.8,red
6417,214.114,red,49.8,-4.8,red
6420,214.214,red,48.4,-5.4,red
6423,214.314,red,48.8,-4.6,red
6426,214.414,red,48.9,-4.6,red
6429,214.514,red,50.2,-4.5,red
6432,214.614,red,49.9,-4.5,red
6435,214.715,red,48.5,-4.8,red
6438,214.815,red,48.7,-5.0,red
6441,214.915,red,49.8,-4.8,red
6444,215.015,red,48.7,-5.0,red
6447,215.115,red,48.4,-5.5,red
6450,215.215,red,48.6,-5.0,red
6453,215.315,red,48.5,-5.4,red
6456,215.415,red,49.5,-4.9,red
6459,215.515,red,49.6,-4.7,red
6462,215.615,red,48.5,-4.6,red
6465,215.716,red,48.4,-5.1,red
6468,215.816,red,48.4,-4.5,red
6471,215.916,red,48.2,-5.1,red
6474,216.016,red,49.2,-4.8,red
6477,216.116,red,48.5,-4.5,red
6480,216.216,red,48.3,-4.5,red
6483,216.316,red,48.2,-5.1,red
6486,216.416,red,48.3,-4.1,red
6489,216.516,red,48.3,-5.0,red
6492,216.616,red,49.4,-5.0,red
6495,216.716,red,49.0,-4.3,red
6498,216.817,red,49.7,-4.1,red
6501,216.917,red,48.8,-5.0,red
6504,217.017,red,48.5,-5.1,red
6507,217.117,red,48.1,-4.7,red
6510,217.217,red,48.9,-5.3,red
6513,217.317,red,48.3,-5.0,red
6516,217.417,red,48.0,-4.4,red
6519,217.517,red,48.8,-5.1,red
6522,217.617,red,47.9,-5.0,red
6525,217.718,red,48.9,-5.4,red
6528,217.818,red,49.6,-5.3,red
6531,217.918,red,47.9,-4.5,red
6534,218.018,red,47.6,-4.8,red
6537,218.118,red,47.7,-4.9,red
6540,218.218,red,48.2,-5.1,red
6543,218.318,red,49.5,-5.9,red
6546,218.418,red,48.7,-5.4,red
6549,218.518,red,48.3,-4.9,red
6552,218.618,red,49.5,-5.5,red
6555,218.718,red,49.4,-4.1,red
6558,218.819,red,47.6,-4.5,red
6561,218.919,red,47.5,-4.5,red
6564,219.019,red,48.9,-4.3,red
6567,219.119,red,48.1,-4.8,red
6570,219.219,red,48.7,-4.8,red
6573,219.319,red,47.7,-4.9,red
6576,219.419,red,49.1,-5.0,red
6579,219.519,red,48.9,-5.2,red
6582,219.619,red,47.8,-5.2,red
6585,219.72,red,48.2,-5.1,red
6588,219.82,red,47.9,-6.2,red
6591,219.92,red,49.6,-5.4,red
6594,220.02,red,47.7,-4.5,red
6597,220.12,red,49.3,-4.7,red
6600,220.22,red,48.0,-5.0,red
6603,220.32,red,49.0,-4.8,red
6606,220.42,red,49.1,-4.8,red
6609,220.52,red,49.0,-5.1,red
6612,220.62,red,49.1,-4.5,red
6615,220.721,red,49.1,-4.7,red
6618,220.821,red,49.0,-5.6,red
6621,220.921,red,50.1,-4.7,red
6624,221.021,red,48.9,-4.8,red
6627,221.121,red,48.9,-5.1,red
6630,221.221,red,49.0,-4.8,red
6633,221.321,red,49.2,-4.1,red
6636,221.421,red,48.7,-4.5,red
6639,221.521,red,47.8,-5.0,red
6642,221.621,red,49.5,-5.2,red
6645,221.722,red,49.2,-5.0,red
6648,221.822,red,48.3,-4.6,red
6651,221.922,red,48.4,-4.8,red
6654,222.022,red,48.6,-4.6,red
6657,222.122,red,48.6,-5.1,red
6660,222.222,red,48.3,-4.0,red
6663,222.322,red,49.3,-4.2,red
6666,222.422,red,48.7,-4.5,red
6669,222.522,red,48.2,-4.6,red
6672,222.622,red,48.3,-5.3,red
6675,222.722,red,47.7,-5.1,red
6678,222.823,red,48.3,-5.6,red
6681,222.923,red,49.4,-5.3,red
6684,223.023,red,48.7,-5.2,red
6687,223.123,red,49.1,-5.8,red
6690,223.223,red,49.1,-4.3,red
6693,223.323,red,49.0,-4.2,red
6696,223.423,red,48.6,-4.2,red
6699,223.523,red,49.7,-4.6,red
6702,223.623,red,49.2,-5.3,red
6705,223.724,red,49.3,-4.9,red
6708,223.824,red,50.1,-4.9,red
6711,223.924,red,47.8,-4.5,red
6714,224.024,red,49.2,-4.9,red
6717,224.124,red,48.0,-4.6,red
6720,224.224,red,47.7,-4.3,red
6723,224.324,red,50.1,-4.4,red
6726,224.424,red,49.1,-4.8,red
6729,224.524,red,49.1,-4.6,red
6732,224.624,red,49.9,-4.5,red
6735,224.724,red,48.6,-4.9,red
6738,224.825,red,50.3,-4.6,red
6741,224.925,red,49.1,-4.1,red
6744,225.025,red,49.1,-4.1,red
6747,225.125,red,49.0,-4.2,red
6750,225.225,red,48.6,-4.2,red
6753,225.325,red,49.2,-4.5,red
6756,225.425,red,49.4,-4.6,red
6759,225.525,red,48.2,-5.4,red
6762,225.625,red,48.8,-5.5,red
6765,225.726,red,48.7,-4.2,red
6768,225.826,red,49.1,-4.7,red
6771,225.926,red,48.3,-4.8,red
6774,226.026,red,48.7,-4.5,red
6777,226.126,red,48.9,-4.6,red
6780,226.226,red,49.0,-4.1,red
6783,226.326,red,49.2,-5.2,red
6786,226.426,red,50.3,-4.9,red
6789,226.526,red,50.0,-4.7,red
6792,226.626,red,48.7,-4.7,red
6795,226.727,red,49.4,-4.5,red
6798,226.827,red,47.9,-4.9,red
6801,226.927,red,49.4,-4.7,red
6804,227.027,red,48.3,-4.2,red
6807,227.127,red,49.4,-4.7,red
6810,227.227,red,48.3,-4.4,red
6813,227.327,red,49.5,-4.3,red
6816,227.427,red,48.3,-4.4,red
6819,227.527,red,50.0,-4.7,red
6822,227.627,red,49.5,-5.1,red
6825,227.728,red,49.5,-5.1,red
6828,227.828,red,49.2,-4.4,red
6831,227.928,red,49.0,-5.8,red
6834,228.028,red,48.9,-5.1,red
6837,228.128,red,48.2,-5.6,red
6840,228.228,red,49.0,-4.8,red
6843,228.328,red,49.1,-4.8,red
6846,228.428,red,49.1,-4.9,red
6849,228.528,red,48.4,-3.8,red
6852,228.628,red,49.6,-4.2,red
6855,228.728,red,48.1,-4.6,red
6858,228.829,red,48.7,-5.3,red
6861,228.929,red,48.8,-4.8,red
6864,229.029,red,48.5,-4.8,red
6867,229.129,red,49.8,-4.8,red
6870,229.229,red,48.3,-4.9,red
6873,229.329,red,47.4,-5.0,red
6876,229.429,red,48.8,-5.0,red
6879,229.529,red,49.1,-4.9,red
6882,229.629,red,48.4,-4.7,red
6885,229.73,red,48.1,-4.8,red
6888,229.83,red,49.4,-4.6,red
6891,229.93,red,48.3,-4.8,red
6894,230.03,red,48.1,-4.9,red
6897,230.13,red,49.1,-4.9,red
6900,230.23,red,47.8,-4.4,red
6903,230.33,red,47.7,-4.3,red
6906,230.43,red,47.9,-5.1,red
6909,230.53,red,47.6,-4.6,red
6912,230.63,red,48.1,-4.6,red
6915,230.73,red,49.7,-5.2,red
6918,230.831,red,47.5,-4.5,red
6921,230.931,red,49.0,-4.3,red
6924,231.031,red,48.6,-4.4,red
6927,231.131,red,49.3,-3.9,red
6930,231.231,red,49.1,-4.9,red
6933,231.331,red,47.9,-4.7,red
6936,231.431,red,46.6,-3.9,red
6939,231.531,red,47.2,-4.7,red
6942,231.631,red,48.5,-4.5,red
6945,231.732,red,47.9,-4.4,red
6948,231.832,red,46.2,-4.3,red
6951,231.932,red,47.6,-5.1,red
6954,232.032,red,48.0,-4.3,red
6957,232.132,red,48.9,-4.4,red
6960,232.232,red,47.5,-4.9,red
6963,232.332,red,46.3,-4.8,red
6966,232.432,red,47.0,-3.6,red
6969,232.532,red,48.3,-4.9,red
6972,232.632,red,47.7,-4.2,red
6975,232.733,red,47.1,-5.0,red
6978,232.833,red,47.9,-5.6,red
6981,232.933,red,46.7,-5.0,red
6984,233.033,red,48.0,-4.5,red
6987,233.133,red,47.1,-4.9,red
6990,233.233,red,47.8,-4.5,red
6993,233.333,red,47.6,-4.9,red
6996,233.433,red,48.7,-5.0,red
6999,233.533,red,47.7,-4.6,red
7002,233.633,red,47.4,-4.7,red
7005,233.734,red,48.2,-4.7,red
7008,233.834,red,47.9,-5.4,red
7011,233.934,red,47.9,-4.4,red
7014,234.034,red,47.4,-5.3,red
7017,234.134,red,48.3,-5.2,red
7020,234.234,red,47.8,-5.4,red
7023,234.334,red,47.8,-4.8,red
7026,234.434,red,49.0,-5.2,red
7029,234.534,red,48.8,-5.3,red
7032,234.634,red,48.8,-4.4,red
7035,234.734,red,48.0,-5.2,red
7038,234.835,red,49.2,-5.4,red
7041,234.935,red,47.4,-4.7,red
7044,235.035,red,48.0,-4.0,red
7047,235.135,red,49.1,-4.4,red
7050,235.235,red,48.6,-4.1,red
7053,235.335,red,47.7,-4.4,red
7056,235.435,red,48.1,-4.5,red
7059,235.535,red,48.2,-4.5,red
7062,235.635,red,48.0,-5.3,red
7065,235.736,red,47.8,-5.3,red
7068,235.836,red,47.7,-4.5,red
7071,235.936,red,49.1,-5.4,red
7074,236.036,red,48.1,-5.5,red
7077,236.136,red,47.8,-4.6,red
7080,236.236,red,48.6,-4.5,red
7083,236.336,red,49.5,-4.9,red
7086,236.436,red,48.3,-4.5,red
7089,236.536,red,49.4,-4.3,red
7092,236.636,red,50.1,-4.8,red
7095,236.736,red,49.4,-4.9,red
7098,236.837,red,49.6,-4.7,red
7101,236.937,red,48.3,-5.2,red
7104,237.037,red,50.5,-4.6,red
7107,237.137,red,48.3,-4.9,red
7110,237.237,red,49.1,-4.5,red
7113,237.337,red,50.2,-4.4,red
7116,237.437,red,49.4,-4.8,red
7119,237.537,red,47.8,-4.8,red
7122,237.637,red,48.9,-5.5,red
7125,237.738,red,50.1,-5.1,red
7128,237.838,red,47.9,-5.0,red
7131,237.938,red,49.8,-4.5,red
7134,238.038,red,49.0,-5.3,red
7137,238.138,red,49.9,-4.5,red
7140,238.238,red,48.7,-4.9,red
7143,238.338,red,48.2,-5.1,red
7146,238.438,red,48.3,-4.4,red
7149,238.538,red,48.9,-5.1,red
7152,238.638,red,48.6,-4.5,red
7155,238.739,red,49.8,-4.9,red
7158,238.839,red,48.5,-4.8,red
7161,238.939,red,48.4,-4.7,red
7164,239.039,red,48.5,-5.0,red
7167,239.139,red,48.9,-5.0,red
7170,239.239,red,48.7,-5.1,red
7173,239.339,red,50.0,-4.3,red
7176,239.439,red,49.7,-5.1,red
7179,239.539,red,49.4,-4.3,red
7182,239.639,red,49.7,-4.2,red
7185,239.74,red,49.8,-5.1,red
7188,239.84,red,49.5,-4.8,red
7191,239.94,red,48.3,-4.2,red
7194,240.04,red,49.1,-4.6,red
7197,240.14,red,48.8,-4.8,red
7200,240.24,red,48.8,-5.3,red
7203,240.34,red,47.5,-4.1,red
7206,240.44,red,48.5,-4.8,red
7209,240.54,red,48.3,-4.1,red
7212,240.64,red,49.6,-5.1,red
7215,240.74,red,48.5,-5.1,red
7218,240.841,red,47.9,-4.4,red
7221,240.941,red,48.8,-4.8,red
7224,241.041,red,48.8,-4.7,red
7227,241.141,red,48.6,-4.8,red
7230,241.241,red,47.9,-4.9,red
7233,241.341,red,47.8,-4.8,red
7236,241.441,red,47.8,-4.5,red
7239,241.541,red,48.1,-5.0,red
7242,241.641,red,47.7,-4.5,red
7245,241.742,red,46.6,-5.0,red
7248,241.842,red,47.6,-4.7,red
7251,241.942,red,47.3,-4.6,red
7254,242.042,red,48.8,-4.5,red
7257,242.142,red,49.3,-4.7,red
7260,242.242,red,49.2,-4.8,red
7263,242.342,red,48.0,-4.8,red
7266,242.442,red,48.0,-5.2,red
7269,242.542,red,48.0,-4.7,red
7272,242.642,red,47.1,-5.2,red
7275,242.742,red,48.2,-4.9,red
7278,242.843,red,47.4,-5.4,red
7281,242.943,red,48.1,-4.9,red
7284,243.043,red,47.0,-5.2,red
7287,243.143,red,48.1,-4.8,red
7290,243.243,red,48.4,-5.1,red
7293,243.343,red,47.1,-5.2,red
7296,243.443,red,47.3,-3.7,red
7299,243.543,red,47.1,-4.0,red
7302,243.643,red,47.9,-4.3,red
7305,243.744,red,46.4,-5.2,red
7308,243.844,red,48.5,-5.3,red
7311,243.944,red,47.9,-4.5,red
7314,244.044,red,47.1,-4.9,red
7317,244.144,red,47.4,-4.8,red
7320,244.244,red,47.1,-4.7,red
7323,244.344,red,47.9,-4.5,red
7326,244.444,red,48.1,-3.9,red
7329,244.544,red,46.7,-5.4,red
7332,244.644,red,46.8,-4.9,red
7335,244.745,red,47.7,-5.2,red
7338,244.845,red,48.0,-3.7,red
7341,244.945,red,47.8,-4.7,red
7344,245.045,red,47.3,-4.6,red
7347,245.145,red,47.6,-4.6,red
7350,245.245,red,47.5,-4.5,red
7353,245.345,red,46.5,-4.9,red
7356,245.445,red,47.5,-4.6,red
7359,245.545,red,48.2,-5.1,red
7362,245.645,red,47.4,-4.7,red
7365,245.746,red,48.1,-4.1,red
7368,245.846,red,48.1,-4.9,red
7371,245.946,red,47.4,-4.9,red
7374,246.046,red,48.1,-4.8,red
7377,246.146,red,47.9,-5.0,red
7380,246.246,red,47.8,-4.1,red
7383,246.346,red,48.9,-4.4,red
7386,246.446,red,48.5,-4.3,red
7389,246.546,red,49.0,-4.9,red
7392,246.646,red,48.7,-4.3,red
7395,246.746,red,49.6,-4.4,red
7398,246.847,red,48.3,-4.2,red
7401,246.947,red,48.4,-5.3,red
7404,247.047,red,48.6,-4.5,red
7407,247.147,red,47.5,-3.9,red
7410,247.247,red,48.1,-4.3,red
7413,247.347,red,47.9,-4.3,red
7416,247.447,red,48.8,-4.8,red
7419,247.547,red,48.2,-4.8,red
7422,247.647,red,48.2,-4.5,red
7425,247.748,red,49.1,-4.7,red
7428,247.848,red,48.3,-5.1,red
7431,247.948,red,48.1,-5.4,red
7434,248.048,red,48.7,-4.8,red
7437,248.148,red,47.8,-4.9,red
7440,248.248,red,47.8,-4.7,red
7443,248.348,red,48.2,-5.2,red
7446,248.448,red,48.8,-5.0,red
7449,248.548,red,48.2,-4.6,red
7452,248.648,red,49.5,-3.8,red
7455,248.748,red,47.4,-4.9,red
7458,248.849,red,49.4,-4.8,red
7461,248.949,red,48.4,-4.7,red
7464,249.049,red,48.6,-5.2,red
7467,249.149,red,48.4,-4.3,red
7470,249.249,red,49.0,-4.9,red
7473,249.349,red,47.4,-4.6,red
7476,249.449,red,49.4,-4.6,red
7479,249.549,red,48.7,-4.6,red
7482,249.649,red,48.7,-4.9,red
7485,249.75,red,49.5,-4.7,red
7488,249.85,red,49.2,-4.5,red
7491,249.95,red,49.3,-5.1,red
7494,250.05,red,49.9,-4.7,red
7497,250.15,red,49.7,-4.8,red
7500,250.25,red,50.1,-5.2,red
7503,250.35,red,49.0,-4.5,red
7506,250.45,red,50.1,-4.6,red
7509,250.55,red,48.6,-4.1,red
7512,250.65,red,48.5,-4.6,red
7515,250.751,red,48.7,-4.2,red
7518,250.851,red,48.8,-4.0,red
7521,250.951,red,48.5,-3.9,red
7524,251.051,red,49.5,-5.1,red
7527,251.151,red,48.1,-4.7,red
7530,251.251,red,48.4,-4.5,red
7533,251.351,red,49.5,-4.2,red
7536,251.451,red,47.7,-4.4,red
7539,251.551,red,49.2,-4.7,red
7542,251.651,red,49.0,-4.9,red
7545,251.752,red,49.1,-4.9,red
7548,251.852,red,48.7,-4.4,red
7551,251.952,red,49.8,-4.0,red
7554,252.052,red,36.5,-3.7,none
7557,252.152,green,2.7,36.0,none
7560,252.252,green,2.2,36.7,none
7563,252.352,green,2.2,36.1,none
7566,252.452,green,2.2,35.2,none
7569,252.552,green,2.2,35.9,none
7572,252.652,green,2.7,35.2,none
7575,252.752,green,2.5,37.1,none
7578,252.853,green,2.5,36.3,none
7581,252.953,green,2.8,35.4,none
7584,253.053,green,2.7,37.6,none
7587,253.153,green,2.2,35.6,none
7590,253.253,green,2.3,35.4,none
7593,253.353,green,2.2,35.7,none
7596,253.453,green,2.5,35.0,none
7599,253.553,green,2.5,35.4,none
7602,253.653,green,1.7,35.6,none
7605,253.754,green,2.7,34.6,none
7608,253.854,green,2.4,34.6,none
7611,253.954,green,2.2,35.2,none
7614,254.054,green,2.7,35.5,none
7617,254.154,green,3.0,35.2,none
7620,254.254,green,2.6,35.4,none
7623,254.354,green,2.0,35.2,none
7626,254.454,green,2.0,36.1,none
7629,254.554,green,3.0,34.7,none
7632,254.654,green,2.8,34.2,none
7635,254.754,green,2.3,34.3,none
7638,254.855,green,2.2,34.3,none
7641,254.955,green,2.3,34.5,none
7644,255.055,green,2.1,35.4,none
7647,255.155,green,1.9,34.7,none
7650,255.255,green,2.7,34.5,none
7653,255.355,green,2.3,34.8,none
7656,255.455,green,1.8,35.5,none
7659,255.555,green,2.3,36.5,none
7662,255.655,green,2.2,35.4,none
7665,255.756,green,2.2,36.6,none
7668,255.856,green,2.4,35.2,none
7671,255.956,green,2.0,36.6,none
7674,256.056,green,2.7,35.2,none
7677,256.156,green,2.6,35.8,none
7680,256.256,green,2.4,35.7,none
7683,256.356,green,2.4,35.5,none
7686,256.456,green,2.4,37.1,none
7689,256.556,green,1.8,36.1,none
7692,256.656,green,2.4,37.0,none
7695,256.757,green,2.4,37.0,none
7698,256.857,green,2.2,36.4,none
7701,256.957,green,1.9,35.7,none
7704,257.057,green,2.4,35.8,none
7707,257.157,green,2.5,37.2,none
7710,257.257,green,2.0,36.8,none
7713,257.357,green,2.1,38.1,none
7716,257.457,green,2.3,37.8,none
7719,257.557,green,1.5,38.0,none
7722,257.657,green,2.2,37.0,none
7725,257.758,green,2.7,38.2,none
7728,257.858,green,2.1,38.9,none
7731,257.958,green,2.2,38.8,none
7734,258.058,green,2.4,38.2,none
7737,258.158,green,2.1,38.9,none
7740,258.258,green,2.1,38.2,none
7743,258.358,green,2.1,38.2,none
7746,258.458,green,2.3,38.0,none
7749,258.558,green,2.3,38.5,none
7752,258.658,green,1.6,37.9,none
7755,258.759,green,3.0,39.3,none
7758,258.859,green,2.5,39.7,none
7761,258.959,green,2.9,38.9,none
7764,259.059,green,2.0,39.7,none
7767,259.159,green,2.3,41.1,none
7770,259.259,green,2.7,39.8,none
7773,259.359,green,2.1,39.1,none
7776,259.459,green,2.1,39.8,none
7779,259.559,green,2.1,40.6,none
7782,259.659,green,1.7,40.2,none
7785,259.76,green,3.0,39.9,none
7788,259.86,green,2.2,40.2,none
7791,259.96,green,1.9,40.5,none
7794,260.06,green,2.5,40.6,none
7797,260.16,green,2.1,40.0,none
7800,260.26,green,1.4,39.9,none
7803,260.36,green,2.0,40.3,none
7806,260.46,green,2.1,39.6,none
7809,260.56,green,2.4,39.8,none
7812,260.66,green,1.6,40.6,none
7815,260.76,green,2.2,40.0,none
7818,260.861,green,2.3,40.6,none
7821,260.961,green,2.0,39.3,none
7824,261.061,green,2.2,38.9,none
7827,261.161,green,2.1,39.1,none
7830,261.261,green,2.2,39.5,none
7833,261.361,green,2.1,38.5,none
7836,261.461,green,2.0,38.4,none
7839,261.561,green,2.4,39.8,none
7842,261.661,green,2.4,39.0,none
7845,261.762,green,2.3,39.7,none
7848,261.862,green,2.6,38.7,none
7851,261.962,green,2.7,38.3,none
7854,262.062,green,2.2,38.9,none
7857,262.162,green,3.1,38.5,none
7860,262.262,green,1.6,39.0,none
7863,262.362,green,2.4,38.2,none
7866,262.462,green,1.8,39.2,none
7869,262.562,green,2.8,39.2,none
7872,262.662,green,2.3,38.1,none
7875,262.762,green,2.7,39.2,none
7878,262.863,green,2.3,37.7,none
7881,262.963,green,2.6,38.0,none
7884,263.063,green,2.6,37.8,none
7887,263.163,green,2.6,37.1,none
7890,263.263,green,2.5,37.6,none
7893,263.363,green,3.2,37.5,none
7896,263.463,green,2.0,36.7,none
7899,263.563,green,1.6,37.5,none
7902,263.663,green,2.8,36.8,none
7905,263.764,green,2.7,37.5,none
7908,263.864,green,1.8,36.3,none
7911,263.964,green,2.7,36.0,none
7914,264.064,green,2.8,36.1,none
7917,264.164,green,1.8,36.4,none
7920,264.264,green,2.2,36.6,none
7923,264.364,green,2.1,35.7,none
7926,264.464,green,2.6,35.8,none
7929,264.564,green,2.1,34.9,none
7932,264.664,green,2.3,35.2,none
7935,264.764,green,1.9,35.4,none
7938,264.865,green,2.7,34.6,none
7941,264.965,green,2.1,35.7,none
7944,265.065,green,2.1,35.6,none
7947,265.165,green,2.0,35.2,none
7950,265.265,green,2.2,36.2,none
7953,265.365,green,2.2,34.8,none
7956,265.465,green,2.9,35.6,none
7959,265.565,green,2.4,34.9,none
7962,265.665,green,2.5,36.3,none
7965,265.766,green,2.5,34.7,none
7968,265.866,green,2.6,34.6,none
7971,265.966,green,2.6,35.4,none
7974,266.066,green,2.7,35.4,none
7977,266.166,green,2.6,34.9,none
7980,266.266,green,2.5,35.8,none
7983,266.366,green,2.5,35.7,none
7986,266.466,green,2.6,34.4,none
7989,266.566,green,2.6,35.7,none
7992,266.666,green,2.6,35.2,none
7995,266.766,green,2.8,35.6,none
7998,266.867,green,2.4,34.8,none
8001,266.967,green,3.2,34.4,none
8004,267.067,green,2.4,34.4,none
8007,267.167,green,2.7,35.6,none
8010,267.267,green,2.3,35.7,none
8013,267.367,green,2.4,35.4,none
8016,267.467,green,2.7,35.5,none
8019,267.567,green,2.5,35.4,none
8022,267.667,green,2.6,35.1,none
8025,267.768,green,2.5,35.7,none
8028,267.868,green,2.4,35.7,none
8031,267.968,green,2.1,35.5,none
8034,268.068,green,2.8,35.8,none
8037,268.168,green,2.1,36.5,none
8040,268.268,green,2.2,37.0,none
8043,268.368,green,2.0,35.7,none
8046,268.468,green,1.8,38.0,none
8049,268.568,green,2.1,37.0,none
8052,268.668,green,2.1,37.1,none
8055,268.768,green,2.5,37.0,none
8058,268.869,green,2.6,37.6,none
8061,268.969,green,3.1,37.9,none
8064,269.069,green,3.2,37.9,none
8067,269.169,green,2.1,38.2,none
8070,269.269,green,1.5,38.1,none
8073,269.369,green,2.3,37.8,none
8076,269.469,green,2.7,37.8,none
8079,269.569,green,1.8,37.2,none
8082,269.669,green,1.7,38.2,none
8085,269.77,green,2.7,38.8,none
8088,269.87,green,2.0,39.0,none
8091,269.97,green,2.1,39.3,none
8094,270.07,green,2.2,38.4,none
8097,270.17,green,2.7,40.4,none
8100,270.27,green,3.0,39.7,none
8103,270.37,green,2.0,38.4,none
8106,270.47,green,2.3,38.9,none
8109,270.57,green,3.2,39.2,none
8112,270.67,green,1.9,39.2,none
8115,270.77,green,2.4,39.2,none
8118,270.871,green,2.4,39.7,none
8121,270.971,green,2.4,39.1,none
8124,271.071,green,3.4,38.8,none
8127,271.171,green,2.6,39.7,none
8130,271.271,green,2.5,39.9,none
8133,271.371,green,2.8,40.2,none
8136,271.471,green,3.1,39.5,none
8139,271.571,green,2.3,39.3,none
8142,271.671,green,2.4,40.3,none
8145,271.772,green,2.9,38.5,none
8148,271.872,green,2.9,39.5,none
8151,271.972,green,3.1,39.2,none
8154,272.072,green,2.0,39.7,none
8157,272.172,green,1.9,39.1,none
8160,272.272,green,1.9,40.2,none
8163,272.372,green,2.7,39.3,none
8166,272.472,green,3.3,39.6,none
8169,272.572,green,3.1,39.2,none
8172,272.672,green,2.1,39.2,none
8175,272.772,green,2.6,39.4,none
8178,272.873,green,1.8,39.2,none
8181,272.973,green,2.4,39.0,none
8184,273.073,green,2.6,38.2,none
8187,273.173,green,1.9,38.9,none
8190,273.273,green,2.3,38.2,none
8193,273.373,green,2.4,39.5,none
8196,273.473,green,2.4,38.9,none
8199,273.573,green,2.9,39.4,none
8202,273.673,green,2.2,39.6,none
8205,273.774,green,2.3,38.3,none
8208,273.874,green,2.6,38.9,none
8211,273.974,green,2.1,39.2,none
8214,274.074,green,2.9,37.8,none
8217,274.174,green,2.0,38.1,none
8220,274.274,green,2.7,36.9,none
8223,274.374,green,2.5,37.6,none
8226,274.474,green,2.7,37.0,none
8229,274.574,green,2.4,37.3,none
8232,274.674,green,2.3,37.4,none
8235,274.774,green,3.0,37.2,none
8238,274.875,green,3.1,36.6,none
8241,274.975,green,2.4,36.5,none
8244,275.075,green,2.7,36.0,none
8247,275.175,green,2.7,35.4,none
8250,275.275,green,3.1,35.4,none
8253,275.375,green,2.0,36.3,none
8256,275.475,green,3.1,35.4,none
8259,275.575,green,3.0,36.0,none
8262,275.675,green,2.4,36.6,none
8265,275.776,green,1.7,35.4,none
8268,275.876,green,1.6,35.4,none
8271,275.976,green,1.7,35.4,none
8274,276.076,green,3.4,34.7,none
8277,276.176,green,2.1,36.0,none
8280,276.276,green,2.7,35.4,none
8283,276.376,green,2.7,35.8,none
8286,276.476,green,2.7,34.7,none
8289,276.576,green,2.7,35.5,none
8292,276.676,green,1.6,35.0,none
8295,276.776,green,2.0,34.6,none
8298,276.877,green,2.6,35.4,none
8301,276.977,green,2.1,33.6,none
8304,277.077,green,2.9,34.8,none
8307,277.177,green,2.1,35.7,none
8310,277.277,green,2.5,35.5,none
8313,277.377,green,2.6,35.5,none
8316,277.477,green,2.6,34.9,none
8319,277.577,green,2.9,36.3,none
8322,277.677,green,3.0,35.0,none
8325,277.778,green,2.2,34.8,none
8328,277.878,green,2.3,33.9,none
8331,277.978,green,2.0,35.7,none
8334,278.078,green,2.3,35.4,none
8337,278.178,green,2.5,35.2,none
8340,278.278,green,2.4,36.5,none
8343,278.378,green,2.6,35.3,none
8346,278.478,green,3.2,35.9,none
8349,278.578,green,1.5,37.1,none
8352,278.678,green,2.6,35.7,none
8355,278.778,green,2.3,35.5,none
8358,278.879,green,2.7,36.7,none
8361,278.979,green,2.8,35.7,none
8364,279.079,green,2.4,36.1,none
8367,279.179,green,2.0,36.8,none
8370,279.279,green,2.0,36.3,none
8373,279.379,green,2.8,36.1,none
8376,279.479,green,2.5,36.6,none
8379,279.579,green,2.3,36.3,none
8382,279.679,green,1.8,37.5,none
8385,279.78,green,2.1,38.3,none
8388,279.88,green,2.4,37.2,none
8391,279.98,green,2.5,39.1,none
8394,280.08,green,2.5,38.4,none
8397,280.18,green,3.9,37.8,none
8400,280.28,green,2.5,38.6,none
8403,280.38,green,2.4,38.4,none
8406,280.48,green,2.0,39.0,none
8409,280.58,green,2.2,39.0,none
8412,280.68,green,2.2,37.9,none
8415,280.78,green,2.2,39.0,none
8418,280.881,green,2.4,38.4,none
8421,280.981,green,2.5,38.8,none
8424,281.081,green,2.4,39.9,none
8427,281.181,green,1.9,40.2,none
8430,281.281,green,2.1,38.8,none
8433,281.381,green,2.5,40.4,none
8436,281.481,green,2.2,39.2,none
8439,281.581,green,1.8,39.6,none
8442,281.681,green,1.1,39.9,none
8445,281.782,green,1.8,40.5,none
8448,281.882,green,1.8,38.6,none
8451,281.982,green,2.4,39.0,none
8454,282.082,green,2.3,39.5,none
8457,282.182,green,2.3,40.1,none
8460,282.282,green_flash,2.9,-4.8,none
8463,282.382,green_flash,2.3,-4.9,none
8466,282.482,green_flash,2.3,-4.4,none
8469,282.582,green_flash,2.6,-5.0,none
8472,282.682,green_flash,2.1,-4.9,none
8475,282.782,green,2.5,40.1,none
8478,282.883,green,3.2,39.8,none
8481,282.983,green,3.1,40.6,none
8484,283.083,green,2.1,40.7,none
8487,283.183,green,3.0,39.6,none
8490,283.283,green_flash,1.6,-4.0,none
8493,283.383,green_flash,1.5,-3.9,none
8496,283.483,green_flash,2.7,-4.7,none
8499,283.583,green_flash,1.5,-5.0,none
8502,283.683,green_flash,2.4,-4.0,none
8505,283.784,green,2.8,39.3,none
8508,283.884,green,2.5,39.4,none
8511,283.984,green,2.3,38.8,none
8514,284.084,green,2.7,38.5,none
8517,284.184,green,1.9,38.0,none
8520,284.284,green_flash,2.2,-5.0,none
8523,284.384,green_flash,2.2,-4.5,none
8526,284.484,green_flash,2.2,-5.1,none
8529,284.584,green_flash,2.8,-4.1,none
8532,284.684,green_flash,2.3,-5.4,none
8535,284.784,green,2.4,38.3,none
8538,284.885,green,1.8,38.5,none
8541,284.985,green,2.1,38.8,none
8544,285.085,green,1.8,38.9,none
8547,285.185,green,2.4,38.2,none
8550,285.285,red,57.9,-4.4,red
8553,285.385,red,52.8,-4.4,red
8556,285.485,red,51.9,-5.1,red
8559,285.585,red,51.8,-5.3,red
8562,285.685,red,51.6,-4.8,red
8565,285.786,red,51.8,-4.9,red
8568,285.886,red,50.7,-5.7,red
8571,285.986,red,50.5,-4.9,red
8574,286.086,red,50.9,-5.7,red
8577,286.186,red,51.2,-5.7,red
8580,286.286,red,51.4,-4.9,red
8583,286.386,red,50.2,-4.5,red
8586,286.486,red,49.9,-4.7,red
8589,286.586,red,50.6,-5.2,red
8592,286.686,red,50.5,-5.1,red
8595,286.786,red,49.3,-5.1,red
8598,286.887,red,50.1,-4.2,red
8601,286.987,red,49.9,-5.5,red
8604,287.087,red,50.9,-4.7,red
8607,287.187,red,50.8,-4.5,red
8610,287.287,red,49.3,-4.8,red
8613,287.387,red,50.5,-5.3,red
8616,287.487,red,48.6,-4.5,red
8619,287.587,red,49.5,-5.5,red
8622,287.687,red,49.4,-4.6,red
8625,287.788,red,49.6,-4.7,red
8628,287.888,red,47.8,-4.2,red
8631,287.988,red,48.9,-4.7,red
8634,288.088,red,48.9,-4.5,red
8637,288.188,red,49.5,-4.8,red
8640,288.288,red,49.7,-4.5,red
8643,288.388,red,50.1,-4.4,red
8646,288.488,red,48.4,-4.3,red
8649,288.588,red,47.8,-4.5,red
8652,288.688,red,48.3,-4.3,red
8655,288.788,red,49.9,-3.6,red
8658,288.889,red,49.5,-4.3,red
8661,288.989,red,48.2,-4.3,red
8664,289.089,red,47.9,-4.2,red
8667,289.189,red,49.8,-4.5,red
8670,289.289,red,49.6,-4.5,red
8673,289.389,red,48.7,-4.5,red
8676,289.489,red,48.6,-4.2,red
8679,289.589,red,49.0,-5.2,red
8682,289.689,red,48.3,-5.0,red
8685,289.79,red,50.6,-4.5,red
8688,289.89,red,49.2,-4.3,red
8691,289.99,red,48.3,-4.6,red
8694,290.09,red,49.6,-4.9,red
8697,290.19,red,48.6,-4.4,red
8700,290.29,red,49.7,-4.3,red
8703,290.39,red,48.2,-4.6,red
8706,290.49,red,48.8,-4.8,red
8709,290.59,red,48.8,-3.9,red
8712,290.69,red,48.8,-5.1,red
8715,290.79,red,49.2,-5.6,red
8718,290.891,red,48.4,-4.8,red
8721,290.991,red,48.0,-4.5,red
8724,291.091,red,48.2,-4.3,red
8727,291.191,red,48.1,-5.2,red
8730,291.291,red,48.8,-4.8,red
8733,291.391,red,49.0,-5.0,red
8736,291.491,red,48.3,-4.7,red
8739,291.591,red,47.7,-4.4,red
8742,291.691,red,48.5,-4.5,red
8745,291.792,red,48.4,-4.6,red
8748,291.892,red,49.8,-4.7,red
8751,291.992,red,46.6,-4.3,red
8754,292.092,red,49.2,-5.0,red
8757,292.192,red,47.6,-4.2,red
8760,292.292,red,48.7,-4.9,red
8763,292.392,red,47.8,-4.8,red
8766,292.492,red,48.3,-4.5,red
8769,292.592,red,47.5,-4.8,red
8772,292.692,red,49.1,-4.9,red
8775,292.792,red,47.5,-5.9,red
8778,292.893,red,47.4,-5.0,red
8781,292.993,red,48.2,-5.0,red
8784,293.093,red,47.8,-4.6,red
8787,293.193,red,48.2,-4.8,red
8790,293.293,red,47.6,-4.9,red
8793,293.393,red,48.4,-4.4,red
8796,293.493,red,47.0,-4.8,red
8799,293.593,red,48.6,-4.6,red
8802,293.693,red,48.7,-4.4,red
8805,293.794,red,47.3,-5.0,red
8808,293.894,red,48.0,-5.8,red
8811,293.994,red,48.4,-4.3,red
8814,294.094,red,48.3,-4.6,red
8817,294.194,red,47.0,-4.0,red
8820,294.294,red,48.5,-5.5,red
8823,294.394,red,48.3,-4.3,red
8826,294.494,red,49.8,-4.5,red
8829,294.594,red,48.6,-4.9,red
8832,294.694,red,47.7,-4.5,red
8835,294.794,red,48.8,-5.5,red
8838,294.895,red,47.2,-5.2,red
8841,294.995,red,48.7,-4.9,red
8844,295.095,red,48.7,-5.0,red
8847,295.195,red,49.5,-4.7,red
8850,295.295,red,47.0,-5.1,red
8853,295.395,red,48.7,-5.1,red
8856,295.495,red,48.6,-3.7,red
8859,295.595,red,47.6,-5.1,red
8862,295.695,red,47.4,-5.8,red
8865,295.796,red,48.2,-4.5,red
8868,295.896,red,47.5,-4.2,red
8871,295.996,red,48.0,-4.1,red
8874,296.096,red,48.3,-4.3,red
8877,296.196,red,47.4,-4.2,red
8880,296.296,red,47.5,-5.3,red
8883,296.396,red,47.5,-4.7,red
8886,296.496,red,49.0,-4.8,red
8889,296.596,red,48.8,-4.2,red
8892,296.696,red,48.6,-4.3,red
8895,296.796,red,47.6,-4.5,red
8898,296.897,red,49.0,-5.9,red
8901,296.997,red,47.6,-5.1,red
8904,297.097,red,49.0,-4.6,red
8907,297.197,red,48.4,-5.0,red
8910,297.297,red,48.8,-5.6,red
8913,297.397,red,48.2,-5.0,red
8916,297.497,red,47.3,-5.3,red
8919,297.597,red,47.0,-5.5,red
8922,297.697,red,48.1,-5.5,red
8925,297.798,red,48.1,-4.8,red
8928,297.898,red,46.9,-4.3,red
8931,297.998,red,47.6,-4.7,red
8934,298.098,red,48.0,-5.2,red
8937,298.198,red,48.4,-3.7,red
8940,298.298,red,48.4,-5.3,red
8943,298.398,red,47.3,-4.2,red
8946,298.498,red,47.8,-4.9,red
8949,298.598,red,49.2,-4.5,red
8952,298.698,red,48.2,-4.5,red
8955,298.798,red,48.8,-4.2,red
8958,298.899,red,47.4,-3.8,red
8961,298.999,red,47.7,-4.9,red
8964,299.099,red,47.9,-4.4,red
8967,299.199,red,48.0,-5.3,red
8970,299.299,red,48.4,-4.8,red
8973,299.399,red,47.4,-4.9,red
8976,299.499,red,47.8,-4.4,red
8979,299.599,red,47.5,-4.6,red
8982,299.699,red,48.2,-4.2,red
8985,299.8,red,47.1,-4.3,red
8988,299.9,red,47.7,-4.5,red
8991,300.0,red,47.9,-4.6,red
8994,300.1,red,47.9,-4.8,red
8997,300.2,red,49.5,-5.4,red
9000,300.3,red,49.1,-4.7,red
9003,300.4,red,49.1,-4.6,red
9006,300.5,red,47.8,-4.5,red
9009,300.6,red,48.3,-4.8,red
9012,300.7,red,47.9,-5.5,red
9015,300.8,red,49.1,-4.9,red
9018,300.901,red,48.7,-4.7,red
9021,301.001,red,48.1,-5.0,red
9024,301.101,red,48.1,-4.6,red
9027,301.201,red,47.6,-4.9,red
9030,301.301,red,47.8,-4.6,red
9033,301.401,red,48.7,-4.7,red
9036,301.501,red,48.6,-4.9,red
9039,301.601,red,48.1,-5.0,red
9042,301.701,red,48.1,-5.0,red
9045,301.802,red,48.7,-4.1,red
9048,301.902,red,49.2,-5.1,red
9051,302.002,red,49.0,-4.6,red
9054,302.102,red,48.1,-5.4,red
9057,302.202,red,48.4,-4.9,red
9060,302.302,red,48.2,-4.4,red
9063,302.402,red,48.1,-4.2,red
9066,302.502,red,49.5,-4.7,red
9069,302.602,red,48.5,-4.9,red
9072,302.702,red,49.4,-4.4,red
9075,302.802,red,49.1,-4.3,red
9078,302.903,red,48.2,-4.8,red
9081,303.003,red,48.5,-4.0,red
9084,303.103,red,49.1,-4.2,red
9087,303.203,red,49.2,-4.7,red
9090,303.303,red,48.4,-4.8,red
9093,303.403,red,48.7,-4.7,red
9096,303.503,red,50.1,-5.1,red
9099,303.603,red,48.3,-4.2,red
9102,303.703,red,47.9,-4.5,red
9105,303.804,red,49.4,-5.9,red
9108,303.904,red,49.1,-4.6,red
9111,304.004,red,49.0,-4.9,red
9114,304.104,red,49.3,-4.6,red
9117,304.204,red,49.6,-4.9,red
9120,304.304,red,49.1,-4.9,red
9123,304.404,red,49.2,-5.1,red
9126,304.504,red,48.5,-5.0,red
9129,304.604,red,49.3,-5.6,red
9132,304.704,red,47.9,-4.9,red
9135,304.804,red,50.0,-3.6,red
9138,304.905,red,48.2,-4.4,red
9141,305.005,red,48.2,-4.3,red
9144,305.105,red,47.9,-4.6,red
9147,305.205,red,48.8,-3.9,red
9150,305.305,red,47.9,-5.0,red
9153,305.405,red,48.9,-4.8,red
9156,305.505,red,48.0,-5.1,red
9159,305.605,red,48.0,-4.3,red
9162,305.705,red,48.7,-4.6,red
9165,305.806,red,47.8,-5.2,red
9168,305.906,red,48.9,-4.3,red
9171,306.006,red,48.8,-5.5,red
9174,306.106,red,47.8,-4.7,red
9177,306.206,red,49.2,-4.5,red
9180,306.306,red,49.2,-4.1,red
9183,306.406,red,48.9,-4.2,red
9186,306.506,red,49.3,-4.1,red
9189,306.606,red,48.2,-5.0,red
9192,306.706,red,48.0,-4.2,red
9195,306.806,red,49.1,-5.0,red
9198,306.907,red,49.1,-4.7,red
9201,307.007,red,47.9,-4.6,red
9204,307.107,red,48.4,-4.8,red
9207,307.207,red,48.1,-4.8,red
9210,307.307,red,49.0,-4.6,red
9213,307.407,red,48.7,-4.4,red
9216,307.507,red,48.1,-5.3,red
9219,307.607,red,48.3,-4.3,red
9222,307.707,red,48.3,-4.8,red
9225,307.808,red,48.4,-4.4,red
9228,307.908,red,49.3,-4.5,red
9231,308.008,red,49.2,-4.7,red
9234,308.108,red,48.2,-4.6,red
9237,308.208,red,48.4,-5.1,red
9240,308.308,red,48.5,-4.0,red
9243,308.408,red,48.5,-4.1,red
9246,308.508,red,47.3,-4.3,red
9249,308.608,red,47.6,-4.4,red
9252,308.708,red,48.6,-4.5,red
9255,308.808,red,48.4,-4.9,red
9258,308.909,red,48.7,-5.0,red
9261,309.009,red,48.2,-4.8,red
9264,309.109,red,47.9,-4.6,red
9267,309.209,red,49.3,-5.1,red
9270,309.309,red,48.1,-5.5,red
9273,309.409,red,49.2,-5.4,red
9276,309.509,red,48.3,-5.1,red
9279,309.609,red,48.4,-4.4,red
9282,309.709,red,47.3,-5.2,red
9285,309.81,red,48.8,-4.7,red
9288,309.91,red,47.7,-3.8,red
9291,310.01,red,47.6,-5.3,red
9294,310.11,red,47.6,-4.7,red
9297,310.21,red,48.1,-4.5,red
9300,310.31,red,48.5,-4.6,red
9303,310.41,red,48.4,-4.6,red
9306,310.51,red,46.6,-5.3,red
9309,310.61,red,46.6,-4.6,red
9312,310.71,red,46.5,-4.4,red
9315,310.81,red,48.6,-4.2,red
9318,310.911,red,47.0,-4.3,red
9321,311.011,red,48.3,-4.9,red
9324,311.111,red,47.7,-5.4,red
9327,311.211,red,48.4,-5.0,red
9330,311.311,red,46.4,-4.7,red
9333,311.411,red,46.4,-4.8,red
9336,311.511,red,47.5,-4.3,red
9339,311.611,red,47.6,-5.1,red
9342,311.711,red,46.1,-3.6,red
9345,311.812,red,47.2,-5.3,red
9348,311.912,red,47.7,-4.4,red
9351,312.012,red,47.1,-4.6,red
9354,312.112,red,45.8,-4.9,red
9357,312.212,red,48.0,-4.5,red
9360,312.312,red,46.9,-4.5,none
9363,312.412,red,46.4,-4.4,none
9366,312.512,red,46.5,-5.0,red
9369,312.612,red,46.5,-5.3,red
9372,312.712,red,46.3,-4.2,red
9375,312.812,red,47.1,-4.3,red
9378,312.913,red,46.0,-5.1,red
9381,313.013,red,46.9,-4.8,red
9384,313.113,red,46.6,-5.2,red
9387,313.213,red,46.3,-5.6,red
9390,313.313,red,47.6,-4.4,none
9393,313.413,red,46.3,-4.5,none
9396,313.513,red,47.1,-4.3,red
9399,313.613,red,46.0,-4.5,red
9402,313.713,red,47.3,-5.3,red
9405,313.814,red,47.9,-4.5,red
9408,313.914,red,46.8,-5.0,red
9411,314.014,red,47.4,-4.9,red
9414,314.114,red,48.5,-5.2,red
9417,314.214,red,45.8,-4.6,red
9420,314.314,red,47.7,-4.8,none
9423,314.414,red,47.0,-4.9,red
9426,314.514,red,46.6,-4.2,red
9429,314.614,red,48.1,-4.4,red
9432,314.714,red,47.4,-5.1,red
9435,314.814,red,46.2,-4.2,red
9438,314.915,red,47.5,-4.7,red
9441,315.015,red,47.4,-4.7,red
9444,315.115,red,48.2,-4.7,red
9447,315.215,red,47.1,-4.7,red
9450,315.315,red,48.1,-4.2,red
9453,315.415,red,48.0,-4.3,red
9456,315.515,red,46.6,-3.9,red
9459,315.615,red,47.6,-5.2,red
9462,315.715,red,46.6,-4.3,red
9465,315.816,red,48.0,-4.1,red
9468,315.916,red,47.5,-4.2,red
9471,316.016,red,47.8,-4.7,red
9474,316.116,red,48.3,-4.3,red
9477,316.216,red,46.8,-4.2,red
9480,316.316,red,46.8,-3.9,red
9483,316.416,red,47.0,-4.8,none
9486,316.516,red,47.0,-4.5,none
9489,316.616,red,47.5,-3.6,red
9492,316.716,red,48.1,-4.9,red
9495,316.816,red,48.4,-4.4,red
9498,316.917,red,47.3,-4.8,red
9501,317.017,red,48.1,-5.0,red
9504,317.117,red,48.3,-5.0,red
9507,317.217,red,48.4,-4.0,red
9510,317.317,red,47.9,-5.4,red
9513,317.417,red,48.8,-4.8,red
9516,317.517,red,47.6,-4.5,red
9519,317.617,red,47.6,-4.9,red
9522,317.717,red,48.9,-4.4,red
9525,317.818,red,47.5,-4.4,red
9528,317.918,red,48.7,-4.5,red
9531,318.018,red,49.7,-5.0,red
9534,318.118,red,49.2,-4.4,red
9537,318.218,red,48.2,-4.8,red
9540,318.318,red,48.2,-4.4,red
9543,318.418,red,50.4,-4.0,red
9546,318.518,red,47.7,-4.3,red
9549,318.618,red,49.3,-5.0,red
9552,318.718,red,49.1,-4.7,red
9555,318.818,red,49.4,-4.8,red
9558,318.919,red,48.0,-4.1,red
9561,319.019,red,47.8,-4.9,red
9564,319.119,red,47.9,-3.8,red
9567,319.219,red,48.2,-4.3,red
9570,319.319,red,48.5,-4.8,red
9573,319.419,red,49.6,-5.7,red
9576,319.519,red,48.4,-4.6,red
9579,319.619,red,48.9,-4.6,red
9582,319.719,red,47.5,-5.0,red
9585,319.82,red,48.5,-5.1,red
9588,319.92,red,47.9,-4.3,red
9591,320.02,red,50.6,-5.0,red
9594,320.12,red,49.1,-6.0,red
9597,320.22,red,47.6,-4.6,red
9600,320.32,red,49.2,-4.4,red
9603,320.42,red,49.4,-4.5,red
9606,320.52,red,50.0,-4.1,red
9609,320.62,red,49.2,-5.0,red
9612,320.72,red,49.1,-5.0,red
9615,320.82,red,48.9,-4.7,red
9618,320.921,red,49.1,-4.6,red
9621,321.021,red,48.4,-4.5,red
9624,321.121,red,48.3,-4.7,red
9627,321.221,red,48.1,-4.6,red
9630,321.321,red,48.7,-4.6,red
9633,321.421,red,47.6,-4.6,red
9636,321.521,red,48.3,-4.2,red
9639,321.621,red,49.0,-4.8,red
9642,321.721,red,49.5,-5.1,red
9645,321.822,red,48.4,-4.8,red
9648,321.922,red,48.4,-4.2,red
9651,322.022,red,47.8,-5.3,red
9654,322.122,red,48.0,-5.6,red
9657,322.222,red,49.5,-5.3,red
9660,322.322,red,48.8,-4.6,red
9663,322.422,red,49.1,-4.4,red
9666,322.522,red,48.6,-4.8,red
9669,322.622,red,49.1,-4.8,red
9672,322.722,red,47.8,-3.8,red
9675,322.822,red,48.4,-4.9,red
9678,322.923,red,48.0,-4.7,red
9681,323.023,red,49.3,-5.0,red
9684,323.123,red,48.1,-4.8,red
9687,323.223,red,47.1,-4.1,red
9690,323.323,red,47.2,-4.3,red
9693,323.423,red,47.6,-4.3,red
9696,323.523,red,47.7,-4.5,red
9699,323.623,red,48.8,-4.8,red
9702,323.723,red,47.7,-5.2,red
9705,323.824,red,47.5,-4.8,red
9708,323.924,red,47.3,-4.6,red
9711,324.024,red,47.1,-4.5,red
9714,324.124,red,47.1,-5.4,red
9717,324.224,red,46.9,-3.8,red
9720,324.324,red,48.2,-3.6,red
9723,324.424,red,47.1,-4.6,red
9726,324.524,red,47.2,-4.7,red
9729,324.624,red,47.5,-4.6,red
9732,324.724,red,47.9,-4.4,red
9735,324.824,red,48.3,-4.7,red
9738,324.925,red,48.1,-4.3,red
9741,325.025,red,48.1,-4.2,red
9744,325.125,red,48.2,-4.3,red
9747,325.225,red,47.1,-5.5,red
9750,325.325,red,45.7,-5.4,none
9753,325.425,red,47.4,-5.4,red
9756,325.525,red,48.1,-4.9,red
9759,325.625,red,46.9,-4.3,red
9762,325.725,red,47.1,-5.4,red
9765,325.826,red,46.9,-4.5,red
9768,325.926,red,46.7,-4.8,red
9771,326.026,red,48.8,-5.0,red
9774,326.126,red,47.7,-5.0,red
9777,326.226,red,46.6,-4.4,red
9780,326.326,red,48.0,-5.0,red
9783,326.426,red,47.3,-4.9,red
9786,326.526,red,48.0,-4.7,red
9789,326.626,red,47.6,-4.8,red
9792,326.726,red,47.8,-5.0,red
9795,326.826,red,46.6,-5.4,red
9798,326.927,red,46.7,-3.7,none
9801,327.027,red,47.6,-5.1,none
9804,327.127,red,47.5,-4.5,none
9807,327.227,red,47.9,-4.7,none
9810,327.327,green,2.7,37.4,none
9813,327.427,green,2.1,37.3,none
9816,327.527,green,2.6,36.8,none
9819,327.627,green,2.6,38.2,none
9822,327.727,green,2.8,37.2,none
9825,327.828,green,1.7,37.3,none
9828,327.928,green,2.4,37.8,none
9831,328.028,green,2.2,38.4,none
9834,328.128,green,2.5,38.9,none
9837,328.228,green,3.1,38.3,none
9840,328.328,green,2.6,37.5,none
9843,328.428,green,2.5,39.2,none
9846,328.528,green,2.4,39.0,none
9849,328.628,green,2.4,38.7,none
9852,328.728,green,2.2,38.9,none
9855,328.828,green,2.8,38.7,none
9858,328.929,green,2.5,39.1,none
9861,329.029,green,2.6,39.4,none
9864,329.129,green,2.7,39.5,none
9867,329.229,green,2.5,38.9,none
9870,329.329,green,2.3,39.3,none
9873,329.429,green,2.3,39.2,none
9876,329.529,green,1.6,39.1,none
9879,329.629,green,2.1,39.4,none
9882,329.729,green,2.7,39.8,none
9885,329.83,green,2.6,39.5,none
9888,329.93,green,2.6,40.1,none
9891,330.03,green,2.0,39.7,none
9894,330.13,green,2.9,39.5,none
9897,330.23,green,2.5,39.6,none
9900,330.33,green,3.1,39.4,none
9903,330.43,green,3.0,39.0,none
9906,330.53,green,2.9,39.5,none
9909,330.63,green,3.7,39.8,none
9912,330.73,green,2.7,38.4,none
9915,330.83,green,2.5,40.2,none
9918,330.931,green,2.3,40.1,none
9921,331.031,green,2.6,39.6,none
9924,331.131,green,2.7,40.2,none
9927,331.231,green,2.9,39.3,none
9930,331.331,green,1.6,39.6,none
9933,331.431,green,2.7,39.6,none
9936,331.531,green,2.5,39.2,none
9939,331.631,green,2.7,39.5,none
9942,331.731,green,2.4,38.9,none
9945,331.832,green,2.6,39.9,none
9948,331.932,green,1.8,39.1,none
9951,332.032,green,2.0,38.5,none
9954,332.132,green,2.0,38.3,none
9957,332.232,green,2.2,38.7,none
9960,332.332,green,2.5,38.8,none
9963,332.432,green,2.7,39.0,none
9966,332.532,green,2.6,37.6,none
9969,332.632,green,2.3,38.8,none
9972,332.732,green,2.2,37.6,none
9975,332.832,green,2.7,37.0,none
9978,332.933,green,2.8,38.0,none
9981,333.033,green,2.4,38.4,none
9984,333.133,green,2.7,36.2,none
9987,333.233,green,2.6,38.0,none
9990,333.333,green,2.6,35.6,none
9993,333.433,green,2.5,36.9,none
9996,333.533,green,2.6,36.3,none
9999,333.633,green,2.0,35.8,none
10002,333.733,green,2.5,36.6,none
10005,333.834,green,2.1,35.4,none
10008,333.934,green,2.2,35.6,none
10011,334.034,green,1.9,36.0,none
10014,334.134,green,2.0,35.9,none
10017,334.234,green,2.5,35.3,none
10020,334.334,green,2.9,34.7,none
10023,334.434,green,2.4,36.1,none
10026,334.534,green,2.6,36.2,none
10029,334.634,green,2.5,34.6,none
10032,334.734,green,2.8,35.9,none
10035,334.834,green,2.8,34.3,none
10038,334.935,green,2.3,35.5,none
10041,335.035,green,2.3,35.1,none
10044,335.135,green,2.1,35.2,none
10047,335.235,green,2.1,35.3,none
10050,335.335,green,2.5,34.1,none
10053,335.435,green,2.7,34.4,none
10056,335.535,green,2.1,34.4,none
10059,335.635,green,2.9,34.7,none
10062,335.735,green,2.8,34.7,none
10065,335.836,green,2.7,34.8,none
10068,335.936,green,2.9,35.0,none
10071,336.036,green,2.5,33.9,none
10074,336.136,green,2.6,35.2,none
10077,336.236,green,2.8,35.8,none
10080,336.336,green,2.4,35.6,none
10083,336.436,green,2.0,36.3,none
10086,336.536,green,2.5,36.2,none
10089,336.636,green,2.3,36.5,none
10092,336.736,green,3.3,35.9,none
10095,336.836,green,3.0,36.7,none
10098,336.937,green,2.1,36.1,none
10101,337.037,green,2.1,36.9,none
10104,337.137,green,2.0,36.1,none
10107,337.237,green,2.0,36.4,none
10110,337.337,green,2.2,36.7,none
10113,337.437,green,3.2,36.4,none
10116,337.537,green,1.7,36.8,none
10119,337.637,green,1.8,37.1,none
10122,337.737,green,2.7,36.4,none
10125,337.838,green,2.8,36.7,none
10128,337.938,green,2.4,37.3,none
10131,338.038,green,2.7,36.4,none
10134,338.138,green,2.8,37.3,none
10137,338.238,green,2.2,38.6,none
10140,338.338,green,3.0,37.2,none
10143,338.438,green,2.4,37.7,none
10146,338.538,green,2.9,37.7,none
10149,338.638,green,3.4,37.1,none
10152,338.738,green,3.6,38.5,none
10155,338.838,green,2.8,40.1,none
10158,338.939,green,3.2,38.4,none
10161,339.039,green,2.5,39.1,none
10164,339.139,green,2.4,38.4,none
10167,339.239,green,2.6,39.1,none
10170,339.339,green,1.7,39.3,none
10173,339.439,green,2.2,39.0,none
10176,339.539,green,1.9,39.9,none
10179,339.639,green,2.4,40.5,none
10182,339.739,green,2.7,40.1,none
10185,339.84,green,2.5,39.5,none
10188,339.94,green,2.2,40.4,none
10191,340.04,green,2.7,40.8,none
10194,340.14,green,2.8,39.7,none
10197,340.24,green,3.1,39.9,red
