frame,t,state,red_score,amber_score,green_score,before_v2_rule
0,0.0,red,109.2,-13.8,4.8,red
3,0.1,red,108.6,-13.4,5.9,red
6,0.2,red,109.4,-13.3,6.0,red
9,0.3,red,109.2,-12.1,5.6,red
12,0.4,red,111.3,-12.9,5.5,red
15,0.501,red,109.9,-12.6,3.9,red
18,0.601,red,109.0,-12.9,4.4,red
21,0.701,red,109.1,-12.0,5.7,red
24,0.801,red,111.1,-13.8,4.8,red
27,0.901,red,111.3,-11.6,4.8,red
30,1.001,red,109.5,-12.7,5.1,red
33,1.101,red,109.7,-12.6,4.3,red
36,1.201,red,111.6,-12.2,5.2,red
39,1.301,red,108.6,-12.8,4.9,red
42,1.401,red,107.9,-13.1,5.0,red
45,1.502,red,110.9,-13.2,5.0,red
48,1.602,red,108.6,-12.2,4.3,red
51,1.702,red,108.4,-12.7,4.8,red
54,1.802,red,108.7,-12.4,4.7,red
57,1.902,red,110.7,-13.3,4.6,red
60,2.002,red,108.4,-13.7,5.6,red
63,2.102,red,109.0,-12.4,4.9,red
66,2.202,red,108.4,-13.1,4.8,red
69,2.302,red,107.3,-12.1,4.9,red
72,2.402,red,109.8,-13.2,5.0,red
75,2.502,red,109.1,-13.2,3.5,red
78,2.603,red,109.7,-13.0,5.5,red
81,2.703,red,110.4,-13.5,4.2,red
84,2.803,red,109.0,-12.7,5.8,red
87,2.903,red,108.7,-12.6,4.9,red
90,3.003,red,110.3,-13.8,4.9,red
93,3.103,red,108.2,-13.2,5.0,red
96,3.203,red,109.5,-11.4,5.2,red
99,3.303,red,111.4,-12.8,5.3,red
102,3.403,red,109.9,-12.3,5.3,red
105,3.504,red,111.7,-12.0,5.6,red
108,3.604,red,111.7,-13.1,4.8,red
111,3.704,red,110.7,-13.5,5.0,red
114,3.804,red,110.7,-12.7,4.8,red
117,3.904,red,109.2,-14.0,4.3,red
120,4.004,red,109.7,-12.4,5.1,red
123,4.104,red,108.8,-12.9,5.2,red
126,4.204,red,109.7,-12.3,5.6,red
129,4.304,red,109.8,-12.4,5.3,red
132,4.404,red,109.2,-12.2,5.9,red
135,4.504,red,111.0,-12.3,5.4,red
138,4.605,red,108.5,-12.1,4.4,red
141,4.705,red,108.5,-11.8,5.1,red
144,4.805,red,108.3,-12.6,5.2,red
147,4.905,red,108.4,-13.5,4.8,red
150,5.005,red,109.0,-12.2,4.7,red
153,5.105,red,108.9,-13.0,4.0,red
156,5.205,red,108.1,-12.7,5.1,red
159,5.305,red,109.2,-13.9,4.2,red
162,5.405,red,107.5,-12.3,3.3,red
165,5.506,red,108.2,-12.8,5.4,red
168,5.606,red,108.0,-13.5,5.2,red
171,5.706,red,107.1,-13.0,6.0,red
174,5.806,red,108.9,-11.6,4.9,red
177,5.906,red,107.4,-13.0,5.2,red
180,6.006,red,107.4,-13.3,5.1,red
183,6.106,red,108.0,-13.5,5.3,red
186,6.206,red,108.5,-13.1,5.1,red
189,6.306,red,108.5,-12.5,5.1,red
192,6.406,red,110.5,-12.9,4.8,red
195,6.506,red,109.2,-12.6,5.7,red
198,6.607,red,108.3,-12.4,6.2,red
201,6.707,red,107.0,-12.4,5.4,red
204,6.807,red,107.0,-12.6,5.8,red
207,6.907,red,109.6,-12.4,4.8,red
210,7.007,red,106.9,-12.0,5.5,red
213,7.107,red,106.8,-11.9,5.0,red
216,7.207,red,108.7,-12.7,5.5,red
219,7.307,red,109.3,-12.7,5.1,red
222,7.407,red,108.8,-13.5,5.8,red
225,7.508,red,109.2,-12.4,6.0,red
228,7.608,red,107.7,-12.7,4.8,red
231,7.708,red,108.5,-12.9,5.2,red
234,7.808,red,107.5,-13.4,5.2,red
237,7.908,red,107.6,-12.7,4.2,red
240,8.008,red,107.9,-13.0,6.4,red
243,8.108,red,107.6,-12.7,5.7,red
246,8.208,red,108.2,-13.5,5.1,red
249,8.308,red,109.0,-13.6,4.9,red
252,8.408,red,108.4,-12.3,6.0,red
255,8.508,red,108.0,-13.5,5.4,red
258,8.609,red,107.3,-13.7,5.1,red
261,8.709,red,110.6,-12.4,5.7,red
264,8.809,red,109.2,-12.4,4.5,red
267,8.909,red,109.1,-12.4,5.3,red
270,9.009,red,110.5,-11.9,6.0,red
273,9.109,red,109.7,-12.3,5.2,red
276,9.209,red,110.1,-13.6,5.6,red
279,9.309,red,109.2,-12.3,4.3,red
282,9.409,red,112.3,-11.1,4.9,red
285,9.51,red,111.4,-11.9,5.3,red
288,9.61,red,108.9,-13.4,4.7,red
291,9.71,red,110.3,-12.2,5.1,red
294,9.81,red,108.7,-12.5,5.3,red
297,9.91,red,108.5,-12.2,4.4,red
300,10.01,red,108.2,-12.6,4.3,red
303,10.11,red,109.1,-12.9,5.5,red
306,10.21,red,108.9,-13.4,4.4,red
309,10.31,red,108.7,-12.2,5.8,red
312,10.41,red,108.8,-12.7,5.3,red
315,10.51,red,109.3,-13.1,4.9,red
318,10.611,red,108.7,-12.8,5.1,red
321,10.711,red,108.7,-11.9,4.5,red
324,10.811,red,108.6,-11.9,5.3,red
327,10.911,red,109.5,-11.9,5.6,red
330,11.011,red,109.3,-12.9,6.4,red
333,11.111,red,109.3,-13.3,5.5,red
336,11.211,red,109.6,-13.5,6.0,red
339,11.311,red,110.0,-13.0,4.9,red
342,11.411,red,109.6,-11.7,5.3,red
345,11.512,red,109.1,-12.5,5.3,red
348,11.612,red,108.0,-13.1,5.6,red
351,11.712,red,109.3,-13.2,5.1,red
354,11.812,red,108.5,-14.1,5.2,red
357,11.912,red,107.5,-12.1,4.4,red
360,12.012,red,109.1,-12.2,5.1,red
363,12.112,red,109.2,-12.7,5.4,red
366,12.212,red,108.9,-12.8,6.0,red
369,12.312,red,108.9,-12.7,5.2,red
372,12.412,red,109.8,-13.0,6.2,red
375,12.513,red,108.9,-12.5,5.4,red
378,12.613,red,107.7,-12.7,6.0,red
381,12.713,red,108.8,-12.6,4.8,red
384,12.813,red,108.6,-12.5,6.0,red
387,12.913,red,108.5,-12.5,4.8,red
390,13.013,red,107.9,-13.9,5.2,red
393,13.113,red,107.5,-12.8,4.6,red
396,13.213,red,106.9,-12.4,4.9,red
399,13.313,red,108.6,-13.2,6.0,red
402,13.413,red,108.0,-12.7,4.5,red
405,13.514,red,108.7,-13.1,4.0,red
408,13.614,red,107.7,-12.5,5.0,red
411,13.714,red,109.6,-12.7,6.5,red
414,13.814,red,106.4,-12.4,4.9,red
417,13.914,red,106.6,-12.0,5.6,red
420,14.014,red,107.4,-11.7,6.4,red
423,14.114,red,108.1,-11.7,5.1,red
426,14.214,red,107.7,-11.8,5.3,red
429,14.314,red,108.0,-12.9,4.7,red
432,14.414,red,107.0,-13.4,5.4,red
435,14.514,red,107.5,-12.4,5.0,red
438,14.615,red,108.9,-12.9,4.6,red
441,14.715,red,109.3,-13.2,4.2,red
444,14.815,red,107.2,-12.8,5.8,red
447,14.915,red,108.0,-13.1,4.6,red
450,15.015,red,107.1,-12.6,4.5,red
453,15.115,red,108.4,-11.7,4.5,red
456,15.215,red,108.1,-11.7,4.1,red
459,15.315,red,109.6,-13.7,5.1,red
462,15.415,red,109.5,-12.6,5.0,red
465,15.516,red,109.6,-12.2,4.8,red
468,15.616,red,109.2,-12.6,5.0,red
471,15.716,red,110.0,-12.9,5.8,red
474,15.816,red,110.6,-12.3,4.7,red
477,15.916,red,109.4,-13.7,4.3,red
480,16.016,red,108.4,-11.5,6.1,red
483,16.116,red,108.6,-12.1,5.5,red
486,16.216,red,109.4,-12.0,5.1,red
489,16.316,red,111.3,-13.1,5.2,red
492,16.416,red,109.1,-12.6,4.8,red
495,16.516,red,110.5,-12.6,5.0,red
498,16.617,red,108.3,-12.6,4.3,red
501,16.717,red,109.9,-13.9,4.0,red
504,16.817,red,110.0,-12.7,5.0,red
507,16.917,red,110.0,-12.9,4.3,red
510,17.017,red,109.0,-12.3,4.6,red
513,17.117,red,109.0,-11.5,4.5,red
516,17.217,red,110.0,-13.3,5.2,red
519,17.317,red,110.1,-14.1,5.4,red
522,17.417,red,110.6,-13.5,6.0,red
525,17.518,red,110.8,-12.5,5.1,red
528,17.618,red,108.9,-11.9,5.4,red
531,17.718,red,109.5,-12.5,4.5,red
534,17.818,red,108.4,-13.4,5.3,red
537,17.918,red,108.7,-12.8,4.8,red
540,18.018,red,108.0,-12.8,4.5,red
543,18.118,red,108.3,-12.0,4.9,red
546,18.218,red,108.3,-13.5,4.9,red
549,18.318,red,108.6,-13.7,4.6,red
552,18.418,red,107.5,-12.5,4.6,red
555,18.518,red,108.6,-12.4,5.0,red
558,18.619,red,107.1,-12.6,6.3,red
561,18.719,red,109.3,-12.9,6.7,red
564,18.819,red,107.6,-13.0,5.4,red
567,18.919,red,108.9,-13.2,5.3,red
570,19.019,red,108.3,-12.6,5.2,red
573,19.119,red,106.8,-12.6,4.8,red
576,19.219,red,108.0,-13.4,5.2,red
579,19.319,red,107.0,-13.2,5.8,red
582,19.419,red,108.3,-13.4,4.6,red
585,19.52,red,107.5,-12.6,3.8,red
588,19.62,red,107.8,-14.1,5.9,red
591,19.72,red,107.6,-12.8,4.4,red
594,19.82,red,107.5,-13.5,5.6,red
597,19.92,red,106.0,-13.2,5.6,red
600,20.02,red,107.4,-13.7,5.5,red
603,20.12,red,109.1,-12.5,5.1,red
606,20.22,red,107.6,-13.5,5.1,red
609,20.32,red,107.5,-12.7,5.7,red
612,20.42,red,108.4,-12.3,5.6,red
615,20.521,red,107.3,-13.6,4.6,red
618,20.621,red,107.7,-12.7,5.6,red
621,20.721,red,107.3,-12.2,4.6,red
624,20.821,red,109.1,-13.2,5.7,red
627,20.921,red,107.1,-12.8,5.5,red
630,21.021,red,108.0,-10.7,4.9,red
633,21.121,red,107.5,-11.9,4.9,red
636,21.221,red,108.1,-13.1,4.9,red
639,21.321,red,107.8,-12.1,4.3,red
642,21.421,red,108.9,-11.8,5.3,red
645,21.522,red,107.9,-11.9,5.0,red
648,21.622,red,106.9,-13.2,4.1,red
651,21.722,red,108.3,-13.0,5.4,red
654,21.822,red,108.0,-12.6,4.1,red
657,21.922,red,107.4,-13.5,5.5,red
660,22.022,red,108.8,-12.1,3.7,red
663,22.122,red,108.3,-11.8,3.9,red
666,22.222,red,108.5,-12.8,5.8,red
669,22.322,red,108.0,-12.8,5.2,red
672,22.422,red,109.2,-12.3,5.4,red
675,22.522,red,108.9,-13.6,4.6,red
678,22.623,red,108.6,-13.2,6.0,red
681,22.723,red,110.6,-12.7,4.9,red
684,22.823,red,109.7,-12.7,4.6,red
687,22.923,red,109.6,-12.9,5.3,red
690,23.023,red,109.3,-12.6,4.7,red
693,23.123,red,109.5,-13.3,5.6,red
696,23.223,red,109.4,-12.2,4.7,red
699,23.323,red,109.2,-12.1,4.0,red
702,23.423,red,110.1,-13.8,5.4,red
705,23.524,red,109.7,-12.8,5.2,red
708,23.624,red,109.7,-11.8,4.9,red
711,23.724,red,109.9,-12.7,4.3,red
714,23.824,red,109.3,-13.4,5.7,red
717,23.924,red,109.6,-12.4,5.8,red
720,24.024,red,109.2,-12.2,5.8,red
723,24.124,red,111.0,-12.2,4.2,red
726,24.224,red,108.0,-12.5,4.9,red
729,24.324,red,109.7,-12.9,4.7,red
732,24.424,red,108.2,-13.4,4.8,red
735,24.524,red,109.1,-12.4,4.5,red
738,24.625,red,108.5,-12.9,5.2,red
741,24.725,red,110.1,-12.1,5.8,red
744,24.825,red,110.0,-13.0,4.7,red
747,24.925,red,110.7,-12.7,5.6,red
750,25.025,red,109.6,-13.0,5.4,red
753,25.125,red,110.8,-12.7,5.3,red
756,25.225,red,111.0,-12.5,5.6,red
759,25.325,red,110.4,-12.7,5.5,red
762,25.425,red,110.8,-12.6,4.4,red
765,25.526,red,110.4,-12.6,5.2,red
768,25.626,red,110.4,-12.6,5.4,red
771,25.726,red,110.0,-13.7,5.2,red
774,25.826,red,108.4,-13.2,4.9,red
777,25.926,red,108.0,-12.0,5.3,red
780,26.026,red,110.0,-12.5,6.1,red
783,26.126,red,110.2,-12.2,5.6,red
786,26.226,red,110.0,-12.4,4.8,red
789,26.326,red,109.3,-13.0,5.1,red
792,26.426,red,109.2,-12.4,5.2,red
795,26.527,red,107.8,-12.5,4.4,red
798,26.627,red,109.1,-12.7,5.1,red
801,26.727,red,109.3,-11.6,4.4,red
804,26.827,red,108.9,-11.7,4.6,red
807,26.927,red,107.6,-11.7,5.1,red
810,27.027,red,107.9,-12.6,5.1,red
813,27.127,red,109.6,-13.0,4.9,red
816,27.227,red,109.9,-13.1,5.2,red
819,27.327,red,109.8,-12.2,4.5,red
822,27.427,red,109.0,-12.8,5.3,red
825,27.528,red,110.2,-12.3,5.4,red
828,27.628,red,108.4,-12.8,5.3,red
831,27.728,red,107.8,-13.3,4.1,red
834,27.828,red,109.3,-12.4,3.6,red
837,27.928,red,108.1,-12.3,4.7,red
840,28.028,red,108.4,-13.2,5.3,red
843,28.128,red,108.5,-13.4,5.3,red
846,28.228,red,108.2,-12.0,4.2,red
849,28.328,red,109.1,-12.5,5.1,red
852,28.428,red,108.1,-12.8,5.9,red
855,28.528,red,108.5,-12.0,4.6,red
858,28.629,red,109.7,-12.9,5.1,red
861,28.729,red,109.0,-13.0,5.4,red
864,28.829,red,108.2,-11.9,4.2,red
867,28.929,red,108.9,-13.0,4.5,red
870,29.029,red,108.3,-12.8,5.1,red
873,29.129,red,108.2,-12.7,5.6,red
876,29.229,red,109.7,-11.4,4.8,red
879,29.329,red,109.6,-12.3,5.6,red
882,29.429,red,110.3,-12.2,5.7,red
885,29.53,red,109.0,-12.7,4.5,red
888,29.63,red,108.3,-13.7,5.8,red
891,29.73,red,107.7,-12.6,4.4,red
894,29.83,red,108.6,-11.3,5.5,red
897,29.93,red,109.8,-12.7,5.7,red
900,30.03,red,108.1,-12.4,5.1,red
903,30.13,red,109.0,-12.2,4.9,red
906,30.23,red,110.7,-12.6,5.3,red
909,30.33,red,109.0,-12.3,4.3,red
912,30.43,red,109.4,-13.1,4.3,red
915,30.53,red,111.3,-11.5,4.3,red
918,30.631,red,110.0,-13.0,5.0,red
921,30.731,red,110.6,-12.6,4.5,red
924,30.831,red,110.5,-12.6,4.8,red
927,30.931,red,108.4,-12.5,3.8,red
930,31.031,red,108.1,-12.6,5.6,red
933,31.131,red,108.1,-13.2,5.3,red
936,31.231,red,108.8,-13.1,4.7,red
939,31.331,red,109.4,-12.3,5.0,red
942,31.431,red,109.6,-12.9,5.1,red
945,31.532,red,108.0,-12.7,4.5,red
948,31.632,red,108.0,-13.0,6.4,red
951,31.732,red,107.9,-13.1,5.4,red
954,31.832,red,106.5,-13.0,3.4,red
957,31.932,red,110.0,-11.9,5.3,red
960,32.032,red,109.4,-12.7,4.2,red
963,32.132,red,109.4,-13.2,4.6,red
966,32.232,red,110.0,-12.5,5.4,red
969,32.332,red,109.4,-12.3,5.1,red
972,32.432,red,109.8,-12.1,4.9,red
975,32.532,red,108.5,-13.2,5.3,red
978,32.633,red,107.9,-13.5,5.6,red
981,32.733,red,107.9,-12.0,5.0,red
984,32.833,red,108.0,-12.7,5.0,red
987,32.933,red,108.2,-12.9,4.8,red
990,33.033,red,108.7,-12.7,5.1,red
993,33.133,red,106.5,-12.5,5.5,red
996,33.233,red,107.5,-13.2,3.9,red
999,33.333,red,109.5,-11.6,4.2,red
1002,33.433,red,109.1,-12.3,5.1,red
1005,33.534,red,108.2,-12.9,5.1,red
1008,33.634,red,110.5,-11.6,4.3,red
1011,33.734,red,110.7,-11.9,4.5,red
1014,33.834,red,108.4,-11.4,4.3,red
1017,33.934,red,108.2,-11.5,5.1,red
1020,34.034,red,107.4,-12.3,5.3,red
1023,34.134,red_amber,108.4,34.8,5.2,red
1026,34.234,red_amber,106.4,33.3,3.7,red
1029,34.334,red_amber,107.9,33.8,4.2,red
1032,34.434,red_amber,108.3,32.9,4.8,red
1035,34.534,red_amber,108.0,33.1,4.5,red
1038,34.635,red_amber,108.0,33.4,5.3,red
1041,34.735,red_amber,110.0,33.6,5.8,red
1044,34.835,red_amber,109.7,34.4,4.9,red
1047,34.935,red_amber,107.3,32.8,4.9,red
1050,35.035,red_amber,107.0,30.4,3.8,red
1053,35.135,red_amber,107.9,32.5,4.2,red
1056,35.235,red_amber,106.7,30.3,3.8,red
1059,35.335,red_amber,107.8,32.7,5.4,red
1062,35.435,red_amber,106.7,31.7,4.5,red
1065,35.536,red_amber,107.2,32.8,4.8,red
1068,35.636,red_amber,108.2,32.5,4.6,red
1071,35.736,red_amber,109.1,32.2,3.7,red
1074,35.836,red_amber,108.9,32.8,4.2,red
1077,35.936,red_amber,108.8,32.6,4.3,red
1080,36.036,red_amber,107.0,33.4,4.1,red
1083,36.136,red_amber,110.0,33.3,4.6,red
1086,36.236,red_amber,109.0,31.9,4.4,red
1089,36.336,red_amber,108.6,34.0,3.8,red
1092,36.436,red_amber,108.4,32.5,4.1,red
1095,36.537,red_amber,106.6,33.3,4.5,red
1098,36.637,red_amber,108.2,33.7,4.3,red
1101,36.737,red_amber,108.6,33.5,4.9,red
1104,36.837,red_amber,108.9,33.6,5.7,red
1107,36.937,red_amber,109.0,33.7,5.3,red
1110,37.037,red_amber,105.6,31.6,6.4,red
1113,37.137,green,-9.4,-12.5,126.2,green
1116,37.237,green,-12.5,-13.2,126.3,green
1119,37.337,green,-11.9,-12.9,127.2,green
1122,37.437,green,-13.0,-13.2,127.0,green
1125,37.538,green,-13.4,-12.4,127.1,green
1128,37.638,green,-13.5,-13.0,128.3,green
1131,37.738,green,-13.5,-12.9,127.4,green
1134,37.838,green,-12.9,-13.7,127.7,green
1137,37.938,green,-13.9,-13.8,127.5,green
1140,38.038,green,-14.2,-12.2,128.3,green
1143,38.138,green,-13.5,-12.3,128.7,green
1146,38.238,green,-14.2,-12.0,128.5,green
1149,38.338,green,-13.5,-13.6,128.3,green
1152,38.438,green,-14.0,-13.0,128.5,green
1155,38.538,green,-13.7,-12.9,127.7,green
1158,38.639,green,-13.3,-13.6,127.9,green
1161,38.739,green,-13.4,-13.3,128.3,green
1164,38.839,green,-13.6,-13.5,128.1,green
1167,38.939,green,-13.2,-12.5,128.7,green
1170,39.039,green,-13.4,-14.0,129.3,green
1173,39.139,green,-14.1,-12.6,127.5,green
1176,39.239,green,-13.7,-13.5,128.6,green
1179,39.339,green,-13.9,-13.1,127.8,green
1182,39.439,green,-13.8,-12.9,128.7,green
1185,39.54,green,-14.7,-12.7,128.9,green
1188,39.64,green,-13.9,-13.0,129.2,green
1191,39.74,green,-13.3,-12.7,127.9,green
1194,39.84,green,-13.1,-12.5,128.0,green
1197,39.94,green,-14.1,-13.2,128.1,green
1200,40.04,green,-14.1,-12.3,128.2,green
1203,40.14,green,-14.1,-13.4,127.5,green
1206,40.24,green,-14.1,-12.0,127.9,green
1209,40.34,green,-13.7,-12.2,127.2,green
1212,40.44,green,-13.6,-12.2,128.3,green
1215,40.54,green,-13.7,-12.4,126.6,green
1218,40.641,green,-13.7,-12.2,127.3,green
1221,40.741,green,-13.5,-12.7,127.9,green
1224,40.841,green,-14.0,-13.0,126.4,green
1227,40.941,green,-13.7,-13.0,127.4,green
1230,41.041,green,-13.5,-12.5,127.4,green
1233,41.141,green,-12.5,-12.6,127.5,green
1236,41.241,green,-13.5,-13.8,127.9,green
1239,41.341,green,-13.2,-12.9,125.8,green
1242,41.441,green,-13.5,-14.1,126.9,green
1245,41.542,green,-13.2,-12.8,126.0,green
1248,41.642,green,-13.0,-13.1,126.9,green
1251,41.742,green,-13.4,-12.9,126.4,green
1254,41.842,green,-14.3,-12.7,126.7,green
1257,41.942,green,-13.0,-12.6,126.6,green
1260,42.042,green,-14.7,-13.7,126.1,green
1263,42.142,green,-14.0,-12.9,126.1,green
1266,42.242,green,-14.3,-14.5,126.1,green
1269,42.342,green,-14.9,-13.1,126.0,green
1272,42.442,green,-14.2,-14.0,126.3,green
1275,42.543,green,-13.9,-12.4,125.9,green
1278,42.643,green,-13.9,-13.8,125.9,green
1281,42.743,green,-14.4,-13.4,125.5,green
1284,42.843,green,-13.8,-13.0,125.3,green
1287,42.943,green,-14.0,-13.4,125.8,green
1290,43.043,green,-13.8,-13.1,126.1,green
1293,43.143,green,-13.0,-13.2,125.9,green
1296,43.243,green,-13.4,-14.2,125.9,green
1299,43.343,green,-14.5,-14.6,126.4,green
1302,43.443,green,-14.0,-14.7,125.7,green
1305,43.544,green,-14.4,-13.6,125.1,green
1308,43.644,green,-14.5,-13.4,124.9,green
1311,43.744,green,-13.8,-13.8,125.3,green
1314,43.844,green,-14.5,-14.8,125.0,green
1317,43.944,green,-13.4,-13.8,125.6,green
1320,44.044,green,-14.3,-14.3,125.0,green
1323,44.144,green,-13.6,-13.9,124.9,green
1326,44.244,green,-14.4,-13.4,124.9,green
1329,44.344,green,-13.6,-12.7,124.9,green
1332,44.444,green,-14.6,-13.3,125.7,green
1335,44.544,green,-13.9,-13.0,125.5,green
1338,44.645,green,-14.5,-14.7,125.3,green
1341,44.745,green,-13.0,-13.8,125.1,green
1344,44.845,green,-13.6,-13.8,125.8,green
1347,44.945,green,-14.7,-14.0,124.6,green
1350,45.045,green,-14.0,-14.4,125.9,none
1353,45.145,green,-15.1,-13.9,125.8,green
1356,45.245,green,-12.8,-14.3,125.9,green
1359,45.345,green,-14.6,-13.9,125.8,green
1362,45.445,green,-13.5,-13.2,125.4,green
1365,45.546,green,-13.7,-13.4,126.3,green
1368,45.646,green,-14.7,-13.9,126.3,green
1371,45.746,green,-14.4,-13.2,126.0,green
1374,45.846,green,-14.0,-14.1,125.8,green
1377,45.946,green,-15.3,-13.3,126.0,green
1380,46.046,green,-15.4,-14.3,125.9,green
1383,46.146,green,-14.1,-13.8,126.7,green
1386,46.246,green,-14.1,-12.8,124.8,green
1389,46.346,green,-13.4,-13.8,126.8,green
1392,46.446,green,-14.9,-13.7,127.8,green
1395,46.546,green,-13.5,-13.4,127.4,green
1398,46.647,green,-13.0,-13.6,126.1,green
1401,46.747,green,-13.6,-12.6,125.8,green
1404,46.847,green,-15.4,-12.8,125.7,green
1407,46.947,green,-14.8,-12.9,126.3,green
1410,47.047,green,-14.7,-13.5,126.4,green
1413,47.147,green,-12.7,-13.0,126.6,green
1416,47.247,green,-13.8,-13.6,125.8,green
1419,47.347,green,-14.4,-13.9,126.6,green
1422,47.447,green,-14.6,-13.4,127.7,green
1425,47.548,green,-13.9,-14.2,127.0,green
1428,47.648,green,-13.9,-12.8,126.8,green
1431,47.748,green,-13.7,-14.2,126.3,green
1434,47.848,green,-14.1,-14.2,127.3,green
1437,47.948,green,-13.7,-14.0,127.4,green
1440,48.048,green,-13.9,-13.4,127.2,green
1443,48.148,green,-14.5,-13.8,127.2,green
1446,48.248,green,-14.4,-13.4,127.2,green
1449,48.348,green,-13.1,-12.9,127.8,green
1452,48.448,green,-14.5,-12.9,127.8,green
1455,48.549,green,-14.6,-14.0,126.9,green
1458,48.649,green,-14.6,-12.7,127.3,green
1461,48.749,green,-14.0,-13.0,127.7,green
1464,48.849,green,-13.7,-13.5,127.7,green
1467,48.949,green,-13.6,-13.7,127.5,green
1470,49.049,green,-14.4,-13.8,128.7,green
1473,49.149,green,-14.5,-13.8,128.2,green
1476,49.249,green,-13.6,-13.3,127.6,green
1479,49.349,green,-13.2,-13.9,129.1,green
1482,49.449,green,-13.2,-13.4,128.6,green
1485,49.55,green,-13.7,-13.2,128.9,green
1488,49.65,green,-14.2,-13.4,129.3,green
1491,49.75,green,-12.8,-13.4,127.9,green
1494,49.85,green,-14.7,-12.8,128.6,green
1497,49.95,green,-13.4,-13.0,128.4,green
1500,50.05,green,-13.4,-14.2,128.1,green
1503,50.15,green,-14.0,-14.2,129.0,green
1506,50.25,green,-13.4,-13.5,128.7,green
1509,50.35,green,-13.6,-13.2,128.8,green
1512,50.45,green,-14.3,-13.3,129.2,green
1515,50.55,green,-13.8,-13.6,129.3,green
1518,50.651,green,-12.9,-14.0,128.7,green
1521,50.751,green,-13.6,-12.8,129.6,green
1524,50.851,green,-13.7,-13.5,128.9,green
1527,50.951,green,-13.0,-14.1,129.2,green
1530,51.051,green,-14.5,-13.9,128.2,none
1533,51.151,green,-13.5,-12.1,129.1,none
1536,51.251,green,-13.7,-12.1,128.1,green
1539,51.351,green,-13.6,-12.6,128.5,green
1542,51.451,green,-13.7,-13.3,128.7,green
1545,51.552,green,-14.2,-13.9,128.3,green
1548,51.652,green,-13.8,-13.0,129.4,green
1551,51.752,green,-14.1,-12.5,129.9,green
1554,51.852,green,-14.4,-13.0,129.1,green
1557,51.952,green,-14.2,-13.0,129.9,green
1560,52.052,green,-14.0,-12.5,129.2,green
1563,52.152,green,-14.2,-12.4,129.6,green
1566,52.252,green,-12.9,-13.0,129.4,green
1569,52.352,green,-13.6,-12.5,129.5,green
1572,52.452,green,-13.8,-12.2,129.7,green
1575,52.552,green,-13.8,-13.0,129.8,green
1578,52.653,green,-13.8,-12.8,129.6,green
1581,52.753,green,-14.5,-12.7,129.8,green
1584,52.853,green,-13.1,-14.4,129.9,green
1587,52.953,green,-14.0,-13.0,130.1,green
1590,53.053,green,-13.8,-13.3,130.2,none
1593,53.153,green,-13.0,-12.5,129.7,green
1596,53.253,green,-13.2,-12.2,128.3,green
1599,53.353,green,-13.2,-13.1,129.6,green
1602,53.453,green,-13.2,-12.0,129.1,green
1605,53.554,green,-13.9,-12.6,129.2,green
1608,53.654,green,-13.9,-12.8,129.0,green
1611,53.754,green,-12.8,-12.6,128.9,green
1614,53.854,green,-13.9,-13.2,129.9,green
1617,53.954,green,-14.7,-12.2,129.3,green
1620,54.054,green,-13.7,-12.7,129.3,green
1623,54.154,green,-13.3,-12.7,129.2,green
1626,54.254,green,-14.3,-13.8,128.6,green
1629,54.354,green,-11.8,-12.4,129.4,red
1632,54.454,green,-12.8,-12.5,128.1,green
1635,54.555,green,-12.3,-13.4,128.5,green
1638,54.655,green,-13.9,-12.6,128.5,green
1641,54.755,green,-15.1,-12.6,129.0,green
1644,54.855,green,-13.9,-12.0,129.2,green
1647,54.955,green,-13.1,-12.7,129.6,green
1650,55.055,green,-13.4,-12.9,129.5,green
1653,55.155,green,-12.2,-13.3,129.7,green
1656,55.255,green,-13.8,-12.8,128.6,green
1659,55.355,green,-14.6,-12.4,129.7,green
1662,55.455,green,-14.3,-13.2,129.1,green
1665,55.556,green,-13.6,-13.0,129.6,green
1668,55.656,green,-13.7,-12.4,129.1,green
1671,55.756,green,-15.0,-12.8,129.3,green
1674,55.856,green,-13.5,-12.6,128.8,green
1677,55.956,green,-13.1,-13.0,128.4,green
1680,56.056,green,-14.6,-12.8,127.4,green
1683,56.156,green,-14.3,-13.4,129.2,green
1686,56.256,green,-13.4,-12.8,129.0,green
1689,56.356,green,-13.0,-13.5,129.4,green
1692,56.456,green,-13.5,-13.1,129.4,green
1695,56.556,green,-13.3,-13.6,128.4,green
1698,56.657,green,-12.8,-13.1,128.7,green
1701,56.757,green,-13.3,-13.1,128.3,green
1704,56.857,green,-12.7,-13.1,128.1,green
1707,56.957,green,-13.7,-12.7,128.3,green
1710,57.057,green,-13.4,-13.0,128.7,green
1713,57.157,green,-13.0,-12.8,128.3,green
1716,57.257,green,-14.1,-14.1,129.5,green
1719,57.357,green,-13.3,-12.8,128.7,green
1722,57.457,green,-13.3,-12.4,130.1,green
1725,57.558,green,-13.2,-12.2,129.4,green
1728,57.658,green,-12.9,-12.2,129.5,green
1731,57.758,green,-12.6,-12.6,129.6,green
1734,57.858,green,-12.8,-13.7,129.0,red
1737,57.958,green,-13.4,-12.5,128.1,green
1740,58.058,green,-13.6,-13.5,129.0,green
1743,58.158,green,-13.2,-12.7,129.9,green
1746,58.258,green,-13.0,-13.3,129.2,green
1749,58.358,green,-12.8,-13.0,128.9,green
1752,58.458,green,-12.7,-12.9,128.8,green
1755,58.558,green,-13.3,-12.0,128.4,green
1758,58.659,green,-13.3,-12.2,128.8,green
1761,58.759,green,-13.0,-12.9,129.3,green
1764,58.859,green,-12.6,-12.4,127.6,green
1767,58.959,green,-12.8,-13.4,128.9,green
1770,59.059,green,-13.4,-13.7,128.1,green
1773,59.159,green,-13.5,-12.4,128.0,green
1776,59.259,green,-13.6,-12.2,128.2,green
1779,59.359,green,-13.8,-13.6,128.5,green
1782,59.459,green,-12.4,-13.0,128.9,green
1785,59.56,green,-13.2,-13.0,128.8,green
1788,59.66,green,-13.7,-12.6,129.1,green
1791,59.76,green,-13.2,-11.9,128.1,green
1794,59.86,green,-14.8,-13.1,129.1,green
1797,59.96,green,-14.3,-12.9,129.0,green
1800,60.06,green,-15.0,-13.1,127.7,green
1803,60.16,green,-13.3,-13.1,128.1,green
1806,60.26,green,-13.9,-13.6,128.2,green
1809,60.36,green,-14.4,-13.2,127.9,green
1812,60.46,green,-13.2,-13.1,128.1,green
1815,60.56,green,-13.3,-12.6,128.6,green
1818,60.661,green,-13.3,-12.6,128.5,green
1821,60.761,green,-13.8,-12.7,128.8,green
1824,60.861,green,-13.1,-13.1,127.8,green
1827,60.961,green,-14.2,-13.1,128.0,green
1830,61.061,green,-14.1,-13.0,127.4,green
1833,61.161,green,-14.0,-12.0,127.6,green
1836,61.261,green,-13.6,-12.5,127.6,green
1839,61.361,green,-13.7,-12.1,127.9,green
1842,61.461,green,-13.4,-14.0,128.0,green
1845,61.562,green,-13.1,-13.9,127.7,green
1848,61.662,green,-14.2,-13.6,127.7,green
1851,61.762,green,-15.7,-13.4,127.5,green
1854,61.862,green,-14.5,-13.8,127.7,none
1857,61.962,green,-13.2,-12.9,126.8,red
1860,62.062,green,-13.2,-13.6,127.2,none
1863,62.162,green,-13.4,-12.5,127.3,green
1866,62.262,green,-14.4,-13.5,127.5,green
1869,62.362,green,-13.4,-12.9,127.2,green
1872,62.462,green,-13.9,-12.5,127.1,green
1875,62.562,green,-13.3,-12.4,126.9,green
1878,62.663,green,-14.4,-13.1,127.3,green
1881,62.763,green,-14.6,-12.4,127.7,green
1884,62.863,green,-13.3,-13.0,127.2,green
1887,62.963,green,-14.2,-12.1,127.4,green
1890,63.063,green,-13.7,-13.4,127.4,green
1893,63.163,green,-13.4,-12.6,127.5,green
1896,63.263,green,-13.0,-13.0,126.7,green
1899,63.363,green,-13.8,-12.1,126.7,green
1902,63.463,green,-13.6,-12.8,126.8,green
1905,63.564,green,-13.0,-13.2,127.6,green
1908,63.664,green,-14.4,-13.3,127.4,green
1911,63.764,green,-13.5,-12.7,127.1,none
1914,63.864,green,-13.8,-13.3,127.1,green
1917,63.964,green,-12.7,-12.7,126.4,green
1920,64.064,green,-13.5,-12.4,126.1,green
1923,64.164,green,-13.6,-14.1,127.1,green
1926,64.264,green,-13.2,-13.2,127.2,green
1929,64.364,green,-13.4,-12.9,127.3,green
1932,64.464,green,-13.0,-13.4,127.0,green
1935,64.564,green,-13.7,-12.8,127.1,green
1938,64.665,green,-13.7,-12.2,126.9,green
1941,64.765,green,-13.1,-12.6,126.1,green
1944,64.865,green,-13.9,-12.3,126.3,green
1947,64.965,green,-13.7,-12.7,126.6,green
1950,65.065,green,-13.7,-12.2,127.0,green
1953,65.165,green,-13.9,-13.4,126.6,green
1956,65.265,green,-13.5,-12.8,126.7,green
1959,65.365,green,-13.3,-13.8,126.6,green
1962,65.465,green,-14.2,-13.2,126.0,green
1965,65.566,green,-13.7,-12.5,125.9,green
1968,65.666,green,-13.9,-13.5,125.4,green
1971,65.766,green,-13.2,-13.1,126.0,green
1974,65.866,green,-13.0,-13.7,126.1,green
1977,65.966,green,-13.7,-13.1,126.0,green
1980,66.066,green,-14.0,-13.6,127.1,green
1983,66.166,green,-13.7,-12.7,126.9,green
1986,66.266,green,-13.8,-13.2,126.4,green
1989,66.366,green,-14.6,-12.9,127.1,green
1992,66.466,green,-13.2,-12.4,126.3,green
1995,66.566,green,-12.6,-14.1,127.7,green
1998,66.667,green,-13.9,-13.1,127.4,green
2001,66.767,green,-15.1,-13.1,127.7,green
2004,66.867,green,-13.3,-13.4,127.8,green
2007,66.967,green,-13.7,-13.3,126.4,green
2010,67.067,green,-13.9,-13.3,127.3,green
2013,67.167,green,-12.6,-13.5,127.0,green
2016,67.267,green,-13.9,-13.5,126.6,green
2019,67.367,green,-14.7,-13.2,126.4,green
2022,67.467,green,-13.7,-11.6,126.7,green
2025,67.568,green,-14.4,-13.5,126.6,green
2028,67.668,green,-14.3,-12.6,125.8,green
2031,67.768,green,-14.3,-12.6,126.3,green
2034,67.868,green,-13.9,-12.0,125.3,green
2037,67.968,green,-13.9,-12.2,125.4,green
2040,68.068,green,-14.2,-13.3,125.6,green
2043,68.168,green,-14.8,-13.5,125.5,green
2046,68.268,green,-13.9,-13.4,126.2,green
2049,68.368,green,-13.8,-14.1,126.0,green
2052,68.468,green,-12.8,-12.2,125.2,green
2055,68.568,green,-13.7,-12.4,125.5,green
2058,68.669,green,-14.4,-12.5,125.5,green
2061,68.769,green,-13.7,-14.1,125.8,green
2064,68.869,green,-12.4,-12.6,125.8,green
2067,68.969,green,-13.1,-12.7,125.3,green
2070,69.069,green,-14.5,-13.2,125.1,green
2073,69.169,green,-13.6,-12.6,126.4,green
2076,69.269,green,-13.7,-12.3,126.3,green
2079,69.369,green,-13.0,-13.0,125.8,green
2082,69.469,green,-13.7,-12.4,125.2,green
2085,69.57,green,-14.2,-13.3,125.6,green
2088,69.67,green,-14.1,-13.3,125.9,green
2091,69.77,green,-14.9,-13.4,125.8,green
2094,69.87,green,-14.3,-13.9,126.1,green
2097,69.97,green,-13.2,-13.3,125.6,green
2100,70.07,green,-14.4,-12.8,126.6,green
2103,70.17,green,-13.7,-12.6,126.3,green
2106,70.27,green,-14.2,-13.2,126.3,green
2109,70.37,green,-14.0,-13.8,126.8,green
2112,70.47,green,-14.9,-13.6,127.3,green
2115,70.57,green,-14.8,-13.0,126.8,green
2118,70.671,green,-15.2,-13.4,125.9,green
2121,70.771,green,-14.8,-13.3,127.0,green
2124,70.871,green,-14.3,-12.6,126.7,green
2127,70.971,green,-13.0,-13.3,126.8,green
2130,71.071,green,-13.2,-13.0,126.0,green
2133,71.171,green,-13.7,-12.8,126.7,green
2136,71.271,green,-12.9,-12.7,125.8,green
2139,71.371,green,-13.6,-11.9,126.0,green
2142,71.471,green,-13.2,-13.1,125.3,green
2145,71.572,green,-14.0,-13.5,125.7,green
2148,71.672,green,-14.0,-12.1,126.1,green
2151,71.772,green,-13.5,-12.4,125.4,green
2154,71.872,green,-14.2,-13.9,125.6,green
2157,71.972,green,-13.0,-11.8,126.1,green
2160,72.072,green,-13.5,-13.6,125.0,green
2163,72.172,green_flash,-13.6,-12.0,5.6,none
2166,72.272,green_flash,-14.3,-13.3,4.6,none
2169,72.372,occluded,-13.9,-13.1,4.3,none
2172,72.472,occluded,-14.7,-13.0,5.3,none
2175,72.572,occluded,-13.0,-13.2,4.8,none
2178,72.673,green,-13.8,-13.2,127.2,green
2181,72.773,green,-13.4,-12.7,126.2,green
2184,72.873,green,-13.9,-12.1,126.8,green
2187,72.973,green,-13.5,-12.3,126.8,green
2190,73.073,green,-13.6,-12.5,126.1,green
2193,73.173,green_flash,-12.6,-12.3,4.9,none
2196,73.273,green_flash,-13.9,-13.4,5.3,none
2199,73.373,green_flash,-14.3,-13.7,5.7,none
2202,73.473,green_flash,-12.2,-13.4,4.9,none
2205,73.574,green_flash,-13.4,-13.1,4.5,none
2208,73.674,green,-14.0,-12.4,126.9,green
2211,73.774,green,-13.8,-12.5,126.8,green
2214,73.874,green,-13.5,-12.8,126.4,green
2217,73.974,green,-13.8,-13.0,127.2,green
2220,74.074,green,-13.8,-13.1,128.2,green
2223,74.174,green_flash,-13.8,-13.0,5.7,none
2226,74.274,green_flash,-13.9,-13.6,4.6,none
2229,74.374,green_flash,-14.2,-12.4,5.6,none
2232,74.474,green_flash,-15.1,-14.0,5.0,none
2235,74.574,green_flash,-14.0,-13.0,5.3,none
2238,74.675,green,-14.0,-13.0,129.4,green
2241,74.775,green,-13.8,-12.8,129.8,green
2244,74.875,green,-13.8,-13.2,129.9,green
2247,74.975,green,-13.6,-13.9,130.3,green
2250,75.075,green,-12.9,-11.4,129.8,green
2253,75.175,amber,-14.2,36.4,5.6,none
2256,75.275,amber,-14.4,34.5,5.4,none
2259,75.375,amber,-14.4,34.5,4.5,none
2262,75.475,amber,-13.5,34.3,5.5,none
2265,75.576,amber,-14.1,35.3,3.4,none
2268,75.676,amber,-14.9,34.1,5.3,none
2271,75.776,amber,-14.4,34.7,5.2,none
2274,75.876,amber,-14.3,34.2,4.7,none
2277,75.976,amber,-14.5,34.6,4.6,none
2280,76.076,amber,-15.5,34.2,3.4,none
2283,76.176,amber,-14.2,34.0,4.0,none
2286,76.276,amber,-15.2,35.5,4.3,none
2289,76.376,amber,-15.0,35.2,5.8,none
2292,76.476,amber,-14.9,34.3,4.4,none
2295,76.576,amber,-14.0,36.1,3.4,none
2298,76.677,amber,-15.6,35.3,4.7,none
2301,76.777,amber,-14.1,35.0,3.7,none
2304,76.877,amber,-14.9,34.4,4.6,none
2307,76.977,amber,-15.0,34.6,5.1,none
2310,77.077,amber,-13.3,34.5,4.5,none
2313,77.177,amber,-13.2,34.7,4.4,none
2316,77.277,amber,-13.9,33.8,5.7,none
2319,77.377,amber,-14.9,36.6,5.5,none
2322,77.477,amber,-13.6,34.5,4.0,none
2325,77.578,amber,-14.1,34.7,4.5,none
2328,77.678,amber,-14.4,35.4,5.0,red
2331,77.778,amber,-14.4,35.9,5.4,none
2334,77.878,amber,-13.4,33.8,5.2,none
2337,77.978,amber,-13.6,35.1,4.0,none
2340,78.078,amber,-11.6,33.2,5.6,none
2343,78.178,red,115.5,-12.3,5.1,red
2346,78.278,red,113.0,-12.8,3.4,red
2349,78.378,red,113.8,-12.8,6.0,red
2352,78.478,red,113.8,-11.9,5.2,red
2355,78.578,red,112.8,-12.7,4.0,red
2358,78.679,red,113.0,-13.1,5.4,red
2361,78.779,red,109.7,-14.7,4.6,red
2364,78.879,red,112.4,-13.2,5.4,red
2367,78.979,red,111.6,-12.9,5.9,red
2370,79.079,red,111.1,-13.2,6.1,red
2373,79.179,red,113.7,-13.4,4.9,red
2376,79.279,red,111.6,-13.3,5.5,red
2379,79.379,red,113.2,-12.8,5.7,red
2382,79.479,red,113.8,-12.9,5.2,red
2385,79.58,red,113.7,-13.4,5.2,red
2388,79.68,red,113.4,-12.7,4.8,red
2391,79.78,red,114.5,-12.5,4.9,red
2394,79.88,red,114.0,-14.0,6.0,red
2397,79.98,red,114.9,-13.1,4.8,red
2400,80.08,red,113.5,-13.6,5.2,red
2403,80.18,red,113.2,-13.6,6.1,red
2406,80.28,red,111.7,-12.3,4.7,red
2409,80.38,red,112.9,-13.1,4.8,red
2412,80.48,red,113.5,-12.3,5.2,red
2415,80.58,red,114.2,-12.9,4.5,red
2418,80.681,red,113.0,-13.4,5.0,red
2421,80.781,red,115.0,-12.7,6.2,red
2424,80.881,red,114.7,-13.7,5.5,red
2427,80.981,red,114.4,-13.3,5.0,red
2430,81.081,red,112.9,-13.9,4.6,red
2433,81.181,red,113.0,-12.1,4.4,red
2436,81.281,red,113.3,-11.7,5.3,red
2439,81.381,red,113.0,-12.6,5.3,red
2442,81.481,red,112.9,-12.5,5.1,red
2445,81.582,red,112.8,-12.7,5.2,red
2448,81.682,red,113.4,-11.7,6.0,red
2451,81.782,red,112.5,-10.9,5.1,red
2454,81.882,red,114.8,-11.5,5.1,red
2457,81.982,red,113.8,-11.7,4.6,red
2460,82.082,red,113.9,-12.7,4.8,red
2463,82.182,red,113.1,-11.2,4.5,red
2466,82.282,red,111.8,-11.9,4.7,red
2469,82.382,red,113.8,-11.7,4.8,red
2472,82.482,red,113.7,-12.3,4.5,red
2475,82.582,red,113.9,-11.9,5.7,red
2478,82.683,red,112.5,-12.5,4.1,red
2481,82.783,red,112.0,-12.4,5.0,red
2484,82.883,red,112.6,-11.6,4.3,red
2487,82.983,red,113.0,-12.6,4.4,red
2490,83.083,red,112.9,-12.8,6.4,red
2493,83.183,red,113.0,-12.9,4.1,red
2496,83.283,red,113.0,-12.7,5.4,red
2499,83.383,red,113.5,-12.0,5.8,red
2502,83.483,red,112.5,-13.3,5.1,red
2505,83.584,red,112.2,-11.8,4.9,red
2508,83.684,red,111.8,-13.4,5.5,red
2511,83.784,red,111.9,-12.2,6.0,red
2514,83.884,red,111.2,-12.1,5.4,red
2517,83.984,red,111.9,-11.7,4.5,red
2520,84.084,red,112.0,-13.5,3.9,red
2523,84.184,red,111.1,-12.5,4.0,red
2526,84.284,red,112.2,-12.7,5.8,red
2529,84.384,red,111.3,-12.9,4.8,red
2532,84.484,red,112.5,-11.7,4.7,red
2535,84.584,red,111.8,-11.9,5.5,red
2538,84.685,red,112.0,-12.5,5.1,red
2541,84.785,red,109.9,-11.6,5.1,red
2544,84.885,red,110.9,-12.1,5.7,red
2547,84.985,red,111.1,-12.5,4.3,red
2550,85.085,red,111.8,-11.6,6.3,red
2553,85.185,red,111.1,-12.1,5.0,red
2556,85.285,red,111.9,-12.6,3.6,red
2559,85.385,red,112.4,-11.5,5.1,red
2562,85.485,red,112.2,-12.1,4.5,red
2565,85.586,red,111.2,-12.5,5.1,red
2568,85.686,red,112.1,-11.5,4.8,red
2571,85.786,red,112.9,-11.7,4.2,red
2574,85.886,red,110.2,-10.4,4.5,red
2577,85.986,red,111.7,-12.4,4.1,red
2580,86.086,red,111.8,-12.3,4.8,red
2583,86.186,red,111.9,-12.7,6.1,red
2586,86.286,red,110.8,-12.0,5.6,red
2589,86.386,red,111.5,-11.6,5.5,red
2592,86.486,red,110.5,-11.7,5.2,red
2595,86.586,red,109.7,-11.2,4.3,red
2598,86.687,red,111.1,-12.5,5.6,red
2601,86.787,red,111.3,-11.9,5.1,red
2604,86.887,red,111.2,-12.5,5.2,red
2607,86.987,red,109.0,-12.2,5.2,red
2610,87.087,red,111.3,-11.4,5.0,red
2613,87.187,red,112.0,-10.8,5.0,red
2616,87.287,red,111.3,-12.1,5.1,red
2619,87.387,red,111.0,-11.7,5.0,red
2622,87.487,red,112.2,-11.7,4.7,red
2625,87.588,red,111.4,-12.7,4.8,red
2628,87.688,red,112.0,-11.9,4.9,red
2631,87.788,red,111.2,-12.2,5.0,red
2634,87.888,red,111.1,-11.7,5.0,red
2637,87.988,red,111.3,-12.0,4.0,red
2640,88.088,red,111.0,-11.8,4.6,red
2643,88.188,red,111.6,-12.1,5.4,red
2646,88.288,red,112.1,-11.9,3.9,red
2649,88.388,red,111.0,-12.6,3.1,red
2652,88.488,red,112.1,-11.5,5.1,red
2655,88.588,red,112.2,-11.1,4.7,red
2658,88.689,red,111.3,-11.6,5.1,red
2661,88.789,red,111.1,-12.0,4.6,red
2664,88.889,red,111.2,-12.1,4.8,red
2667,88.989,red,111.1,-11.8,4.7,red
2670,89.089,red,111.8,-12.2,4.7,red
2673,89.189,red,111.7,-11.4,4.9,red
2676,89.289,red,110.7,-11.7,5.0,red
2679,89.389,red,110.3,-11.9,4.6,red
2682,89.489,red,112.3,-11.1,4.2,red
2685,89.59,red,109.9,-12.0,4.7,red
2688,89.69,red,110.7,-11.6,5.2,red
2691,89.79,red,111.1,-12.7,5.3,red
2694,89.89,red,110.7,-11.7,5.6,red
2697,89.99,red,111.0,-10.7,4.7,red
2700,90.09,red,111.3,-12.5,4.7,red
2703,90.19,red,110.3,-12.6,4.9,red
2706,90.29,red,110.9,-11.5,4.0,red
2709,90.39,red,111.8,-12.4,4.2,red
2712,90.49,red,111.4,-12.0,4.2,red
2715,90.59,red,110.5,-11.8,4.8,red
2718,90.691,red,110.2,-11.7,5.4,red
2721,90.791,red,111.5,-12.1,5.1,red
2724,90.891,red,111.1,-12.3,4.3,red
2727,90.991,red,111.0,-13.3,4.3,red
2730,91.091,red,110.3,-12.3,3.8,red
2733,91.191,red,110.2,-12.4,3.5,red
2736,91.291,red,109.8,-12.4,4.6,red
2739,91.391,red,112.7,-11.8,4.5,red
2742,91.491,red,110.9,-11.2,4.6,red
2745,91.592,red,110.4,-12.1,5.2,red
2748,91.692,red,111.3,-12.7,4.8,red
2751,91.792,red,113.7,-12.1,5.0,red
2754,91.892,red,110.0,-12.0,4.9,red
2757,91.992,red,110.7,-12.4,4.3,red
2760,92.092,red,111.7,-12.2,5.4,red
2763,92.192,red,109.7,-12.0,4.3,red
2766,92.292,red,111.8,-12.0,5.1,red
2769,92.392,red,111.8,-11.6,3.6,red
2772,92.492,red,112.6,-12.0,4.7,red
2775,92.592,red,112.3,-12.6,4.2,red
2778,92.693,red,113.1,-12.5,4.9,red
2781,92.793,red,113.3,-11.8,5.3,red
2784,92.893,red,112.7,-13.0,5.0,red
2787,92.993,red,112.2,-13.5,4.4,red
2790,93.093,red,112.6,-11.8,4.7,red
2793,93.193,red,112.7,-12.8,5.4,red
2796,93.293,red,112.4,-11.3,4.1,red
2799,93.393,red,111.9,-12.8,4.5,red
2802,93.493,red,112.8,-11.2,4.6,red
2805,93.594,red,112.3,-12.2,4.5,red
2808,93.694,red,112.1,-11.5,4.4,red
2811,93.794,red,112.7,-11.5,5.2,red
2814,93.894,red,113.1,-12.3,5.5,red
2817,93.994,red,111.3,-11.0,4.5,red
2820,94.094,red,111.8,-12.4,4.9,red
2823,94.194,red,111.6,-12.9,4.4,red
2826,94.294,red,111.6,-11.8,4.5,red
2829,94.394,red,113.0,-12.7,4.2,red
2832,94.494,red,113.0,-11.1,4.6,red
2835,94.594,red,113.0,-11.7,5.0,red
2838,94.695,red,111.4,-12.1,4.2,red
2841,94.795,red,112.0,-11.5,5.7,red
2844,94.895,red,112.0,-12.6,3.5,red
2847,94.995,red,112.0,-11.8,5.0,red
2850,95.095,red,112.2,-12.3,4.3,red
2853,95.195,red,112.2,-12.8,4.7,red
2856,95.295,red,110.2,-12.4,4.7,red
2859,95.395,red,112.0,-11.9,4.4,red
2862,95.495,red,112.4,-12.6,4.5,red
2865,95.596,red,112.2,-12.6,4.6,red
2868,95.696,red,112.6,-11.6,4.9,red
2871,95.796,red,112.0,-12.0,4.3,red
2874,95.896,red,108.9,-11.9,4.7,red
2877,95.996,red,110.6,-11.1,5.3,red
2880,96.096,red,110.1,-12.5,4.8,red
2883,96.196,red,109.9,-12.7,4.6,red
2886,96.296,red,110.0,-12.4,4.6,red
2889,96.396,red,108.4,-10.8,5.1,red
2892,96.496,red,109.3,-12.8,4.0,red
2895,96.596,red,110.1,-12.4,4.6,red
2898,96.697,red,111.4,-12.1,4.9,red
2901,96.797,red,110.5,-11.9,4.8,red
2904,96.897,red,111.1,-11.7,4.2,red
2907,96.997,red,110.8,-12.4,4.9,red
2910,97.097,red,109.6,-11.6,5.0,red
2913,97.197,red,109.6,-11.3,4.6,red
2916,97.297,red,111.7,-12.1,6.1,red
2919,97.397,red,111.0,-13.2,3.6,red
2922,97.497,red,111.9,-11.2,5.4,red
2925,97.598,red,109.8,-11.8,5.0,red
2928,97.698,red,111.7,-12.5,4.2,red
2931,97.798,red,111.4,-11.4,5.2,red
2934,97.898,red,111.9,-11.1,4.7,red
2937,97.998,red,111.3,-11.4,4.4,red
2940,98.098,red,110.5,-11.7,4.3,red
2943,98.198,red,110.6,-12.1,4.6,red
2946,98.298,red,111.0,-13.1,4.4,red
2949,98.398,red,111.8,-11.6,4.0,red
2952,98.498,red,111.1,-12.8,4.1,red
2955,98.598,red,110.8,-11.8,5.4,red
2958,98.699,red,111.4,-11.8,3.8,red
2961,98.799,red,111.0,-11.5,4.0,red
2964,98.899,red,110.2,-12.3,4.5,red
2967,98.999,red,111.6,-11.6,5.2,red
2970,99.099,red,109.9,-12.0,5.1,red
2973,99.199,red,110.2,-12.7,4.9,red
2976,99.299,red,110.5,-12.0,4.6,red
2979,99.399,red,111.0,-11.9,4.0,red
2982,99.499,red,111.2,-11.7,5.2,red
2985,99.6,red,112.0,-11.7,4.3,red
2988,99.7,red,110.8,-12.6,3.8,red
2991,99.8,red,110.5,-12.1,5.0,red
2994,99.9,red,112.0,-11.7,4.7,red
2997,100.0,red,110.7,-12.0,4.5,red
3000,100.1,red,111.3,-12.0,5.0,red
3003,100.2,red,110.9,-11.1,4.8,red
3006,100.3,red,111.1,-11.5,4.3,red
3009,100.4,red,112.4,-12.1,4.2,red
3012,100.5,red,111.5,-11.9,5.2,red
3015,100.6,red,110.7,-11.9,4.9,red
3018,100.701,red,112.3,-12.0,4.2,red
3021,100.801,red,111.1,-12.0,5.3,red
3024,100.901,red,113.0,-11.7,5.0,red
3027,101.001,red,110.9,-12.2,5.0,red
3030,101.101,red,111.7,-12.6,4.1,red
3033,101.201,red,113.6,-12.6,4.7,red
3036,101.301,red,112.0,-12.5,4.3,red
3039,101.401,red,112.4,-13.0,4.9,red
3042,101.501,red,111.4,-12.6,4.6,red
3045,101.602,red,112.2,-11.5,5.0,red
3048,101.702,red,111.7,-12.4,4.1,red
3051,101.802,red,111.8,-11.5,4.3,red
3054,101.902,red,112.9,-11.6,4.8,red
3057,102.002,red,113.2,-11.9,3.8,red
3060,102.102,red,112.2,-11.5,5.0,red
3063,102.202,red,111.1,-11.6,4.6,red
3066,102.302,red,113.6,-12.1,5.2,red
3069,102.402,red,111.3,-12.2,5.0,red
3072,102.502,red,112.0,-11.5,5.3,red
3075,102.602,red,112.0,-10.9,4.5,red
3078,102.703,red,112.8,-11.5,5.7,red
3081,102.803,red,113.1,-11.5,5.0,red
3084,102.903,red,113.2,-12.0,5.0,red
3087,103.003,red,113.1,-12.7,4.3,red
3090,103.103,red,112.5,-11.9,4.3,red
3093,103.203,red,112.6,-11.1,4.7,red
3096,103.303,red,112.9,-11.5,5.1,red
3099,103.403,red,111.9,-11.5,5.7,red
3102,103.503,red,112.0,-11.8,5.2,red
3105,103.604,red,111.6,-12.5,4.5,red
3108,103.704,red,114.0,-12.0,5.0,red
3111,103.804,red,113.8,-11.8,4.8,red
3114,103.904,red,111.4,-11.1,4.8,red
3117,104.004,red,112.1,-11.8,4.2,red
3120,104.104,red,112.3,-11.8,5.5,red
3123,104.204,red,112.1,-11.0,5.1,red
3126,104.304,red,110.3,-11.5,4.3,red
3129,104.404,red,109.2,-11.4,5.8,red
3132,104.504,red,112.3,-11.7,5.3,red
3135,104.604,red,109.8,-12.4,4.2,red
3138,104.705,red,110.2,-11.6,4.4,red
3141,104.805,red,111.0,-11.1,4.6,red
3144,104.905,red,111.2,-12.0,5.0,red
3147,105.005,red,110.8,-11.8,4.4,red
3150,105.105,red,110.9,-12.4,4.7,red
3153,105.205,red,111.1,-11.7,6.1,red
3156,105.305,red,109.9,-12.6,4.9,red
3159,105.405,red,109.1,-11.7,4.2,red
3162,105.505,red,111.0,-13.0,3.9,red
3165,105.606,red,111.1,-11.3,4.7,red
3168,105.706,red,110.2,-12.2,5.1,red
3171,105.806,red,110.6,-11.1,4.9,red
3174,105.906,red,111.6,-11.8,4.9,red
3177,106.006,red,110.7,-12.7,5.7,red
3180,106.106,red,111.5,-11.6,4.3,red
3183,106.206,red,111.1,-11.8,5.5,red
3186,106.306,red,111.7,-11.3,4.2,red
3189,106.406,red,111.2,-11.5,5.4,red
3192,106.506,red,110.5,-11.1,5.5,red
3195,106.606,red,110.9,-11.7,4.4,red
3198,106.707,red,111.2,-12.2,5.0,red
3201,106.807,red,111.7,-12.1,4.7,red
3204,106.907,red,111.5,-12.3,4.4,red
3207,107.007,red,111.1,-12.1,5.1,red
3210,107.107,red,109.4,-11.7,5.1,red
3213,107.207,red,109.2,-11.8,4.7,red
3216,107.307,red,110.5,-11.3,5.4,red
3219,107.407,red,109.3,-11.9,5.6,red
3222,107.507,red,113.0,-12.1,4.7,red
3225,107.608,red,110.8,-11.8,4.9,red
3228,107.708,red,111.5,-13.1,4.3,red
3231,107.808,red,111.6,-11.6,4.6,red
3234,107.908,red,111.1,-10.6,4.9,red
3237,108.008,red,112.5,-11.4,4.9,red
3240,108.108,red,111.6,-11.6,4.8,red
3243,108.208,red,111.8,-11.4,4.4,red
3246,108.308,red,110.5,-11.6,4.6,red
3249,108.408,red,111.3,-10.9,4.5,red
3252,108.508,red,112.5,-11.4,4.4,red
3255,108.608,red,111.4,-11.5,5.6,red
3258,108.709,red,112.5,-11.8,5.1,red
3261,108.809,red,113.2,-11.9,4.9,red
3264,108.909,red,112.1,-12.3,4.1,red
3267,109.009,red,112.0,-11.9,3.8,red
3270,109.109,red,113.3,-12.1,5.5,red
3273,109.209,red,112.3,-12.7,5.4,red
3276,109.309,red,112.0,-11.3,3.5,red
3279,109.409,red,113.5,-12.3,5.0,red
3282,109.509,red,111.1,-11.3,4.1,red
3285,109.61,red,114.7,-11.4,5.1,red
3288,109.71,red,112.8,-11.4,4.5,red
3291,109.81,red,112.5,-12.8,4.3,red
3294,109.91,red,112.8,-12.4,4.0,red
3297,110.01,red,112.1,-11.0,3.8,red
3300,110.11,red,111.8,-11.2,4.5,red
3303,110.21,red,111.0,-13.2,5.2,red
3306,110.31,red,112.0,-12.9,5.2,red
3309,110.41,red,111.2,-11.7,4.4,red
3312,110.51,red,112.1,-12.0,6.0,red
3315,110.61,red,111.7,-12.8,4.3,red
3318,110.711,red,111.4,-12.3,4.4,red
3321,110.811,red,111.0,-12.4,4.0,red
3324,110.911,red,112.5,-11.9,3.9,red
3327,111.011,red,112.1,-12.6,5.4,red
3330,111.111,red,110.5,-11.5,3.3,red
3333,111.211,red,111.7,-11.6,4.9,red
3336,111.311,red,112.8,-11.9,5.2,red
3339,111.411,red,111.4,-12.9,4.2,red
3342,111.511,red,111.3,-12.0,5.0,red
3345,111.612,red,110.7,-12.4,5.1,red
3348,111.712,red,110.8,-12.1,5.0,red
3351,111.812,red,110.1,-13.2,5.7,red
3354,111.912,red,110.6,-13.1,5.2,red
3357,112.012,red,108.1,-12.7,5.1,red
3360,112.112,red,109.3,-12.2,5.3,red
3363,112.212,red,107.9,-12.2,4.7,red
3366,112.312,red,108.5,-12.2,4.6,red
3369,112.412,red,109.2,-11.8,5.3,red
3372,112.512,red,109.8,-11.9,4.8,red
3375,112.612,red,109.0,-12.9,4.8,red
3378,112.713,red,109.8,-12.7,5.7,red
3381,112.813,red,110.5,-11.7,5.7,red
3384,112.913,red,111.7,-11.1,5.2,red
3387,113.013,red,107.2,-12.1,5.7,red
3390,113.113,red,107.9,-12.6,4.5,red
3393,113.213,red,109.9,-11.3,4.6,red
3396,113.313,red,108.3,-11.4,3.9,red
3399,113.413,red,110.4,-11.7,5.3,red
3402,113.513,red,108.4,-12.5,3.5,red
3405,113.614,red,110.3,-12.0,5.2,red
3408,113.714,red,109.9,-12.4,4.2,red
3411,113.814,red,108.2,-12.4,4.6,red
3414,113.914,red,109.6,-11.9,4.8,red
3417,114.014,red,107.9,-11.5,5.6,red
3420,114.114,red,110.7,2.4,2.9,red
3423,114.214,red_amber,110.0,34.9,3.8,red
3426,114.314,red_amber,110.5,32.8,3.8,red
3429,114.414,red_amber,109.8,32.9,4.1,red
3432,114.514,red_amber,109.9,35.0,4.3,red
3435,114.614,red_amber,107.2,33.0,4.9,red
3438,114.715,red_amber,108.1,34.6,5.0,red
3441,114.815,occluded,106.7,34.8,5.0,red
3444,114.915,occluded,107.6,32.2,4.5,red
3447,115.015,occluded,107.8,32.9,3.3,red
3450,115.115,occluded,106.8,32.1,5.1,red
3453,115.215,occluded,107.3,33.9,4.2,red
3456,115.315,occluded,108.7,33.4,4.7,red
3459,115.415,occluded,109.4,35.5,5.8,red
3462,115.515,occluded,110.9,33.7,4.0,red
3465,115.616,occluded,108.5,33.1,4.6,red
3468,115.716,occluded,109.4,34.9,4.5,red
3471,115.816,occluded,108.5,34.8,3.8,red
3474,115.916,occluded,110.3,34.7,3.6,red
3477,116.016,red_amber,108.9,36.7,4.0,red
3480,116.116,red_amber,111.1,34.6,3.7,red
3483,116.216,red_amber,111.0,34.9,2.9,red
3486,116.316,red_amber,109.7,34.5,4.6,red
3489,116.416,red_amber,110.6,35.4,3.9,red
3492,116.516,occluded,111.4,35.9,4.0,red
3495,116.616,occluded,110.0,35.6,5.0,red
3498,116.717,occluded,111.0,35.5,4.3,red
3501,116.817,occluded,109.4,35.1,4.7,red
3504,116.917,occluded,110.7,35.3,3.7,red
3507,117.017,occluded,110.9,35.2,4.0,red
3510,117.117,green,46.1,-4.9,102.7,green
3513,117.217,green,-12.2,-12.3,128.9,green
3516,117.317,green,-12.5,-12.7,128.7,green
3519,117.417,green,-12.8,-11.9,129.0,green
3522,117.517,green,-13.1,-12.3,129.2,green
3525,117.618,green,-12.5,-11.9,128.3,green
3528,117.718,green,-12.5,-11.9,128.0,green
3531,117.818,green,-12.7,-12.9,127.7,green
3534,117.918,green,-12.9,-12.0,126.9,green
3537,118.018,green,-12.5,-12.5,127.7,green
3540,118.118,green,-12.7,-12.6,127.1,green
3543,118.218,green,-13.3,-13.3,128.1,green
3546,118.318,green,-13.9,-12.8,127.9,green
3549,118.418,green,-13.1,-12.4,127.7,green
3552,118.518,green,-13.3,-12.7,126.5,green
3555,118.618,green,-12.6,-12.4,126.6,green
3558,118.719,green,-13.6,-13.5,126.2,green
3561,118.819,green,-13.6,-12.2,126.7,green
3564,118.919,green,-13.2,-12.4,126.3,green
3567,119.019,green,-13.8,-12.6,126.3,green
3570,119.119,green,-12.2,-13.1,127.1,green
3573,119.219,green,-12.9,-13.0,126.6,green
3576,119.319,green,-12.6,-12.0,125.8,green
3579,119.419,green,-13.4,-12.9,127.0,green
3582,119.519,green,-12.7,-13.1,126.3,green
3585,119.62,green,-12.9,-12.3,125.8,green
3588,119.72,green,-12.8,-12.1,126.2,green
3591,119.82,green,-13.1,-12.0,125.9,green
3594,119.92,green,-13.8,-13.0,124.7,green
3597,120.02,green,-12.9,-11.7,125.3,green
3600,120.12,green,-13.3,-12.0,125.1,green
3603,120.22,green,-13.4,-12.9,125.9,green
3606,120.32,green,-13.3,-12.3,125.1,green
3609,120.42,green,-13.6,-12.3,125.3,green
3612,120.52,green,-13.3,-12.5,125.5,green
3615,120.62,green,-12.4,-11.8,125.4,green
3618,120.721,green,-13.1,-13.2,125.2,green
3621,120.821,green,-12.8,-13.3,125.1,green
3624,120.921,green,-13.9,-11.3,125.4,green
3627,121.021,green,-13.4,-13.6,125.7,green
3630,121.121,green,-13.2,-12.5,125.7,green
3633,121.221,green,-13.0,-13.0,125.5,green
3636,121.321,green,-13.6,-13.3,124.5,green
3639,121.421,green,-13.3,-13.0,125.1,green
3642,121.521,green,-13.4,-13.2,125.8,green
3645,121.622,green,-13.1,-13.5,125.4,green
3648,121.722,green,-12.6,-12.3,125.6,green
3651,121.822,green,-13.0,-11.9,125.3,green
3654,121.922,green,-13.3,-12.4,126.2,green
3657,122.022,green,-12.5,-12.5,126.7,green
3660,122.122,green,-12.7,-12.2,126.9,green
3663,122.222,green,-14.1,-12.9,127.0,green
3666,122.322,green,-11.8,-11.7,126.4,green
3669,122.422,green,-12.9,-12.9,126.3,green
3672,122.522,green,-12.2,-11.7,127.4,green
3675,122.622,green,-12.9,-12.4,127.3,green
3678,122.723,green,-11.5,-11.6,127.8,green
3681,122.823,green,-12.5,-12.0,127.9,green
3684,122.923,green,-12.5,-11.4,128.0,green
3687,123.023,green,-13.2,-12.2,128.0,green
3690,123.123,green,-12.7,-12.6,128.5,green
3693,123.223,green,-13.2,-12.5,127.2,green
3696,123.323,green,-13.6,-12.6,127.9,green
3699,123.423,green,-13.0,-12.4,127.9,green
3702,123.523,green,-13.4,-12.6,128.4,green
3705,123.624,green,-13.0,-12.7,128.8,green
3708,123.724,green,-14.0,-11.6,128.2,green
3711,123.824,green,-13.7,-11.0,128.6,green
3714,123.924,green,-12.4,-12.0,128.6,green
3717,124.024,green,-13.9,-12.2,128.5,green
3720,124.124,green,-11.9,-12.5,128.7,green
3723,124.224,green,-13.0,-11.9,129.1,green
3726,124.324,green,-13.0,-11.3,128.9,green
3729,124.424,green,-12.8,-11.4,128.4,green
3732,124.524,green,-12.7,-12.3,128.9,green
3735,124.624,green,-12.7,-11.7,128.8,green
3738,124.725,green,-12.3,-12.4,128.7,green
3741,124.825,green,-13.1,-11.9,128.1,green
3744,124.925,green,-12.5,-12.6,129.6,green
3747,125.025,green,-12.3,-11.7,129.6,green
3750,125.125,green,-13.4,-12.4,128.9,green
3753,125.225,green,-14.0,-12.1,128.9,green
3756,125.325,green,-13.6,-12.7,129.2,green
3759,125.425,green,-13.4,-12.4,128.6,green
3762,125.525,green,-13.4,-12.6,129.0,green
3765,125.626,green,-12.8,-13.0,129.0,green
3768,125.726,green,-12.7,-12.0,128.6,green
3771,125.826,green,-13.1,-11.8,128.9,green
3774,125.926,green,-13.0,-12.9,128.6,green
3777,126.026,green,-13.1,-12.0,128.9,green
3780,126.126,green,-13.1,-13.5,128.2,green
3783,126.226,green,-13.1,-11.9,127.8,green
3786,126.326,green,-12.4,-13.0,128.4,green
3789,126.426,green,-13.0,-12.6,128.6,green
3792,126.526,green,-12.2,-13.0,127.9,green
3795,126.626,green,-13.3,-13.0,127.3,green
3798,126.727,green,-12.6,-12.6,128.1,green
3801,126.827,green,-12.3,-12.4,127.7,green
3804,126.927,green,-12.4,-12.8,127.8,green
3807,127.027,green,-13.4,-12.4,127.1,green
3810,127.127,green,-12.0,-12.1,127.1,green
3813,127.227,green,-12.9,-12.7,127.3,green
3816,127.327,green,-13.2,-12.8,126.5,green
3819,127.427,green,-12.7,-12.2,127.1,green
3822,127.527,green,-13.5,-11.7,126.2,green
3825,127.628,green,-12.9,-11.7,126.3,green
3828,127.728,green,-13.5,-12.8,126.3,green
3831,127.828,green,-13.3,-11.9,126.5,green
3834,127.928,green,-13.3,-13.1,126.0,green
3837,128.028,green,-12.6,-12.9,125.9,green
3840,128.128,green,-12.5,-12.1,125.4,green
3843,128.228,green,-12.3,-12.5,125.8,green
3846,128.328,green,-12.2,-12.6,125.7,green
3849,128.428,green,-12.9,-11.9,125.7,green
3852,128.528,green,-12.7,-12.4,125.4,green
3855,128.628,green,-12.0,-12.4,125.7,green
3858,128.729,green,-12.1,-12.9,124.7,green
3861,128.829,green,-13.0,-12.8,125.6,green
3864,128.929,green,-12.8,-12.0,125.3,green
3867,129.029,green,-12.2,-13.5,125.8,green
3870,129.129,green,-13.2,-11.0,125.0,green
3873,129.229,green,-13.0,-12.2,125.6,green
3876,129.329,green,-12.7,-13.4,125.7,green
3879,129.429,green,-12.9,-11.8,125.6,green
3882,129.529,green,-13.5,-13.1,125.3,green
3885,129.63,green,-13.2,-11.0,126.4,green
3888,129.73,green,-13.3,-11.5,125.3,green
3891,129.83,green,-12.9,-11.8,126.5,green
3894,129.93,green,-12.2,-11.6,125.9,green
3897,130.03,green,-12.0,-12.2,125.9,green
3900,130.13,green,-12.2,-11.9,126.3,green
3903,130.23,green,-12.8,-11.8,126.4,green
3906,130.33,green,-12.5,-11.2,126.1,green
3909,130.43,green,-12.3,-12.3,125.9,green
3912,130.53,green,-11.7,-12.6,126.4,green
3915,130.631,green,-11.8,-11.5,126.1,green
3918,130.731,green,-12.2,-11.9,126.7,green
3921,130.831,green,-13.4,-13.0,127.5,green
3924,130.931,green,-13.5,-12.2,127.2,green
3927,131.031,green,-13.4,-13.3,126.9,green
3930,131.131,green,-13.2,-12.4,127.5,green
3933,131.231,green,-12.3,-11.5,127.9,green
3936,131.331,green,-13.5,-12.5,127.7,green
3939,131.431,green,-13.3,-12.6,127.2,green
3942,131.531,green,-13.4,-12.7,127.3,green
3945,131.632,green,-13.3,-13.2,128.5,green
3948,131.732,green,-12.6,-12.2,128.5,green
3951,131.832,green,-13.0,-12.7,128.2,green
3954,131.932,green,-13.3,-12.9,128.0,green
3957,132.032,green,-13.2,-13.4,128.9,green
3960,132.132,green,-13.2,-12.3,129.1,green
3963,132.232,green,-13.1,-12.7,129.3,green
3966,132.332,green,-13.3,-12.9,128.8,green
3969,132.432,green,-13.1,-12.2,129.9,green
3972,132.532,green,-13.1,-12.5,128.3,green
3975,132.632,green,-14.6,-12.5,130.1,green
3978,132.733,green,-14.2,-12.3,130.8,green
3981,132.833,green,-13.2,-12.6,129.9,green
3984,132.933,green,-12.8,-13.7,129.8,none
3987,133.033,green,-12.5,-13.3,129.3,green
3990,133.133,green,-14.4,-12.8,129.8,red
3993,133.233,green,-12.9,-13.5,129.0,none
3996,133.333,green,-13.4,-13.7,128.3,green
3999,133.433,green,-13.4,-13.3,127.9,green
4002,133.533,green,-13.1,-13.0,129.9,green
4005,133.634,green,-13.6,-12.2,129.0,green
4008,133.734,green,-12.8,-12.5,129.0,green
4011,133.834,green,-13.5,-12.5,129.2,green
4014,133.934,green,-12.2,-11.9,129.1,green
4017,134.034,green,-12.6,-13.6,129.0,green
4020,134.134,green,-12.6,-12.5,129.0,green
4023,134.234,green,-12.7,-12.2,128.7,green
4026,134.334,green,-12.7,-12.7,128.5,green
4029,134.434,green,-12.3,-12.5,129.0,green
4032,134.534,green,-12.3,-13.0,129.3,green
4035,134.634,green,-12.4,-13.7,128.1,green
4038,134.735,green,-13.5,-12.8,128.6,green
4041,134.835,green,-13.0,-13.4,128.4,green
4044,134.935,green,-13.5,-13.5,127.9,green
4047,135.035,green,-13.4,-13.6,128.5,green
4050,135.135,green,-13.2,-13.9,128.3,green
4053,135.235,green,-13.5,-13.3,127.5,green
4056,135.335,green,-13.3,-12.8,128.2,green
4059,135.435,green,-12.2,-13.1,126.9,green
4062,135.535,green,-13.1,-13.5,127.4,green
4065,135.636,green,-13.1,-13.9,127.3,green
4068,135.736,green,-13.4,-13.5,128.1,green
4071,135.836,green,-13.9,-13.2,127.4,green
4074,135.936,green,-13.9,-13.2,127.9,green
4077,136.036,green,-14.3,-12.5,127.3,green
4080,136.136,green,-13.1,-13.3,126.9,green
4083,136.236,green,-12.5,-13.1,127.1,green
4086,136.336,green,-13.2,-13.6,126.3,green
4089,136.436,green,-13.8,-13.6,126.3,green
4092,136.536,green,-13.1,-12.9,126.5,green
4095,136.636,green,-12.2,-13.0,127.2,green
4098,136.737,green,-13.0,-12.4,127.2,green
4101,136.837,green,-13.3,-13.0,126.6,green
4104,136.937,green,-12.9,-12.5,125.2,green
4107,137.037,green,-11.8,-12.3,126.1,green
4110,137.137,green,-12.3,-13.4,125.2,green
4113,137.237,green,-12.4,-12.8,125.3,green
4116,137.337,green,-13.1,-12.4,125.4,green
4119,137.437,green,-14.1,-13.0,125.7,green
4122,137.537,green,-14.6,-11.7,126.1,green
4125,137.638,green,-12.6,-13.5,125.2,green
4128,137.738,green,-12.2,-13.0,126.2,none
4131,137.838,green,-11.5,-13.4,126.2,red
4134,137.938,green,-13.0,-12.0,125.3,green
4137,138.038,green,-13.6,-12.8,124.2,green
4140,138.138,green,-12.9,-12.7,126.5,green
4143,138.238,green,-13.7,-12.7,125.4,green
4146,138.338,green,-12.8,-12.3,125.6,green
4149,138.438,green,-12.8,-12.4,125.4,green
4152,138.538,green,-13.8,-13.5,126.3,green
4155,138.638,green,-13.9,-13.1,126.3,green
4158,138.739,green,-12.5,-12.9,126.3,none
4161,138.839,green,-12.8,-13.6,126.4,none
4164,138.939,green,-12.5,-12.5,126.2,red
4167,139.039,green,-13.4,-12.3,126.3,green
4170,139.139,green,-13.0,-12.3,126.6,green
4173,139.239,green,-12.7,-12.3,126.6,green
4176,139.339,green,-12.2,-12.2,126.4,green
4179,139.439,green,-12.7,-11.1,126.7,green
4182,139.539,green,-13.4,-11.7,126.3,green
4185,139.64,green,-13.4,-11.8,127.3,green
4188,139.74,green,-12.9,-12.1,127.3,green
4191,139.84,green,-11.5,-12.2,127.8,green
4194,139.94,green,-12.5,-12.1,127.5,green
4197,140.04,green,-12.3,-11.7,128.0,green
4200,140.14,green,-13.8,-11.8,128.1,green
4203,140.24,green,-13.6,-12.3,127.6,green
4206,140.34,green,-12.9,-11.6,128.1,green
4209,140.44,green,-13.3,-12.4,128.3,green
4212,140.54,green,-12.8,-11.5,128.4,green
4215,140.64,green,-13.2,-12.0,128.4,green
4218,140.741,green,-12.4,-12.4,128.7,green
4221,140.841,green,-12.7,-11.7,128.8,green
4224,140.941,green,-13.1,-12.2,128.6,green
4227,141.041,green,-13.3,-11.2,128.4,green
4230,141.141,green,-12.7,-12.8,129.4,green
4233,141.241,green,-12.1,-12.7,129.7,green
4236,141.341,green,-12.0,-11.7,129.7,green
4239,141.441,green,-12.4,-12.2,128.9,green
4242,141.541,green,-11.0,-12.9,129.0,none
4245,141.642,green,-12.8,-13.5,129.1,none
4248,141.742,green,-12.4,-12.7,128.4,green
4251,141.842,green,-13.1,-11.7,129.3,green
4254,141.942,green,-10.7,-12.8,128.3,green
4257,142.042,green,-12.1,-12.0,128.8,green
4260,142.142,green,-12.3,-11.5,128.7,green
4263,142.242,green,-12.7,-11.3,129.0,green
4266,142.342,green,-13.1,-12.2,128.9,green
4269,142.442,green,-12.5,-12.1,128.4,green
4272,142.542,green,-12.3,-12.7,128.1,green
4275,142.642,green,-12.7,-11.6,128.2,green
4278,142.743,green,-11.9,-11.1,128.6,green
4281,142.843,green,-12.0,-11.7,129.1,green
4284,142.943,green,-13.0,-13.4,128.3,green
4287,143.043,green,-12.8,-12.7,128.5,green
4290,143.143,green,-11.8,-11.0,128.2,green
4293,143.243,green,-12.4,-11.5,127.8,green
4296,143.343,green,-11.8,-11.9,127.7,green
4299,143.443,green,-12.4,-11.8,127.6,green
4302,143.543,green,-12.7,-12.0,127.5,green
4305,143.644,green,-12.4,-12.2,128.2,green
4308,143.744,green,-13.0,-12.5,128.2,green
4311,143.844,green,-12.3,-13.0,127.4,green
4314,143.944,green,-12.7,-12.5,127.0,green
4317,144.044,green,-12.1,-12.7,127.3,green
4320,144.144,green,-12.1,-12.4,127.4,green
4323,144.244,green,-12.9,-13.0,127.5,green
4326,144.344,green,-13.4,-12.5,127.0,green
4329,144.444,green,-13.3,-12.1,127.0,green
4332,144.544,green,-12.9,-12.2,126.3,green
4335,144.644,green,-11.9,-11.8,126.3,green
4338,144.745,green,-12.7,-12.3,127.0,green
4341,144.845,green,-13.7,-12.6,127.0,green
4344,144.945,green,-13.4,-13.1,125.8,green
4347,145.045,green,-12.9,-12.5,126.4,green
4350,145.145,green,-12.9,-10.8,125.1,none
4353,145.245,green,-12.5,-13.1,124.6,none
4356,145.345,green,-11.8,-11.6,125.4,green
4359,145.445,green,-13.1,-12.6,124.7,green
4362,145.545,green,-13.1,-11.6,125.0,green
4365,145.646,green,-13.7,-11.9,124.7,green
4368,145.746,green,-13.2,-11.7,124.9,green
4371,145.846,green,-12.7,-13.2,124.4,green
4374,145.946,green,-11.4,-12.7,124.5,green
4377,146.046,green,-12.0,-10.2,124.6,green
4380,146.146,green,-13.0,-12.4,124.5,green
4383,146.246,green,-13.1,-13.0,125.2,green
4386,146.346,green,-12.4,-13.4,124.6,red
4389,146.446,green,-12.1,-12.8,124.6,none
4392,146.546,green,-12.3,-11.6,124.7,green
4395,146.646,green,-12.8,-12.2,124.9,green
4398,146.747,green,-11.3,-11.7,125.3,green
4401,146.847,green,-11.9,-12.1,124.8,green
4404,146.947,green,-12.6,-11.0,125.1,green
4407,147.047,green,-13.0,-12.8,125.1,green
4410,147.147,green,-12.3,-11.6,125.4,green
4413,147.247,green,-11.4,-11.9,124.6,green
4416,147.347,green,-12.5,-12.6,124.8,green
4419,147.447,green,-13.2,-11.7,125.1,green
4422,147.547,green,-12.6,-11.9,125.4,green
4425,147.648,green,-12.4,-12.6,126.3,green
4428,147.748,green,-11.4,-11.3,126.4,green
4431,147.848,green,-12.2,-11.5,126.1,green
4434,147.948,green,-12.0,-11.3,126.5,green
4437,148.048,green,-12.5,-12.4,127.0,green
4440,148.148,green,-11.9,-11.8,126.7,green
4443,148.248,green,-11.1,-12.4,127.0,green
4446,148.348,green,-12.3,-11.1,127.5,green
4449,148.448,green,-12.8,-12.2,126.8,green
4452,148.548,green,-12.1,-12.2,127.3,green
4455,148.648,green,-11.4,-12.7,127.4,green
4458,148.749,green,-12.0,-12.1,127.7,green
4461,148.849,green,-12.2,-12.3,127.6,green
4464,148.949,green,-13.1,-11.7,127.4,green
4467,149.049,green,-12.4,-13.0,128.4,green
4470,149.149,green,-11.9,-11.3,128.7,green
4473,149.249,green,-12.6,-9.9,127.6,green
4476,149.349,green,-12.4,-12.1,128.0,green
4479,149.449,green,-12.9,-11.2,127.6,green
4482,149.549,green,-10.7,-11.2,128.3,green
4485,149.65,green,-11.9,-11.1,128.6,green
4488,149.75,green,-11.8,-11.0,128.7,green
4491,149.85,green,-12.2,-12.3,127.8,green
4494,149.95,green,-12.0,-11.4,129.0,green
4497,150.05,green,-12.4,-11.6,128.2,green
4500,150.15,green,-11.6,-11.0,129.6,green
4503,150.25,green,-12.3,-11.9,129.1,green
4506,150.35,green,-12.0,-11.2,128.5,green
4509,150.45,green,-12.5,-12.1,128.8,green
4512,150.55,green,-11.4,-11.3,129.4,green
4515,150.65,green,-11.6,-11.9,129.6,green
4518,150.751,green,-11.7,-12.0,128.8,green
4521,150.851,green,-11.7,-12.2,129.0,green
4524,150.951,green,-11.8,-11.8,129.0,green
4527,151.051,green,-11.6,-11.4,129.3,green
4530,151.151,green,-12.7,-11.1,128.6,green
4533,151.251,green,-12.4,-11.5,128.7,green
4536,151.351,green,-11.9,-11.9,128.1,green
4539,151.451,green,-12.1,-11.5,128.3,green
4542,151.551,green,-12.6,-11.8,128.0,green
4545,151.652,green,-12.6,-12.0,128.0,green
4548,151.752,green,-11.7,-11.5,128.5,green
4551,151.852,green,-12.2,-11.6,128.2,green
4554,151.952,green,-11.9,-11.6,128.2,green
4557,152.052,green,-12.7,-11.5,128.2,green
4560,152.152,green_flash,-11.4,-11.3,6.0,none
4563,152.252,green_flash,-12.8,-11.6,4.9,none
4566,152.352,green_flash,-12.7,-11.9,4.0,none
4569,152.452,green_flash,-12.3,-11.1,5.0,none
4572,152.552,green_flash,-11.1,-12.1,5.4,none
4575,152.652,green,-12.7,-11.7,127.6,green
4578,152.753,green,-12.0,-11.5,127.1,green
4581,152.853,green,-12.1,-11.9,126.8,green
4584,152.953,green,-11.7,-11.9,127.0,green
4587,153.053,green,-12.5,-11.4,125.9,green
4590,153.153,occluded,-12.3,-11.8,5.9,none
4593,153.253,occluded,-11.9,-12.4,4.5,none
4596,153.353,green_flash,-13.0,-11.9,5.8,none
4599,153.453,green_flash,-12.6,-11.1,4.0,none
4602,153.553,green_flash,-12.3,-12.1,5.4,none
4605,153.654,green,-13.3,-12.0,125.7,green
4608,153.754,green,-12.3,-11.5,126.3,green
4611,153.854,green,-12.3,-11.5,125.7,green
4614,153.954,green,-13.1,-11.3,125.6,green
4617,154.054,green,-12.7,-10.7,126.1,none
4620,154.154,occluded,-12.6,-11.7,6.8,red
4623,154.254,green_flash,-11.2,-11.7,4.6,none
4626,154.354,green_flash,-13.2,-10.6,5.1,none
4629,154.454,green_flash,-12.0,-11.2,5.2,none
4632,154.554,green_flash,-11.5,-11.5,5.2,none
4635,154.654,green,-10.8,-12.4,124.9,green
4638,154.755,green,-11.6,-11.2,125.3,green
4641,154.855,green,-12.1,-13.3,124.9,green
4644,154.955,green,-11.8,-10.8,124.8,green
4647,155.055,green,-11.5,-11.5,125.1,green
4650,155.155,amber,-12.2,34.8,5.9,none
4653,155.255,amber,-11.3,34.3,4.5,none
4656,155.355,amber,-13.0,32.5,4.3,none
4659,155.455,amber,-11.3,34.8,4.5,none
4662,155.555,amber,-12.1,34.3,4.4,none
4665,155.656,amber,-12.0,34.2,4.0,none
4668,155.756,amber,-12.9,33.1,4.9,none
4671,155.856,amber,-12.2,34.0,4.2,none
4674,155.956,amber,-12.9,33.5,4.1,red
4677,156.056,amber,-12.8,33.1,3.8,none
4680,156.156,amber,-11.7,33.9,4.0,none
4683,156.256,amber,-12.5,33.0,3.8,none
4686,156.356,amber,-12.6,33.6,3.1,none
4689,156.456,amber,-12.5,33.6,3.4,none
4692,156.556,amber,-12.2,32.3,3.4,none
4695,156.656,amber,-11.5,33.5,4.2,none
4698,156.757,amber,-12.3,34.2,4.4,none
4701,156.857,amber,-11.8,34.5,3.7,none
4704,156.957,amber,-12.1,34.4,5.0,none
4707,157.057,amber,-12.7,34.6,4.0,none
4710,157.157,amber,-11.6,33.8,3.6,none
4713,157.257,amber,-12.0,32.4,4.5,none
4716,157.357,amber,-12.5,33.3,3.9,none
4719,157.457,amber,-12.1,32.6,4.7,none
4722,157.557,amber,-11.7,33.5,3.7,none
4725,157.658,amber,-11.7,33.0,3.6,none
4728,157.758,amber,-11.9,34.7,3.8,none
4731,157.858,amber,-13.3,34.1,4.1,none
4734,157.958,amber,-11.6,33.8,4.4,none
4737,158.058,amber,-12.5,34.0,4.6,none
4740,158.158,red,114.9,-10.1,3.7,red
4743,158.258,red,114.7,-10.1,4.1,red
4746,158.358,red,114.1,-10.9,4.3,red
4749,158.458,red,114.7,-10.8,4.1,red
4752,158.558,red,113.3,-11.1,4.2,red
4755,158.658,red,113.0,-11.9,4.3,red
4758,158.759,red,114.8,-11.2,4.7,red
4761,158.859,red,115.1,-10.9,4.9,red
4764,158.959,red,114.5,-11.4,3.9,red
4767,159.059,red,113.4,-11.1,3.2,red
4770,159.159,red,113.3,-10.2,4.1,red
4773,159.259,red,112.7,-11.2,4.1,red
4776,159.359,red,112.5,-11.2,3.9,red
4779,159.459,red,113.2,-11.5,3.1,red
4782,159.559,red,112.5,-11.8,4.4,red
4785,159.66,red,112.6,-10.8,4.2,red
4788,159.76,red,111.3,-10.6,4.5,red
4791,159.86,red,112.2,-10.5,3.4,red
4794,159.96,red,112.2,-12.1,4.6,red
4797,160.06,red,111.9,-11.4,4.8,red
4800,160.16,red,112.6,-11.2,5.1,red
4803,160.26,red,113.4,-11.8,4.2,red
4806,160.36,red,113.4,-11.0,4.3,red
4809,160.46,red,113.9,-11.4,3.9,red
4812,160.56,red,113.4,-11.2,4.7,red
4815,160.66,red,112.7,-10.6,4.8,red
4818,160.761,red,114.1,-11.1,4.1,red
4821,160.861,red,111.9,-12.2,5.1,red
4824,160.961,red,111.5,-10.5,3.8,red
4827,161.061,red,112.9,-11.0,3.5,red
4830,161.161,red,113.9,-12.1,5.2,red
4833,161.261,red,112.9,-11.1,5.1,red
4836,161.361,red,112.9,-11.1,3.8,red
4839,161.461,red,113.2,-11.5,4.1,red
4842,161.561,red,114.1,-12.5,5.5,red
4845,161.662,red,113.5,-12.9,3.1,red
4848,161.762,red,112.1,-12.4,4.6,red
4851,161.862,red,111.0,-11.3,4.9,red
4854,161.962,red,112.7,-10.2,4.9,red
4857,162.062,red,115.0,-11.7,4.3,red
4860,162.162,red,115.1,-11.8,3.6,red
4863,162.262,red,113.0,-11.0,4.1,red
4866,162.362,red,113.0,-10.9,4.4,red
4869,162.462,red,113.7,-11.4,4.2,red
4872,162.562,red,112.7,-12.1,3.5,red
4875,162.662,red,112.4,-12.3,4.9,red
4878,162.763,red,112.9,-10.9,3.2,red
4881,162.863,red,113.8,-12.2,5.0,red
4884,162.963,red,113.9,-12.2,4.1,red
4887,163.063,red,113.4,-11.1,5.1,red
4890,163.163,red,112.8,-10.9,4.3,red
4893,163.263,red,112.9,-11.4,4.2,red
4896,163.363,red,114.3,-11.5,5.3,red
4899,163.463,red,112.3,-10.2,4.4,red
4902,163.563,red,113.8,-10.1,4.8,red
4905,163.664,red,112.9,-10.7,3.9,red
4908,163.764,red,113.6,-11.5,4.3,red
4911,163.864,red,113.4,-12.1,4.7,red
4914,163.964,red,113.7,-12.5,4.4,red
4917,164.064,red,112.5,-11.0,5.4,red
4920,164.164,red,113.1,-12.1,5.3,red
4923,164.264,red,112.3,-11.0,3.8,red
4926,164.364,red,113.7,-12.0,5.4,red
4929,164.464,red,114.2,-10.9,3.3,red
4932,164.564,red,114.9,-11.2,4.4,red
4935,164.664,red,114.2,-10.8,5.3,red
4938,164.765,red,114.2,-10.9,4.3,red
4941,164.865,red,114.4,-11.6,5.4,red
4944,164.965,red,114.4,-10.6,4.6,red
4947,165.065,red,114.0,-11.8,4.0,red
4950,165.165,red,113.7,-11.1,5.1,red
4953,165.265,red,114.3,-11.9,5.0,red
4956,165.365,red,112.9,-11.3,4.7,red
4959,165.465,red,113.5,-11.1,5.6,red
4962,165.565,red,113.4,-11.6,5.0,red
4965,165.666,red,113.5,-10.6,4.5,red
4968,165.766,red,112.8,-11.3,4.3,red
4971,165.866,red,113.4,-11.5,4.2,red
4974,165.966,red,113.3,-11.4,4.4,red
4977,166.066,red,113.8,-12.4,5.0,red
4980,166.166,red,114.4,-12.2,4.5,red
4983,166.266,red,114.9,-11.0,4.8,red
4986,166.366,red,114.3,-11.0,3.9,red
4989,166.466,red,111.6,-11.7,4.8,red
4992,166.566,red,112.9,-10.6,3.5,red
4995,166.666,red,112.2,-10.5,4.7,red
4998,166.767,red,112.9,-11.9,4.2,red
5001,166.867,red,113.0,-10.5,3.9,red
5004,166.967,red,113.0,-11.2,4.3,red
5007,167.067,red,112.5,-11.0,3.8,red
5010,167.167,red,111.8,-10.8,4.7,red
5013,167.267,red,113.3,-11.1,4.8,red
5016,167.367,red,113.3,-12.0,4.3,red
5019,167.467,red,112.0,-11.8,4.0,red
5022,167.567,red,113.6,-10.5,4.4,red
5025,167.668,red,113.4,-10.8,4.6,red
5028,167.768,red,111.9,-11.0,4.2,red
5031,167.868,red,112.3,-11.2,4.5,red
5034,167.968,red,113.0,-11.8,4.7,red
5037,168.068,red,112.7,-11.7,4.5,red
5040,168.168,red,112.4,-10.9,4.2,red
5043,168.268,red,113.7,-11.2,4.3,red
5046,168.368,red,112.5,-11.3,3.9,red
5049,168.468,red,113.3,-11.8,3.2,red
5052,168.568,red,113.4,-10.8,3.9,red
5055,168.668,red,113.2,-11.4,4.4,red
5058,168.769,red,112.8,-11.5,5.3,red
5061,168.869,red,111.5,-10.8,4.0,red
5064,168.969,red,110.3,-10.2,4.0,red
5067,169.069,red,112.6,-11.4,4.0,red
5070,169.169,red,112.3,-11.5,4.9,red
5073,169.269,red,112.3,-10.9,4.5,red
5076,169.369,red,111.3,-11.8,4.5,red
5079,169.469,red,111.1,-11.8,3.6,red
5082,169.569,red,112.1,-11.2,3.7,red
5085,169.67,red,113.5,-10.7,5.1,red
5088,169.77,red,111.9,-11.2,4.3,red
5091,169.87,red,110.8,-11.3,5.6,red
5094,169.97,red,111.6,-10.6,3.5,red
5097,170.07,red,111.6,-11.1,4.8,red
5100,170.17,red,111.8,-11.3,5.0,red
5103,170.27,red,112.8,-11.3,5.0,red
5106,170.37,red,112.1,-10.9,4.8,red
5109,170.47,red,112.2,-10.1,4.2,red
5112,170.57,red,111.4,-10.6,5.0,red
5115,170.67,red,112.6,-11.8,3.6,red
5118,170.771,red,112.3,-11.0,4.7,red
5121,170.871,red,111.6,-10.2,5.1,red
5124,170.971,red,112.3,-11.0,3.7,red
5127,171.071,red,111.9,-11.1,4.4,red
5130,171.171,red,112.6,-11.8,4.4,red
5133,171.271,red,113.3,-11.5,3.9,red
5136,171.371,red,112.9,-11.1,3.9,red
5139,171.471,red,112.8,-11.7,4.6,red
5142,171.571,red,112.0,-11.2,5.4,red
5145,171.672,red,112.4,-11.2,4.0,red
5148,171.772,red,112.1,-11.2,4.1,red
5151,171.872,red,112.1,-10.9,4.3,red
5154,171.972,red,113.9,-10.8,4.6,red
5157,172.072,red,113.1,-10.8,5.3,red
5160,172.172,red,112.8,-11.4,4.2,red
5163,172.272,red,112.4,-11.5,4.2,red
5166,172.372,red,113.4,-10.3,5.5,red
5169,172.472,red,113.3,-10.8,3.5,red
5172,172.572,red,112.5,-9.5,4.0,red
5175,172.672,red,114.4,-11.3,4.9,red
5178,172.773,red,113.5,-11.5,4.7,red
5181,172.873,red,113.2,-11.1,4.3,red
5184,172.973,red,112.2,-11.6,3.9,red
5187,173.073,red,115.1,-11.3,3.9,red
5190,173.173,red,113.6,-10.6,4.0,red
5193,173.273,red,113.4,-12.0,4.4,red
5196,173.373,red,113.5,-11.7,4.5,red
5199,173.473,red,114.0,-11.6,3.6,red
5202,173.573,red,114.1,-11.0,4.8,red
5205,173.674,red,113.2,-11.2,3.8,red
5208,173.774,red,115.2,-11.5,4.8,red
5211,173.874,red,114.8,-11.1,5.2,red
5214,173.974,red,114.3,-11.3,4.0,red
5217,174.074,red,113.0,-10.6,3.7,red
5220,174.174,red,114.8,-10.9,4.3,red
5223,174.274,red,115.8,-11.4,4.9,red
5226,174.374,red,114.8,-11.7,4.9,red
5229,174.474,red,114.0,-11.2,4.3,red
5232,174.574,red,113.5,-10.8,4.3,red
5235,174.674,red,113.5,-11.1,4.1,red
5238,174.775,red,113.9,-11.5,4.5,red
5241,174.875,red,114.0,-10.5,4.3,red
5244,174.975,red,113.7,-10.7,2.9,red
5247,175.075,red,112.6,-10.9,4.2,red
5250,175.175,red,112.2,-11.2,4.4,red
5253,175.275,red,113.1,-10.9,3.8,red
5256,175.375,red,113.1,-11.0,4.5,red
5259,175.475,red,113.1,-10.3,4.5,red
5262,175.575,red,112.4,-11.9,4.3,red
5265,175.676,red,114.5,-10.4,3.7,red
5268,175.776,red,113.5,-11.0,3.1,red
5271,175.876,red,113.4,-10.9,3.8,red
5274,175.976,red,115.1,-11.8,4.0,red
5277,176.076,red,114.2,-11.9,3.9,red
5280,176.176,red,114.9,-11.1,3.2,red
5283,176.276,red,114.0,-10.2,4.3,red
5286,176.376,red,111.9,-10.8,5.5,red
5289,176.476,red,114.4,-10.8,3.5,red
5292,176.576,red,114.2,-11.2,3.6,red
5295,176.676,red,114.8,-12.1,4.0,red
5298,176.777,red,113.4,-12.3,4.5,red
5301,176.877,red,113.3,-11.1,4.2,red
5304,176.977,red,113.3,-10.9,4.0,red
5307,177.077,red,111.7,-11.8,4.9,red
5310,177.177,red,112.4,-12.2,3.6,red
5313,177.277,red,113.6,-10.7,5.1,red
5316,177.377,red,113.5,-10.6,3.5,red
5319,177.477,red,113.7,-11.8,3.4,red
5322,177.577,red,113.1,-11.2,4.6,red
5325,177.678,red,114.1,-11.0,2.8,red
5328,177.778,red,112.4,-11.1,4.6,red
5331,177.878,red,113.6,-10.9,4.0,red
5334,177.978,red,113.3,-11.7,4.4,red
5337,178.078,red,113.7,-11.5,4.2,red
5340,178.178,red,114.3,-11.5,3.6,red
5343,178.278,red,114.1,-11.3,4.4,red
5346,178.378,red,114.3,-11.8,5.0,red
5349,178.478,red,113.9,-11.0,4.7,red
5352,178.578,red,113.8,-11.2,4.7,red
5355,178.678,red,111.6,-12.0,4.5,red
5358,178.779,red,113.4,-11.3,4.5,red
5361,178.879,red,112.9,-11.1,4.5,red
5364,178.979,red,112.7,-11.5,4.5,red
5367,179.079,red,112.0,-11.7,3.8,red
5370,179.179,red,111.9,-11.0,4.5,red
5373,179.279,red,111.9,-11.1,4.2,red
5376,179.379,red,112.0,-10.7,5.4,red
5379,179.479,red,111.8,-10.7,5.0,red
5382,179.579,red,113.3,-10.8,5.0,red
5385,179.68,red,112.2,-11.1,4.3,red
5388,179.78,red,112.0,-10.8,4.5,red
5391,179.88,red,113.0,-11.4,4.2,red
5394,179.98,red,113.0,-11.2,4.9,red
5397,180.08,red,113.1,-10.9,4.2,red
5400,180.18,red,111.6,-11.6,4.0,red
5403,180.28,red,110.4,-11.3,4.5,red
5406,180.38,red,110.8,-12.1,5.1,red
5409,180.48,red,112.3,-11.4,5.0,red
5412,180.58,red,111.2,-12.3,3.7,red
5415,180.68,red,111.2,-11.5,5.3,red
5418,180.781,red,110.9,-11.6,4.3,red
5421,180.881,red,111.6,-11.3,4.9,red
5424,180.981,red,112.1,-10.8,4.6,red
5427,181.081,red,112.0,-11.8,4.4,red
5430,181.181,red,111.0,-11.3,3.9,red
5433,181.281,red,112.3,-11.1,4.7,red
5436,181.381,red,112.2,-10.9,4.0,red
5439,181.481,red,112.2,-10.6,4.6,red
5442,181.581,red,112.5,-11.7,4.5,red
5445,181.682,red,111.9,-10.8,4.7,red
5448,181.782,red,110.6,-10.9,4.5,red
5451,181.882,red,110.3,-12.0,5.0,red
5454,181.982,red,110.0,-11.7,5.0,red
5457,182.082,red,111.9,-11.6,4.9,red
5460,182.182,red,111.4,-11.6,5.2,red
5463,182.282,red,111.3,-11.5,4.4,red
5466,182.382,red,111.4,-11.7,3.6,red
5469,182.482,red,112.3,-10.7,4.4,red
5472,182.582,red,111.7,-11.4,5.5,red
5475,182.682,red,112.8,-11.4,4.5,red
5478,182.783,red,112.5,-11.1,4.6,red
5481,182.883,red,112.8,-11.6,4.7,red
5484,182.983,red,112.8,-12.5,4.5,red
5487,183.083,red,111.1,-12.1,4.7,red
5490,183.183,red,111.8,-11.8,4.9,red
5493,183.283,red,112.1,-11.2,5.2,red
5496,183.383,red,111.6,-11.9,4.9,red
5499,183.483,red,112.4,-11.7,3.8,red
5502,183.583,red,112.5,-10.3,5.1,red
5505,183.684,red,111.8,-11.0,4.4,red
5508,183.784,red,110.5,-10.4,5.4,red
5511,183.884,red,112.7,-11.4,4.8,red
5514,183.984,red,113.1,-11.1,5.8,red
5517,184.084,red,113.2,-10.4,5.6,red
5520,184.184,red,113.2,-12.0,3.9,red
5523,184.284,red,113.3,-11.3,4.5,red
5526,184.384,red,112.8,-10.6,4.4,red
5529,184.484,red,110.6,-11.1,5.4,red
5532,184.584,red,112.2,-10.9,4.5,red
5535,184.684,red,112.4,-11.8,4.8,red
5538,184.785,red,110.8,-12.2,4.5,red
5541,184.885,red,110.5,-12.6,4.6,red
5544,184.985,red,110.6,-12.0,4.8,red
5547,185.085,red,110.9,-12.0,4.3,red
5550,185.185,red,113.3,-12.2,4.0,red
5553,185.285,red,113.2,-11.7,4.6,red
5556,185.385,red,114.1,-11.2,5.6,red
5559,185.485,red,113.1,-11.8,3.3,red
5562,185.585,red,113.2,-11.9,4.7,red
5565,185.686,red,113.6,-11.6,5.6,red
5568,185.786,red,112.9,-12.0,6.2,red
5571,185.886,red,112.1,-10.8,4.6,red
5574,185.986,red,112.9,-12.0,4.9,red
5577,186.086,red,111.8,-11.0,4.2,red
5580,186.186,red,110.8,-12.9,6.0,red
5583,186.286,red,112.6,-11.4,4.2,red
5586,186.386,red,112.8,-11.2,4.2,none
5589,186.486,red,111.5,-11.4,4.0,red
5592,186.586,red,114.3,-10.6,3.5,red
5595,186.686,red,112.2,-11.5,4.3,red
5598,186.787,red,113.9,-10.8,4.7,red
5601,186.887,red,113.1,-11.0,5.4,red
5604,186.987,red,113.0,-12.5,5.6,red
5607,187.087,red,113.2,-11.2,4.4,red
5610,187.187,red,112.5,-11.0,4.6,red
5613,187.287,red,111.9,-10.3,4.8,red
5616,187.387,red,114.4,-10.5,3.8,red
5619,187.487,red,113.8,-10.5,5.0,red
5622,187.587,red,112.5,-11.3,4.0,red
5625,187.688,red,112.1,-11.3,4.5,red
5628,187.788,red,113.9,-10.6,4.6,red
5631,187.888,red,112.9,-11.6,4.5,red
5634,187.988,red,112.7,-11.1,4.4,red
5637,188.088,red,114.0,-10.9,3.4,red
5640,188.188,red,114.1,-11.1,4.5,red
5643,188.288,red,113.8,-11.3,4.5,red
5646,188.388,red,114.4,-10.8,4.5,red
5649,188.488,red,114.1,-11.8,4.2,red
5652,188.588,red,114.8,-11.3,4.3,red
5655,188.688,red,114.5,-10.4,4.3,red
5658,188.789,red,112.0,-10.0,3.5,red
5661,188.889,red,112.4,-10.7,4.4,red
5664,188.989,red,113.2,-10.9,4.1,red
5667,189.089,red,113.3,-10.5,3.7,red
5670,189.189,red,113.5,-11.2,4.3,red
5673,189.289,red,112.1,-11.3,4.3,red
5676,189.389,red,113.9,-11.1,4.8,red
5679,189.489,red,113.2,-11.0,4.6,red
5682,189.589,red,113.1,-10.4,3.6,red
5685,189.69,red,113.0,-10.9,4.2,red
5688,189.79,red,113.8,-10.9,4.4,red
5691,189.89,red,112.6,-11.1,4.7,red
5694,189.99,red,113.7,-11.2,4.7,red
5697,190.09,red,113.6,-11.5,4.3,red
5700,190.19,red,113.7,-11.4,3.7,red
5703,190.29,red,113.7,-10.9,3.9,red
5706,190.39,red,113.7,-11.6,5.0,red
5709,190.49,red,113.7,-10.8,4.6,red
5712,190.59,red,112.0,-10.6,3.8,red
5715,190.69,red,112.4,-11.8,4.6,red
5718,190.791,red,113.4,-10.7,3.7,red
5721,190.891,red,113.4,-10.8,4.4,red
5724,190.991,red,112.8,-11.6,4.8,red
5727,191.091,red,112.6,-12.2,4.9,red
5730,191.191,red,113.1,-12.1,5.4,red
5733,191.291,red,111.8,-11.0,3.9,red
5736,191.391,red,112.4,-11.4,3.4,red
5739,191.491,red,112.7,-11.2,4.5,red
5742,191.591,red,113.6,-11.4,3.4,red
5745,191.692,red,112.7,-11.2,4.0,red
5748,191.792,red,112.3,-11.0,4.3,red
5751,191.892,red,113.8,-11.4,4.6,red
5754,191.992,red,112.9,-11.1,3.7,red
5757,192.092,red,113.5,-9.7,3.3,red
5760,192.192,red,112.4,-10.7,5.0,red
5763,192.292,red,112.5,-10.5,5.5,red
5766,192.392,red,113.5,-10.1,4.4,red
5769,192.492,red,111.7,-12.1,4.1,red
5772,192.592,red,113.7,-10.9,4.3,red
5775,192.692,red,110.1,-12.3,4.3,red
5778,192.793,red,113.0,-10.4,4.9,red
5781,192.893,red,111.7,-10.6,3.5,red
5784,192.993,red,111.1,-11.0,4.8,red
5787,193.093,red,111.3,-11.8,4.0,red
5790,193.193,red,114.2,-11.0,5.6,red
5793,193.293,red,112.8,-11.4,4.6,red
5796,193.393,red,113.9,-10.7,4.8,red
5799,193.493,red,114.1,-10.4,5.0,red
5802,193.593,red,113.2,-11.1,5.3,red
5805,193.694,red,112.8,-11.6,4.5,red
5808,193.794,red,113.2,-10.5,5.0,red
5811,193.894,red,112.9,-10.5,4.6,red
5814,193.994,red,113.2,-10.6,4.2,red
5817,194.094,red,112.9,-11.3,4.9,red
5820,194.194,red_amber,113.9,34.8,3.9,red
5823,194.294,red_amber,113.9,35.0,4.3,red
5826,194.394,red_amber,113.4,35.5,4.0,red
5829,194.494,red_amber,112.3,34.7,4.4,red
5832,194.594,red_amber,113.8,33.5,3.7,red
5835,194.694,red_amber,114.1,34.7,4.1,red
5838,194.795,red_amber,113.2,35.2,4.4,red
5841,194.895,red_amber,113.7,35.1,3.8,red
5844,194.995,red_amber,114.3,35.3,4.2,red
5847,195.095,red_amber,113.0,34.6,4.2,red
5850,195.195,red_amber,112.8,34.2,5.1,red
5853,195.295,red_amber,112.6,34.2,5.2,red
5856,195.395,red_amber,112.7,34.8,3.9,red
5859,195.495,red_amber,112.3,34.2,4.5,red
5862,195.595,red_amber,112.7,34.3,4.8,red
5865,195.696,red_amber,111.9,34.4,3.9,red
5868,195.796,red_amber,113.1,34.0,4.5,red
5871,195.896,red_amber,112.3,34.3,3.8,red
5874,195.996,red_amber,113.9,33.3,3.1,red
5877,196.096,red_amber,114.6,33.3,3.9,red
5880,196.196,red_amber,111.4,33.8,4.5,red
5883,196.296,red_amber,111.1,33.8,3.4,red
5886,196.396,red_amber,112.8,33.7,3.1,red
5889,196.496,red_amber,112.8,33.5,3.6,red
5892,196.596,red_amber,112.9,33.5,3.4,red
5895,196.696,red_amber,110.8,35.3,5.1,red
5898,196.797,red_amber,112.4,33.8,3.4,red
5901,196.897,red_amber,113.3,33.5,3.7,red
5904,196.997,red_amber,114.1,33.9,5.3,red
5907,197.097,red_amber,113.4,33.4,4.2,red
5910,197.197,green,-10.1,-10.0,126.8,green
5913,197.297,green,-11.1,-10.9,127.3,green
5916,197.397,green,-10.7,-11.5,126.3,green
5919,197.497,green,-11.8,-11.4,126.6,green
5922,197.597,green,-12.0,-10.5,126.9,green
5925,197.698,green,-12.3,-11.2,127.2,green
5928,197.798,green,-12.1,-11.6,127.8,green
5931,197.898,green,-11.2,-11.8,127.5,green
5934,197.998,green,-11.5,-12.1,127.6,green
5937,198.098,green,-12.2,-11.6,127.6,green
5940,198.198,green,-11.0,-11.6,127.5,green
5943,198.298,green,-11.1,-11.7,127.9,green
5946,198.398,green,-11.6,-11.7,128.1,green
5949,198.498,green,-11.1,-11.8,127.4,green
5952,198.598,green,-11.8,-10.7,127.7,green
5955,198.698,green,-11.8,-10.9,127.5,green
5958,198.799,green,-11.7,-11.9,127.8,green
5961,198.899,green,-11.6,-12.1,128.0,green
5964,198.999,green,-12.5,-10.4,127.8,green
5967,199.099,green,-11.2,-11.6,127.9,green
5970,199.199,green,-12.1,-10.6,128.0,green
5973,199.299,green,-11.8,-11.5,129.2,green
5976,199.399,green,-11.6,-11.8,127.9,green
5979,199.499,green,-11.4,-10.7,128.5,green
5982,199.599,green,-11.0,-11.6,127.7,green
5985,199.7,green,-11.4,-11.8,127.1,green
5988,199.8,green,-12.8,-12.0,128.1,green
5991,199.9,green,-12.6,-10.9,127.4,green
5994,200.0,green,-12.3,-11.2,127.8,green
5997,200.1,green,-12.5,-11.2,127.6,green
6000,200.2,green,-12.0,-11.9,128.5,green
6003,200.3,green,-12.3,-11.2,128.8,none
6006,200.4,green,-11.3,-10.9,128.0,green
6009,200.5,green,-11.3,-10.9,127.9,green
6012,200.6,green,-10.8,-12.1,128.3,green
6015,200.7,green,-12.3,-12.1,127.5,green
6018,200.801,green,-11.6,-11.6,127.9,green
6021,200.901,green,-13.3,-11.4,128.1,green
6024,201.001,green,-12.6,-12.2,127.7,green
6027,201.101,green,-11.5,-13.2,128.0,green
6030,201.201,green,-12.0,-11.1,127.8,green
6033,201.301,green,-12.8,-10.9,128.5,green
6036,201.401,green,-11.7,-11.4,128.5,green
6039,201.501,green,-12.4,-11.3,128.8,green
6042,201.601,green,-11.6,-12.2,128.0,green
6045,201.702,green,-11.8,-11.5,128.4,green
6048,201.802,green,-12.0,-10.6,128.6,green
6051,201.902,green,-12.6,-10.2,127.7,green
6054,202.002,green,-12.3,-10.4,128.6,green
6057,202.102,green,-11.8,-10.6,128.0,green
6060,202.202,green,-11.5,-11.0,127.7,green
6063,202.302,green,-11.7,-11.5,127.9,green
6066,202.402,green,-10.3,-11.7,128.3,green
6069,202.502,green,-12.2,-11.1,127.5,green
6072,202.602,green,-12.3,-11.3,127.5,green
6075,202.703,green,-11.3,-11.3,128.3,green
6078,202.803,green,-11.4,-11.1,127.8,green
6081,202.903,green,-11.1,-11.2,127.7,green
6084,203.003,green,-11.7,-10.7,128.2,green
6087,203.103,green,-12.4,-10.6,127.8,green
6090,203.203,green,-11.1,-12.0,128.0,green
6093,203.303,green,-12.3,-11.3,127.8,green
6096,203.403,green,-11.1,-11.6,128.5,green
6099,203.503,green,-11.4,-11.1,127.5,green
6102,203.603,green,-11.7,-10.5,127.4,green
6105,203.704,green,-11.0,-12.3,127.7,green
6108,203.804,green,-12.2,-11.4,128.2,green
6111,203.904,green,-11.5,-11.4,127.6,green
6114,204.004,green,-13.0,-11.9,128.0,green
6117,204.104,green,-12.6,-11.1,127.6,none
6120,204.204,green,-12.7,-11.2,127.4,green
6123,204.304,green,-11.9,-11.5,127.5,none
6126,204.404,green,-12.5,-11.9,127.7,green
6129,204.504,green,-11.2,-11.6,127.6,green
6132,204.604,green,-12.0,-11.6,127.1,green
6135,204.704,green,-11.2,-11.8,127.0,green
6138,204.805,green,-11.2,-10.3,127.8,green
6141,204.905,green,-11.4,-11.2,127.4,green
6144,205.005,green,-11.0,-11.1,127.9,green
6147,205.105,green,-11.7,-10.8,126.4,green
6150,205.205,green,-12.2,-10.3,127.7,green
6153,205.305,green,-11.8,-10.5,127.5,green
6156,205.405,green,-11.7,-10.4,126.5,green
6159,205.505,green,-11.4,-11.0,127.4,green
6162,205.605,green,-11.5,-10.6,127.5,green
6165,205.706,green,-11.0,-10.7,127.3,green
6168,205.806,green,-12.7,-11.0,126.9,green
6171,205.906,green,-10.6,-10.7,127.1,green
6174,206.006,green,-11.4,-10.6,126.7,green
6177,206.106,green,-11.2,-11.7,127.8,green
6180,206.206,green,-10.9,-11.0,127.0,green
6183,206.306,green,-11.0,-11.4,127.4,green
6186,206.406,green,-11.1,-11.1,126.5,green
6189,206.506,green,-12.3,-11.1,126.7,green
6192,206.606,green,-11.6,-11.3,126.9,green
6195,206.706,green,-12.0,-11.8,126.7,green
6198,206.807,green,-12.2,-11.3,126.4,green
6201,206.907,green,-11.6,-11.8,126.6,green
6204,207.007,green,-11.6,-11.8,126.5,green
6207,207.107,green,-12.4,-11.7,125.5,green
6210,207.207,green,-11.7,-11.2,126.1,green
6213,207.307,green,-11.7,-12.5,125.4,green
6216,207.407,green,-12.3,-12.1,126.6,green
6219,207.507,green,-11.5,-12.4,125.7,green
6222,207.607,green,-12.1,-11.8,126.7,green
6225,207.708,green,-12.4,-11.6,125.8,green
6228,207.808,green,-12.3,-11.7,125.8,green
6231,207.908,green,-10.7,-11.5,126.6,green
6234,208.008,green,-12.2,-13.1,126.1,green
6237,208.108,green,-12.0,-12.5,126.2,green
6240,208.208,green,-11.7,-12.4,125.9,green
6243,208.308,green,-12.2,-12.4,125.7,green
6246,208.408,green,-12.2,-12.5,125.8,green
6249,208.508,green,-12.2,-12.3,125.2,green
6252,208.608,green,-12.3,-12.3,125.8,green
6255,208.709,green,-13.4,-11.9,126.4,green
6258,208.809,green,-12.3,-12.1,125.7,green
6261,208.909,green,-11.5,-11.4,125.9,green
6264,209.009,green,-12.2,-12.3,126.1,green
6267,209.109,green,-12.6,-12.2,126.8,green
6270,209.209,green,-13.3,-13.2,126.8,green
6273,209.309,green,-12.4,-12.4,127.0,green
6276,209.409,green,-13.7,-12.8,126.4,green
6279,209.509,green,-13.4,-12.6,126.8,green
6282,209.609,green,-12.2,-12.8,127.3,green
6285,209.71,green,-11.9,-12.9,127.0,green
6288,209.81,green,-13.1,-12.8,126.1,green
6291,209.91,green,-13.8,-12.9,126.4,green
6294,210.01,green,-12.4,-13.3,126.9,green
6297,210.11,green,-13.2,-13.0,126.8,green
6300,210.21,green,-13.0,-12.7,128.0,green
6303,210.31,green,-11.8,-13.1,127.6,green
6306,210.41,green,-13.2,-12.4,127.3,green
6309,210.51,green,-11.7,-12.3,127.7,green
6312,210.61,green,-13.0,-12.1,127.2,green
6315,210.71,green,-13.2,-12.8,126.7,green
6318,210.811,green,-13.7,-13.5,127.4,green
6321,210.911,green,-12.9,-13.4,127.5,green
6324,211.011,green,-14.0,-12.3,128.0,green
6327,211.111,green,-13.7,-13.6,128.0,green
6330,211.211,green,-13.5,-12.7,128.2,green
6333,211.311,green,-12.7,-12.4,127.5,green
6336,211.411,green,-14.0,-12.6,127.7,green
6339,211.511,green,-12.1,-13.8,127.1,green
6342,211.611,green,-12.8,-13.9,129.0,green
6345,211.712,green,-13.3,-13.0,128.1,green
6348,211.812,green,-13.3,-12.4,128.0,green
6351,211.912,green,-12.6,-13.3,127.3,green
6354,212.012,green,-12.7,-14.1,128.6,green
6357,212.112,green,-14.5,-13.7,128.6,green
6360,212.212,green,-14.4,-12.9,128.5,green
6363,212.312,green,-14.0,-14.1,129.1,green
6366,212.412,green,-14.2,-13.3,128.9,green
6369,212.512,green,-14.5,-12.8,128.1,green
6372,212.612,green,-14.3,-12.8,128.1,green
6375,212.712,green,-13.8,-13.6,127.6,green
6378,212.813,green,-13.3,-12.8,127.1,green
6381,212.913,green,-14.0,-14.1,128.0,green
6384,213.013,green,-13.3,-13.1,128.2,green
6387,213.113,green,-13.0,-14.3,128.1,green
6390,213.213,green,-12.8,-13.6,128.9,green
6393,213.313,green,-13.7,-15.8,127.1,green
6396,213.413,green,-13.2,-13.9,128.1,green
6399,213.513,green,-13.0,-12.6,128.4,green
6402,213.613,green,-14.6,-13.9,128.0,green
6405,213.714,green,-13.8,-12.7,128.4,green
6408,213.814,green,-13.7,-13.8,127.6,green
6411,213.914,green,-13.3,-12.8,128.4,green
6414,214.014,green,-13.5,-12.5,128.7,green
6417,214.114,green,-13.2,-12.2,129.1,green
6420,214.214,green,-12.6,-12.8,128.3,green
6423,214.314,green,-14.1,-11.7,128.2,green
6426,214.414,green,-13.9,-13.1,129.3,green
6429,214.514,green,-14.0,-14.2,129.4,green
6432,214.614,green,-13.7,-12.7,128.7,green
6435,214.715,green,-14.6,-13.2,129.2,green
6438,214.815,green,-12.6,-13.4,129.4,green
6441,214.915,green,-13.6,-12.7,129.4,green
6444,215.015,green,-13.2,-12.6,129.9,green
6447,215.115,green,-13.3,-12.5,129.6,green
6450,215.215,green,-13.3,-11.5,129.2,green
6453,215.315,green,-13.4,-13.3,129.2,green
6456,215.415,green,-14.1,-12.6,129.7,green
6459,215.515,green,-13.2,-12.9,130.4,green
6462,215.615,green,-13.3,-11.7,130.6,green
6465,215.716,green,-12.5,-13.5,130.4,green
6468,215.816,green,-12.5,-12.5,130.9,green
6471,215.916,green,-14.3,-12.8,130.3,green
6474,216.016,green,-12.9,-12.0,131.4,green
6477,216.116,green,-12.7,-12.2,131.6,green
6480,216.216,green,-12.8,-12.4,131.3,green
6483,216.316,green,-13.2,-12.8,131.8,green
6486,216.416,green,-13.6,-12.6,131.5,green
6489,216.516,green,-13.9,-13.1,132.5,green
6492,216.616,green,-13.1,-12.8,132.1,green
6495,216.716,green,-13.2,-13.3,132.8,red
6498,216.817,green,-13.8,-12.9,133.0,red
6501,216.917,green,-13.4,-11.8,132.2,green
6504,217.017,green,-12.3,-11.8,132.8,green
6507,217.117,green,-13.4,-11.4,131.6,green
6510,217.217,green,-12.7,-12.7,132.7,green
6513,217.317,green,-12.7,-12.4,132.3,green
6516,217.417,green,-13.4,-12.4,132.0,green
6519,217.517,green,-13.1,-12.7,132.7,green
6522,217.617,green,-12.7,-12.7,133.3,green
6525,217.718,green,-12.9,-12.6,133.6,green
6528,217.818,green,-13.1,-12.4,133.2,green
6531,217.918,green,-12.4,-11.9,133.0,green
6534,218.018,green,-12.7,-12.5,133.3,green
6537,218.118,green,-13.0,-12.6,131.9,green
6540,218.218,green,-13.0,-12.3,131.5,green
6543,218.318,green,-13.4,-10.4,132.5,green
6546,218.418,green,-13.6,-11.6,132.0,green
6549,218.518,green,-13.3,-11.7,132.2,green
6552,218.618,green,-12.1,-11.2,131.1,green
6555,218.718,green,-12.0,-12.5,131.8,green
6558,218.819,green,-12.8,-12.2,131.0,green
6561,218.919,green,-12.2,-12.6,130.8,green
6564,219.019,green,-13.0,-11.6,130.4,green
6567,219.119,green,-11.9,-12.5,130.1,green
6570,219.219,green,-12.2,-11.5,131.3,green
6573,219.319,green,-11.6,-11.7,130.1,green
6576,219.419,green,-11.7,-11.9,130.2,green
6579,219.519,green,-12.4,-12.4,130.7,green
6582,219.619,green,-12.6,-12.2,130.5,green
6585,219.72,green,-12.9,-11.3,131.0,green
6588,219.82,green,-13.3,-11.4,130.0,green
6591,219.92,green,-13.3,-11.7,130.2,green
6594,220.02,green,-13.2,-12.4,129.7,green
6597,220.12,green,-12.7,-13.0,130.9,green
6600,220.22,green,-12.6,-13.0,131.1,green
6603,220.32,green,-12.6,-13.2,130.8,green
6606,220.42,green,-13.3,-12.5,131.3,green
6609,220.52,green,-13.8,-12.6,130.9,green
6612,220.62,green,-12.3,-12.9,130.6,green
6615,220.721,green,-12.3,-13.8,130.9,green
6618,220.821,green,-12.5,-13.7,130.4,green
6621,220.921,green,-13.6,-11.8,130.9,green
6624,221.021,green,-13.7,-12.5,131.0,green
6627,221.121,green,-12.4,-11.6,130.7,green
6630,221.221,green,-12.2,-11.9,129.7,green
6633,221.321,green,-11.5,-12.5,130.2,green
6636,221.421,green,-12.4,-12.6,129.7,green
6639,221.521,green,-12.4,-11.0,128.9,green
6642,221.621,green,-12.4,-11.3,128.9,green
6645,221.722,green,-11.9,-12.2,129.4,green
6648,221.822,green,-11.1,-10.9,130.3,green
6651,221.922,green,-12.6,-11.3,130.5,green
6654,222.022,green,-12.6,-12.0,129.2,green
6657,222.122,green,-12.6,-12.6,128.8,green
6660,222.222,green,-13.3,-12.6,130.3,green
6663,222.322,green,-13.8,-13.2,130.5,green
6666,222.422,green,-14.4,-12.9,129.4,green
6669,222.522,green,-13.7,-13.6,129.8,green
6672,222.622,green,-14.2,-12.7,129.1,green
6675,222.722,green,-13.2,-13.7,129.3,green
6678,222.823,green,-13.3,-12.4,128.4,green
6681,222.923,green,-12.9,-12.8,129.1,green
6684,223.023,green,-12.7,-13.1,128.2,green
6687,223.123,green,-13.4,-12.3,127.9,green
6690,223.223,green,-12.5,-12.6,128.5,green
6693,223.323,green,-13.5,-12.3,127.8,green
6696,223.423,green,-13.0,-11.8,128.9,green
6699,223.523,green,-12.9,-14.0,128.1,green
6702,223.623,green,-11.4,-12.0,128.2,green
6705,223.724,green,-13.3,-12.1,128.6,green
6708,223.824,green,-13.3,-12.1,127.6,green
6711,223.924,green,-13.3,-12.3,128.2,green
6714,224.024,green,-12.5,-12.0,128.0,green
6717,224.124,green,-13.8,-12.3,127.5,green
6720,224.224,green,-13.6,-12.3,127.0,green
6723,224.324,green,-12.9,-11.9,123.0,green
6726,224.424,green,-12.2,-12.9,98.4,red
6729,224.524,occluded,-13.1,-14.0,63.3,green
6732,224.624,occluded,-12.8,-12.5,37.4,none
6735,224.724,occluded,-13.0,-11.9,30.0,none
6738,224.825,occluded,-13.1,-12.3,27.5,none
6741,224.925,occluded,-12.4,-12.0,29.4,none
6744,225.025,occluded,-11.9,-12.1,33.0,none
6747,225.125,occluded,-12.4,-11.7,35.6,none
6750,225.225,occluded,-12.1,-12.5,35.4,none
6753,225.325,occluded,-12.1,-12.6,33.6,none
6756,225.425,occluded,-12.4,-12.1,30.2,none
6759,225.525,occluded,-11.9,-11.3,27.3,none
6762,225.625,green_flash,-11.0,-11.8,26.2,none
6765,225.726,green_flash,-11.3,-11.4,25.3,none
6768,225.826,occluded,-11.6,-12.0,25.5,none
6771,225.926,occluded,-11.7,-11.5,30.2,none
6774,226.026,occluded,-11.4,-11.6,38.9,none
6777,226.126,occluded,-11.5,-11.3,48.2,none
6780,226.226,occluded,-10.9,-12.4,41.2,none
6783,226.326,occluded,-11.0,-11.6,39.0,none
6786,226.426,occluded,-12.2,-11.8,35.9,none
6789,226.526,occluded,-11.3,-11.5,34.6,red
6792,226.626,occluded,-12.2,-11.7,32.0,none
6795,226.727,occluded,-11.8,-11.1,31.7,none
6798,226.827,occluded,-12.5,-11.6,31.9,none
6801,226.927,occluded,-11.8,-11.0,32.1,none
6804,227.027,occluded,-12.4,-11.3,31.5,none
6807,227.127,occluded,-11.1,-11.1,30.7,none
6810,227.227,occluded,-12.5,-11.6,32.2,none
6813,227.327,occluded,-12.3,-11.8,32.9,none
6816,227.427,occluded,-12.3,-10.7,33.4,none
6819,227.527,occluded,-11.6,-11.2,32.6,none
6822,227.627,occluded,-11.5,-11.2,33.0,none
6825,227.728,occluded,-12.0,-11.0,34.0,none
6828,227.828,occluded,-11.6,-11.0,33.8,none
6831,227.928,occluded,-11.2,-11.8,33.8,none
6834,228.028,occluded,-12.3,-10.3,28.1,none
6837,228.128,occluded,-11.4,-12.0,24.7,none
6840,228.228,occluded,-12.6,-11.2,22.1,none
6843,228.328,occluded,-12.4,-11.2,22.8,none
6846,228.428,occluded,-11.7,-11.6,22.9,none
6849,228.528,occluded,-12.3,-12.1,22.4,none
6852,228.628,occluded,-12.2,-11.9,23.1,none
6855,228.728,occluded,-11.7,-11.3,21.7,red
6858,228.829,occluded,-11.6,-11.3,22.4,red
6861,228.929,occluded,-11.8,-10.9,21.1,red
6864,229.029,occluded,-12.5,-11.4,21.9,none
6867,229.129,occluded,-11.7,-11.6,22.6,none
6870,229.229,occluded,-12.3,-11.0,23.0,none
6873,229.329,occluded,-12.1,-10.9,22.0,none
6876,229.429,occluded,-10.8,-10.5,22.7,none
6879,229.529,occluded,-11.4,-11.5,23.1,none
6882,229.629,occluded,-10.8,-10.6,21.8,none
6885,229.73,occluded,-11.8,-10.4,23.0,none
6888,229.83,occluded,-11.3,-10.5,22.6,none
6891,229.93,occluded,-10.5,-11.5,21.0,none
6894,230.03,occluded,-11.7,-10.0,22.6,none
6897,230.13,occluded,-11.5,-10.3,23.1,red
6900,230.23,occluded,-11.7,-11.0,22.7,red
6903,230.33,occluded,-10.6,-9.8,22.3,none
6906,230.43,occluded,-12.5,-10.4,22.7,none
6909,230.53,occluded,-11.3,-10.4,23.9,none
6912,230.63,occluded,-11.7,-10.5,22.2,none
6915,230.73,occluded,-12.2,-11.0,23.2,none
6918,230.831,occluded,-11.7,-10.6,23.4,none
6921,230.931,occluded,-10.1,-10.6,23.2,none
6924,231.031,occluded,-12.1,-9.9,23.6,none
6927,231.131,occluded,-12.4,-10.6,22.3,none
6930,231.231,occluded,-11.5,-11.3,23.4,none
6933,231.331,occluded,-12.0,-12.2,23.7,none
6936,231.431,occluded,-11.0,-11.2,22.3,none
6939,231.531,occluded,-11.4,-11.8,23.3,none
6942,231.631,occluded,-11.9,-10.7,24.2,none
6945,231.732,occluded,-11.6,-11.4,22.8,none
6948,231.832,occluded,-11.2,-10.6,22.6,none
6951,231.932,occluded,-11.3,-11.2,21.3,none
6954,232.032,occluded,-11.1,-11.1,22.1,none
6957,232.132,occluded,-11.4,-10.8,14.6,none
6960,232.232,occluded,-11.3,-11.4,15.4,none
6963,232.332,occluded,-10.7,-11.8,14.3,none
6966,232.432,occluded,-11.5,-11.5,15.7,none
6969,232.532,occluded,-12.5,-10.9,16.5,none
6972,232.632,occluded,-12.3,-10.9,21.4,none
6975,232.733,occluded,-12.3,-12.1,22.5,none
6978,232.833,occluded,-12.0,-12.2,22.2,none
6981,232.933,occluded,-11.5,-11.0,23.1,none
6984,233.033,occluded,-11.1,-10.5,22.0,none
6987,233.133,occluded,-11.4,-11.1,14.1,none
6990,233.233,occluded,-10.8,-11.6,15.6,none
6993,233.333,occluded,-10.2,-10.3,15.6,none
6996,233.433,occluded,-10.9,-11.0,16.1,none
6999,233.533,occluded,-11.1,-10.7,14.2,none
7002,233.633,occluded,-11.6,-10.9,22.4,none
7005,233.734,occluded,-11.2,-10.9,22.9,none
7008,233.834,occluded,-11.0,-10.5,21.7,none
7011,233.934,occluded,-11.0,-10.6,22.4,none
7014,234.034,occluded,-10.7,-10.9,21.7,none
7017,234.134,occluded,-10.5,-10.7,15.5,none
7020,234.234,occluded,-11.5,-11.0,16.1,none
7023,234.334,occluded,-11.8,-11.3,15.7,none
7026,234.434,occluded,-11.5,-11.4,16.1,none
7029,234.534,occluded,-11.8,-10.2,15.1,none
7032,234.634,occluded,-12.1,-11.3,22.5,none
7035,234.734,occluded,-11.0,-10.7,22.3,none
7038,234.835,occluded,-13.1,-11.3,20.1,none
7041,234.935,occluded,-11.2,-10.5,20.3,none
7044,235.035,occluded,-11.1,-10.3,19.0,none
7047,235.135,amber,-10.1,39.7,14.7,amber
7050,235.235,amber,-12.0,37.5,13.1,amber
7053,235.335,amber,-11.5,37.5,12.9,none
7056,235.435,amber,-12.4,35.6,13.6,none
7059,235.535,amber,-10.6,36.2,13.9,none
7062,235.635,amber,-11.4,34.0,13.2,none
7065,235.736,amber,-12.1,36.2,13.4,none
7068,235.836,amber,-10.7,35.4,12.6,none
7071,235.936,amber,-11.2,35.0,14.3,none
7074,236.036,amber,-11.0,34.9,15.1,none
7077,236.136,amber,-11.3,35.0,13.6,none
7080,236.236,amber,-11.6,35.2,12.6,none
7083,236.336,amber,-11.8,35.3,15.0,none
7086,236.436,amber,-11.6,33.9,14.9,none
7089,236.536,amber,-12.3,34.9,16.3,none
7092,236.636,amber,-11.4,34.5,14.8,none
7095,236.736,amber,-11.7,34.4,15.6,none
7098,236.837,amber,-11.4,34.5,16.9,none
7101,236.937,amber,-10.5,34.8,15.8,none
7104,237.037,amber,-11.0,33.8,17.5,none
7107,237.137,amber,-10.8,33.7,21.6,none
7110,237.237,amber,-11.5,34.3,22.8,none
7113,237.337,amber,-11.5,35.1,26.0,none
7116,237.437,amber,-11.4,34.5,31.7,none
7119,237.537,amber,-11.1,34.0,35.4,none
7122,237.637,amber,-10.8,33.9,38.2,none
7125,237.738,amber,-12.2,34.9,39.8,none
7128,237.838,amber,-10.9,34.3,39.0,none
7131,237.938,amber,-12.0,34.0,39.9,none
7134,238.038,amber,-11.3,34.6,40.1,none
7137,238.138,red,116.3,-8.9,39.4,red
7140,238.238,red,117.3,-10.5,39.5,red
7143,238.338,red,116.7,-11.0,39.1,red
7146,238.438,red,114.7,-10.1,38.2,red
7149,238.538,red,117.4,-10.1,38.9,red
7152,238.638,red,116.1,-10.4,39.1,red
7155,238.739,red,116.6,-10.6,39.2,red
7158,238.839,red,115.5,-11.3,39.5,red
7161,238.939,red,115.6,-11.4,38.8,red
7164,239.039,red,114.2,-10.5,38.7,red
7167,239.139,red,113.0,-11.2,39.9,red
7170,239.239,red,116.4,-10.7,38.6,red
7173,239.339,red,113.1,-9.7,39.1,red
7176,239.439,red,115.2,-11.0,38.9,red
7179,239.539,red,115.1,-11.1,38.9,red
7182,239.639,red,114.9,-10.9,38.8,red
7185,239.74,red,114.0,-11.4,38.7,red
7188,239.84,red,115.8,-10.3,38.4,red
7191,239.94,red,115.3,-10.1,38.0,red
7194,240.04,red,115.4,-10.9,38.6,red
7197,240.14,red,114.5,-12.1,39.7,red
7200,240.24,red,112.2,-11.6,38.6,red
7203,240.34,red,112.1,-12.5,38.5,red
7206,240.44,red,112.6,-11.4,39.7,red
7209,240.54,red,112.5,-11.0,39.5,red
7212,240.64,red,114.1,-10.7,38.6,red
7215,240.74,red,112.2,-11.6,39.1,red
7218,240.841,red,115.4,-11.0,39.6,red
7221,240.941,red,115.1,-11.0,39.5,red
7224,241.041,red,114.9,-10.4,39.3,red
7227,241.141,red,113.8,-11.0,39.2,red
7230,241.241,red,114.8,-10.7,38.5,red
7233,241.341,red,114.2,-10.9,39.9,red
7236,241.441,red,112.6,-11.4,38.8,red
7239,241.541,red,112.1,-10.6,39.9,red
7242,241.641,red,114.2,-10.6,38.9,red
7245,241.742,red,114.6,-11.0,39.4,red
7248,241.842,red,114.1,-10.9,38.9,red
7251,241.942,red,114.6,-11.5,38.9,red
7254,242.042,red,115.1,-10.4,38.5,red
7257,242.142,red,115.3,-11.8,38.2,red
7260,242.242,red,114.4,-11.0,38.4,red
7263,242.342,red,115.2,-10.9,38.3,red
7266,242.442,red,114.6,-11.1,37.3,red
7269,242.542,red,114.0,-11.4,35.4,red
7272,242.642,red,114.7,-9.5,34.1,red
7275,242.742,red,113.2,-11.9,33.4,red
7278,242.843,red,114.1,-10.9,33.2,red
7281,242.943,red,113.2,-10.9,32.5,red
7284,243.043,red,112.8,-10.3,29.7,red
7287,243.143,red,114.0,-10.5,28.7,red
7290,243.243,red,114.4,-10.5,28.6,red
7293,243.343,red,114.3,-9.9,26.8,red
7296,243.443,red,114.2,-10.1,25.4,red
7299,243.543,red,115.9,-11.2,25.4,red
7302,243.643,red,114.0,-11.3,26.3,red
7305,243.744,red,114.4,-9.6,23.7,red
7308,243.844,red,114.9,-11.1,19.0,red
7311,243.944,red,115.1,-10.4,11.7,red
7314,244.044,red,115.0,-10.5,9.6,red
7317,244.144,red,116.2,-10.7,9.7,red
7320,244.244,red,116.4,-11.4,9.1,red
7323,244.344,red,115.3,-11.1,3.1,red
7326,244.444,red,115.3,-11.4,3.1,red
7329,244.544,red,116.9,-10.4,4.5,red
7332,244.644,red,114.3,-10.2,3.1,red
7335,244.745,red,115.4,-10.1,5.8,red
7338,244.845,red,114.8,-10.1,4.9,red
7341,244.945,red,115.3,-10.7,4.4,red
7344,245.045,red,115.8,-10.9,3.7,red
7347,245.145,red,116.0,-9.8,4.5,red
7350,245.245,red,116.1,-10.7,4.3,red
7353,245.345,red,114.9,-9.6,4.6,red
7356,245.445,red,116.2,-10.3,3.7,red
7359,245.545,red,115.0,-9.6,4.8,red
7362,245.645,red,115.0,-10.7,5.1,red
7365,245.746,red,115.7,-11.2,4.7,red
7368,245.846,red,115.8,-10.4,4.2,red
7371,245.946,red,115.4,-9.4,4.2,red
7374,246.046,red,116.1,-10.2,3.7,red
7377,246.146,red,115.9,-10.5,3.9,red
7380,246.246,red,114.3,-9.2,4.6,red
7383,246.346,red,115.5,-9.6,3.8,red
7386,246.446,red,113.9,-9.9,3.1,red
7389,246.546,red,114.9,-10.4,4.1,red
7392,246.646,red,114.6,-11.1,4.0,red
7395,246.746,red,114.6,-9.7,4.2,red
7398,246.847,red,115.0,-10.2,4.6,red
7401,246.947,red,114.2,-10.5,3.2,red
7404,247.047,red,114.0,-10.0,3.8,red
7407,247.147,red,115.4,-10.2,3.4,red
7410,247.247,red,115.6,-9.7,3.3,red
7413,247.347,red,115.1,-10.6,4.3,red
7416,247.447,red,117.0,-9.9,3.9,red
7419,247.547,red,115.8,-9.9,4.1,red
7422,247.647,red,116.1,-10.5,4.7,red
7425,247.748,red,116.3,-9.7,4.8,red
7428,247.848,red,115.8,-9.7,2.2,red
7431,247.948,red,115.5,-9.3,5.0,red
7434,248.048,red,116.7,-9.9,3.8,red
7437,248.148,red,116.2,-9.4,3.3,red
7440,248.248,red,116.0,-9.8,3.4,red
7443,248.348,red,116.2,-10.6,4.4,red
7446,248.448,red,115.8,-10.5,3.6,red
7449,248.548,red,116.6,-10.7,3.2,red
7452,248.648,red,115.5,-9.4,3.7,red
7455,248.748,red,116.2,-9.7,3.8,red
7458,248.849,red,115.1,-10.4,4.2,red
7461,248.949,red,117.5,-10.3,4.5,red
7464,249.049,red,116.1,-9.9,4.5,red
7467,249.149,red,116.5,-10.0,5.3,red
7470,249.249,red,115.7,-10.5,4.5,red
7473,249.349,red,115.7,-10.5,5.0,red
7476,249.449,red,116.8,-10.1,2.8,red
7479,249.549,red,115.6,-10.8,3.9,red
7482,249.649,red,116.3,-9.6,4.4,red
7485,249.75,red,116.9,-9.5,5.2,red
7488,249.85,red,115.7,-10.2,3.9,red
7491,249.95,red,116.2,-10.4,3.9,red
7494,250.05,red,116.9,-10.9,3.9,red
7497,250.15,red,117.9,-10.5,4.5,red
7500,250.25,red,117.2,-10.0,3.8,red
7503,250.35,red,115.7,-10.8,4.2,red
7506,250.45,red,117.2,-8.8,5.3,red
7509,250.55,red,116.7,-9.7,4.5,red
7512,250.65,red,116.5,-10.6,4.2,red
7515,250.751,red,116.6,-8.8,4.8,red
7518,250.851,red,115.1,-10.0,4.2,red
7521,250.951,red,116.0,-10.6,4.4,red
7524,251.051,red,115.9,-10.5,4.6,red
7527,251.151,red,115.5,-10.4,4.6,red
7530,251.251,red,114.2,-10.9,4.2,red
7533,251.351,red,115.1,-9.7,4.2,red
7536,251.451,red,116.8,-11.0,3.9,red
7539,251.551,red,114.8,-11.4,3.3,red
7542,251.651,red,114.4,-10.2,3.9,red
7545,251.752,red,115.9,-9.4,4.1,red
7548,251.852,red,115.4,-10.2,4.1,red
7551,251.952,red,115.6,-10.9,4.3,red
7554,252.052,red,115.2,-10.9,4.1,red
7557,252.152,red,114.7,-9.0,4.8,red
7560,252.252,red,115.5,-10.9,4.2,red
7563,252.352,red,115.1,-11.0,5.5,red
7566,252.452,red,115.0,-10.6,3.6,red
7569,252.552,red,115.1,-10.4,4.1,red
7572,252.652,red,115.2,-9.7,3.8,red
7575,252.752,red,115.2,-10.8,4.4,red
7578,252.853,red,115.0,-10.4,4.5,red
7581,252.953,red,115.9,-10.6,4.0,red
7584,253.053,red,114.4,-9.8,3.8,red
7587,253.153,red,116.2,-10.8,3.8,red
7590,253.253,red,113.9,-9.7,4.1,red
7593,253.353,red,114.2,-9.9,3.7,red
7596,253.453,red,115.1,-9.2,5.6,red
7599,253.553,red,114.1,-10.6,4.6,red
7602,253.653,red,114.5,-11.0,3.8,red
7605,253.754,red,114.4,-11.2,4.2,red
7608,253.854,red,113.4,-10.4,3.8,red
7611,253.954,red,114.4,-10.2,4.6,red
7614,254.054,red,115.1,-9.7,4.5,red
7617,254.154,red,114.8,-10.6,3.8,red
7620,254.254,red,114.5,-10.0,4.4,red
7623,254.354,red,113.6,-9.2,4.1,red
7626,254.454,red,114.8,-9.5,4.6,red
7629,254.554,red,115.9,-10.0,3.9,red
7632,254.654,red,114.1,-10.2,4.8,red
7635,254.754,red,115.4,-10.0,3.8,red
7638,254.855,red,113.3,-10.1,3.4,red
7641,254.955,red,115.7,-10.6,4.3,red
7644,255.055,red,115.4,-10.7,3.3,red
7647,255.155,red,112.9,-11.2,2.8,red
7650,255.255,red,113.6,-10.6,4.1,red
7653,255.355,red,115.5,-10.7,4.0,red
7656,255.455,red,115.8,-10.2,4.4,red
7659,255.555,red,114.9,-10.4,4.2,red
7662,255.655,red,113.9,-10.3,4.2,red
7665,255.756,red,114.5,-10.3,3.8,red
7668,255.856,red,114.4,-10.5,4.7,red
7671,255.956,red,114.3,-10.4,3.8,red
7674,256.056,red,113.3,-10.4,3.4,red
7677,256.156,red,112.8,-9.6,3.6,red
7680,256.256,red,114.6,-9.8,4.2,red
7683,256.356,red,114.7,-10.0,3.9,red
7686,256.456,red,114.8,-10.1,4.2,red
7689,256.556,red,113.7,-10.0,3.6,red
7692,256.656,red,115.2,-11.0,3.6,red
7695,256.757,red,115.4,-11.5,3.1,red
7698,256.857,red,114.6,-10.8,3.4,red
7701,256.957,red,114.4,-10.8,3.6,red
7704,257.057,red,115.2,-11.0,3.3,red
7707,257.157,red,115.1,-10.1,3.2,red
7710,257.257,red,114.6,-11.1,4.0,red
7713,257.357,red,115.4,-11.2,3.7,red
7716,257.457,red,113.8,-10.7,4.4,red
7719,257.557,red,113.8,-10.7,4.3,red
7722,257.657,red,114.6,-11.1,4.9,red
7725,257.758,red,114.2,-8.7,4.5,red
7728,257.858,red,114.3,-11.0,4.3,red
7731,257.958,red,114.8,-10.2,3.5,red
7734,258.058,red,114.0,-10.4,3.3,red
7737,258.158,red,113.8,-10.8,4.8,red
7740,258.258,red,113.8,-10.9,4.5,red
7743,258.358,red,114.2,-9.8,4.5,red
7746,258.458,red,115.0,-10.0,4.0,red
7749,258.558,red,114.5,-10.6,3.8,red
7752,258.658,red,115.0,-9.9,3.8,red
7755,258.759,red,116.3,-9.9,3.9,red
7758,258.859,red,115.7,-10.1,3.4,red
7761,258.959,red,115.1,-10.4,4.0,red
7764,259.059,red,115.2,-10.2,3.5,red
7767,259.159,red,115.0,-10.9,3.8,red
7770,259.259,red,113.1,-11.3,3.9,red
7773,259.359,red,112.7,-10.3,4.9,red
7776,259.459,red,114.9,-10.5,3.9,red
7779,259.559,red,114.4,-11.4,3.6,red
7782,259.659,red,114.3,-11.4,5.2,red
7785,259.76,red,113.6,-10.6,3.0,red
7788,259.86,red,115.1,-9.7,4.6,red
7791,259.96,red,115.1,-11.0,4.7,red
7794,260.06,red,114.7,-9.8,4.6,red
7797,260.16,red,114.3,-11.2,4.1,red
7800,260.26,red,114.7,-10.4,5.5,red
7803,260.36,red,113.5,-10.0,3.5,red
7806,260.46,red,115.7,-10.5,4.5,red
7809,260.56,red,114.0,-10.5,4.5,red
7812,260.66,red,115.4,-10.5,3.9,red
7815,260.76,red,115.3,-9.4,3.5,red
7818,260.861,red,116.0,-11.0,4.3,red
7821,260.961,red,114.5,-10.0,3.6,red
7824,261.061,red,116.0,-10.0,4.6,red
7827,261.161,red,115.2,-10.1,3.5,red
7830,261.261,red,114.3,-10.6,3.3,red
7833,261.361,red,113.3,-10.7,4.3,red
7836,261.461,red,115.3,-9.9,4.0,red
7839,261.561,red,114.7,-8.8,4.6,red
7842,261.661,red,114.9,-9.8,4.2,red
7845,261.762,red,115.1,-11.1,3.8,red
7848,261.862,red,114.9,-10.0,3.5,red
7851,261.962,red,115.3,-10.6,3.6,red
7854,262.062,red,114.8,-10.0,4.0,red
7857,262.162,red,115.4,-10.0,4.3,red
7860,262.262,red,115.2,-10.2,5.0,red
7863,262.362,red,114.7,-10.9,4.6,red
7866,262.462,red,114.8,-11.1,4.5,red
7869,262.562,red,116.7,-10.2,4.3,red
7872,262.662,red,114.9,-10.9,3.3,red
7875,262.762,red,115.4,-9.6,4.3,red
7878,262.863,red,115.6,-9.7,4.2,red
7881,262.963,red,115.4,-11.1,4.0,red
7884,263.063,red,115.7,-9.7,3.9,red
7887,263.163,red,115.1,-10.0,4.1,red
7890,263.263,red,114.6,-9.9,3.3,red
7893,263.363,red,114.2,-10.3,4.1,red
7896,263.463,red,115.5,-10.2,4.1,red
7899,263.563,red,117.1,-10.2,4.8,red
7902,263.663,red,114.9,-10.4,3.9,red
7905,263.764,red,115.3,-9.9,3.7,red
7908,263.864,red,116.2,-10.0,5.4,red
7911,263.964,red,115.4,-10.2,3.9,red
7914,264.064,red,115.5,-10.0,4.5,red
7917,264.164,red,116.4,-10.1,4.1,red
7920,264.264,red,115.4,-10.9,5.7,red
7923,264.364,red,114.7,-10.4,3.1,red
7926,264.464,red,115.0,-10.7,3.8,red
7929,264.564,red,115.9,-9.3,4.6,red
7932,264.664,red,117.7,-10.7,4.7,red
7935,264.764,red,114.9,-11.0,4.1,red
7938,264.865,red,114.3,-10.9,4.5,red
7941,264.965,red,115.1,-10.2,4.0,red
7944,265.065,red,116.3,-9.9,3.0,red
7947,265.165,red,115.8,-10.1,3.1,red
7950,265.265,red,116.9,-10.0,2.9,red
7953,265.365,red,116.1,-10.7,3.4,red
7956,265.465,red,115.3,-10.7,2.9,red
7959,265.565,red,115.6,-9.9,3.5,red
7962,265.665,red,115.0,-10.3,3.5,red
7965,265.766,red,115.4,-10.6,3.1,red
7968,265.866,red,115.8,-8.9,4.3,red
7971,265.966,red,115.8,-11.3,4.1,red
7974,266.066,red,114.3,-10.2,3.7,red
7977,266.166,red,115.7,-9.5,3.5,red
7980,266.266,red,117.0,-9.5,3.6,red
7983,266.366,red,115.8,-11.1,4.3,red
7986,266.466,red,115.1,-10.4,4.1,red
7989,266.566,red,114.7,-10.0,4.1,red
7992,266.666,red,114.2,-10.3,3.9,red
7995,266.766,red,114.9,-9.8,3.5,red
7998,266.867,red,114.8,-11.5,3.9,red
8001,266.967,red,115.9,-10.5,3.9,red
8004,267.067,red,116.4,-10.5,3.9,red
8007,267.167,red,115.6,-9.5,3.9,red
8010,267.267,red,114.5,-10.1,3.4,red
8013,267.367,red,114.6,-9.9,4.5,red
8016,267.467,red,115.5,-9.6,3.4,red
8019,267.567,red,116.5,-10.1,3.7,red
8022,267.667,red,116.4,-10.6,4.1,red
8025,267.768,red,115.3,-10.2,3.5,red
8028,267.868,red,115.1,-10.8,3.9,red
8031,267.968,red,114.6,-10.7,4.2,red
8034,268.068,red,115.9,-10.1,3.6,red
8037,268.168,red,115.0,-10.6,3.6,red
8040,268.268,red,114.9,-9.3,4.4,red
8043,268.368,red,114.0,-10.5,3.9,red
8046,268.468,red,116.6,-10.9,3.8,red
8049,268.568,red,114.4,-9.7,4.2,red
8052,268.668,red,113.9,-10.0,3.4,red
8055,268.768,red,115.4,-10.8,4.0,red
8058,268.869,red,115.8,-10.1,3.9,red
8061,268.969,red,115.0,-10.4,5.3,red
8064,269.069,red,115.0,-10.9,4.7,red
8067,269.169,red,115.4,-10.3,3.5,red
8070,269.269,red,116.2,-9.2,4.5,red
8073,269.369,red,114.5,-9.9,4.7,red
8076,269.469,red,116.0,-10.2,4.7,red
8079,269.569,red,114.3,-9.7,3.8,red
8082,269.669,red,114.3,-9.4,4.5,red
8085,269.77,red,115.8,-9.7,5.3,red
8088,269.87,red,114.2,-10.8,3.6,red
8091,269.97,red,112.9,-10.5,3.5,red
8094,270.07,red,113.5,-10.0,3.7,red
8097,270.17,red,113.7,-10.8,4.0,red
8100,270.27,red,113.8,-10.6,4.1,red
8103,270.37,red,113.9,-10.5,3.6,red
8106,270.47,red,111.5,-10.0,3.8,red
8109,270.57,red,114.6,-10.7,4.0,red
8112,270.67,red,114.1,-10.3,4.2,red
8115,270.77,red,114.2,-9.7,4.0,red
8118,270.871,red,114.2,-10.0,3.8,red
8121,270.971,red,114.1,-10.2,4.6,red
8124,271.071,red,114.8,-10.1,3.4,red
8127,271.171,red,115.8,-10.6,3.8,red
8130,271.271,red,115.1,-9.6,3.9,red
8133,271.371,red,114.6,-9.1,4.8,red
8136,271.471,red,112.5,-10.4,4.2,red
8139,271.571,red,113.7,-10.0,3.4,red
8142,271.671,red,113.3,-10.3,3.7,red
8145,271.772,red,113.4,-10.7,3.7,red
8148,271.872,red,113.9,-10.3,3.8,red
8151,271.972,red,114.0,-9.2,4.8,red
8154,272.072,red,114.2,-10.2,3.4,red
8157,272.172,red,114.3,-10.1,3.2,red
8160,272.272,red,113.0,-10.0,3.3,red
8163,272.372,red,113.7,-9.4,3.6,red
8166,272.472,red,112.4,-10.5,4.5,red
8169,272.572,red,112.8,-10.1,3.4,red
8172,272.672,red,111.9,-9.9,3.4,red
8175,272.772,red,112.8,-10.3,4.7,red
8178,272.873,red,111.0,-10.2,3.4,red
8181,272.973,red,111.9,-10.8,4.4,red
8184,273.073,red,110.9,-11.4,4.7,red
8187,273.173,red,113.0,-10.1,4.2,red
8190,273.273,red,111.6,-10.9,3.7,red
8193,273.373,red,112.9,-10.7,3.0,red
8196,273.473,red,111.8,-10.8,3.4,red
8199,273.573,red,111.1,-11.1,4.8,red
8202,273.673,red,111.8,-10.8,4.1,red
8205,273.774,red,112.0,-10.8,4.0,red
8208,273.874,red,113.2,-11.1,4.7,red
8211,273.974,red,113.2,-10.5,3.6,red
8214,274.074,red,113.4,-9.7,5.0,red
8217,274.174,red_amber,113.0,36.2,2.8,red
8220,274.274,red_amber,113.7,35.5,2.5,red
8223,274.374,red_amber,113.4,35.3,4.2,red
8226,274.474,red_amber,113.1,35.5,3.4,red
8229,274.574,red_amber,113.0,35.3,2.6,red
8232,274.674,red_amber,113.3,35.2,4.0,red
8235,274.774,red_amber,112.8,33.7,3.7,red
8238,274.875,red_amber,112.8,34.6,3.3,red
8241,274.975,red_amber,111.8,34.6,4.5,red
8244,275.075,occluded,112.3,34.6,3.7,red
8247,275.175,occluded,112.6,34.5,4.7,red
8250,275.275,red_amber,112.5,34.3,3.5,red
8253,275.375,red_amber,112.9,34.3,3.7,red
8256,275.475,red_amber,114.0,34.7,3.4,red
8259,275.575,red_amber,114.2,34.5,4.6,red
8262,275.675,red_amber,113.0,34.8,4.6,red
8265,275.776,red_amber,112.1,34.5,4.4,red
8268,275.876,red_amber,113.5,34.9,5.4,red
8271,275.976,red_amber,111.6,34.8,4.1,red
8274,276.076,red_amber,111.7,34.8,3.8,red
8277,276.176,red_amber,112.3,33.0,4.3,red
8280,276.276,red_amber,112.3,35.2,4.3,red
8283,276.376,red_amber,113.7,35.3,4.3,red
8286,276.476,red_amber,111.8,35.7,4.6,red
8289,276.576,red_amber,113.2,35.8,2.9,red
8292,276.676,red_amber,112.8,35.4,3.4,red
8295,276.776,red_amber,110.5,35.4,3.2,red
8298,276.877,red_amber,112.8,35.6,3.6,red
8301,276.977,red_amber,112.7,35.8,4.0,red
8304,277.077,occluded,112.8,35.1,3.3,red
8307,277.177,green,-9.2,-9.9,128.5,green
8310,277.277,green,-11.8,-11.7,127.3,green
8313,277.377,green,-12.5,-10.8,127.5,green
8316,277.477,green,-12.2,-11.7,126.9,green
8319,277.577,green,-12.1,-10.9,126.6,green
8322,277.677,green,-10.7,-10.3,127.9,green
8325,277.778,green,-12.1,-11.5,127.5,green
8328,277.878,green,-10.9,-11.4,127.7,green
8331,277.978,green,-11.6,-10.8,127.8,green
8334,278.078,green,-11.2,-10.8,127.6,green
8337,278.178,green,-11.0,-11.2,127.1,green
8340,278.278,green,-11.3,-11.1,128.1,green
8343,278.378,green,-10.9,-10.4,127.8,green
8346,278.478,green,-9.8,-10.7,128.3,green
8349,278.578,green,-11.1,-10.8,127.3,green
8352,278.678,green,-10.4,-10.1,127.5,green
8355,278.778,green,-10.8,-10.5,127.6,green
8358,278.879,green,-10.1,-11.5,128.1,green
8361,278.979,green,-10.7,-10.4,127.7,green
8364,279.079,green,-10.3,-11.1,128.4,green
8367,279.179,green,-11.6,-10.9,128.0,green
8370,279.279,green,-11.5,-10.6,127.4,green
8373,279.379,green,-11.4,-10.9,127.2,none
8376,279.479,green,-11.8,-10.6,127.7,green
8379,279.579,green,-11.7,-10.9,128.4,green
8382,279.679,green,-11.8,-11.1,127.2,green
8385,279.78,green,-10.6,-11.5,127.4,green
8388,279.88,green,-10.4,-12.2,128.5,green
8391,279.98,green,-11.8,-11.6,128.1,green
8394,280.08,green,-10.6,-10.8,127.7,green
8397,280.18,green,-11.5,-11.0,128.2,green
8400,280.28,green,-10.2,-12.0,127.4,green
8403,280.38,green,-10.9,-11.5,127.4,green
8406,280.48,green,-11.0,-10.8,127.5,green
8409,280.58,green,-11.5,-10.8,128.6,green
8412,280.68,green,-11.5,-10.4,127.4,green
8415,280.78,green,-10.1,-10.7,128.1,green
8418,280.881,green,-11.5,-9.9,127.8,green
8421,280.981,green,-11.2,-11.0,126.9,green
8424,281.081,green,-12.3,-11.1,127.2,green
8427,281.181,green,-11.9,-11.2,127.6,green
8430,281.281,green,-12.4,-11.4,127.6,green
8433,281.381,green,-13.0,-11.4,127.6,green
8436,281.481,green,-11.5,-10.8,127.8,green
8439,281.581,green,-11.0,-10.8,127.5,green
8442,281.681,green,-11.6,-11.5,127.6,green
8445,281.782,green,-11.9,-11.2,127.2,green
8448,281.882,green,-12.4,-12.2,126.7,green
8451,281.982,green,-11.3,-12.2,127.1,green
8454,282.082,green,-11.1,-11.0,127.0,green
8457,282.182,green,-11.6,-11.7,126.9,green
8460,282.282,green,-10.4,-10.6,126.3,green
8463,282.382,green,-10.6,-10.5,127.0,green
8466,282.482,green,-10.9,-10.6,126.5,green
8469,282.582,green,-11.6,-10.9,125.9,green
8472,282.682,green,-11.3,-10.7,126.7,green
8475,282.782,green,-11.1,-11.3,125.9,green
8478,282.883,green,-11.1,-11.7,125.6,green
8481,282.983,green,-11.6,-10.5,125.6,green
8484,283.083,green,-11.0,-11.3,125.6,green
8487,283.183,green,-11.5,-10.7,126.0,green
8490,283.283,green,-10.7,-10.3,125.1,green
8493,283.383,green,-12.0,-11.8,125.3,green
8496,283.483,green,-11.1,-10.1,125.6,green
8499,283.583,green,-10.8,-10.6,126.0,green
8502,283.683,green,-11.8,-10.4,125.3,green
8505,283.784,green,-10.9,-11.1,125.0,green
8508,283.884,green,-11.1,-10.4,124.5,green
8511,283.984,green,-11.6,-11.7,124.9,green
8514,284.084,green,-11.3,-10.5,124.7,green
8517,284.184,green,-10.1,-10.1,124.1,green
8520,284.284,green,-11.0,-11.0,124.3,green
8523,284.384,green,-10.8,-10.9,123.9,green
8526,284.484,green,-10.7,-11.4,124.6,green
8529,284.584,green,-11.4,-11.0,124.0,green
8532,284.684,green,-10.8,-10.7,124.3,green
8535,284.784,green,-10.6,-11.3,124.6,green
8538,284.885,green,-10.2,-11.0,123.8,green
8541,284.985,green,-10.5,-10.7,124.2,green
8544,285.085,green,-10.3,-10.2,124.1,green
8547,285.185,green,-10.7,-10.1,124.8,green
8550,285.285,green,-10.5,-9.7,123.7,green
8553,285.385,green,-10.6,-9.7,124.2,green
8556,285.485,green,-11.9,-10.6,124.2,green
8559,285.585,green,-11.2,-10.4,124.1,green
8562,285.685,green,-11.1,-11.2,124.0,green
8565,285.786,green,-11.3,-11.1,123.5,green
8568,285.886,green,-11.8,-10.1,124.4,green
8571,285.986,green,-11.8,-11.6,124.8,green
8574,286.086,green,-11.2,-9.9,123.4,green
8577,286.186,green,-11.1,-10.8,123.0,green
8580,286.286,green,-10.4,-10.7,123.5,green
8583,286.386,green,-10.7,-10.8,123.5,green
8586,286.486,green,-10.5,-10.2,123.8,green
8589,286.586,green,-11.0,-10.7,123.1,green
8592,286.686,green,-11.2,-10.4,124.4,green
8595,286.786,green,-11.7,-10.6,123.8,green
8598,286.887,green,-11.3,-10.0,124.9,green
8601,286.987,green,-11.8,-10.1,124.0,green
8604,287.087,green,-10.8,-11.3,124.4,green
8607,287.187,green,-10.5,-10.2,123.9,green
8610,287.287,green,-11.9,-10.4,123.2,green
8613,287.387,green,-11.1,-10.5,123.4,green
8616,287.487,green,-11.0,-10.2,122.9,green
8619,287.587,green,-11.4,-10.6,124.3,green
8622,287.687,green,-11.4,-11.6,123.9,green
8625,287.788,green,-10.8,-9.0,123.4,green
8628,287.888,green,-10.0,-11.0,123.7,green
8631,287.988,green,-10.8,-10.7,123.9,green
8634,288.088,green,-10.6,-10.8,123.4,green
8637,288.188,green,-8.9,-10.7,123.9,green
8640,288.288,green,-10.8,-9.9,125.0,green
8643,288.388,green,-10.7,-10.1,123.8,green
8646,288.488,green,-11.0,-10.0,125.0,green
8649,288.588,green,-11.3,-10.8,124.8,green
8652,288.688,green,-10.9,-11.0,123.8,green
8655,288.788,green,-9.8,-10.9,124.2,green
8658,288.889,green,-11.1,-9.7,123.8,green
8661,288.989,green,-10.1,-10.1,123.8,green
8664,289.089,green,-10.7,-10.5,124.2,green
8667,289.189,green,-11.7,-10.4,124.7,green
8670,289.289,green,-11.0,-10.8,125.1,green
8673,289.389,green,-12.3,-10.7,124.3,green
8676,289.489,occluded,-11.8,-10.0,97.3,green
8679,289.589,occluded,-11.1,-10.7,89.1,green
8682,289.689,green,-11.4,-11.3,124.0,green
8685,289.79,occluded,-12.6,-12.1,123.3,green
8688,289.89,occluded,-11.1,-10.6,122.2,green
8691,289.99,occluded,-13.0,-12.5,30.1,none
8694,290.09,occluded,-12.1,-12.7,38.0,none
8697,290.19,occluded,-11.7,-12.2,33.5,none
8700,290.29,occluded,-11.9,-11.9,34.7,none
8703,290.39,occluded,-11.0,-12.0,34.3,none
8706,290.49,occluded,-11.9,-12.1,34.9,none
8709,290.59,occluded,-11.7,-11.5,88.4,green
8712,290.69,green,-11.3,-11.7,126.9,green
8715,290.79,green,-12.2,-11.5,127.4,green
8718,290.891,green,-11.3,-10.6,127.4,green
8721,290.991,green,-10.7,-11.3,127.9,green
8724,291.091,green,-11.5,-11.2,128.0,green
8727,291.191,green,-11.0,-10.7,127.3,green
8730,291.291,green,-12.8,-12.0,128.5,green
8733,291.391,green,-12.3,-11.1,129.1,green
8736,291.491,green,-12.9,-11.7,128.3,green
8739,291.591,green,-11.4,-12.2,129.0,green
8742,291.691,green,-12.1,-12.1,129.8,none
8745,291.792,green,-11.4,-11.3,129.0,none
8748,291.892,green,-12.1,-11.0,129.7,none
8751,291.992,green,-12.8,-11.6,129.9,green
8754,292.092,green,-11.9,-11.5,129.6,green
8757,292.192,green,-11.8,-11.2,130.6,green
8760,292.292,green,-11.8,-10.6,130.3,green
8763,292.392,green,-11.5,-10.5,130.5,green
8766,292.492,green,-12.5,-11.5,130.7,green
8769,292.592,green,-11.1,-11.4,130.9,green
8772,292.692,green,-12.3,-12.1,130.3,green
8775,292.792,green,-11.7,-12.0,130.7,green
8778,292.893,green,-11.4,-11.7,131.0,green
8781,292.993,green,-12.1,-11.8,131.6,green
8784,293.093,green,-12.0,-11.3,131.6,green
8787,293.193,green,-12.4,-12.7,131.9,green
8790,293.293,green,-13.0,-12.5,130.7,green
8793,293.393,green,-12.4,-12.6,131.3,green
8796,293.493,green,-12.8,-12.8,131.7,green
8799,293.593,green,-12.9,-11.5,131.4,green
8802,293.693,green,-12.7,-11.8,131.6,green
8805,293.794,green,-12.3,-12.0,131.2,green
8808,293.894,green,-11.4,-10.6,130.3,green
8811,293.994,green,-12.2,-11.5,130.3,green
8814,294.094,green,-12.1,-11.8,131.4,green
8817,294.194,green,-11.4,-11.5,131.0,green
8820,294.294,green,-12.4,-11.8,131.1,green
8823,294.394,green,-11.6,-11.7,130.7,green
8826,294.494,green,-12.4,-11.5,131.1,green
8829,294.594,green,-11.7,-11.1,130.5,green
8832,294.694,green,-11.1,-11.7,130.8,green
8835,294.794,green,-11.2,-10.4,130.7,green
8838,294.895,green,-12.2,-10.9,130.4,green
8841,294.995,green,-12.0,-11.9,130.1,green
8844,295.095,green,-11.3,-11.0,130.9,green
8847,295.195,green,-10.8,-12.1,129.9,green
8850,295.295,green,-12.9,-11.6,130.2,green
8853,295.395,green,-12.5,-12.4,130.5,red
8856,295.495,green,-12.5,-12.5,130.9,none
8859,295.595,green,-11.3,-11.8,130.9,green
8862,295.695,green,-11.1,-10.6,130.7,green
8865,295.796,green,-11.3,-11.9,131.6,green
8868,295.896,green,-10.8,-10.1,130.8,green
8871,295.996,green,-11.0,-10.3,130.0,green
8874,296.096,green,-11.4,-10.9,130.0,green
8877,296.196,green,-11.5,-11.1,129.6,green
8880,296.296,green,-10.5,-10.5,129.6,green
8883,296.396,green,-10.9,-10.2,130.0,green
8886,296.496,green,-11.2,-10.3,129.4,green
8889,296.596,green,-11.2,-10.3,129.9,green
8892,296.696,green,-11.5,-10.9,130.1,green
8895,296.796,green,-11.7,-11.2,130.0,green
8898,296.897,green,-11.0,-10.6,129.3,green
8901,296.997,green,-11.0,-9.7,129.3,green
8904,297.097,green,-10.9,-10.1,128.9,green
8907,297.197,green,-11.5,-9.8,129.0,green
8910,297.297,green,-10.6,-11.3,128.4,none
8913,297.397,green,-10.4,-10.6,128.5,none
8916,297.497,green,-10.4,-10.8,128.1,green
8919,297.597,green,-10.6,-9.6,128.9,green
8922,297.697,green,-10.8,-10.2,129.1,green
8925,297.798,green,-10.0,-10.7,128.6,green
8928,297.898,green,-11.4,-11.4,128.7,green
8931,297.998,green,-11.6,-10.9,129.0,green
8934,298.098,green,-11.1,-10.7,129.2,green
8937,298.198,green,-10.1,-10.0,128.7,green
8940,298.298,green,-11.6,-11.0,128.4,green
8943,298.398,green,-11.6,-10.9,128.8,green
8946,298.498,green,-11.1,-11.1,129.5,green
8949,298.598,green,-11.0,-11.8,128.5,green
8952,298.698,green,-11.4,-10.8,128.6,green
8955,298.798,green,-11.0,-10.2,128.3,green
8958,298.899,green,-10.4,-10.7,128.7,green
8961,298.999,green,-11.2,-9.9,128.2,green
8964,299.099,green,-11.6,-10.1,127.6,green
8967,299.199,green,-11.2,-11.1,127.6,green
8970,299.299,green,-10.9,-10.3,128.1,green
8973,299.399,green,-10.7,-10.4,127.5,green
8976,299.499,green,-9.9,-10.5,128.2,green
8979,299.599,green,-11.8,-10.9,127.7,green
8982,299.699,green,-9.8,-10.7,127.3,green
8985,299.8,green,-11.0,-9.8,127.0,green
8988,299.9,green,-10.6,-9.9,126.7,green
8991,300.0,green,-10.6,-10.1,126.8,green
8994,300.1,green,-11.1,-10.4,126.2,green
8997,300.2,green,-10.8,-10.7,126.1,green
9000,300.3,green,-10.1,-10.0,127.2,green
9003,300.4,green,-10.1,-10.9,126.9,green
9006,300.5,green,-10.1,-10.5,126.3,green
9009,300.6,green,-10.3,-10.8,125.9,green
9012,300.7,green,-11.8,-9.7,126.0,green
9015,300.8,green,-11.6,-9.7,126.2,green
9018,300.901,green,-10.9,-10.6,125.7,none
9021,301.001,green,-11.0,-10.2,125.6,none
9024,301.101,green,-10.2,-10.8,125.8,green
9027,301.201,green,-10.7,-10.8,125.3,green
9030,301.301,green,-10.3,-9.9,126.2,green
9033,301.401,green,-10.6,-9.6,126.1,green
9036,301.501,green,-10.8,-9.6,125.2,green
9039,301.601,green,-10.3,-10.6,126.1,green
9042,301.701,green,-10.9,-9.7,125.5,green
9045,301.802,green,-12.1,-9.9,125.6,green
9048,301.902,green,-11.0,-9.8,125.0,green
9051,302.002,green,-10.2,-10.3,124.9,red
9054,302.102,green,-11.1,-10.9,125.5,red
9057,302.202,green,-12.2,-10.3,124.2,red
9060,302.302,green,-10.5,-9.9,125.4,green
9063,302.402,green,-10.9,-10.7,124.9,green
9066,302.502,green,-9.9,-10.2,124.7,green
9069,302.602,green,-10.3,-9.8,125.3,green
9072,302.702,green,-9.3,-10.7,124.2,green
9075,302.802,green,-10.6,-9.6,124.4,green
9078,302.903,green,-10.6,-10.1,124.4,green
9081,303.003,green,-10.7,-8.5,124.8,green
9084,303.103,green,-10.4,-11.0,125.1,green
9087,303.203,green,-9.8,-10.0,123.8,green
9090,303.303,green,-10.6,-10.8,124.4,green
9093,303.403,green,-11.2,-10.1,124.1,green
9096,303.503,green,-11.1,-10.5,124.2,green
9099,303.603,green,-11.3,-9.6,123.9,green
9102,303.703,green,-10.9,-10.5,124.3,green
9105,303.804,green,-10.6,-10.1,124.7,green
9108,303.904,green,-10.2,-9.3,124.2,green
9111,304.004,green,-10.3,-11.0,123.9,green
9114,304.104,green,-11.3,-10.0,124.0,green
9117,304.204,green,-11.2,-9.8,123.9,green
9120,304.304,green,-11.4,-10.4,124.0,green
9123,304.404,green,-10.4,-10.1,123.6,green
9126,304.504,green,-10.9,-11.0,124.0,green
9129,304.604,green,-10.8,-9.3,124.0,green
9132,304.704,green,-10.4,-10.0,124.0,green
9135,304.804,green,-11.3,-10.2,123.5,green
9138,304.905,green,-10.6,-10.5,123.0,green
9141,305.005,green,-9.9,-10.8,122.8,green
9144,305.105,green,-10.3,-10.3,124.2,green
9147,305.205,green,-10.5,-10.9,123.5,green
9150,305.305,green,-10.5,-10.1,123.4,green
9153,305.405,green,-11.3,-9.9,122.9,green
9156,305.505,green,-10.7,-10.8,123.7,green
9159,305.605,green,-10.3,-10.1,123.9,green
9162,305.705,green,-10.4,-10.4,124.1,green
9165,305.806,green,-10.4,-10.5,123.0,green
9168,305.906,green,-10.9,-11.0,123.9,green
9171,306.006,green,-11.2,-10.1,123.5,green
9174,306.106,green,-11.0,-11.0,123.9,green
9177,306.206,green,-11.9,-11.1,124.6,green
9180,306.306,green,-11.0,-10.5,123.3,green
9183,306.406,green,-11.2,-9.9,123.7,green
9186,306.506,green,-10.6,-11.3,123.0,green
9189,306.606,green,-10.6,-11.2,123.3,green
9192,306.706,green,-10.2,-10.3,123.2,green
9195,306.806,green,-10.1,-10.8,123.1,green
9198,306.907,green,-11.5,-10.6,122.8,green
9201,307.007,green,-11.6,-9.1,124.1,green
9204,307.107,green,-11.5,-10.0,123.2,green
9207,307.207,green,-10.8,-10.0,123.7,green
9210,307.307,green,-10.8,-10.5,123.6,green
9213,307.407,green,-11.0,-9.9,124.1,green
9216,307.507,green,-9.7,-9.8,124.5,green
9219,307.607,green,-10.3,-10.3,123.9,green
9222,307.707,green,-10.3,-10.0,123.3,green
9225,307.808,green,-11.5,-9.8,123.6,green
9228,307.908,green,-9.9,-11.2,123.9,green
9231,308.008,green,-9.9,-10.6,123.0,green
9234,308.108,green,-10.1,-10.7,124.3,green
9237,308.208,green,-10.7,-11.4,123.6,green
9240,308.308,green,-9.9,-11.1,124.4,green
9243,308.408,green,-11.2,-11.1,123.6,green
9246,308.508,green,-11.1,-11.2,124.2,green
9249,308.608,green,-10.7,-11.0,124.1,green
9252,308.708,green,-10.5,-10.4,124.2,green
9255,308.808,green,-10.5,-9.9,124.6,green
9258,308.909,green,-11.3,-9.9,125.0,red
9261,309.009,green,-10.6,-9.9,124.1,green
9264,309.109,green,-11.4,-10.6,124.5,green
9267,309.209,green,-11.4,-9.2,124.9,green
9270,309.309,green,-9.8,-9.4,124.2,green
9273,309.409,green,-10.4,-10.3,124.3,green
9276,309.509,green,-10.8,-10.5,124.4,green
9279,309.609,green,-10.9,-10.5,124.0,green
9282,309.709,green,-10.6,-10.3,124.0,green
9285,309.81,green,-10.9,-9.8,125.1,green
9288,309.91,green,-10.8,-10.4,125.5,green
9291,310.01,green,-11.2,-9.4,125.3,green
9294,310.11,green,-10.7,-9.7,125.2,green
9297,310.21,green,-11.4,-10.6,125.6,green
9300,310.31,green,-11.0,-9.6,126.2,green
9303,310.41,green,-11.1,-10.7,125.3,green
9306,310.51,green,-12.1,-10.1,125.3,green
9309,310.61,green,-10.0,-10.5,125.0,green
9312,310.71,green,-10.1,-9.4,125.4,green
9315,310.81,green,-10.4,-10.1,125.5,green
9318,310.911,green,-11.2,-10.0,126.2,green
9321,311.011,green,-10.6,-10.8,126.1,green
9324,311.111,green,-10.4,-10.5,125.6,green
9327,311.211,green,-10.6,-11.5,125.8,green
9330,311.311,green,-10.5,-10.1,125.3,green
9333,311.411,green,-11.0,-10.3,126.4,green
9336,311.511,green,-10.3,-10.9,126.7,green
9339,311.611,green,-10.6,-11.0,126.6,red
9342,311.711,green,-10.7,-10.7,126.7,green
9345,311.812,green,-11.0,-10.7,126.8,green
9348,311.912,green,-11.5,-10.6,126.4,green
9351,312.012,green,-11.0,-9.9,126.8,green
9354,312.112,green,-10.1,-10.5,115.4,green
9357,312.212,green_flash,-10.5,-10.9,4.5,none
9360,312.312,green_flash,-10.3,-10.4,3.9,none
9363,312.412,green_flash,-10.3,-10.5,3.9,none
9366,312.512,green_flash,-10.6,-10.3,3.7,none
9369,312.612,green_flash,-10.6,-9.8,37.2,none
9372,312.712,green,-10.6,-10.2,127.9,green
9375,312.812,green,-10.3,-11.0,127.3,green
9378,312.913,green,-11.2,-10.0,127.7,green
9381,313.013,green,-10.6,-10.4,127.5,green
9384,313.113,green,-10.2,-9.3,113.7,green
9387,313.213,green_flash,-10.1,-10.3,3.5,none
9390,313.313,green_flash,-10.4,-10.5,4.7,none
9393,313.413,green_flash,-10.4,-9.8,4.2,none
9396,313.513,green_flash,-11.2,-9.8,3.4,none
9399,313.613,green_flash,-10.8,-10.4,43.2,none
9402,313.713,green,-10.3,-9.8,127.7,green
9405,313.814,green,-10.4,-9.8,128.2,green
9408,313.914,green,-11.3,-10.6,127.7,green
9411,314.014,green,-10.4,-11.1,128.2,green
9414,314.114,green,-10.3,-10.5,113.0,green
9417,314.214,green_flash,-11.0,-10.6,5.0,none
9420,314.314,green_flash,-10.9,-9.8,3.5,none
9423,314.414,green_flash,-10.6,-9.9,3.8,none
9426,314.514,green_flash,-11.5,-9.7,3.3,none
9429,314.614,green_flash,-10.8,-9.0,47.8,none
9432,314.714,green,-10.2,-10.7,127.2,green
9435,314.814,green,-10.2,-9.1,127.9,green
9438,314.915,green,-10.5,-10.4,127.1,green
9441,315.015,green,-11.3,-10.3,127.4,green
9444,315.115,green,-11.0,-10.4,110.9,green
9447,315.215,amber,-10.5,37.5,4.8,none
9450,315.315,amber,-10.4,38.6,3.8,amber
9453,315.415,amber,-10.8,38.6,3.8,amber
9456,315.515,amber,-10.2,37.6,4.0,amber
9459,315.615,amber,-10.7,38.2,4.1,amber
9462,315.715,amber,-9.9,38.5,4.0,amber
9465,315.816,amber,-10.5,38.7,3.9,amber
9468,315.916,amber,-10.0,37.9,3.9,none
9471,316.016,amber,-9.5,37.1,3.8,none
9474,316.116,amber,-10.1,38.0,4.2,amber
9477,316.216,amber,-10.6,37.7,3.5,amber
9480,316.316,amber,-10.7,37.3,3.2,amber
9483,316.416,amber,-10.1,37.3,3.5,none
9486,316.516,amber,-10.3,37.0,4.4,none
9489,316.616,amber,-10.3,37.0,4.3,none
9492,316.716,amber,-10.0,38.1,2.4,none
9495,316.816,amber,-10.6,37.6,2.9,none
9498,316.917,amber,-11.3,37.9,3.8,none
9501,317.017,amber,-10.8,36.7,3.6,none
9504,317.117,amber,-10.8,36.9,3.3,none
9507,317.217,amber,-12.1,38.3,4.3,none
9510,317.317,amber,-12.0,36.6,4.1,none
9513,317.417,amber,-9.8,38.6,3.6,none
9516,317.517,amber,-10.2,38.8,4.7,none
9519,317.617,amber,-10.5,37.9,3.7,none
9522,317.717,amber,-10.7,37.4,3.6,none
