frame,t,state,red_score,green_score,before_v2_rule
0,0.0,red,97.7,3.8,red
3,0.1,red,96.6,3.6,red
6,0.2,red,99.0,3.4,red
9,0.3,red,100.1,2.9,red
12,0.4,red,98.1,2.6,red
15,0.501,red,99.7,3.6,red
18,0.601,red,99.0,3.3,red
21,0.701,red,99.0,3.0,red
24,0.801,red,98.7,3.4,red
27,0.901,red,98.1,3.4,red
30,1.001,red,96.8,3.0,red
33,1.101,red,96.7,3.2,red
36,1.201,red,100.2,2.4,red
39,1.301,red,100.3,3.8,red
42,1.401,red,99.2,4.2,red
45,1.502,red,98.9,4.3,red
48,1.602,red,97.4,3.5,red
51,1.702,red,98.4,3.3,red
54,1.802,red,98.0,4.1,red
57,1.902,red,98.2,2.9,red
60,2.002,red,98.4,4.1,red
63,2.102,red,98.1,4.2,red
66,2.202,red,98.6,4.7,red
69,2.302,red,99.0,2.4,red
72,2.402,red,99.0,3.3,red
75,2.502,red,98.5,3.3,red
78,2.603,red,98.1,2.9,red
81,2.703,red,98.0,3.2,red
84,2.803,red,98.3,2.6,red
87,2.903,red,98.0,3.1,red
90,3.003,red,97.9,2.7,red
93,3.103,red,97.7,3.5,red
96,3.203,red,96.8,3.4,red
99,3.303,red,97.3,4.6,red
102,3.403,red,98.0,4.0,red
105,3.504,red,97.1,3.9,red
108,3.604,red,98.3,3.8,red
111,3.704,red,97.7,3.8,red
114,3.804,red,97.6,2.3,red
117,3.904,red,98.7,3.1,red
120,4.004,red,99.2,3.7,red
123,4.104,red,97.8,3.0,red
126,4.204,red,99.1,3.7,red
129,4.304,red,98.6,3.2,red
132,4.404,red,98.6,3.8,red
135,4.504,red,98.7,3.0,red
138,4.605,red,96.9,3.9,red
141,4.705,red,99.8,3.9,red
144,4.805,red,98.8,3.4,red
147,4.905,red,99.0,4.1,red
150,5.005,red,98.8,3.4,red
153,5.105,red,99.6,3.8,red
156,5.205,red,99.8,3.9,red
159,5.305,red,98.9,3.3,red
162,5.405,red,100.2,3.3,red
165,5.506,red,99.6,4.2,red
168,5.606,red,99.7,4.1,red
171,5.706,red,99.0,3.2,red
174,5.806,red,99.4,3.6,red
177,5.906,red,99.9,3.2,red
180,6.006,red,100.6,3.6,red
183,6.106,red,100.4,3.8,red
186,6.206,red,100.0,3.1,red
189,6.306,red,99.5,3.3,red
192,6.406,red,99.4,3.6,red
195,6.506,red,99.6,3.8,red
198,6.607,red,98.8,3.2,red
201,6.707,red,99.6,3.1,red
204,6.807,red,100.1,2.2,red
207,6.907,red,99.7,3.4,red
210,7.007,red,99.0,3.2,red
213,7.107,red,99.9,3.1,red
216,7.207,red,98.8,4.2,red
219,7.307,red,99.0,3.0,red
222,7.407,red,99.2,3.4,red
225,7.508,red,99.5,3.3,red
228,7.608,red,99.8,3.7,red
231,7.708,red,100.5,3.4,red
234,7.808,red,100.4,3.6,red
237,7.908,red,99.2,4.4,red
240,8.008,red,99.9,3.1,red
243,8.108,red,99.6,3.7,red
246,8.208,red,100.4,2.8,red
249,8.308,red,100.2,3.4,red
252,8.408,red,100.5,3.4,red
255,8.508,red,100.7,3.1,red
258,8.609,red,99.4,3.8,red
261,8.709,red,99.2,4.2,red
264,8.809,red,100.0,3.5,red
267,8.909,red,99.9,3.4,red
270,9.009,red,99.5,2.4,red
273,9.109,red,99.4,2.5,red
276,9.209,red,99.7,3.5,red
279,9.309,red,99.9,3.1,red
282,9.409,red,100.6,3.6,red
285,9.51,red,99.5,3.7,red
288,9.61,red,100.4,3.5,red
291,9.71,red,102.9,3.2,red
294,9.81,red,102.4,3.1,red
297,9.91,red,103.0,2.7,red
300,10.01,red,102.4,3.6,red
303,10.11,red,103.1,3.0,red
306,10.21,red,103.0,3.1,red
309,10.31,red,102.1,3.0,red
312,10.41,red,102.6,3.5,red
315,10.51,red,102.6,4.7,red
318,10.611,red,101.8,3.1,red
321,10.711,red,102.9,4.2,red
324,10.811,red,103.3,3.9,red
327,10.911,red,102.8,3.5,red
330,11.011,red,102.7,3.8,red
333,11.111,red,102.5,3.4,red
336,11.211,red,103.2,3.4,red
339,11.311,red,102.2,3.5,red
342,11.411,red,102.3,3.3,red
345,11.512,red,102.3,3.7,red
348,11.612,red,102.2,3.0,red
351,11.712,red,102.8,3.9,red
354,11.812,red,102.4,3.0,red
357,11.912,red,102.7,3.8,red
360,12.012,red,102.3,3.2,red
363,12.112,red,101.7,2.9,red
366,12.212,red,103.0,3.0,red
369,12.312,red,102.5,3.7,red
372,12.412,red,103.1,4.2,red
375,12.513,red,102.9,4.1,red
378,12.613,red,103.2,3.9,red
381,12.713,red,102.5,4.2,red
384,12.813,red,103.0,4.5,red
387,12.913,red,103.5,4.2,red
390,13.013,red,101.3,3.8,red
393,13.113,red,102.0,3.2,red
396,13.213,red,102.0,4.4,red
399,13.313,red,102.2,3.2,red
402,13.413,red,102.1,3.2,red
405,13.514,red,101.5,4.0,red
408,13.614,red,102.0,2.9,red
411,13.714,red,102.3,4.4,red
414,13.814,red,102.2,4.4,red
417,13.914,red,102.3,3.2,red
420,14.014,red,102.4,4.2,red
423,14.114,red,102.0,4.3,red
426,14.214,red,101.5,4.1,red
429,14.314,red,102.1,4.2,red
432,14.414,red,101.7,3.6,red
435,14.514,red,102.5,3.1,red
438,14.615,red,101.2,2.3,red
441,14.715,red,102.0,3.6,red
444,14.815,red,101.6,2.7,red
447,14.915,red,101.6,3.3,red
450,15.015,red,101.2,3.4,red
453,15.115,red,101.8,2.4,red
456,15.215,red,102.7,3.1,red
459,15.315,red,101.7,3.8,red
462,15.415,red,102.7,3.8,red
465,15.516,red,101.4,3.4,red
468,15.616,red,101.1,2.1,red
471,15.716,red,101.4,2.8,red
474,15.816,red,101.6,3.4,red
477,15.916,red,102.1,3.0,red
480,16.016,red,102.0,4.2,red
483,16.116,red,101.4,4.0,red
486,16.216,red,101.7,3.0,red
489,16.316,red,101.6,3.5,red
492,16.416,red,101.9,3.2,red
495,16.516,red,102.1,5.0,red
498,16.617,red,101.4,2.7,red
501,16.717,red,100.7,3.1,red
504,16.817,red,101.8,3.0,red
507,16.917,red,101.3,3.9,red
510,17.017,red,100.4,3.6,red
513,17.117,red,100.7,3.5,red
516,17.217,red,101.5,3.5,red
519,17.317,red,100.7,3.3,red
522,17.417,red,100.5,3.4,red
525,17.518,red,101.2,4.3,red
528,17.618,red,100.0,3.3,red
531,17.718,red,100.9,2.9,red
534,17.818,red,101.7,3.4,red
537,17.918,red,101.9,2.7,red
540,18.018,red,101.0,4.8,red
543,18.118,red,100.6,3.0,red
546,18.218,red,100.6,3.3,red
549,18.318,red,100.2,4.0,red
552,18.418,red,99.8,3.0,red
555,18.518,red,100.4,3.7,red
558,18.619,red,100.2,3.6,red
561,18.719,red,100.5,4.1,red
564,18.819,red,100.2,4.2,red
567,18.919,red,99.6,3.5,red
570,19.019,red,98.9,3.6,red
573,19.119,red,99.6,3.6,red
576,19.219,red,99.7,3.3,red
579,19.319,red,100.0,4.0,red
582,19.419,red,98.6,2.6,red
585,19.52,red,100.0,3.5,red
588,19.62,red,100.0,3.1,red
591,19.72,red,100.9,3.5,red
594,19.82,red,99.3,4.2,red
597,19.92,red,99.7,3.5,red
600,20.02,red,98.5,4.1,red
603,20.12,red,98.0,3.3,red
606,20.22,red,98.9,4.3,red
609,20.32,red,98.8,3.7,red
612,20.42,red,99.2,3.2,red
615,20.521,red,98.4,4.1,red
618,20.621,red,98.8,3.1,red
621,20.721,red,99.3,3.2,red
624,20.821,red,98.2,4.3,red
627,20.921,red,98.8,3.2,red
630,21.021,red,99.9,3.3,red
633,21.121,red,100.1,3.4,red
636,21.221,red,99.3,3.6,red
639,21.321,red,100.0,3.4,red
642,21.421,red,99.4,4.4,red
645,21.522,red,98.8,1.8,red
648,21.622,red,100.3,3.2,red
651,21.722,red,99.6,3.6,red
654,21.822,red,100.3,4.3,red
657,21.922,red,100.2,2.5,red
660,22.022,red,99.2,3.6,red
663,22.122,red,99.3,2.4,red
666,22.222,red,99.1,2.4,red
669,22.322,red,99.0,2.9,red
672,22.422,red,99.7,2.8,red
675,22.522,red,98.9,2.8,red
678,22.623,red,99.9,4.4,red
681,22.723,red,100.5,3.0,red
684,22.823,red,100.5,3.8,red
687,22.923,red,100.5,3.5,red
690,23.023,red,99.4,3.1,red
693,23.123,red,99.5,3.7,red
696,23.223,red,99.4,2.8,red
699,23.323,red,99.9,4.8,red
702,23.423,red,99.1,2.9,red
705,23.524,red,98.8,3.7,red
708,23.624,red,99.8,3.4,red
711,23.724,red,99.6,3.0,red
714,23.824,red,100.1,2.2,red
717,23.924,red,99.6,2.7,red
720,24.024,red,98.9,4.0,red
723,24.124,red,99.2,3.5,red
726,24.224,red,98.8,3.2,red
729,24.324,red,98.7,4.7,red
732,24.424,red,99.7,3.8,red
735,24.524,red,99.2,2.5,red
738,24.625,red,99.4,2.9,red
741,24.725,red,99.0,4.3,red
744,24.825,red,98.7,3.3,red
747,24.925,red,98.8,3.5,red
750,25.025,red,99.7,3.2,red
753,25.125,red,98.7,3.5,red
756,25.225,red,98.8,1.6,red
759,25.325,red,99.7,2.2,red
762,25.425,red,99.6,3.1,red
765,25.526,red,100.1,3.7,red
768,25.626,red,99.9,3.0,red
771,25.726,red,99.6,3.5,red
774,25.826,red,98.9,2.8,red
777,25.926,red,99.0,3.8,red
780,26.026,red,99.5,3.4,red
783,26.126,red,100.0,3.4,red
786,26.226,red,98.4,3.3,red
789,26.326,red,99.0,3.2,red
792,26.426,red,98.2,3.7,red
795,26.527,red,98.9,2.9,red
798,26.627,red,98.9,3.9,red
801,26.727,red,98.3,3.0,red
804,26.827,red,98.1,2.9,red
807,26.927,red,98.9,3.5,red
810,27.027,red,98.8,2.5,red
813,27.127,red,99.8,2.5,red
816,27.227,red,98.2,2.9,red
819,27.327,red,99.2,2.8,red
822,27.427,red,98.5,3.9,red
825,27.528,red,98.7,3.4,red
828,27.628,red,97.2,2.1,red
831,27.728,red,97.6,3.4,red
834,27.828,red,98.4,2.0,red
837,27.928,red,97.6,3.9,red
840,28.028,red,99.0,3.8,red
843,28.128,red,99.2,3.4,red
846,28.228,red,98.2,3.9,red
849,28.328,red,97.7,3.9,red
852,28.428,red,98.1,3.3,red
855,28.528,red,98.5,2.8,red
858,28.629,red,97.8,3.8,red
861,28.729,red,98.0,3.3,red
864,28.829,red,99.1,4.4,red
867,28.929,red,98.5,2.4,red
870,29.029,red,99.3,4.2,red
873,29.129,red,98.9,3.3,red
876,29.229,red,98.4,2.5,red
879,29.329,red,97.1,2.8,red
882,29.429,red,97.9,3.0,red
885,29.53,red,98.1,2.8,red
888,29.63,red,98.4,3.2,red
891,29.73,red,96.9,2.5,red
894,29.83,red,97.8,2.7,red
897,29.93,red,97.3,2.8,red
900,30.03,red,98.0,4.2,red
903,30.13,red,99.1,3.1,red
906,30.23,red,98.5,4.2,red
909,30.33,red,98.3,3.3,red
912,30.43,red,98.3,4.5,red
915,30.53,red,97.2,2.9,red
918,30.631,red,97.7,3.0,red
921,30.731,red,98.0,3.8,red
924,30.831,red,97.4,3.4,red
927,30.931,red,97.0,3.5,red
930,31.031,red,96.7,2.7,red
933,31.131,red,97.9,3.5,red
936,31.231,red,98.4,2.9,red
939,31.331,red,96.1,3.2,red
942,31.431,red,97.8,2.2,red
945,31.532,red,97.4,2.1,red
948,31.632,red,98.1,1.7,red
951,31.732,red,98.0,2.8,red
954,31.832,red,96.1,3.7,red
957,31.932,red,97.6,3.3,red
960,32.032,red,98.3,4.3,red
963,32.132,red,98.2,1.9,red
966,32.232,red,99.2,3.0,red
969,32.332,red,98.0,3.3,red
972,32.432,red,96.9,3.8,red
975,32.532,red,98.2,3.4,red
978,32.633,red,98.5,2.4,red
981,32.733,red,97.5,2.5,red
984,32.833,red,97.0,3.0,red
987,32.933,red,97.2,2.9,red
990,33.033,red,97.3,2.7,red
993,33.133,red,96.9,2.6,red
996,33.233,red,97.0,2.9,red
999,33.333,red,96.3,2.3,red
1002,33.433,red,97.3,2.7,red
1005,33.534,red,97.1,2.5,red
1008,33.634,red,97.3,3.1,red
1011,33.734,red,97.3,3.2,red
1014,33.834,red,97.4,3.1,red
1017,33.934,red,97.5,3.5,red
1020,34.034,red,97.4,3.1,red
1023,34.134,red,97.6,3.5,red
1026,34.234,red,97.2,3.1,red
1029,34.334,red,96.5,3.1,red
1032,34.434,red,97.4,2.8,red
1035,34.534,red,97.7,3.3,red
1038,34.635,red,97.0,2.4,red
1041,34.735,red,97.2,3.1,red
1044,34.835,red,97.4,3.0,red
1047,34.935,red,98.2,4.3,red
1050,35.035,red,98.0,2.7,red
1053,35.135,red,96.7,3.2,red
1056,35.235,red,96.4,4.1,red
1059,35.335,red,96.1,2.6,red
1062,35.435,red,97.1,2.8,red
1065,35.536,red,97.5,2.9,red
1068,35.636,red,97.3,2.1,red
1071,35.736,red,96.8,3.1,red
1074,35.836,red,97.1,2.6,red
1077,35.936,red,97.6,2.9,red
1080,36.036,red,97.4,3.6,red
1083,36.136,red,97.2,2.3,red
1086,36.236,red,97.0,2.6,red
1089,36.336,red,97.2,2.6,red
1092,36.436,red,97.3,2.9,red
1095,36.537,red,97.2,2.5,red
1098,36.637,red,97.4,3.2,red
1101,36.737,red,96.9,2.9,red
1104,36.837,red,96.5,3.9,red
1107,36.937,red,97.1,3.6,red
1110,37.037,red,95.3,3.8,red
1113,37.137,green,6.7,103.1,green
1116,37.237,green,-7.8,104.1,green
1119,37.337,green,-9.8,103.1,green
1122,37.437,green,-10.2,103.5,green
1125,37.538,green,-10.7,103.2,green
1128,37.638,green,-11.0,103.6,green
1131,37.738,green,-10.1,103.0,green
1134,37.838,green,-9.2,103.0,green
1137,37.938,green,-10.5,103.6,green
1140,38.038,green,-10.4,103.1,green
1143,38.138,green,-10.3,102.8,green
1146,38.238,green,-10.4,103.0,green
1149,38.338,green,-10.6,102.9,green
1152,38.438,green,-10.6,103.2,green
1155,38.538,green,-10.2,102.7,green
1158,38.639,green,-10.7,102.9,green
1161,38.739,green,-10.7,103.0,green
1164,38.839,green,-10.2,103.5,green
1167,38.939,green,-10.6,102.8,green
1170,39.039,green,-10.5,102.4,green
1173,39.139,green,-10.0,101.0,green
1176,39.239,green,-10.5,101.5,green
1179,39.339,green,-9.9,102.5,green
1182,39.439,green,-9.7,102.4,green
1185,39.54,green,-9.8,102.2,green
1188,39.64,green,-10.4,102.2,green
1191,39.74,green,-10.2,101.7,green
1194,39.84,green,-10.5,101.8,green
1197,39.94,green,-10.0,101.8,green
1200,40.04,green,-11.0,101.8,green
1203,40.14,green,-10.4,101.2,green
1206,40.24,green,-10.7,102.2,green
1209,40.34,green,-10.9,101.9,green
1212,40.44,green,-9.8,101.1,green
1215,40.54,green,-10.4,100.9,green
1218,40.641,green,-10.4,101.7,green
1221,40.741,green,-10.6,102.1,green
1224,40.841,green,-10.2,101.6,green
1227,40.941,green,-10.7,102.2,green
1230,41.041,green,-10.3,102.3,green
1233,41.141,green,-11.0,101.3,green
1236,41.241,green,-10.8,102.6,green
1239,41.341,green,-10.6,102.0,green
1242,41.441,green,-10.1,101.4,green
1245,41.542,green,-9.9,102.3,green
1248,41.642,green,-11.5,101.3,green
1251,41.742,green,-11.4,101.2,green
1254,41.842,green,-11.3,101.5,green
1257,41.942,green,-10.9,101.7,green
1260,42.042,green,-9.9,102.0,green
1263,42.142,green,-10.9,101.3,green
1266,42.242,green,-10.9,101.3,green
1269,42.342,green,-11.1,100.6,green
1272,42.442,green,-10.5,101.5,green
1275,42.543,green,-10.4,101.4,green
1278,42.643,green,-10.8,101.8,green
1281,42.743,green,-10.7,102.3,green
1284,42.843,green,-10.3,101.6,green
1287,42.943,green,-10.5,101.5,green
1290,43.043,green,-10.2,101.8,green
1293,43.143,green,-10.6,101.2,green
1296,43.243,green,-10.1,101.3,green
1299,43.343,green,-10.0,101.5,green
1302,43.443,green,-10.0,102.3,green
1305,43.544,green,-9.9,101.1,green
1308,43.644,green,-10.8,101.2,green
1311,43.744,green,-10.4,101.8,green
1314,43.844,green,-10.2,102.0,green
1317,43.944,green,-10.7,102.2,green
1320,44.044,green,-11.1,102.3,green
1323,44.144,green,-9.9,102.0,green
1326,44.244,green,-9.7,102.2,green
1329,44.344,green,-10.2,101.3,green
1332,44.444,green,-10.3,101.3,green
1335,44.544,green,-10.8,101.4,green
1338,44.645,green,-10.8,102.2,green
1341,44.745,green,-10.1,100.9,green
1344,44.845,green,-10.7,101.5,green
1347,44.945,green,-10.9,102.3,green
1350,45.045,green,-10.4,101.5,green
1353,45.145,green,-10.7,101.8,green
1356,45.245,green,-10.4,102.2,green
1359,45.345,green,-10.0,101.2,green
1362,45.445,green,-9.9,102.7,green
1365,45.546,green,-10.7,102.6,green
1368,45.646,green,-10.0,102.1,green
1371,45.746,green,-10.6,101.7,green
1374,45.846,green,-10.2,102.0,green
1377,45.946,green,-9.8,102.4,green
1380,46.046,green,-10.7,102.9,green
1383,46.146,green,-10.3,102.9,green
1386,46.246,green,-10.0,102.9,green
1389,46.346,green,-11.2,103.2,green
1392,46.446,green,-12.2,102.0,green
1395,46.546,green,-10.8,102.6,green
1398,46.647,green,-9.8,101.8,green
1401,46.747,green,-10.2,101.4,green
1404,46.847,green,-9.1,102.1,green
1407,46.947,green,-10.2,103.5,green
1410,47.047,green,-11.2,102.5,green
1413,47.147,green,-10.6,102.1,green
1416,47.247,green,-11.1,102.4,green
1419,47.347,green,-10.5,102.7,green
1422,47.447,green,-10.6,102.3,green
1425,47.548,green,-10.7,102.3,green
1428,47.648,green,-10.9,102.6,green
1431,47.748,green,-10.7,102.2,green
1434,47.848,green,-10.9,102.3,green
1437,47.948,green,-10.6,103.1,green
1440,48.048,green,-11.5,103.0,green
1443,48.148,green,-11.5,102.3,green
1446,48.248,green,-11.2,102.7,green
1449,48.348,green,-11.1,103.8,green
1452,48.448,green,-11.4,102.2,green
1455,48.549,green,-9.9,102.4,green
1458,48.649,green,-11.1,102.3,green
1461,48.749,green,-10.9,103.1,green
1464,48.849,green,-9.7,102.0,green
1467,48.949,green,-10.0,103.3,green
1470,49.049,green,-10.4,102.4,green
1473,49.149,green,-10.9,103.8,green
1476,49.249,green,-11.0,103.1,green
1479,49.349,green,-10.5,102.9,green
1482,49.449,green,-10.6,102.3,green
1485,49.55,green,-11.0,102.8,green
1488,49.65,green,-11.3,102.7,green
1491,49.75,green,-11.0,102.2,green
1494,49.85,green,-10.7,102.8,green
1497,49.95,green,-10.0,102.1,green
1500,50.05,green,-11.0,102.7,green
1503,50.15,green,-10.4,103.2,green
1506,50.25,green,-10.0,102.4,green
1509,50.35,green,-11.3,102.8,green
1512,50.45,green,-10.2,102.0,green
1515,50.55,green,-10.6,102.6,green
1518,50.651,green,-10.3,101.9,green
1521,50.751,green,-10.0,102.1,green
1524,50.851,green,-10.2,102.1,green
1527,50.951,green,-9.9,102.2,green
1530,51.051,green,-10.2,102.3,green
1533,51.151,green,-11.2,101.1,green
1536,51.251,green,-10.9,101.9,green
1539,51.351,green,-12.1,102.2,green
1542,51.451,green,-10.4,102.2,green
1545,51.552,green,-10.3,102.2,green
1548,51.652,green,-10.7,102.1,green
1551,51.752,green,-10.0,102.3,green
1554,51.852,green,-10.7,102.8,green
1557,51.952,green,-10.9,102.1,green
1560,52.052,green,-11.1,103.1,green
1563,52.152,green,-11.0,102.6,green
1566,52.252,green,-11.1,103.0,green
1569,52.352,green,-11.1,102.3,green
1572,52.452,green,-11.2,102.0,green
1575,52.552,green,-11.6,102.4,green
1578,52.653,green,-10.2,102.6,green
1581,52.753,green,-9.7,103.3,green
1584,52.853,green,-11.1,101.4,green
1587,52.953,green,-10.1,102.2,green
1590,53.053,green,-11.3,102.1,green
1593,53.153,green,-11.1,102.0,green
1596,53.253,green,-11.3,102.9,green
1599,53.353,green,-10.9,101.4,green
1602,53.453,green,-11.0,101.8,green
1605,53.554,green,-11.3,101.8,green
1608,53.654,green,-10.7,101.5,green
1611,53.754,green,-11.1,102.2,green
1614,53.854,green,-10.3,101.3,green
1617,53.954,green,-9.9,102.3,green
1620,54.054,green,-10.1,101.7,green
1623,54.154,green,-10.0,101.4,green
1626,54.254,green,-9.8,101.9,green
1629,54.354,green,-9.7,101.5,green
1632,54.454,green,-10.0,101.7,green
1635,54.555,green,-9.0,101.7,green
1638,54.655,green,-10.9,101.5,green
1641,54.755,green,-10.6,102.4,green
1644,54.855,green,-10.4,102.3,green
1647,54.955,green,-10.9,102.4,green
1650,55.055,green,-10.3,102.3,green
1653,55.155,green,-10.3,102.6,green
1656,55.255,green,-11.6,102.1,green
1659,55.355,green,-10.5,101.3,green
1662,55.455,green,-10.5,102.3,green
1665,55.556,green,-9.9,102.7,green
1668,55.656,green,-9.9,101.9,green
1671,55.756,green,-10.4,101.4,green
1674,55.856,green,-10.3,102.1,green
1677,55.956,green,-10.6,102.3,green
1680,56.056,green,-10.9,101.4,green
1683,56.156,green,-10.7,101.5,green
1686,56.256,green,-10.9,101.8,green
1689,56.356,green,-11.3,102.0,green
1692,56.456,green,-11.3,101.4,green
1695,56.556,green,-9.8,101.1,green
1698,56.657,green,-10.3,101.3,green
1701,56.757,green,-10.9,101.0,green
1704,56.857,green,-9.5,101.6,green
1707,56.957,green,-10.3,101.3,green
1710,57.057,green,-10.3,100.9,green
1713,57.157,green,-10.6,101.6,green
1716,57.257,green,-10.3,101.2,green
1719,57.357,green,-11.0,101.9,green
1722,57.457,green,-9.7,102.7,green
1725,57.558,green,-9.8,101.6,green
1728,57.658,green,-10.2,101.0,green
1731,57.758,green,-10.8,101.6,green
1734,57.858,green,-10.6,101.6,green
1737,57.958,green,-10.9,100.7,green
1740,58.058,green,-11.1,102.1,green
1743,58.158,green,-10.0,101.1,green
1746,58.258,green,-10.5,100.5,green
1749,58.358,green,-10.5,101.0,green
1752,58.458,green,-9.6,100.8,green
1755,58.558,green,-9.6,100.8,green
1758,58.659,green,-11.3,100.4,green
1761,58.759,green,-8.9,101.2,green
1764,58.859,green,-9.6,101.9,green
1767,58.959,green,-10.0,101.9,green
1770,59.059,green,-11.1,101.6,green
1773,59.159,green,-10.5,101.4,green
1776,59.259,green,-10.4,100.6,green
1779,59.359,green,-10.8,101.3,green
1782,59.459,green,-10.8,100.8,green
1785,59.56,green,-10.6,101.5,green
1788,59.66,green,-11.1,101.3,green
1791,59.76,green,-10.5,101.2,green
1794,59.86,green,-9.7,101.1,green
1797,59.96,green,-10.7,100.0,green
1800,60.06,green,-9.9,100.3,green
1803,60.16,green,-10.5,100.7,green
1806,60.26,green,-11.0,101.1,green
1809,60.36,green,-9.7,101.1,green
1812,60.46,green,-10.1,100.8,green
1815,60.56,green,-10.8,100.2,green
1818,60.661,green,-10.1,101.0,green
1821,60.761,green,-11.2,101.3,green
1824,60.861,green,-10.3,101.0,green
1827,60.961,green,-10.7,100.5,green
1830,61.061,green,-11.1,100.8,green
1833,61.161,green,-10.8,100.9,green
1836,61.261,green,-11.1,101.0,green
1839,61.361,green,-11.0,100.5,green
1842,61.461,green,-11.1,100.6,green
1845,61.562,green,-10.0,101.3,green
1848,61.662,green,-10.5,100.8,green
1851,61.762,green,-11.1,100.6,green
1854,61.862,green,-10.1,101.0,green
1857,61.962,green,-10.4,100.0,green
1860,62.062,green,-11.4,99.6,green
1863,62.162,green,-11.4,100.1,green
1866,62.262,green,-10.6,100.2,green
1869,62.362,green,-11.0,99.6,green
1872,62.462,green,-10.3,99.6,green
1875,62.562,green,-11.6,99.7,green
1878,62.663,green,-11.0,100.3,green
1881,62.763,green,-10.0,100.6,green
1884,62.863,green,-10.4,100.8,green
1887,62.963,green,-9.9,101.1,green
1890,63.063,green,-9.5,101.3,green
1893,63.163,green,-9.9,100.7,green
1896,63.263,green,-10.1,100.2,green
1899,63.363,green,-9.6,100.5,green
1902,63.463,green,-9.9,100.7,green
1905,63.564,green,-10.0,100.6,green
1908,63.664,green,-10.5,100.5,green
1911,63.764,green,-10.7,100.2,green
1914,63.864,green,-10.3,100.1,green
1917,63.964,green,-11.1,100.9,green
1920,64.064,green,-10.8,100.2,green
1923,64.164,green,-10.2,100.1,green
1926,64.264,green,-11.0,101.3,green
1929,64.364,green,-10.6,100.2,green
1932,64.464,green,-10.9,100.2,green
1935,64.564,green,-11.6,100.4,green
1938,64.665,green,-10.9,100.6,green
1941,64.765,green,-10.1,100.4,green
1944,64.865,green,-11.3,100.2,green
1947,64.965,green,-10.0,99.8,green
1950,65.065,green,-10.6,100.1,green
1953,65.165,green,-10.9,100.3,green
1956,65.265,green,-10.0,100.7,green
1959,65.365,green,-10.7,101.0,green
1962,65.465,green,-9.8,101.5,green
1965,65.566,green,-10.6,101.1,green
1968,65.666,green,-11.3,100.8,green
1971,65.766,green,-10.8,100.1,green
1974,65.866,green,-10.0,99.7,green
1977,65.966,green,-10.4,100.1,green
1980,66.066,green,-11.2,100.1,green
1983,66.166,green,-10.8,100.5,green
1986,66.266,green,-10.1,100.2,green
1989,66.366,green,-9.2,101.3,green
1992,66.466,green,-10.1,100.9,green
1995,66.566,green,-10.4,100.7,green
1998,66.667,green,-10.2,101.4,green
2001,66.767,green,-11.2,100.5,green
2004,66.867,green,-10.4,100.9,green
2007,66.967,green,-10.3,101.1,green
2010,67.067,green,-10.8,101.2,green
2013,67.167,green,-11.5,100.8,green
2016,67.267,green,-10.6,100.8,green
2019,67.367,green,-10.5,100.8,green
2022,67.467,green,-10.9,100.8,green
2025,67.568,green,-10.7,100.7,green
2028,67.668,green,-10.1,100.8,green
2031,67.768,green,-9.9,100.7,green
2034,67.868,green,-10.8,100.5,green
2037,67.968,green,-10.8,101.3,green
2040,68.068,green,-10.1,100.4,green
2043,68.168,green,-10.2,101.0,green
2046,68.268,green,-10.9,101.0,green
2049,68.368,green,-10.2,100.9,green
2052,68.468,green,-10.2,100.8,green
2055,68.568,green,-10.3,101.0,green
2058,68.669,green,-10.9,100.9,green
2061,68.769,green,-10.6,100.8,green
2064,68.869,green,-9.7,100.5,green
2067,68.969,green,-11.6,101.1,green
2070,69.069,green,-9.8,100.8,green
2073,69.169,green_flash,-10.4,5.9,none
2076,69.269,green_flash,-9.7,3.3,none
2079,69.369,green_flash,-11.0,3.8,none
2082,69.469,green_flash,-10.7,3.7,none
2085,69.57,green_flash,-10.1,4.3,none
2088,69.67,green,-10.0,102.5,green
2091,69.77,green,-10.9,102.7,green
2094,69.87,green,-10.1,102.3,green
2097,69.97,green,-10.7,102.1,green
2100,70.07,green,-10.7,101.9,green
2103,70.17,green_flash,-10.5,3.7,none
2106,70.27,green_flash,-10.5,3.9,none
2109,70.37,green_flash,-9.7,3.6,none
2112,70.47,green_flash,-10.0,4.0,none
2115,70.57,green_flash,-10.2,4.4,none
2118,70.671,green,-10.6,102.1,green
2121,70.771,green,-10.1,101.6,green
2124,70.871,green,-10.3,102.0,green
2127,70.971,green,-10.3,101.7,green
2130,71.071,green,-9.8,102.2,green
2133,71.171,green_flash,-9.8,4.9,none
2136,71.271,green_flash,-10.1,3.3,none
2139,71.371,green_flash,-9.9,3.1,none
2142,71.471,green_flash,-9.8,4.2,none
2145,71.572,green_flash,-10.4,3.5,none
2148,71.672,green,-10.5,102.9,green
2151,71.772,green,-9.9,102.3,green
2154,71.872,green,-10.2,102.6,green
2157,71.972,green,-10.1,102.8,green
2160,72.072,green,-8.7,103.2,green
2163,72.172,red,100.9,3.9,red
2166,72.272,red,101.0,4.3,red
2169,72.372,red,100.3,4.3,red
2172,72.472,red,100.1,3.6,red
2175,72.572,red,99.9,3.1,red
2178,72.673,red,100.1,2.7,red
2181,72.773,red,100.3,2.8,red
2184,72.873,red,100.2,3.0,red
2187,72.973,red,99.5,3.2,red
2190,73.073,red,100.6,3.5,red
2193,73.173,red,100.5,3.0,red
2196,73.273,red,100.5,3.6,red
2199,73.373,red,100.0,3.1,red
2202,73.473,red,100.7,3.5,red
2205,73.574,red,99.6,3.3,red
2208,73.674,red,101.5,2.8,red
2211,73.774,red,99.9,2.5,red
2214,73.874,red,100.4,3.5,red
2217,73.974,red,100.1,3.5,red
2220,74.074,red,100.8,3.5,red
2223,74.174,red,100.2,3.0,red
2226,74.274,red,100.9,2.3,red
2229,74.374,red,101.0,3.0,red
2232,74.474,red,100.6,3.7,red
2235,74.574,red,101.2,3.2,red
2238,74.675,red,101.4,2.3,red
2241,74.775,red,101.3,3.0,red
2244,74.875,red,100.9,2.4,red
2247,74.975,red,100.4,3.6,red
2250,75.075,red,100.4,3.0,red
2253,75.175,red,100.4,3.4,red
2256,75.275,red,101.6,3.0,red
2259,75.375,red,101.2,2.7,red
2262,75.475,red,101.2,3.8,red
2265,75.576,red,102.1,3.3,red
2268,75.676,red,100.9,4.6,red
2271,75.776,red,101.6,3.4,red
2274,75.876,red,101.3,4.0,red
2277,75.976,red,100.3,3.8,red
2280,76.076,red,101.8,3.6,red
2283,76.176,red,101.2,3.4,red
2286,76.276,red,101.8,3.1,red
2289,76.376,red,102.0,2.4,red
2292,76.476,red,101.6,3.2,red
2295,76.576,red,101.7,3.1,red
2298,76.677,red,101.8,2.9,red
2301,76.777,red,102.2,3.6,red
2304,76.877,red,102.1,3.7,red
2307,76.977,red,100.7,2.8,red
2310,77.077,red,102.5,3.3,red
2313,77.177,red,101.2,2.9,red
2316,77.277,red,101.9,3.8,red
2319,77.377,red,101.2,2.9,red
2322,77.477,red,102.4,1.8,red
2325,77.578,red,101.5,2.8,red
2328,77.678,red,100.7,3.7,red
2331,77.778,red,101.7,2.5,red
2334,77.878,red,101.6,3.1,red
2337,77.978,red,101.6,3.4,red
2340,78.078,red,101.3,3.3,red
2343,78.178,red,101.6,3.2,red
2346,78.278,red,102.0,3.4,red
2349,78.378,red,101.5,3.7,red
2352,78.478,red,101.8,4.1,red
2355,78.578,red,101.5,4.1,red
2358,78.679,red,100.9,3.0,red
2361,78.779,red,101.8,2.6,red
2364,78.879,red,101.2,3.2,red
2367,78.979,red,101.0,3.1,red
2370,79.079,red,101.6,3.9,red
2373,79.179,red,100.7,3.9,red
2376,79.279,red,100.6,2.9,red
2379,79.379,red,100.9,3.0,red
2382,79.479,red,100.6,3.3,red
2385,79.58,red,100.5,3.7,red
2388,79.68,red,100.1,2.7,red
2391,79.78,red,101.3,3.5,red
2394,79.88,red,101.4,2.5,red
2397,79.98,red,101.6,3.9,red
2400,80.08,red,102.5,4.3,red
2403,80.18,red,101.8,4.2,red
2406,80.28,red,101.4,3.4,red
2409,80.38,red,102.0,2.5,red
2412,80.48,red,101.7,3.5,red
2415,80.58,red,102.3,3.0,red
2418,80.681,red,102.0,3.1,red
2421,80.781,red,101.9,2.6,red
2424,80.881,red,101.9,3.5,red
2427,80.981,red,102.1,3.5,red
2430,81.081,red,101.7,3.7,red
2433,81.181,red,101.0,2.7,red
2436,81.281,red,101.9,4.6,red
2439,81.381,red,101.4,3.3,red
2442,81.481,red,101.3,2.5,red
2445,81.582,red,101.0,4.3,red
2448,81.682,red,101.1,3.8,red
2451,81.782,red,100.0,4.1,red
2454,81.882,red,101.0,3.0,red
2457,81.982,red,101.0,2.5,red
2460,82.082,red,100.7,3.0,red
2463,82.182,red,100.4,3.7,red
2466,82.282,red,100.6,3.3,red
2469,82.382,red,100.2,3.7,red
2472,82.482,red,99.5,2.3,red
2475,82.582,red,100.5,3.3,red
2478,82.683,red,99.8,3.2,red
2481,82.783,red,100.9,3.5,red
2484,82.883,red,100.2,3.2,red
2487,82.983,red,99.9,3.0,red
2490,83.083,red,101.3,3.9,red
2493,83.183,red,101.5,3.7,red
2496,83.283,red,101.1,3.8,red
2499,83.383,red,100.8,3.4,red
2502,83.483,red,100.3,3.0,red
2505,83.584,red,100.2,3.1,red
2508,83.684,red,101.1,2.9,red
2511,83.784,red,100.4,3.7,red
2514,83.884,red,101.1,2.5,red
2517,83.984,red,101.2,3.2,red
2520,84.084,red,100.5,2.6,red
2523,84.184,red,100.3,2.7,red
2526,84.284,red,100.4,2.8,red
2529,84.384,red,100.6,3.1,red
2532,84.484,red,99.9,3.4,red
2535,84.584,red,100.2,3.9,red
2538,84.685,red,101.0,3.7,red
2541,84.785,red,100.2,2.9,red
2544,84.885,red,100.7,3.4,red
2547,84.985,red,101.0,3.6,red
2550,85.085,red,100.0,3.3,red
2553,85.185,red,100.6,2.5,red
2556,85.285,red,100.6,2.5,red
2559,85.385,red,100.5,3.5,red
2562,85.485,red,100.5,3.6,red
2565,85.586,red,100.2,3.0,red
2568,85.686,red,99.8,2.4,red
2571,85.786,red,100.1,2.6,red
2574,85.886,red,100.8,2.9,red
2577,85.986,red,100.4,3.1,red
2580,86.086,red,99.4,3.3,red
2583,86.186,red,100.5,3.0,red
2586,86.286,red,99.3,2.9,red
2589,86.386,red,100.1,3.4,red
2592,86.486,red,100.1,4.6,red
2595,86.586,red,99.7,3.3,red
2598,86.687,red,100.4,3.5,red
2601,86.787,red,101.1,2.8,red
2604,86.887,red,101.1,3.0,red
2607,86.987,red,100.1,2.4,red
2610,87.087,red,100.3,3.1,red
2613,87.187,red,100.3,3.0,red
2616,87.287,red,100.2,2.7,red
2619,87.387,red,99.7,2.6,red
2622,87.487,red,100.0,3.3,red
2625,87.588,red,100.5,3.4,red
2628,87.688,red,100.6,3.7,red
2631,87.788,red,100.0,2.7,red
2634,87.888,red,99.9,3.0,red
2637,87.988,red,99.8,1.8,red
2640,88.088,red,98.9,2.9,red
2643,88.188,red,99.6,3.3,red
2646,88.288,red,98.7,2.8,red
2649,88.388,red,100.0,2.4,red
2652,88.488,red,100.1,2.8,red
2655,88.588,red,100.6,4.2,red
2658,88.689,red,99.9,2.2,red
2661,88.789,red,100.2,3.1,red
2664,88.889,red,100.1,2.5,red
2667,88.989,red,99.9,2.8,red
2670,89.089,red,98.6,3.4,red
2673,89.189,red,99.4,3.2,red
2676,89.289,red,100.3,2.5,red
2679,89.389,red,100.5,3.4,red
2682,89.489,red,100.7,3.1,red
2685,89.59,red,100.9,3.9,red
2688,89.69,red,100.4,2.2,red
2691,89.79,red,100.7,3.0,red
2694,89.89,red,100.3,4.1,red
2697,89.99,red,100.3,3.7,red
2700,90.09,red,101.4,3.3,red
2703,90.19,red,101.2,2.9,red
2706,90.29,red,101.1,3.3,red
2709,90.39,red,101.3,3.6,red
2712,90.49,red,100.2,3.6,red
2715,90.59,red,100.0,4.2,red
2718,90.691,red,100.6,2.6,red
2721,90.791,red,100.5,2.6,red
2724,90.891,red,100.6,1.9,red
2727,90.991,red,100.7,3.3,red
2730,91.091,red,100.4,3.5,red
2733,91.191,red,99.7,3.6,red
2736,91.291,red,100.5,2.4,red
2739,91.391,red,100.6,2.5,red
2742,91.491,red,100.5,3.4,red
2745,91.592,red,100.5,4.2,red
2748,91.692,red,101.2,3.8,red
2751,91.792,red,100.9,3.8,red
2754,91.892,red,101.6,2.3,red
2757,91.992,red,100.4,3.3,red
2760,92.092,red,100.9,3.2,red
2763,92.192,red,99.7,3.8,red
2766,92.292,red,100.2,2.9,red
2769,92.392,red,99.5,2.9,red
2772,92.492,red,100.1,2.5,red
2775,92.592,red,100.4,2.9,red
2778,92.693,red,100.8,4.0,red
2781,92.793,red,99.9,3.0,red
2784,92.893,red,99.7,2.7,red
2787,92.993,red,99.7,3.1,red
2790,93.093,red,100.5,3.0,red
2793,93.193,red,100.1,3.5,red
2796,93.293,red,100.2,3.0,red
2799,93.393,red,100.5,3.8,red
2802,93.493,red,99.7,3.6,red
2805,93.594,red,100.1,2.7,red
2808,93.694,red,101.3,3.8,red
2811,93.794,red,100.2,3.6,red
2814,93.894,red,100.0,2.8,red
2817,93.994,red,99.9,2.7,red
2820,94.094,red,99.5,3.0,red
2823,94.194,red,100.5,3.0,red
2826,94.294,red,100.7,2.4,red
2829,94.394,red,100.2,3.8,red
2832,94.494,red,99.7,2.4,red
2835,94.594,red,100.6,3.7,red
2838,94.695,red,100.2,3.0,red
2841,94.795,red,100.1,3.9,red
2844,94.895,red,99.7,3.7,red
2847,94.995,red,100.6,2.9,red
2850,95.095,red,101.0,3.8,red
2853,95.195,red,100.7,3.3,red
2856,95.295,red,100.1,3.5,red
2859,95.395,red,100.5,3.2,red
2862,95.495,red,100.6,3.6,red
2865,95.596,red,100.0,2.5,red
2868,95.696,red,100.7,3.2,red
2871,95.796,red,100.3,2.6,red
2874,95.896,red,99.8,2.3,red
2877,95.996,red,100.9,3.1,red
2880,96.096,red,100.1,2.4,red
2883,96.196,red,99.9,3.1,red
2886,96.296,red,100.0,2.9,red
2889,96.396,red,100.5,1.7,red
2892,96.496,red,99.9,2.7,red
2895,96.596,red,99.7,3.1,red
2898,96.697,red,100.9,3.2,red
2901,96.797,red,100.1,3.2,red
2904,96.897,red,100.2,3.1,red
2907,96.997,red,99.6,3.5,red
2910,97.097,red,100.1,3.0,red
2913,97.197,red,100.5,3.6,red
2916,97.297,red,99.0,3.0,red
2919,97.397,red,100.2,3.9,red
2922,97.497,red,100.1,2.9,red
2925,97.598,red,100.5,3.4,red
2928,97.698,red,100.0,3.4,red
2931,97.798,red,99.9,3.2,red
2934,97.898,red,100.4,2.8,red
2937,97.998,red,99.7,2.3,red
2940,98.098,red,100.4,3.8,red
2943,98.198,red,100.3,3.1,red
2946,98.298,red,100.8,2.2,red
2949,98.398,red,100.7,4.0,red
2952,98.498,red,100.8,3.7,red
2955,98.598,red,100.9,3.7,red
2958,98.699,red,100.6,2.8,red
2961,98.799,red,100.6,3.1,red
2964,98.899,red,99.9,2.2,red
2967,98.999,red,100.4,3.0,red
2970,99.099,red,99.8,3.4,red
2973,99.199,red,99.2,3.2,red
2976,99.299,red,99.9,3.3,red
2979,99.399,red,100.0,2.2,red
2982,99.499,red,99.1,4.2,red
2985,99.6,red,100.0,3.2,red
2988,99.7,red,100.1,2.9,red
2991,99.8,red,100.5,1.9,red
2994,99.9,red,99.9,2.4,red
2997,100.0,red,100.4,2.7,red
3000,100.1,red,100.2,2.2,red
3003,100.2,red,99.9,3.2,red
3006,100.3,red,100.1,2.6,red
3009,100.4,red,100.4,1.1,red
3012,100.5,red,100.4,3.6,red
3015,100.6,red,99.2,3.2,red
3018,100.701,red,99.6,2.5,red
3021,100.801,red,100.3,3.1,red
3024,100.901,red,99.9,3.1,red
3027,101.001,red,99.9,2.4,red
3030,101.101,red,100.6,2.5,red
3033,101.201,red,100.0,4.0,red
3036,101.301,red,100.3,3.0,red
3039,101.401,red,100.7,3.5,red
3042,101.501,red,101.2,3.7,red
3045,101.602,red,101.6,2.3,red
3048,101.702,red,100.5,3.4,red
3051,101.802,red,100.4,2.8,red
3054,101.902,red,100.5,2.7,red
3057,102.002,red,100.8,2.8,red
3060,102.102,red,100.9,3.5,red
3063,102.202,red,101.0,3.1,red
3066,102.302,red,101.2,2.9,red
3069,102.402,red,101.2,3.5,red
3072,102.502,red,100.6,3.2,red
3075,102.602,red,100.6,4.0,red
3078,102.703,red,100.2,2.4,red
3081,102.803,red,99.5,3.5,red
3084,102.903,red,100.4,2.8,red
3087,103.003,red,100.0,3.6,red
3090,103.103,red,100.6,3.0,red
3093,103.203,red,101.3,3.0,red
3096,103.303,red,101.0,3.8,red
3099,103.403,red,101.1,3.1,red
3102,103.503,red,100.8,3.8,red
3105,103.604,red,100.4,2.6,red
3108,103.704,red,101.0,2.6,red
3111,103.804,red,99.2,2.6,red
3114,103.904,red,100.4,3.3,red
3117,104.004,red,100.3,2.5,red
3120,104.104,red,100.5,3.6,red
3123,104.204,red,100.3,3.4,red
3126,104.304,red,100.0,3.1,red
3129,104.404,red,100.0,3.3,red
3132,104.504,red,100.3,3.0,red
3135,104.604,red,100.0,2.7,red
3138,104.705,red,101.1,3.9,red
3141,104.805,red,100.1,2.5,red
3144,104.905,red,100.1,3.3,red
3147,105.005,red,100.6,3.5,red
3150,105.105,red,100.5,3.6,red
3153,105.205,red,99.8,3.7,red
3156,105.305,red,100.8,3.7,red
3159,105.405,red,100.7,2.9,red
3162,105.505,red,99.9,3.0,red
3165,105.606,red,99.2,3.3,red
3168,105.706,red,100.0,3.0,red
3171,105.806,red,101.0,2.3,red
3174,105.906,red,100.5,3.2,red
3177,106.006,red,99.2,3.1,red
3180,106.106,red,99.1,3.6,red
3183,106.206,red,98.9,2.3,red
3186,106.306,red,99.6,2.3,red
3189,106.406,red,101.3,3.6,red
3192,106.506,red,99.7,2.6,red
3195,106.606,red,100.7,2.1,red
3198,106.707,red,101.2,2.8,red
3201,106.807,red,99.6,3.0,red
3204,106.907,red,99.9,3.4,red
3207,107.007,red,99.6,2.5,red
3210,107.107,red,99.6,2.6,red
3213,107.207,red,99.4,3.3,red
3216,107.307,red,99.7,3.3,red
3219,107.407,red,100.6,3.9,red
3222,107.507,red,99.5,3.7,red
3225,107.608,red,99.8,2.9,red
3228,107.708,red,100.3,3.9,red
3231,107.808,red,100.7,3.1,red
3234,107.908,red,100.6,3.2,red
3237,108.008,red,99.8,2.9,red
3240,108.108,red,100.8,3.3,red
3243,108.208,red,101.1,3.7,red
3246,108.308,red,100.5,2.7,red
3249,108.408,red,101.1,2.1,red
3252,108.508,red,100.9,3.5,red
3255,108.608,red,100.8,2.6,red
3258,108.709,red,100.9,3.1,red
3261,108.809,red,101.2,3.1,red
3264,108.909,red,100.9,2.9,red
3267,109.009,red,100.5,3.5,red
3270,109.109,red,99.5,3.7,red
3273,109.209,red,100.0,3.6,red
3276,109.309,red,100.3,4.3,red
3279,109.409,red,100.5,3.2,red
3282,109.509,red,99.6,2.8,red
3285,109.61,red,100.2,4.2,red
3288,109.71,red,100.1,3.2,red
3291,109.81,red,101.2,3.0,red
3294,109.91,red,102.0,2.6,red
3297,110.01,red,101.1,3.3,red
3300,110.11,red,100.4,2.6,red
3303,110.21,red,99.7,3.9,red
3306,110.31,red,100.7,2.7,red
3309,110.41,red,99.5,4.3,red
3312,110.51,red,100.3,3.4,red
3315,110.61,red,100.2,3.3,red
3318,110.711,red,100.1,3.1,red
3321,110.811,red,99.7,2.9,red
3324,110.911,red,100.6,2.1,red
3327,111.011,red,101.2,3.4,red
3330,111.111,red,100.8,3.5,red
3333,111.211,red,99.9,2.3,red
3336,111.311,red,100.4,3.1,red
3339,111.411,red,100.5,3.5,red
3342,111.511,red,101.6,3.4,red
3345,111.612,red,101.3,4.2,red
3348,111.712,red,100.7,2.3,red
3351,111.812,red,100.7,3.3,red
3354,111.912,red,100.4,3.1,red
3357,112.012,red,101.4,2.5,red
3360,112.112,red,101.2,3.1,red
3363,112.212,red,101.2,3.0,red
3366,112.312,red,101.0,1.7,red
3369,112.412,red,101.2,2.2,red
3372,112.512,red,101.1,3.3,red
3375,112.612,red,102.5,2.8,red
3378,112.713,red,101.3,3.5,red
3381,112.813,red,101.2,3.8,red
3384,112.913,red,101.4,2.9,red
3387,113.013,red,101.0,3.3,red
3390,113.113,red,101.4,3.4,red
3393,113.213,red,101.1,3.1,red
3396,113.313,red,101.7,3.0,red
3399,113.413,red,101.4,2.4,red
3402,113.513,red,101.0,3.2,red
3405,113.614,red,101.7,2.8,red
3408,113.714,red,100.0,3.6,red
3411,113.814,red,100.0,3.3,red
3414,113.914,red,100.2,3.7,red
3417,114.014,red,100.5,3.5,red
3420,114.114,red,100.4,3.3,red
3423,114.214,red,100.5,3.0,red
3426,114.314,red,101.3,2.9,red
3429,114.414,red,99.8,4.3,red
3432,114.514,red,100.1,2.7,red
3435,114.614,red,101.7,3.2,red
3438,114.715,red,100.6,3.9,red
3441,114.815,red,100.7,2.2,red
3444,114.915,red,100.7,3.8,red
3447,115.015,red,100.3,3.0,red
3450,115.115,red,101.0,2.7,red
3453,115.215,red,101.2,2.3,red
3456,115.315,red,101.5,3.1,red
3459,115.415,red,100.9,2.5,red
3462,115.515,red,101.4,2.2,red
3465,115.616,red,99.7,3.6,red
3468,115.716,red,101.6,3.4,red
3471,115.816,red,102.0,4.9,red
3474,115.916,red,99.9,3.7,red
3477,116.016,red,100.5,3.9,red
3480,116.116,red,100.6,3.0,red
3483,116.216,red,100.8,3.3,red
3486,116.316,red,101.4,3.4,red
3489,116.416,red,100.6,3.0,red
3492,116.516,red,101.5,3.0,red
3495,116.616,red,101.5,2.7,red
3498,116.717,red,100.5,4.1,red
3501,116.817,red,99.5,3.3,red
3504,116.917,red,100.4,2.8,red
3507,117.017,red,100.9,2.5,red
3510,117.117,unclear,73.6,95.6,none
3513,117.217,green,-7.1,101.7,green
3516,117.317,green,-8.8,101.3,green
3519,117.417,green,-10.3,101.3,green
3522,117.517,green,-10.1,101.6,green
3525,117.618,green,-10.1,101.3,green
3528,117.718,green,-9.8,101.2,green
3531,117.818,green,-9.9,100.9,green
3534,117.918,green,-10.0,101.3,green
3537,118.018,green,-9.3,100.7,green
3540,118.118,green,-10.2,101.1,green
3543,118.218,green,-10.1,100.9,green
3546,118.318,green,-10.5,101.2,green
3549,118.418,green,-10.2,100.4,green
3552,118.518,green,-10.1,100.4,green
3555,118.618,green,-10.0,100.2,green
3558,118.719,green,-10.8,100.3,green
3561,118.819,green,-10.5,100.5,green
3564,118.919,green,-9.8,100.4,green
3567,119.019,green,-10.3,100.6,green
3570,119.119,green,-10.3,101.1,green
3573,119.219,green,-10.4,100.2,green
3576,119.319,green,-10.2,101.2,green
3579,119.419,green,-10.5,100.6,green
3582,119.519,green,-10.9,101.1,green
3585,119.62,green,-11.4,101.1,green
3588,119.72,green,-10.1,100.4,green
3591,119.82,green,-9.7,101.1,green
3594,119.92,green,-9.8,100.7,green
3597,120.02,green,-10.0,101.4,green
3600,120.12,green,-10.4,100.8,green
3603,120.22,green,-10.8,100.7,green
3606,120.32,green,-10.4,101.0,green
3609,120.42,green,-10.5,100.8,green
3612,120.52,green,-10.4,100.8,green
3615,120.62,green,-10.3,101.2,green
3618,120.721,green,-10.5,101.3,green
3621,120.821,green,-10.3,101.1,green
3624,120.921,green,-9.7,101.3,green
3627,121.021,green,-10.0,101.8,green
3630,121.121,green,-10.4,102.2,green
3633,121.221,green,-9.9,102.4,green
3636,121.321,green,-9.7,102.2,green
3639,121.421,green,-10.6,101.9,green
3642,121.521,green,-10.4,102.0,green
3645,121.622,green,-11.1,102.2,green
3648,121.722,green,-11.1,102.3,green
3651,121.822,green,-11.3,101.9,green
3654,121.922,green,-11.0,102.8,green
3657,122.022,green,-10.6,102.5,green
3660,122.122,green,-10.5,102.3,green
3663,122.222,green,-10.4,102.3,green
3666,122.322,green,-10.6,102.2,green
3669,122.422,green,-9.6,101.3,green
3672,122.522,green,-10.1,103.3,green
3675,122.622,green,-10.9,102.7,green
3678,122.723,green,-10.0,103.2,green
3681,122.823,green,-10.4,102.6,green
3684,122.923,green,-10.1,102.4,green
3687,123.023,green,-10.2,103.0,green
3690,123.123,green,-9.4,102.3,green
3693,123.223,green,-10.1,102.0,green
3696,123.323,green,-10.1,102.5,green
3699,123.423,green,-9.6,102.5,green
3702,123.523,green,-9.7,102.4,green
3705,123.624,green,-10.5,102.2,green
3708,123.724,green,-10.0,101.7,green
3711,123.824,green,-9.1,102.0,green
3714,123.924,green,-9.7,101.9,green
3717,124.024,green,-9.6,102.5,green
3720,124.124,green,-10.5,102.8,green
3723,124.224,green,-9.4,102.5,green
3726,124.324,green,-9.3,102.2,green
3729,124.424,green,-9.9,101.7,green
3732,124.524,green,-9.6,102.5,green
3735,124.624,green,-9.5,102.6,green
3738,124.725,green,-11.0,102.3,green
3741,124.825,green,-9.6,102.2,green
3744,124.925,green,-10.7,101.1,green
3747,125.025,green,-10.5,101.4,green
3750,125.125,green,-9.7,101.0,green
3753,125.225,green,-10.0,100.6,green
3756,125.325,green,-9.1,101.1,green
3759,125.425,green,-9.7,100.6,green
3762,125.525,green,-10.0,102.9,green
3765,125.626,green,-8.7,101.5,green
3768,125.726,green,-9.5,101.2,green
3771,125.826,green,-10.3,101.7,green
3774,125.926,green,-9.4,101.0,green
3777,126.026,green,-9.1,102.0,green
3780,126.126,green,-11.3,100.8,green
3783,126.226,green,-11.3,101.1,green
3786,126.326,green,-10.4,101.1,green
3789,126.426,green,-10.3,101.1,green
3792,126.526,green,-10.9,100.9,green
3795,126.626,green,-9.7,101.5,green
3798,126.727,green,-9.2,101.0,green
3801,126.827,green,-9.9,100.9,green
3804,126.927,green,-10.9,102.2,green
3807,127.027,green,-9.9,101.7,green
3810,127.127,green,-9.9,102.4,green
3813,127.227,green,-9.5,101.8,green
3816,127.327,green,-10.1,101.8,green
3819,127.427,green,-10.3,101.7,green
3822,127.527,green,-9.6,101.5,green
3825,127.628,green,-9.3,101.4,green
3828,127.728,green,-10.6,101.3,green
3831,127.828,green,-9.8,101.3,green
3834,127.928,green,-10.0,101.8,green
3837,128.028,green,-10.5,101.7,green
3840,128.128,green,-11.0,101.4,green
3843,128.228,green,-10.0,101.4,green
3846,128.328,green,-10.6,101.5,green
3849,128.428,green,-10.3,102.0,green
3852,128.528,green,-10.6,102.0,green
3855,128.628,green,-10.4,102.0,green
3858,128.729,green,-10.5,101.7,green
3861,128.829,green,-10.5,103.1,green
3864,128.929,green,-11.2,101.4,green
3867,129.029,green,-11.0,102.4,green
3870,129.129,green,-10.1,102.0,green
3873,129.229,green,-9.6,101.8,green
3876,129.329,green,-9.7,102.6,green
3879,129.429,green,-11.2,101.5,green
3882,129.529,green,-10.7,102.0,green
3885,129.63,green,-10.5,102.9,green
3888,129.73,green,-11.3,103.1,green
3891,129.83,green,-11.1,102.3,green
3894,129.93,green,-10.0,101.8,green
3897,130.03,green,-9.9,102.9,green
3900,130.13,green,-10.8,102.2,green
3903,130.23,green,-10.8,103.1,green
3906,130.33,green,-9.8,103.0,green
3909,130.43,green,-10.0,103.1,green
3912,130.53,green,-10.1,102.9,green
3915,130.631,green,-10.7,103.3,green
3918,130.731,green,-9.3,103.7,green
3921,130.831,green,-10.5,103.2,green
3924,130.931,green,-10.3,103.3,green
3927,131.031,green,-10.2,103.0,green
3930,131.131,green,-11.0,102.4,green
3933,131.231,green,-10.8,103.4,green
3936,131.331,green,-10.3,103.3,green
3939,131.431,green,-10.9,103.2,green
3942,131.531,green,-10.0,103.0,green
3945,131.632,green,-10.8,103.5,green
3948,131.732,green,-9.8,103.9,green
3951,131.832,green,-10.2,103.4,green
3954,131.932,green,-10.8,103.1,green
3957,132.032,green,-11.2,103.5,green
3960,132.132,green,-10.8,105.4,green
3963,132.232,green,-11.1,107.0,green
3966,132.332,green,-10.8,105.1,green
3969,132.432,green,-10.9,103.6,green
3972,132.532,green,-10.6,103.5,green
3975,132.632,green,-11.0,103.7,green
3978,132.733,green,-11.5,101.8,green
3981,132.833,green,-10.9,101.9,green
3984,132.933,green,-11.6,102.5,green
3987,133.033,green,-10.1,102.6,green
3990,133.133,green,-10.0,102.6,green
3993,133.233,green,-10.4,102.9,green
3996,133.333,green,-9.3,101.9,green
3999,133.433,green,-10.6,101.9,green
4002,133.533,green,-10.7,102.5,green
4005,133.634,green,-11.4,101.7,green
4008,133.734,green,-10.7,102.4,green
4011,133.834,green,-9.7,102.3,green
4014,133.934,green,-10.3,101.9,green
4017,134.034,green,-9.8,101.6,green
4020,134.134,green,-10.8,102.0,green
4023,134.234,green,-10.5,101.7,green
4026,134.334,green,-10.2,102.0,green
4029,134.434,green,-9.7,101.4,green
4032,134.534,green,-11.1,101.5,green
4035,134.634,green,-10.3,101.4,green
4038,134.735,green,-10.7,101.2,green
4041,134.835,green,-9.9,101.8,green
4044,134.935,green,-10.7,101.2,green
4047,135.035,green,-9.8,101.5,green
4050,135.135,green,-9.9,101.3,green
4053,135.235,green,-9.7,101.4,green
4056,135.335,green,-10.4,101.5,green
4059,135.435,green,-10.5,101.4,green
4062,135.535,green,-9.6,100.8,green
4065,135.636,green,-10.3,101.4,green
4068,135.736,green,-10.5,101.4,green
4071,135.836,green,-10.4,101.5,green
4074,135.936,green,-11.4,100.6,green
4077,136.036,green,-11.1,101.2,green
4080,136.136,green,-10.0,101.6,green
4083,136.236,green,-11.0,101.4,green
4086,136.336,green,-10.0,101.8,green
4089,136.436,green,-10.0,102.7,green
4092,136.536,green,-10.0,101.4,green
4095,136.636,green,-10.6,102.2,green
4098,136.737,green,-10.4,101.9,green
4101,136.837,green,-9.5,102.6,green
4104,136.937,green,-10.1,101.7,green
4107,137.037,green,-10.4,101.6,green
4110,137.137,green,-9.7,102.2,green
4113,137.237,green,-9.4,102.1,green
4116,137.337,green,-9.9,101.8,green
4119,137.437,green,-10.9,102.6,green
4122,137.537,green,-9.6,102.5,green
4125,137.638,green,-10.4,102.4,green
4128,137.738,green,-10.0,101.5,green
4131,137.838,green,-9.4,102.1,green
4134,137.938,green,-9.5,102.1,green
4137,138.038,green,-10.0,103.1,green
4140,138.138,green,-10.6,102.7,green
4143,138.238,green,-10.2,102.9,green
4146,138.338,green,-10.4,102.9,green
4149,138.438,green,-11.0,103.4,green
4152,138.538,green,-10.6,102.8,green
4155,138.638,green,-9.5,103.7,green
4158,138.739,green,-10.9,102.8,green
4161,138.839,green,-9.7,103.2,green
4164,138.939,green,-10.7,103.4,green
4167,139.039,green,-10.9,102.5,green
4170,139.139,green,-9.3,103.1,green
4173,139.239,green,-9.9,103.5,green
4176,139.339,green,-9.6,103.3,green
4179,139.439,green,-9.2,103.6,green
4182,139.539,green,-9.5,102.9,green
4185,139.64,green,-9.1,102.8,green
4188,139.74,green,-11.0,103.3,green
4191,139.84,green,-9.5,103.6,green
4194,139.94,green,-9.7,103.7,green
4197,140.04,green,-10.0,103.8,green
4200,140.14,green,-9.5,103.7,green
4203,140.24,green,-9.3,103.2,green
4206,140.34,green,-8.7,103.3,green
4209,140.44,green,-9.1,102.6,green
4212,140.54,green,-9.9,103.6,green
4215,140.64,green,-10.0,103.8,green
4218,140.741,green,-10.0,103.2,green
4221,140.841,green,-10.1,103.5,green
4224,140.941,green,-10.3,103.2,green
4227,141.041,green,-10.8,103.0,green
4230,141.141,green,-9.2,103.1,green
4233,141.241,green,-9.5,102.8,green
4236,141.341,green,-9.5,103.7,green
4239,141.441,green,-9.0,102.8,green
4242,141.541,green,-9.1,102.7,green
4245,141.642,green,-9.9,103.0,green
4248,141.742,green,-9.7,103.2,green
4251,141.842,green,-8.6,103.0,green
4254,141.942,green,-9.8,102.8,green
4257,142.042,green,-9.7,102.8,green
4260,142.142,green,-11.5,103.1,green
4263,142.242,green,-11.1,103.0,green
4266,142.342,green,-10.8,103.2,green
4269,142.442,green,-11.0,102.9,green
4272,142.542,green,-11.1,102.6,green
4275,142.642,green,-10.8,102.9,green
4278,142.743,green,-9.4,102.3,green
4281,142.843,green,-9.7,102.5,green
4284,142.943,green,-10.0,102.7,green
4287,143.043,green,-10.7,102.3,green
4290,143.143,green,-9.8,102.3,green
4293,143.243,green,-10.5,102.4,green
4296,143.343,green,-8.9,102.3,green
4299,143.443,green,-10.2,102.4,green
4302,143.543,green,-10.6,102.0,green
4305,143.644,green,-10.0,101.6,green
4308,143.744,green,-11.0,103.0,green
4311,143.844,green,-10.2,102.0,green
4314,143.944,green,-10.3,102.5,green
4317,144.044,green,-11.1,102.4,green
4320,144.144,green,-9.9,101.8,green
4323,144.244,green,-9.7,102.1,green
4326,144.344,green,-10.3,102.1,green
4329,144.444,green,-9.2,101.3,green
4332,144.544,green,-9.4,101.7,green
4335,144.644,green,-10.2,102.0,green
4338,144.745,green,-9.4,101.6,green
4341,144.845,green,-10.2,101.6,green
4344,144.945,green,-10.0,101.6,green
4347,145.045,green,-10.1,102.3,green
4350,145.145,green,-10.3,101.4,green
4353,145.245,green,-10.2,101.7,green
4356,145.345,green,-9.5,101.1,green
4359,145.445,green,-8.7,102.1,green
4362,145.545,green,-9.9,101.1,green
4365,145.646,green,-9.4,102.3,green
4368,145.746,green,-9.6,102.6,green
4371,145.846,green,-10.3,101.7,green
4374,145.946,green,-9.5,102.8,green
4377,146.046,green,-8.9,102.5,green
4380,146.146,green,-9.7,102.8,green
4383,146.246,green,-9.8,102.4,green
4386,146.346,green,-8.4,102.2,green
4389,146.446,green,-9.4,102.7,green
4392,146.546,green,-9.9,102.3,green
4395,146.646,green,-9.9,103.1,green
4398,146.747,green,-11.4,102.9,green
4401,146.847,green,-10.7,103.2,green
4404,146.947,green,-9.7,103.2,green
4407,147.047,green,-9.5,103.0,green
4410,147.147,green,-10.2,102.4,green
4413,147.247,green,-9.3,103.5,green
4416,147.347,green,-9.2,102.7,green
4419,147.447,green,-10.1,103.9,green
4422,147.547,green,-10.7,103.3,green
4425,147.648,green,-9.8,103.6,green
4428,147.748,green,-9.9,102.7,green
4431,147.848,green,-10.8,102.9,green
4434,147.948,green,-9.7,102.9,green
4437,148.048,green,-9.7,103.3,green
4440,148.148,green,-10.0,103.1,green
4443,148.248,green,-9.9,104.1,green
4446,148.348,green,-10.0,103.1,green
4449,148.448,green,-9.9,103.0,green
4452,148.548,green,-10.7,103.0,green
4455,148.648,green,-9.9,102.7,green
4458,148.749,green,-9.0,104.1,green
4461,148.849,green,-10.1,104.1,green
4464,148.949,green,-9.7,104.4,green
4467,149.049,green,-8.7,104.1,green
4470,149.149,green_flash,-9.1,5.7,none
4473,149.249,green_flash,-10.1,3.9,none
4476,149.349,green_flash,-10.2,3.6,none
4479,149.449,green_flash,-10.4,2.5,none
4482,149.549,green_flash,-9.1,4.0,none
4485,149.65,green,-10.4,103.4,green
4488,149.75,green,-9.8,103.8,green
4491,149.85,green,-11.1,102.9,green
4494,149.95,green,-9.3,103.5,green
4497,150.05,green,-10.4,103.9,green
4500,150.15,green_flash,-9.2,4.3,none
4503,150.25,green_flash,-9.6,3.7,none
4506,150.35,green_flash,-9.1,4.0,none
4509,150.45,green_flash,-9.9,3.4,none
4512,150.55,green_flash,-9.9,4.0,none
4515,150.65,green,-9.6,103.0,green
4518,150.751,green,-9.3,103.5,green
4521,150.851,green,-9.8,104.1,green
4524,150.951,green,-9.5,103.9,green
4527,151.051,green,-10.5,103.5,green
4530,151.151,green_flash,-9.6,4.2,none
4533,151.251,green_flash,-9.4,3.4,none
4536,151.351,green_flash,-9.8,3.5,none
4539,151.451,green_flash,-9.6,2.5,none
4542,151.551,green_flash,-10.1,4.1,none
4545,151.652,green,-10.2,102.8,green
4548,151.752,green,-11.3,102.6,green
4551,151.852,green,-11.0,102.7,green
4554,151.952,green,-10.9,103.3,green
4557,152.052,green,-10.2,102.9,green
4560,152.152,red,101.9,4.7,red
4563,152.252,red,101.9,3.8,red
4566,152.352,red,101.5,2.6,red
4569,152.452,red,102.7,2.5,red
4572,152.552,red,102.1,3.2,red
4575,152.652,red,102.0,2.6,red
4578,152.753,red,101.5,3.2,red
4581,152.853,red,102.2,3.5,red
4584,152.953,red,102.1,2.4,red
4587,153.053,red,99.7,3.3,red
4590,153.153,red,101.6,3.5,red
4593,153.253,red,101.5,2.8,red
4596,153.353,red,101.1,2.3,red
4599,153.453,red,101.7,2.4,red
4602,153.553,red,101.2,2.4,red
4605,153.654,red,102.4,2.2,red
4608,153.754,red,100.2,3.2,red
4611,153.854,red,101.6,1.8,red
4614,153.954,red,101.6,3.2,red
4617,154.054,red,101.6,3.1,red
4620,154.154,red,103.0,2.8,red
4623,154.254,red,100.9,3.7,red
4626,154.354,red,101.4,2.4,red
4629,154.454,red,101.6,2.1,red
4632,154.554,red,102.1,3.6,red
4635,154.654,red,101.9,3.0,red
4638,154.755,red,99.8,3.6,red
4641,154.855,red,100.4,2.4,red
4644,154.955,red,101.4,1.8,red
4647,155.055,red,100.5,2.0,red
4650,155.155,red,101.3,2.3,red
4653,155.255,red,102.2,2.5,red
4656,155.355,red,102.5,2.1,red
4659,155.455,red,102.1,1.4,red
4662,155.555,red,101.9,2.4,red
4665,155.656,red,101.2,2.0,red
4668,155.756,red,101.3,2.1,red
4671,155.856,red,100.9,3.1,red
4674,155.956,red,103.2,3.8,red
4677,156.056,red,101.8,3.1,red
4680,156.156,red,101.4,3.1,red
4683,156.256,red,102.0,3.8,red
4686,156.356,red,101.1,3.4,red
4689,156.456,red,101.3,2.0,red
4692,156.556,red,102.4,2.4,red
4695,156.656,red,101.5,3.2,red
4698,156.757,red,101.9,3.3,red
4701,156.857,red,101.5,3.1,red
4704,156.957,red,102.8,2.8,red
4707,157.057,red,100.8,3.8,red
4710,157.157,red,101.6,3.3,red
4713,157.257,red,100.7,2.8,red
4716,157.357,red,102.1,3.0,red
4719,157.457,red,101.8,1.8,red
4722,157.557,red,101.4,3.4,red
4725,157.658,red,101.8,2.4,red
4728,157.758,red,101.3,4.2,red
4731,157.858,red,101.3,2.4,red
4734,157.958,red,99.9,2.9,red
4737,158.058,red,101.4,3.8,red
4740,158.158,red,102.4,3.0,red
4743,158.258,red,102.2,3.0,red
4746,158.358,red,102.0,3.2,red
4749,158.458,red,101.1,3.2,red
4752,158.558,red,102.0,3.1,red
4755,158.658,red,100.9,3.0,red
4758,158.759,red,100.9,2.8,red
4761,158.859,red,101.0,3.6,red
4764,158.959,red,101.0,2.3,red
4767,159.059,red,101.4,2.2,red
4770,159.159,red,102.4,2.2,red
4773,159.259,red,100.8,4.1,red
4776,159.359,red,101.4,3.1,red
4779,159.459,red,101.3,2.1,red
4782,159.559,red,99.9,3.8,red
4785,159.66,red,100.9,3.3,red
4788,159.76,red,101.2,3.2,red
4791,159.86,red,101.9,2.8,red
4794,159.96,red,101.0,2.5,red
4797,160.06,red,100.5,3.3,red
4800,160.16,red,101.4,3.1,red
4803,160.26,red,101.1,2.9,red
4806,160.36,red,101.1,3.5,red
4809,160.46,red,100.0,2.9,red
4812,160.56,red,101.0,2.2,red
4815,160.66,red,100.7,2.5,red
4818,160.761,red,101.0,2.7,red
4821,160.861,red,101.1,3.0,red
4824,160.961,red,101.3,2.5,red
4827,161.061,red,101.0,2.5,red
4830,161.161,red,100.7,3.4,red
4833,161.261,red,101.6,3.8,red
4836,161.361,red,101.3,2.7,red
4839,161.461,red,100.6,3.2,red
4842,161.561,red,100.2,3.4,red
4845,161.662,red,101.5,3.2,red
4848,161.762,red,101.4,3.3,red
4851,161.862,red,101.4,2.5,red
4854,161.962,red,101.6,3.8,red
4857,162.062,red,101.7,2.8,red
4860,162.162,red,101.3,3.5,red
4863,162.262,red,101.8,2.7,red
4866,162.362,red,100.9,3.3,red
4869,162.462,red,102.0,2.5,red
4872,162.562,red,100.8,3.0,red
4875,162.662,red,101.7,3.7,red
4878,162.763,red,100.5,3.2,red
4881,162.863,red,100.5,2.2,red
4884,162.963,red,101.0,2.6,red
4887,163.063,red,101.0,3.6,red
4890,163.163,red,101.2,2.4,red
4893,163.263,red,101.7,2.7,red
4896,163.363,red,101.1,3.1,red
4899,163.463,red,101.7,2.1,red
4902,163.563,red,101.1,2.9,red
4905,163.664,red,101.0,3.0,red
4908,163.764,red,101.1,2.9,red
4911,163.864,red,101.3,3.4,red
4914,163.964,red,101.0,2.5,red
4917,164.064,red,100.6,3.0,red
4920,164.164,red,102.0,3.1,red
4923,164.264,red,100.9,2.9,red
4926,164.364,red,101.2,2.0,red
4929,164.464,red,101.5,3.8,red
4932,164.564,red,100.9,2.7,red
4935,164.664,red,100.4,2.5,red
4938,164.765,red,100.9,3.1,red
4941,164.865,red,101.7,3.6,red
4944,164.965,red,101.0,2.9,red
4947,165.065,red,100.6,3.5,red
4950,165.165,red,101.8,2.7,red
4953,165.265,red,101.1,3.7,red
4956,165.365,red,102.0,2.2,red
4959,165.465,red,102.2,3.2,red
4962,165.565,red,102.1,2.1,red
4965,165.666,red,101.6,2.3,red
4968,165.766,red,101.0,2.4,red
4971,165.866,red,101.3,2.5,red
4974,165.966,red,101.4,3.0,red
4977,166.066,red,101.1,3.3,red
4980,166.166,red,100.8,3.0,red
4983,166.266,red,100.2,3.2,red
4986,166.366,red,101.4,2.7,red
4989,166.466,red,101.5,2.9,red
4992,166.566,red,101.2,3.7,red
4995,166.666,red,99.8,3.3,red
4998,166.767,red,101.8,2.7,red
5001,166.867,red,101.4,2.6,red
5004,166.967,red,101.8,3.4,red
5007,167.067,red,100.2,3.5,red
5010,167.167,red,101.5,3.7,red
5013,167.267,red,100.8,3.3,red
5016,167.367,red,100.6,2.1,red
5019,167.467,red,100.8,2.9,red
5022,167.567,red,100.5,2.6,red
5025,167.668,red,101.3,2.3,red
5028,167.768,red,101.3,2.4,red
5031,167.868,red,102.4,2.2,red
5034,167.968,red,101.5,2.3,red
5037,168.068,red,101.1,3.4,red
5040,168.168,red,100.3,1.2,red
5043,168.268,red,100.9,2.3,red
5046,168.368,red,101.9,3.3,red
5049,168.468,red,100.9,2.8,red
5052,168.568,red,100.7,3.0,red
5055,168.668,red,101.1,2.8,red
5058,168.769,red,101.2,3.0,red
5061,168.869,red,101.0,2.6,red
5064,168.969,red,100.5,4.0,red
5067,169.069,red,101.5,2.2,red
5070,169.169,red,100.7,4.2,red
5073,169.269,red,100.2,2.7,red
5076,169.369,red,100.6,2.7,red
5079,169.469,red,101.2,2.9,red
5082,169.569,red,100.8,2.5,red
5085,169.67,red,101.0,2.8,red
5088,169.77,red,101.6,3.6,red
5091,169.87,red,101.5,2.7,red
5094,169.97,red,101.2,2.5,red
5097,170.07,red,101.0,3.2,red
5100,170.17,red,101.6,2.8,red
5103,170.27,red,101.4,2.3,red
5106,170.37,red,102.0,2.2,red
5109,170.47,red,100.3,2.9,red
5112,170.57,red,101.3,1.8,red
5115,170.67,red,101.4,3.3,red
5118,170.771,red,101.0,3.3,red
5121,170.871,red,101.6,3.8,red
5124,170.971,red,100.8,3.2,red
5127,171.071,red,101.5,2.5,red
5130,171.171,red,102.0,2.6,red
5133,171.271,red,101.1,2.8,red
5136,171.371,red,101.0,3.3,red
5139,171.471,red,101.0,3.2,red
5142,171.571,red,101.4,2.7,red
5145,171.672,red,101.1,2.2,red
5148,171.772,red,101.5,4.1,red
5151,171.872,red,101.6,3.1,red
5154,171.972,red,101.0,3.6,red
5157,172.072,red,100.5,3.3,red
5160,172.172,red,100.6,2.4,red
5163,172.272,red,101.3,3.2,red
5166,172.372,red,100.7,3.5,red
5169,172.472,red,100.9,2.5,red
5172,172.572,red,100.7,3.4,red
5175,172.672,red,101.9,3.6,red
5178,172.773,red,101.0,3.4,red
5181,172.873,red,101.7,2.6,red
5184,172.973,red,101.3,3.5,red
5187,173.073,red,101.3,3.5,red
5190,173.173,red,101.1,2.9,red
5193,173.273,red,100.5,2.7,red
5196,173.373,red,101.7,3.2,red
5199,173.473,red,100.8,2.7,red
5202,173.573,red,101.8,2.7,red
5205,173.674,red,101.9,2.3,red
5208,173.774,red,101.1,2.9,red
5211,173.874,red,100.9,1.8,red
5214,173.974,red,101.1,3.0,red
5217,174.074,red,100.6,2.9,red
5220,174.174,red,101.0,3.7,red
5223,174.274,red,100.8,3.1,red
5226,174.374,red,100.9,3.5,red
5229,174.474,red,101.4,2.1,red
5232,174.574,red,101.9,3.2,red
5235,174.674,red,101.9,2.5,red
5238,174.775,red,100.2,3.2,red
5241,174.875,red,100.7,2.4,red
5244,174.975,red,102.4,3.2,red
5247,175.075,red,100.9,2.4,red
5250,175.175,red,102.0,2.8,red
5253,175.275,red,102.1,2.5,red
5256,175.375,red,102.2,2.6,red
5259,175.475,red,102.1,3.1,red
5262,175.575,red,102.3,2.7,red
5265,175.676,red,102.6,2.4,red
5268,175.776,red,101.1,2.2,red
5271,175.876,red,102.1,2.7,red
5274,175.976,red,101.2,2.9,red
5277,176.076,red,102.0,3.6,red
5280,176.176,red,101.7,2.1,red
5283,176.276,red,100.8,2.1,red
5286,176.376,red,101.7,2.1,red
5289,176.476,red,101.8,2.1,red
5292,176.576,red,102.0,3.0,red
5295,176.676,red,101.1,3.0,red
5298,176.777,red,101.8,3.9,red
5301,176.877,red,100.7,3.0,red
5304,176.977,red,101.8,2.5,red
5307,177.077,red,102.7,2.9,red
5310,177.177,red,101.7,3.1,red
5313,177.277,red,102.0,2.5,red
5316,177.377,red,101.5,2.9,red
5319,177.477,red,101.6,2.5,red
5322,177.577,red,101.8,2.1,red
5325,177.678,red,101.4,4.0,red
5328,177.778,red,101.4,2.2,red
5331,177.878,red,101.3,3.1,red
5334,177.978,red,102.5,2.8,red
5337,178.078,red,101.1,3.5,red
5340,178.178,red,101.5,2.6,red
5343,178.278,red,101.0,3.2,red
5346,178.378,red,100.8,2.6,red
5349,178.478,red,100.6,2.5,red
5352,178.578,red,101.3,3.1,red
5355,178.678,red,101.4,2.5,red
5358,178.779,red,100.8,3.2,red
5361,178.879,red,101.1,3.5,red
5364,178.979,red,101.0,2.8,red
5367,179.079,red,101.6,3.1,red
5370,179.179,red,102.4,3.4,red
5373,179.279,red,101.7,3.0,red
5376,179.379,red,101.1,3.0,red
5379,179.479,red,102.0,2.2,red
5382,179.579,red,102.1,2.7,red
5385,179.68,red,102.0,2.4,red
5388,179.78,red,101.2,3.4,red
5391,179.88,red,100.8,2.8,red
5394,179.98,red,101.5,2.8,red
5397,180.08,red,101.2,2.6,red
5400,180.18,red,100.5,2.5,red
5403,180.28,red,100.3,3.7,red
5406,180.38,red,101.0,3.1,red
5409,180.48,red,100.0,3.1,red
5412,180.58,red,100.6,3.0,red
5415,180.68,red,100.7,2.9,red
5418,180.781,red,100.7,2.8,red
5421,180.881,red,101.3,3.2,red
5424,180.981,red,100.9,2.5,red
5427,181.081,red,101.8,2.7,red
5430,181.181,red,102.0,3.2,red
5433,181.281,red,101.6,2.7,red
5436,181.381,red,100.8,1.9,red
5439,181.481,red,102.2,2.6,red
5442,181.581,red,101.8,2.6,red
5445,181.682,red,101.3,2.7,red
5448,181.782,red,100.5,2.7,red
5451,181.882,red,101.4,2.5,red
5454,181.982,red,100.9,2.6,red
5457,182.082,red,100.7,3.0,red
5460,182.182,red,100.7,3.2,red
5463,182.282,red,101.1,2.7,red
5466,182.382,red,101.1,2.5,red
5469,182.482,red,100.7,3.1,red
5472,182.582,red,101.0,3.1,red
5475,182.682,red,101.0,1.7,red
5478,182.783,red,101.4,3.4,red
5481,182.883,red,101.5,2.6,red
5484,182.983,red,101.0,2.7,red
5487,183.083,red,100.2,3.5,red
5490,183.183,red,101.0,3.4,red
5493,183.283,red,101.6,3.8,red
5496,183.383,red,101.5,2.2,red
5499,183.483,red,101.6,4.0,red
5502,183.583,red,101.3,3.0,red
5505,183.684,red,101.2,3.6,red
5508,183.784,red,101.0,3.0,red
5511,183.884,red,100.4,3.0,red
5514,183.984,red,100.5,3.8,red
5517,184.084,red,101.8,3.0,red
5520,184.184,red,101.4,2.0,red
5523,184.284,red,100.0,2.6,red
5526,184.384,red,101.4,2.4,red
5529,184.484,red,102.1,2.7,red
5532,184.584,red,100.6,3.3,red
5535,184.684,red,101.7,3.5,red
5538,184.785,red,100.8,2.6,red
5541,184.885,red,101.0,1.9,red
5544,184.985,red,100.9,3.0,red
5547,185.085,red,101.6,2.8,red
5550,185.185,red,101.1,1.6,red
5553,185.285,red,101.2,2.7,red
5556,185.385,red,100.8,2.6,red
5559,185.485,red,101.6,3.3,red
5562,185.585,red,101.1,3.0,red
5565,185.686,red,101.0,3.2,red
5568,185.786,red,101.2,3.0,red
5571,185.886,red,101.9,2.9,red
5574,185.986,red,101.1,2.6,red
5577,186.086,red,101.5,3.2,red
5580,186.186,red,101.0,3.2,red
5583,186.286,red,100.9,2.6,red
5586,186.386,red,101.5,2.6,red
5589,186.486,red,101.1,3.6,red
5592,186.586,red,101.3,3.7,red
5595,186.686,red,101.5,3.6,red
5598,186.787,red,101.4,3.4,red
5601,186.887,red,101.7,2.1,red
5604,186.987,red,101.4,2.9,red
5607,187.087,red,101.3,2.3,red
5610,187.187,red,101.9,3.7,red
5613,187.287,red,100.8,3.6,red
5616,187.387,red,102.1,3.0,red
5619,187.487,red,101.6,2.8,red
5622,187.587,red,100.6,2.2,red
5625,187.688,red,102.4,3.0,red
5628,187.788,red,101.1,2.5,red
5631,187.888,red,101.5,2.0,red
5634,187.988,red,100.8,2.4,red
5637,188.088,red,100.6,2.9,red
5640,188.188,red,101.4,3.4,red
5643,188.288,red,100.7,3.4,red
5646,188.388,red,101.8,3.4,red
5649,188.488,red,102.0,3.3,red
5652,188.588,red,101.6,3.3,red
5655,188.688,red,101.0,3.8,red
5658,188.789,red,100.7,2.5,red
5661,188.889,red,101.4,3.5,red
5664,188.989,red,100.4,2.4,red
5667,189.089,red,102.1,2.9,red
5670,189.189,red,101.7,2.9,red
5673,189.289,red,102.4,3.2,red
5676,189.389,red,102.1,2.9,red
5679,189.489,red,100.7,2.2,red
5682,189.589,red,102.2,2.8,red
5685,189.69,red,101.7,2.9,red
5688,189.79,red,100.9,3.4,red
5691,189.89,red,101.6,3.1,red
5694,189.99,red,101.1,3.0,red
5697,190.09,red,100.8,3.2,red
5700,190.19,red,101.3,1.7,red
5703,190.29,red,101.9,3.0,red
5706,190.39,red,101.5,2.1,red
5709,190.49,red,101.8,2.5,red
5712,190.59,red,101.5,1.8,red
5715,190.69,red,101.0,3.0,red
5718,190.791,red,101.8,1.9,red
5721,190.891,red,101.8,2.9,red
5724,190.991,red,101.7,2.8,red
5727,191.091,red,101.9,2.0,red
5730,191.191,red,101.8,1.5,red
5733,191.291,red,101.6,3.3,red
5736,191.391,red,100.9,2.5,red
5739,191.491,red,101.0,2.6,red
5742,191.591,red,100.6,3.3,red
5745,191.692,red,100.7,3.0,red
5748,191.792,red,102.4,1.4,red
5751,191.892,red,101.6,2.4,red
5754,191.992,red,101.2,2.7,red
5757,192.092,red,101.4,2.7,red
5760,192.192,red,101.4,2.8,red
5763,192.292,red,102.2,2.2,red
5766,192.392,red,100.8,2.8,red
5769,192.492,red,100.6,2.4,red
5772,192.592,red,101.7,2.9,red
5775,192.692,red,100.6,3.0,red
5778,192.793,red,101.2,3.3,red
5781,192.893,red,101.1,2.6,red
5784,192.993,red,101.2,2.7,red
5787,193.093,red,101.1,3.0,red
5790,193.193,red,101.2,2.5,red
5793,193.293,red,100.9,1.9,red
5796,193.393,red,101.1,2.6,red
5799,193.493,red,100.1,2.3,red
5802,193.593,red,99.9,1.7,red
5805,193.694,red,99.5,1.9,red
5808,193.794,red,101.7,2.8,red
5811,193.894,red,102.2,3.3,red
5814,193.994,red,101.6,2.3,red
5817,194.094,red,101.1,3.1,red
5820,194.194,red,101.4,2.7,red
5823,194.294,red,101.3,1.6,red
5826,194.394,red,101.8,2.7,red
5829,194.494,red,102.1,4.1,red
5832,194.594,red,101.4,3.2,red
5835,194.694,red,101.3,3.4,red
5838,194.795,red,101.0,2.6,red
5841,194.895,red,100.9,2.4,red
5844,194.995,red,100.3,2.1,red
5847,195.095,red,99.7,3.0,red
5850,195.195,red,100.9,4.0,red
5853,195.295,red,101.8,3.4,red
5856,195.395,red,101.1,1.8,red
5859,195.495,red,101.8,3.2,red
5862,195.595,red,101.5,2.5,red
5865,195.696,red,102.3,2.4,red
5868,195.796,red,101.2,2.1,red
5871,195.896,red,102.4,3.7,red
5874,195.996,red,101.9,2.1,red
5877,196.096,red,101.2,2.7,red
5880,196.196,red,101.6,2.9,red
5883,196.296,red,100.3,2.6,red
5886,196.396,red,100.9,2.5,red
5889,196.496,red,100.3,2.9,red
5892,196.596,red,101.3,2.9,red
5895,196.696,red,101.4,3.2,red
5898,196.797,red,100.2,2.8,red
5901,196.897,red,100.9,3.6,red
5904,196.997,red,101.0,2.1,red
5907,197.097,red,101.8,3.2,red
5910,197.197,green,-6.5,104.3,green
5913,197.297,green,-9.0,104.4,green
5916,197.397,green,-9.6,103.6,green
5919,197.497,green,-9.5,103.5,green
5922,197.597,green,-9.1,103.8,green
5925,197.698,green,-9.5,103.5,green
5928,197.798,green,-9.8,104.5,green
5931,197.898,green,-9.5,103.7,green
5934,197.998,green,-8.7,103.9,green
5937,198.098,green,-9.6,104.0,green
5940,198.198,green,-9.4,104.4,green
5943,198.298,green,-9.6,103.6,green
5946,198.398,green,-9.8,104.4,green
5949,198.498,green,-10.6,103.1,green
5952,198.598,green,-9.3,103.6,green
5955,198.698,green,-9.9,103.9,green
5958,198.799,green,-9.5,104.4,green
5961,198.899,green,-9.0,103.9,green
5964,198.999,green,-9.9,103.7,green
5967,199.099,green,-9.7,103.9,green
5970,199.199,green,-8.7,103.5,green
5973,199.299,green,-9.7,103.6,green
5976,199.399,green,-9.0,103.9,green
5979,199.499,green,-9.2,103.9,green
5982,199.599,green,-8.8,103.8,green
5985,199.7,green,-10.3,104.3,green
5988,199.8,green,-8.7,103.2,green
5991,199.9,green,-9.2,104.3,green
5994,200.0,green,-8.9,103.8,green
5997,200.1,green,-8.3,103.6,green
6000,200.2,green,-10.4,104.1,green
6003,200.3,green,-10.3,104.0,green
6006,200.4,green,-8.9,104.0,green
6009,200.5,green,-9.5,104.3,green
6012,200.6,green,-10.4,103.9,green
6015,200.7,green,-9.4,103.2,green
6018,200.801,green,-9.8,103.2,green
6021,200.901,green,-9.7,103.4,green
6024,201.001,green,-9.1,103.1,green
6027,201.101,green,-9.5,104.4,green
6030,201.201,green,-9.0,103.8,green
6033,201.301,green,-9.3,103.5,green
6036,201.401,green,-10.4,103.5,green
6039,201.501,green,-8.9,102.8,green
6042,201.601,green,-9.4,103.6,green
6045,201.702,green,-9.4,103.7,green
6048,201.802,green,-9.2,102.9,green
6051,201.902,green,-9.1,104.5,green
6054,202.002,green,-8.1,103.6,green
6057,202.102,green,-9.0,103.3,green
6060,202.202,green,-10.3,103.4,green
6063,202.302,green,-10.0,103.4,green
6066,202.402,green,-9.0,103.6,green
6069,202.502,green,-8.8,103.2,green
6072,202.602,green,-8.7,103.4,green
6075,202.703,green,-9.0,103.5,green
6078,202.803,green,-9.3,103.5,green
6081,202.903,green,-9.5,103.1,green
6084,203.003,green,-9.6,102.9,green
6087,203.103,green,-9.4,102.5,green
6090,203.203,green,-9.4,103.8,green
6093,203.303,green,-10.0,103.3,green
6096,203.403,green,-9.7,104.1,green
6099,203.503,green,-9.7,103.7,green
6102,203.603,green,-9.2,103.5,green
6105,203.704,green,-9.3,103.4,green
6108,203.804,green,-9.7,102.7,green
6111,203.904,green,-9.3,103.5,green
6114,204.004,green,-8.9,103.8,green
6117,204.104,green,-8.5,103.0,green
6120,204.204,green,-8.7,102.5,green
6123,204.304,green,-9.7,103.4,green
6126,204.404,green,-8.8,103.3,green
6129,204.504,green,-8.7,103.2,green
6132,204.604,green,-8.7,102.9,green
6135,204.704,green,-9.4,103.3,green
6138,204.805,green,-10.1,103.4,green
6141,204.905,green,-9.9,102.4,green
6144,205.005,green,-10.3,102.8,green
6147,205.105,green,-10.1,102.6,green
6150,205.205,green,-8.9,102.6,green
6153,205.305,green,-9.7,102.9,green
6156,205.405,green,-9.2,102.0,green
6159,205.505,green,-9.3,103.2,green
6162,205.605,green,-9.4,102.2,green
6165,205.706,green,-9.8,102.7,green
6168,205.806,green,-9.7,102.5,green
6171,205.906,green,-9.4,102.8,green
6174,206.006,green,-8.9,102.1,green
6177,206.106,green,-9.1,102.3,green
6180,206.206,green,-8.9,103.2,green
6183,206.306,green,-9.2,103.3,green
6186,206.406,green,-10.0,102.5,green
6189,206.506,green,-10.3,102.5,green
6192,206.606,green,-9.5,102.7,green
6195,206.706,green,-9.3,102.3,green
6198,206.807,green,-9.1,102.7,green
6201,206.907,green,-9.2,101.7,green
6204,207.007,green,-9.3,101.6,green
6207,207.107,green,-9.7,102.1,green
6210,207.207,green,-9.0,102.3,green
6213,207.307,green,-9.3,102.3,green
6216,207.407,green,-9.3,102.9,green
6219,207.507,green,-9.7,102.6,green
6222,207.607,green,-8.9,102.3,green
6225,207.708,green,-8.8,101.4,green
6228,207.808,green,-9.3,102.5,green
6231,207.908,green,-9.6,101.8,green
6234,208.008,green,-9.3,102.6,green
6237,208.108,green,-9.7,101.9,green
6240,208.208,green,-10.8,102.4,green
6243,208.308,green,-11.0,102.5,green
6246,208.408,green,-10.2,101.7,green
6249,208.508,green,-10.0,101.9,green
6252,208.608,green,-10.0,101.9,green
6255,208.709,green,-9.8,103.3,green
6258,208.809,green,-10.0,102.0,green
6261,208.909,green,-10.4,103.2,green
6264,209.009,green,-9.7,101.8,green
6267,209.109,green,-9.9,104.5,green
6270,209.209,green,-10.7,102.8,green
6273,209.309,green,-10.4,103.1,green
6276,209.409,green,-10.1,103.6,green
6279,209.509,green,-9.5,104.0,green
6282,209.609,green,-10.0,105.0,green
6285,209.71,green,-10.3,104.4,green
6288,209.81,green,-10.4,104.5,green
6291,209.91,green,-9.8,103.8,green
6294,210.01,green,-11.2,103.9,green
6297,210.11,green,-10.5,104.0,green
6300,210.21,green,-10.0,104.1,green
6303,210.31,green,-10.1,104.6,green
6306,210.41,green,-9.5,104.2,green
6309,210.51,green,-9.3,104.0,green
6312,210.61,green,-9.5,104.5,green
6315,210.71,green,-11.2,104.8,green
6318,210.811,green,-10.3,104.1,green
6321,210.911,green,-10.0,105.2,green
6324,211.011,green,-10.2,105.1,green
6327,211.111,green,-10.4,104.8,green
6330,211.211,green,-10.3,104.9,green
6333,211.311,green,-9.7,104.5,green
6336,211.411,green,-9.7,104.7,green
6339,211.511,green,-9.7,105.2,green
6342,211.611,green,-9.5,105.3,green
6345,211.712,green,-9.9,105.0,green
6348,211.812,green,-12.0,104.9,green
6351,211.912,green,-10.0,106.2,green
6354,212.012,green,-9.6,105.8,green
6357,212.112,green,-10.3,105.9,green
6360,212.212,green,-10.6,105.3,green
6363,212.312,green,-9.9,104.8,green
6366,212.412,green,-10.1,105.8,green
6369,212.512,green,-10.5,105.4,green
6372,212.612,green,-10.7,105.5,green
6375,212.712,green,-10.4,106.5,green
6378,212.813,green,-10.2,105.8,green
6381,212.913,green,-10.0,105.9,green
6384,213.013,green,-10.1,106.7,green
6387,213.113,green,-10.8,106.7,green
6390,213.213,green,-9.7,106.2,green
6393,213.313,green,-10.2,106.1,green
6396,213.413,green,-10.2,107.3,green
6399,213.513,green,-9.6,106.3,green
6402,213.613,green,-10.7,105.5,green
6405,213.714,green,-10.0,105.8,green
6408,213.814,green,-8.7,106.5,green
6411,213.914,green,-10.1,106.3,green
6414,214.014,green,-9.6,106.1,green
6417,214.114,green,-9.8,106.7,green
6420,214.214,green,-11.0,106.1,green
6423,214.314,green,-9.2,105.7,green
6426,214.414,green,-10.1,105.4,green
6429,214.514,green,-10.6,105.7,green
6432,214.614,green,-9.9,106.9,green
6435,214.715,green,-10.3,106.3,green
6438,214.815,green,-10.2,106.6,green
6441,214.915,green,-10.1,105.7,green
6444,215.015,green,-9.6,106.4,green
6447,215.115,green,-10.0,106.4,green
6450,215.215,green,-10.1,106.3,green
6453,215.315,green,-11.0,106.2,green
6456,215.415,green,-10.3,106.1,green
6459,215.515,green,-10.9,107.2,green
6462,215.615,green,-9.7,106.7,green
6465,215.716,green,-9.9,107.0,green
6468,215.816,green,-10.3,107.5,green
6471,215.916,green,-10.5,105.8,green
6474,216.016,green,-11.1,107.0,green
6477,216.116,green,-9.7,105.8,green
6480,216.216,green,-11.2,107.5,green
6483,216.316,green,-10.7,107.1,green
6486,216.416,green,-10.9,105.7,green
6489,216.516,green,-10.7,107.2,green
6492,216.616,green,-10.4,107.3,green
6495,216.716,green,-9.6,107.0,green
6498,216.817,green,-10.7,106.8,green
6501,216.917,green,-9.5,106.5,green
6504,217.017,green,-10.3,106.7,green
6507,217.117,green,-9.7,106.1,green
6510,217.217,green,-10.3,106.1,green
6513,217.317,green,-11.3,106.2,green
6516,217.417,green,-9.9,107.3,green
6519,217.517,green,-10.7,106.7,green
6522,217.617,green,-11.3,105.7,green
6525,217.718,green,-10.6,106.9,green
6528,217.818,green,-10.0,106.2,green
6531,217.918,green,-10.4,105.3,green
6534,218.018,green,-10.6,105.7,green
6537,218.118,green,-10.4,105.8,green
6540,218.218,green,-11.8,106.4,green
6543,218.318,green,-11.3,106.4,green
6546,218.418,green,-10.6,106.0,green
6549,218.518,green,-9.3,105.7,green
6552,218.618,green,-10.9,105.4,green
6555,218.718,green,-9.9,106.0,green
6558,218.819,green,-9.9,105.0,green
6561,218.919,green,-9.9,105.6,green
6564,219.019,green,-9.6,104.4,green
6567,219.119,green,-9.2,104.7,green
6570,219.219,green,-10.7,105.5,green
6573,219.319,green,-11.1,105.2,green
6576,219.419,green,-10.3,104.4,green
6579,219.519,green,-10.1,105.1,green
6582,219.619,green,-10.1,104.9,green
6585,219.72,green,-11.1,104.8,green
6588,219.82,green,-9.1,104.4,green
6591,219.92,green,-10.3,104.3,green
6594,220.02,green,-9.9,105.4,green
6597,220.12,green,-10.6,104.5,green
6600,220.22,green,-11.2,104.6,green
6603,220.32,green,-11.4,103.8,green
6606,220.42,green,-10.2,105.6,green
6609,220.52,green,-10.8,105.1,green
6612,220.62,green,-9.8,105.2,green
6615,220.721,green,-10.3,105.1,green
6618,220.821,green,-10.2,104.8,green
6621,220.921,green,-10.2,104.8,green
6624,221.021,green,-10.7,105.2,green
6627,221.121,green,-9.8,104.8,green
6630,221.221,green,-10.6,105.4,green
6633,221.321,green,-10.5,104.3,green
6636,221.421,green,-9.9,105.3,green
6639,221.521,green,-10.7,104.8,green
6642,221.621,green,-10.4,104.3,green
6645,221.722,green,-10.3,106.2,green
6648,221.822,green,-10.0,105.3,green
6651,221.922,green,-9.3,105.4,green
6654,222.022,green,-9.7,105.7,green
6657,222.122,green,-10.3,105.0,green
6660,222.222,green,-9.5,106.0,green
6663,222.322,green,-9.1,104.4,green
6666,222.422,green,-10.8,105.4,green
6669,222.522,green,-9.3,106.3,green
6672,222.622,green,-9.7,104.9,green
6675,222.722,green,-9.9,106.0,green
6678,222.823,green,-9.8,105.4,green
6681,222.923,green,-10.4,105.9,green
6684,223.023,green,-10.8,105.4,green
6687,223.123,green,-9.7,105.1,green
6690,223.223,green,-10.1,106.1,green
6693,223.323,green,-10.4,105.2,green
6696,223.423,green,-11.0,105.4,green
6699,223.523,green,-10.7,105.2,green
6702,223.623,green,-10.4,105.0,green
6705,223.724,green,-10.5,104.8,green
6708,223.824,green,-11.2,105.4,green
6711,223.924,green,-11.3,104.7,green
6714,224.024,green,-10.1,105.2,green
6717,224.124,green,-10.8,105.4,green
6720,224.224,green,-10.4,105.9,green
6723,224.324,green,-11.0,105.5,green
6726,224.424,green,-10.5,105.1,green
6729,224.524,green,-9.5,106.6,green
6732,224.624,green,-9.1,105.6,green
6735,224.724,green,-10.0,104.8,green
6738,224.825,green,-11.1,106.0,green
6741,224.925,green,-10.6,105.1,green
6744,225.025,green,-10.3,105.2,green
6747,225.125,green,-10.4,104.5,green
6750,225.225,green,-9.9,105.4,green
6753,225.325,green,-10.0,105.1,green
6756,225.425,green,-9.8,106.1,green
6759,225.525,green,-9.6,105.1,green
6762,225.625,green,-10.3,104.4,green
6765,225.726,green,-10.8,104.1,green
6768,225.826,green,-10.3,104.3,green
6771,225.926,green,-10.1,103.5,green
6774,226.026,green,-9.5,103.5,green
6777,226.126,green,-10.6,104.2,green
6780,226.226,green,-10.3,104.0,green
6783,226.326,green,-11.1,104.0,green
6786,226.426,green,-11.2,104.8,green
6789,226.526,green,-9.6,104.6,green
6792,226.626,green,-9.5,104.9,green
6795,226.727,green,-10.3,105.5,green
6798,226.827,green,-9.4,105.2,green
6801,226.927,green,-10.1,104.5,green
6804,227.027,green,-9.7,104.4,green
6807,227.127,green,-9.4,106.1,green
6810,227.227,green,-9.9,104.4,green
6813,227.327,green,-10.1,105.3,green
6816,227.427,green,-9.5,104.4,green
6819,227.527,green,-9.3,104.6,green
6822,227.627,green,-9.6,105.4,green
6825,227.728,green,-9.2,104.8,green
6828,227.828,green,-9.8,104.3,green
6831,227.928,green,-9.3,103.7,green
6834,228.028,green,-9.7,104.9,green
6837,228.128,green,-9.9,105.1,green
6840,228.228,green,-9.7,105.1,green
6843,228.328,green,-10.0,105.0,green
6846,228.428,green,-9.8,105.0,green
6849,228.528,green,-9.6,104.4,green
6852,228.628,green,-10.1,103.6,green
6855,228.728,green,-9.3,103.9,green
6858,228.829,green,-10.8,103.0,green
6861,228.929,green,-9.4,104.7,green
6864,229.029,green,-9.7,104.5,green
6867,229.129,green_flash,-9.3,9.0,none
6870,229.229,green_flash,-8.8,4.1,none
6873,229.329,green_flash,-9.7,3.2,none
6876,229.429,green_flash,-8.8,3.8,none
6879,229.529,green_flash,-8.9,3.0,none
6882,229.629,green,-9.4,103.7,green
6885,229.73,green,-9.9,103.0,green
6888,229.83,green,-10.2,105.0,green
6891,229.93,green,-9.9,104.3,green
6894,230.03,green,-8.7,104.0,green
6897,230.13,green_flash,-8.9,5.9,none
6900,230.23,green_flash,-9.0,3.6,none
6903,230.33,green_flash,-9.0,3.7,none
6906,230.43,green_flash,-8.4,3.4,none
6909,230.53,green_flash,-9.2,3.1,none
6912,230.63,green,-10.0,103.8,green
6915,230.73,green,-8.5,102.8,green
6918,230.831,green,-9.6,104.1,green
6921,230.931,green,-9.4,104.3,green
6924,231.031,green,-9.0,103.3,green
6927,231.131,green_flash,-8.8,5.4,none
6930,231.231,green_flash,-9.3,3.3,none
6933,231.331,green_flash,-9.5,3.3,none
6936,231.431,green_flash,-8.6,2.9,none
6939,231.531,green_flash,-8.9,2.8,none
6942,231.631,green,-8.8,103.6,green
6945,231.732,green,-9.7,103.5,green
6948,231.832,green,-9.5,103.5,green
6951,231.932,green,-9.3,103.2,green
6954,232.032,green,-10.1,104.2,green
6957,232.132,red,99.2,5.4,red
6960,232.232,red,101.8,2.2,red
6963,232.332,red,102.1,2.0,red
6966,232.432,red,101.8,2.8,red
6969,232.532,red,101.1,2.2,red
6972,232.632,red,102.1,2.8,red
6975,232.733,red,102.6,2.5,red
6978,232.833,red,101.9,3.0,red
6981,232.933,red,101.5,3.2,red
6984,233.033,red,102.9,3.2,red
6987,233.133,red,101.6,2.5,red
6990,233.233,red,101.9,4.0,red
6993,233.333,red,102.8,3.0,red
6996,233.433,red,101.1,2.7,red
6999,233.533,red,101.4,3.3,red
7002,233.633,red,102.3,2.5,red
7005,233.734,red,101.7,2.0,red
7008,233.834,red,102.3,3.2,red
7011,233.934,red,101.6,3.0,red
7014,234.034,red,102.0,3.0,red
7017,234.134,red,102.9,2.4,red
7020,234.234,red,101.0,2.7,red
7023,234.334,red,101.9,3.0,red
7026,234.434,red,102.8,2.7,red
7029,234.534,red,102.3,2.7,red
7032,234.634,red,102.4,2.0,red
7035,234.734,red,102.2,2.0,red
7038,234.835,red,102.0,2.6,red
7041,234.935,red,101.3,2.4,red
7044,235.035,red,101.1,2.4,red
7047,235.135,red,102.1,2.2,red
7050,235.235,red,102.1,2.4,red
7053,235.335,red,103.0,2.2,red
7056,235.435,red,102.2,3.9,red
7059,235.535,red,102.1,2.9,red
7062,235.635,red,102.1,2.8,red
7065,235.736,red,101.9,1.7,red
7068,235.836,red,101.5,2.5,red
7071,235.936,red,102.1,2.1,red
7074,236.036,red,101.1,3.6,red
7077,236.136,red,101.7,2.2,red
7080,236.236,red,102.6,2.3,red
7083,236.336,red,102.4,3.1,red
7086,236.436,red,103.0,3.1,red
7089,236.536,red,102.6,2.7,red
7092,236.636,red,102.1,2.3,red
7095,236.736,red,102.8,2.6,red
7098,236.837,red,101.7,3.2,red
7101,236.937,red,101.7,2.1,red
7104,237.037,red,101.8,2.1,red
7107,237.137,red,101.9,3.2,red
7110,237.237,red,102.4,3.2,red
7113,237.337,red,102.1,2.7,red
7116,237.437,red,101.5,2.2,red
7119,237.537,red,101.8,1.9,red
7122,237.637,red,101.8,2.8,red
7125,237.738,red,101.3,2.8,red
7128,237.838,red,100.8,2.3,red
7131,237.938,red,100.9,2.8,red
7134,238.038,red,101.5,2.1,red
7137,238.138,red,100.2,1.8,red
7140,238.238,red,101.8,2.7,red
7143,238.338,red,101.8,1.9,red
7146,238.438,red,101.9,1.8,red
7149,238.538,red,101.7,2.4,red
7152,238.638,red,101.3,2.4,red
7155,238.739,red,101.6,1.7,red
7158,238.839,red,101.6,2.2,red
7161,238.939,red,101.4,2.6,red
7164,239.039,red,101.6,2.6,red
7167,239.139,red,101.6,3.1,red
7170,239.239,red,100.6,2.2,red
7173,239.339,red,101.8,2.2,red
7176,239.439,red,100.9,2.5,red
7179,239.539,red,100.4,2.6,red
7182,239.639,red,100.4,2.6,red
7185,239.74,red,101.0,2.6,red
7188,239.84,red,102.1,2.5,red
7191,239.94,red,101.0,2.2,red
7194,240.04,red,102.4,2.8,red
7197,240.14,red,101.5,2.9,red
7200,240.24,red,101.3,2.9,red
7203,240.34,red,101.3,2.4,red
7206,240.44,red,101.0,2.8,red
7209,240.54,red,101.1,3.4,red
7212,240.64,red,102.0,2.3,red
7215,240.74,red,101.5,2.2,red
7218,240.841,red,101.4,2.9,red
7221,240.941,red,101.4,2.8,red
7224,241.041,red,100.9,2.1,red
7227,241.141,red,101.4,3.8,red
7230,241.241,red,100.9,2.2,red
7233,241.341,red,100.9,2.8,red
7236,241.441,red,101.4,2.4,red
7239,241.541,red,101.8,2.5,red
7242,241.641,red,101.0,2.6,red
7245,241.742,red,101.3,1.6,red
7248,241.842,red,101.6,2.5,red
7251,241.942,red,102.0,3.3,red
7254,242.042,red,101.4,3.1,red
7257,242.142,red,101.5,2.8,red
7260,242.242,red,102.2,2.8,red
7263,242.342,red,102.2,2.9,red
7266,242.442,red,102.3,2.5,red
7269,242.542,red,101.5,2.5,red
7272,242.642,red,100.9,1.5,red
7275,242.742,red,101.1,2.9,red
7278,242.843,red,100.9,3.1,red
7281,242.943,red,101.3,1.3,red
7284,243.043,red,100.9,2.4,red
7287,243.143,red,100.9,2.2,red
7290,243.243,red,100.7,3.0,red
7293,243.343,red,100.4,3.2,red
7296,243.443,red,100.9,3.4,red
7299,243.543,red,100.5,3.4,red
7302,243.643,red,101.1,2.2,red
7305,243.744,red,100.5,2.7,red
7308,243.844,red,101.6,2.6,red
7311,243.944,red,100.9,3.2,red
7314,244.044,red,100.9,2.8,red
7317,244.144,red,100.5,2.5,red
7320,244.244,red,101.6,2.3,red
7323,244.344,red,102.0,2.3,red
7326,244.444,red,100.9,2.0,red
7329,244.544,red,101.0,3.2,red
7332,244.644,red,101.2,2.4,red
7335,244.745,red,101.1,2.3,red
7338,244.845,red,100.8,3.2,red
7341,244.945,red,100.5,2.7,red
7344,245.045,red,100.9,2.7,red
7347,245.145,red,101.4,2.9,red
7350,245.245,red,101.1,2.9,red
7353,245.345,red,101.7,2.6,red
7356,245.445,red,101.1,2.5,red
7359,245.545,red,102.3,3.0,red
7362,245.645,red,101.1,2.6,red
7365,245.746,red,102.0,2.9,red
7368,245.846,red,100.7,2.0,red
7371,245.946,red,101.0,2.5,red
7374,246.046,red,101.2,3.2,red
7377,246.146,red,101.0,3.4,red
7380,246.246,red,101.4,2.8,red
7383,246.346,red,101.2,2.8,red
7386,246.446,red,101.3,3.0,red
7389,246.546,red,101.9,2.6,red
7392,246.646,red,101.7,3.4,red
7395,246.746,red,102.2,2.1,red
7398,246.847,red,101.5,3.4,red
7401,246.947,red,100.9,2.9,red
7404,247.047,red,101.7,2.1,red
7407,247.147,red,102.0,3.0,red
7410,247.247,red,101.1,3.5,red
7413,247.347,red,101.7,3.3,red
7416,247.447,red,100.6,2.1,red
7419,247.547,red,100.4,2.1,red
7422,247.647,red,100.9,2.0,red
7425,247.748,red,101.1,2.9,red
7428,247.848,red,101.1,1.8,red
7431,247.948,red,101.4,2.6,red
7434,248.048,red,102.0,3.0,red
7437,248.148,red,101.6,2.9,red
7440,248.248,red,101.2,1.8,red
7443,248.348,red,101.6,2.0,red
7446,248.448,red,101.6,3.1,red
7449,248.548,red,102.6,2.2,red
7452,248.648,red,101.5,2.0,red
7455,248.748,red,101.4,2.3,red
7458,248.849,red,102.0,2.0,red
7461,248.949,red,102.4,1.8,red
7464,249.049,red,101.0,2.2,red
7467,249.149,red,102.3,2.5,red
7470,249.249,red,101.3,3.4,red
7473,249.349,red,100.9,3.6,red
7476,249.449,red,101.2,2.2,red
7479,249.549,red,101.7,2.8,red
7482,249.649,red,102.6,2.0,red
7485,249.75,red,101.6,2.7,red
7488,249.85,red,101.7,2.7,red
7491,249.95,red,101.6,2.2,red
7494,250.05,red,102.1,1.9,red
7497,250.15,red,101.1,2.4,red
7500,250.25,red,102.5,1.9,red
7503,250.35,red,101.8,3.0,red
7506,250.45,red,102.0,2.7,red
7509,250.55,red,101.7,2.2,red
7512,250.65,red,102.4,0.7,red
7515,250.751,red,102.0,2.6,red
7518,250.851,red,100.8,3.0,red
7521,250.951,red,101.6,2.9,red
7524,251.051,red,101.5,2.2,red
7527,251.151,red,101.5,2.8,red
7530,251.251,red,101.1,3.0,red
7533,251.351,red,100.8,2.4,red
7536,251.451,red,101.4,3.1,red
7539,251.551,red,101.3,3.3,red
7542,251.651,red,101.4,3.8,red
7545,251.752,red,100.8,2.3,red
7548,251.852,red,101.9,3.2,red
7551,251.952,red,101.9,2.8,red
7554,252.052,red,102.3,2.6,red
7557,252.152,red,101.9,2.2,red
7560,252.252,red,102.2,2.9,red
7563,252.352,red,101.7,3.0,red
7566,252.452,red,101.3,2.5,red
7569,252.552,red,102.2,2.7,red
7572,252.652,red,100.9,2.1,red
7575,252.752,red,101.2,2.8,red
7578,252.853,red,101.3,2.4,red
7581,252.953,red,101.7,3.5,red
7584,253.053,red,101.6,2.2,red
7587,253.153,red,101.9,2.4,red
7590,253.253,red,100.6,3.1,red
7593,253.353,red,100.5,2.9,red
7596,253.453,red,100.6,2.5,red
7599,253.553,red,101.1,2.4,red
7602,253.653,red,101.1,2.9,red
7605,253.754,red,101.0,3.0,red
7608,253.854,red,102.1,3.5,red
7611,253.954,red,103.0,2.7,red
7614,254.054,red,101.6,3.3,red
7617,254.154,red,102.0,3.2,red
7620,254.254,red,102.1,2.5,red
7623,254.354,red,102.2,3.2,red
7626,254.454,red,101.8,2.8,red
7629,254.554,red,101.6,2.2,red
7632,254.654,red,101.6,1.8,red
7635,254.754,red,102.6,3.1,red
7638,254.855,red,101.2,2.9,red
7641,254.955,red,101.1,2.6,red
7644,255.055,red,101.1,2.0,red
7647,255.155,red,101.6,2.3,red
7650,255.255,red,100.5,2.7,red
7653,255.355,red,101.6,2.0,red
7656,255.455,red,101.3,1.8,red
7659,255.555,red,100.7,3.1,red
7662,255.655,red,100.9,1.7,red
7665,255.756,red,100.3,2.3,red
7668,255.856,red,100.5,2.6,red
7671,255.956,red,101.0,2.3,red
7674,256.056,red,101.7,2.0,red
7677,256.156,red,101.7,2.3,red
7680,256.256,red,100.9,3.0,red
7683,256.356,red,100.7,3.0,red
7686,256.456,red,101.1,2.4,red
7689,256.556,red,102.4,2.2,red
7692,256.656,red,100.8,2.2,red
7695,256.757,red,101.2,2.6,red
7698,256.857,red,101.7,2.8,red
7701,256.957,red,101.6,2.7,red
7704,257.057,red,101.0,3.0,red
7707,257.157,red,101.4,2.7,red
7710,257.257,red,101.3,2.4,red
7713,257.357,red,102.3,2.3,red
7716,257.457,red,102.7,2.8,red
7719,257.557,red,101.4,1.8,red
7722,257.657,red,101.8,1.6,red
7725,257.758,red,102.0,2.8,red
7728,257.858,red,101.8,2.6,red
7731,257.958,red,101.8,2.4,red
7734,258.058,red,101.1,3.3,red
7737,258.158,red,102.7,2.6,red
7740,258.258,red,101.1,1.6,red
7743,258.358,red,101.1,2.0,red
7746,258.458,red,100.8,2.8,red
7749,258.558,red,101.1,2.3,red
7752,258.658,red,102.2,2.4,red
7755,258.759,red,101.7,3.0,red
7758,258.859,red,101.3,2.4,red
7761,258.959,red,101.8,1.4,red
7764,259.059,red,102.8,3.0,red
7767,259.159,red,102.1,2.6,red
7770,259.259,red,101.5,3.1,red
7773,259.359,red,102.0,3.9,red
7776,259.459,red,101.5,2.9,red
7779,259.559,red,101.4,3.1,red
7782,259.659,red,101.1,1.9,red
7785,259.76,red,101.2,2.4,red
7788,259.86,red,101.7,2.0,red
7791,259.96,red,101.5,3.0,red
7794,260.06,red,101.1,2.5,red
7797,260.16,red,101.5,2.5,red
7800,260.26,red,100.8,1.5,red
7803,260.36,red,101.6,2.0,red
7806,260.46,red,101.5,2.8,red
7809,260.56,red,101.1,3.2,red
7812,260.66,red,101.7,3.2,red
7815,260.76,red,101.9,3.1,red
7818,260.861,red,101.6,3.1,red
7821,260.961,red,101.8,3.6,red
7824,261.061,red,101.0,2.3,red
7827,261.161,red,101.0,2.9,red
7830,261.261,red,100.9,2.8,red
7833,261.361,red,100.9,2.1,red
7836,261.461,red,100.9,2.3,red
7839,261.561,red,101.2,2.2,red
7842,261.661,red,101.9,2.4,red
7845,261.762,red,101.6,1.9,red
7848,261.862,red,101.9,3.3,red
7851,261.962,red,100.9,2.7,red
7854,262.062,red,101.2,2.5,red
7857,262.162,red,101.5,1.2,red
7860,262.262,red,102.7,2.7,red
7863,262.362,red,101.8,2.6,red
7866,262.462,red,101.4,3.0,red
7869,262.562,red,102.1,2.6,red
7872,262.662,red,102.2,2.9,red
7875,262.762,red,101.1,2.4,red
7878,262.863,red,101.2,2.5,red
7881,262.963,red,101.9,3.1,red
7884,263.063,red,101.1,2.4,red
7887,263.163,red,101.3,2.3,red
7890,263.263,red,102.1,2.4,red
7893,263.363,red,102.0,3.3,red
7896,263.463,red,102.0,2.3,red
7899,263.563,red,101.8,2.6,red
7902,263.663,red,101.9,3.0,red
7905,263.764,red,101.7,2.4,red
7908,263.864,red,102.0,2.2,red
7911,263.964,red,101.0,1.0,red
7914,264.064,red,101.3,2.2,red
7917,264.164,red,101.4,2.1,red
7920,264.264,red,101.2,2.5,red
7923,264.364,red,101.1,2.7,red
7926,264.464,red,101.6,1.9,red
7929,264.564,red,102.4,2.0,red
7932,264.664,red,101.1,2.4,red
7935,264.764,red,101.5,2.2,red
7938,264.865,red,101.0,3.0,red
7941,264.965,red,102.9,3.6,red
7944,265.065,red,101.4,3.2,red
7947,265.165,red,102.4,3.0,red
7950,265.265,red,102.6,3.2,red
7953,265.365,red,101.5,2.6,red
7956,265.465,red,101.8,2.8,red
7959,265.565,red,102.5,1.9,red
7962,265.665,red,101.6,1.8,red
7965,265.766,red,101.7,2.4,red
7968,265.866,red,101.3,3.2,red
7971,265.966,red,101.8,2.2,red
7974,266.066,red,103.4,3.0,red
7977,266.166,red,102.5,3.2,red
7980,266.266,red,102.5,2.2,red
7983,266.366,red,101.8,2.7,red
7986,266.466,red,101.5,2.3,red
7989,266.566,red,102.5,2.1,red
7992,266.666,red,102.1,2.3,red
7995,266.766,red,102.5,2.3,red
7998,266.867,red,102.8,2.1,red
8001,266.967,red,102.5,2.0,red
8004,267.067,red,102.1,1.9,red
8007,267.167,red,102.3,2.3,red
8010,267.267,red,102.4,2.4,red
8013,267.367,red,100.7,2.2,red
8016,267.467,red,101.9,1.8,red
8019,267.567,red,101.8,2.2,red
8022,267.667,red,101.9,3.1,red
8025,267.768,red,102.6,3.2,red
8028,267.868,red,101.3,2.0,red
8031,267.968,red,101.4,2.3,red
8034,268.068,red,101.4,2.2,red
8037,268.168,red,101.6,2.5,red
8040,268.268,red,100.5,2.9,red
8043,268.368,red,100.9,3.0,red
8046,268.468,red,101.3,2.1,red
8049,268.568,red,101.5,2.2,red
8052,268.668,red,102.5,2.9,red
8055,268.768,red,102.2,2.4,red
8058,268.869,red,101.4,2.4,red
8061,268.969,red,101.5,2.5,red
8064,269.069,red,101.4,2.9,red
8067,269.169,red,100.6,4.0,red
8070,269.269,red,101.8,3.0,red
8073,269.369,red,102.0,2.9,red
8076,269.469,red,101.6,2.6,red
8079,269.569,red,101.2,2.7,red
8082,269.669,red,101.7,2.4,red
8085,269.77,red,101.3,2.6,red
8088,269.87,red,101.0,2.3,red
8091,269.97,red,101.6,2.2,red
8094,270.07,red,101.6,2.8,red
8097,270.17,red,101.2,1.6,red
8100,270.27,red,101.4,3.3,red
8103,270.37,red,102.0,1.8,red
8106,270.47,red,101.1,2.3,red
8109,270.57,red,101.9,2.4,red
8112,270.67,red,101.3,2.6,red
8115,270.77,red,101.0,3.2,red
8118,270.871,red,102.3,2.3,red
8121,270.971,red,101.2,2.2,red
8124,271.071,red,101.4,2.2,red
8127,271.171,red,101.8,2.5,red
8130,271.271,red,101.6,2.5,red
8133,271.371,red,101.2,2.8,red
8136,271.471,red,101.3,1.8,red
8139,271.571,red,101.2,2.7,red
8142,271.671,red,101.7,2.6,red
8145,271.772,red,101.4,2.4,red
8148,271.872,red,101.5,2.1,red
8151,271.972,red,101.0,3.0,red
8154,272.072,red,101.2,2.5,red
8157,272.172,red,101.2,3.3,red
8160,272.272,red,101.8,3.1,red
8163,272.372,red,101.5,2.0,red
8166,272.472,red,101.6,2.5,red
8169,272.572,red,102.1,2.4,red
8172,272.672,red,101.5,3.4,red
8175,272.772,red,101.7,2.1,red
8178,272.873,red,101.9,3.5,red
8181,272.973,red,101.6,1.6,red
8184,273.073,red,101.1,2.7,red
8187,273.173,red,101.4,2.0,red
8190,273.273,red,101.5,3.1,red
8193,273.373,red,100.9,3.1,red
8196,273.473,red,102.1,1.8,red
8199,273.573,red,101.4,2.2,red
8202,273.673,red,100.9,1.9,red
8205,273.774,red,100.4,2.8,red
8208,273.874,red,101.8,2.0,red
8211,273.974,red,101.5,2.5,red
8214,274.074,red,101.7,3.0,red
8217,274.174,red,101.5,3.2,red
8220,274.274,red,101.3,2.8,red
8223,274.374,red,102.3,3.2,red
8226,274.474,red,101.9,1.5,red
8229,274.574,red,101.9,1.9,red
8232,274.674,red,101.1,1.7,red
8235,274.774,red,100.9,2.2,red
8238,274.875,red,100.8,3.0,red
8241,274.975,red,101.9,2.8,red
8244,275.075,red,101.6,3.0,red
8247,275.175,red,101.4,2.6,red
8250,275.275,red,102.3,2.8,red
8253,275.375,red,102.1,3.2,red
8256,275.475,red,101.2,2.6,red
8259,275.575,red,101.3,2.0,red
8262,275.675,red,101.7,3.3,red
8265,275.776,red,101.7,1.4,red
8268,275.876,red,101.7,2.5,red
8271,275.976,red,101.3,1.7,red
8274,276.076,red,101.3,1.6,red
8277,276.176,red,101.1,2.8,red
8280,276.276,red,100.5,2.0,red
8283,276.376,red,100.9,3.6,red
8286,276.476,red,100.9,2.7,red
8289,276.576,red,100.6,2.2,red
8292,276.676,red,96.9,2.8,red
8295,276.776,red,101.6,2.6,red
8298,276.877,red,101.8,2.5,red
8301,276.977,red,103.6,2.4,red
8304,277.077,red,103.9,2.2,red
8307,277.177,green,2.2,104.5,green
8310,277.277,green,-8.2,104.3,green
8313,277.377,green,-9.6,103.4,green
8316,277.477,green,-7.4,104.3,none
8319,277.577,green,-7.4,104.6,none
8322,277.677,green,-7.2,104.3,none
8325,277.778,green,-8.2,103.5,green
8328,277.878,green,-8.8,103.8,green
8331,277.978,green,-8.9,103.8,green
8334,278.078,green,-9.0,104.4,green
8337,278.178,green,-9.0,103.7,green
8340,278.278,green,-9.1,104.4,green
8343,278.378,green,-8.9,104.0,green
8346,278.478,green,-8.8,104.5,green
8349,278.578,green,-8.6,103.4,green
8352,278.678,green,-8.7,104.7,green
8355,278.778,green,-8.6,103.8,green
8358,278.879,green,-8.4,103.0,green
8361,278.979,green,-8.1,105.2,green
8364,279.079,green,-9.1,103.6,green
8367,279.179,green,-9.1,102.9,green
8370,279.279,green,-9.4,103.7,green
8373,279.379,green,-9.0,103.6,green
8376,279.479,green,-9.4,103.9,green
8379,279.579,green,-9.0,104.4,green
8382,279.679,green,-9.4,103.9,green
8385,279.78,green,-8.8,103.7,green
8388,279.88,green,-8.6,104.0,green
8391,279.98,green,-8.4,104.2,green
8394,280.08,green,-7.7,104.1,green
8397,280.18,green,-8.2,103.9,green
8400,280.28,green,-9.1,104.5,green
8403,280.38,green,-10.3,103.9,green
8406,280.48,green,-9.6,103.1,green
8409,280.58,green,-9.3,104.7,green
8412,280.68,green,-9.0,104.0,green
8415,280.78,green,-9.7,103.8,green
8418,280.881,green,-9.0,103.5,green
8421,280.981,green,-9.7,103.7,green
8424,281.081,green,-9.2,103.5,green
8427,281.181,green,-9.6,104.5,green
8430,281.281,green,-8.8,104.0,green
8433,281.381,green,-9.1,103.6,green
8436,281.481,green,-8.0,103.3,green
8439,281.581,green,-8.2,103.5,green
8442,281.681,green,-9.6,103.5,green
8445,281.782,green,-9.0,104.0,green
8448,281.882,green,-9.7,103.8,green
8451,281.982,green,-9.1,102.9,green
8454,282.082,green,-8.9,103.2,none
8457,282.182,green,-8.9,102.6,green
8460,282.282,green,-9.0,103.8,green
8463,282.382,green,-9.5,103.2,green
8466,282.482,green,-8.6,103.3,green
8469,282.582,green,-8.4,102.8,green
8472,282.682,green,-9.1,102.0,green
8475,282.782,green,-9.5,102.9,green
8478,282.883,green,-9.9,103.7,green
8481,282.983,green,-8.3,102.6,green
8484,283.083,green,-8.2,102.0,green
8487,283.183,green,-9.2,102.5,green
8490,283.283,green,-9.8,102.7,green
8493,283.383,green,-9.3,102.9,green
8496,283.483,green,-10.1,103.5,green
8499,283.583,green,-9.4,102.2,green
8502,283.683,green,-9.3,103.1,green
8505,283.784,green,-8.6,102.6,green
8508,283.884,green,-8.6,102.4,green
8511,283.984,green,-8.8,103.2,green
8514,284.084,green,-8.3,103.0,green
8517,284.184,green,-9.4,103.0,green
8520,284.284,green,-8.9,103.5,green
8523,284.384,green,-8.6,102.7,green
8526,284.484,green,-9.5,103.0,green
8529,284.584,green,-8.8,103.4,green
8532,284.684,green,-7.9,103.0,green
8535,284.784,green,-8.1,102.8,green
8538,284.885,green,-9.0,102.9,green
8541,284.985,green,-8.5,102.1,green
8544,285.085,green,-8.5,102.6,green
8547,285.185,green,-8.6,103.0,green
8550,285.285,green,-8.6,103.6,green
8553,285.385,green,-9.0,103.9,green
8556,285.485,green,-9.6,103.2,green
8559,285.585,green,-10.3,102.0,green
8562,285.685,green,-10.3,103.1,green
8565,285.786,green,-8.3,103.6,green
8568,285.886,green,-9.6,103.0,green
8571,285.986,green,-8.6,102.6,green
8574,286.086,green,-9.5,102.9,green
8577,286.186,green,-9.4,102.3,green
8580,286.286,green,-9.3,103.6,green
8583,286.386,green,-9.1,103.6,green
8586,286.486,green,-8.8,102.8,green
8589,286.586,green,-9.8,102.9,green
8592,286.686,green,-9.0,102.8,green
8595,286.786,green,-8.4,103.8,green
8598,286.887,green,-8.9,103.6,green
8601,286.987,green,-9.1,103.4,green
8604,287.087,green,-8.7,103.6,green
8607,287.187,green,-8.6,102.9,green
8610,287.287,green,-8.6,103.3,green
8613,287.387,green,-8.9,104.2,green
8616,287.487,green,-9.4,104.6,green
8619,287.587,green,-8.9,104.6,green
8622,287.687,green,-8.8,104.1,green
8625,287.788,green,-8.9,104.0,green
8628,287.888,green,-9.2,104.6,green
8631,287.988,green,-9.4,103.9,green
8634,288.088,green,-8.8,103.7,green
8637,288.188,green,-8.1,103.9,green
8640,288.288,green,-8.1,103.5,green
8643,288.388,green,-8.2,103.6,green
8646,288.488,green,-8.7,103.2,green
8649,288.588,green,-8.9,103.7,green
8652,288.688,green,-10.3,103.9,green
8655,288.788,green,-8.8,102.9,green
8658,288.889,green,-8.3,103.6,green
8661,288.989,green,-8.2,104.0,green
8664,289.089,green,-8.7,103.8,green
8667,289.189,green,-8.7,104.3,green
8670,289.289,green,-9.2,103.6,green
8673,289.389,green,-8.3,104.2,green
8676,289.489,green,-8.0,103.2,green
8679,289.589,green,-8.3,103.7,green
8682,289.689,green,-8.7,103.6,green
8685,289.79,green,-8.6,103.7,green
8688,289.89,green,-9.4,103.9,green
8691,289.99,green,-9.2,105.1,green
8694,290.09,green,-9.8,103.8,green
8697,290.19,green,-9.4,104.2,green
8700,290.29,green,-8.7,103.6,green
8703,290.39,green,-8.7,103.4,green
8706,290.49,green,-8.6,104.5,green
8709,290.59,green,-8.3,104.1,green
8712,290.69,green,-8.7,104.0,green
8715,290.79,green,-8.9,104.9,green
8718,290.891,green,-9.6,104.1,green
8721,290.991,green,-10.0,104.3,green
8724,291.091,green,-9.4,104.6,green
8727,291.191,green,-9.6,105.0,green
8730,291.291,green,-9.6,105.2,green
8733,291.391,green,-10.1,104.6,green
8736,291.491,green,-9.5,105.6,green
8739,291.591,green,-9.2,105.0,green
8742,291.691,green,-10.1,104.5,green
8745,291.792,green,-9.6,105.3,green
8748,291.892,green,-10.1,106.0,green
8751,291.992,green,-10.0,106.1,green
8754,292.092,green,-8.7,105.6,green
8757,292.192,green,-9.9,105.2,green
8760,292.292,green,-9.2,106.0,green
8763,292.392,green,-10.3,106.0,green
8766,292.492,green,-10.0,106.9,green
8769,292.592,green,-9.9,106.7,green
8772,292.692,green,-10.1,106.6,green
8775,292.792,green,-9.8,105.0,green
8778,292.893,green,-10.0,105.2,green
8781,292.993,green,-11.0,106.1,green
8784,293.093,green,-10.5,106.2,green
8787,293.193,green,-10.0,106.6,green
8790,293.293,green,-8.6,106.6,green
8793,293.393,green,-9.0,106.3,green
8796,293.493,green,-10.3,107.0,green
8799,293.593,green,-9.8,106.6,green
8802,293.693,green,-10.2,106.6,green
8805,293.794,green,-10.3,106.1,green
8808,293.894,green,-8.9,106.9,green
8811,293.994,green,-10.1,106.5,green
8814,294.094,green,-10.7,107.1,green
8817,294.194,green,-10.3,107.2,green
8820,294.294,green,-9.3,106.1,green
8823,294.394,green,-9.0,106.1,green
8826,294.494,green,-10.3,105.9,green
8829,294.594,green,-10.6,106.3,green
8832,294.694,green,-9.6,104.4,green
8835,294.794,green,-9.6,106.3,green
8838,294.895,green,-9.9,106.0,green
8841,294.995,green,-8.8,105.3,green
8844,295.095,green,-10.1,105.8,green
8847,295.195,green,-9.7,106.3,green
8850,295.295,green,-9.6,105.5,green
8853,295.395,green,-9.7,105.2,green
8856,295.495,green,-9.7,105.0,green
8859,295.595,green,-10.3,106.7,green
8862,295.695,green,-10.4,105.5,green
8865,295.796,green,-10.5,105.7,green
8868,295.896,green,-9.3,106.0,green
8871,295.996,green,-9.1,106.0,green
8874,296.096,green,-9.6,106.1,green
8877,296.196,green,-10.3,106.1,green
8880,296.296,green,-10.2,105.4,green
8883,296.396,green,-9.8,104.9,green
8886,296.496,green,-10.5,105.5,green
8889,296.596,green,-10.3,104.8,green
8892,296.696,green,-9.6,104.8,green
8895,296.796,green,-9.9,104.9,green
8898,296.897,green,-9.2,104.8,green
8901,296.997,green,-10.0,104.0,green
8904,297.097,green,-10.1,103.8,green
8907,297.197,green,-9.1,103.9,green
8910,297.297,green,-9.3,103.9,green
8913,297.397,green,-9.8,103.5,green
8916,297.497,green,-9.4,104.3,green
8919,297.597,green,-10.4,104.4,green
8922,297.697,green,-9.7,104.8,green
8925,297.798,green,-8.6,104.9,green
8928,297.898,green,-8.9,105.2,green
8931,297.998,green,-8.8,105.0,green
8934,298.098,green,-9.1,104.6,green
8937,298.198,green,-9.1,105.3,green
8940,298.298,green,-9.0,104.8,green
8943,298.398,green,-9.5,104.0,green
8946,298.498,green,-9.2,105.0,green
8949,298.598,green,-9.2,104.4,green
8952,298.698,green,-9.1,104.6,green
8955,298.798,green,-9.6,104.2,green
8958,298.899,green,-9.2,104.7,green
8961,298.999,green,-8.9,104.7,green
8964,299.099,green,-9.2,103.7,green
8967,299.199,green,-9.3,104.0,green
8970,299.299,green,-9.3,104.1,green
8973,299.399,green,-9.4,104.0,green
8976,299.499,green,-9.4,104.3,green
8979,299.599,green,-9.3,104.4,green
8982,299.699,green,-9.5,103.3,green
8985,299.8,green,-8.1,103.9,green
8988,299.9,green,-9.2,103.6,green
8991,300.0,green,-7.8,104.1,green
8994,300.1,green,-9.1,103.8,green
8997,300.2,green,-9.1,104.0,green
9000,300.3,green,-9.2,102.9,green
9003,300.4,green,-9.6,103.6,green
9006,300.5,green,-8.8,103.8,green
9009,300.6,green,-8.6,103.2,green
9012,300.7,green,-9.2,103.7,green
9015,300.8,green,-9.4,103.7,green
9018,300.901,green,-8.3,103.6,green
9021,301.001,green,-8.3,103.0,green
9024,301.101,green,-8.3,103.1,green
9027,301.201,green,-8.2,103.2,green
9030,301.301,green,-9.1,103.3,green
9033,301.401,green,-8.9,102.3,green
9036,301.501,green,-8.8,103.2,green
9039,301.601,green,-8.9,103.5,green
9042,301.701,green,-8.5,103.1,green
9045,301.802,green,-8.6,103.4,green
9048,301.902,green,-9.0,103.4,green
9051,302.002,green,-8.3,103.0,green
9054,302.102,green,-8.5,103.1,green
9057,302.202,green,-8.6,102.4,green
9060,302.302,green,-8.6,103.1,green
9063,302.402,green,-9.0,103.8,green
9066,302.502,green,-8.1,103.9,green
9069,302.602,green,-8.2,102.6,green
9072,302.702,green,-8.4,102.9,green
9075,302.802,green,-9.1,102.8,green
9078,302.903,green,-7.6,102.8,green
9081,303.003,green,-9.3,102.6,green
9084,303.103,green,-8.7,103.1,green
9087,303.203,green,-9.2,102.7,green
9090,303.303,green,-8.8,103.0,green
9093,303.403,green,-9.1,103.0,green
9096,303.503,green,-9.0,103.7,green
9099,303.603,green,-8.9,103.1,green
9102,303.703,green,-9.2,103.2,green
9105,303.804,green,-8.9,103.4,green
9108,303.904,green,-9.0,102.9,green
9111,304.004,green,-9.1,103.6,green
9114,304.104,green,-8.4,103.8,green
9117,304.204,green,-8.4,103.9,green
9120,304.304,green,-9.6,103.3,green
9123,304.404,green,-9.9,103.1,green
9126,304.504,green,-9.3,103.5,green
9129,304.604,green,-9.9,102.7,green
9132,304.704,green,-9.6,102.9,green
9135,304.804,green,-9.9,104.0,green
9138,304.905,green,-9.7,103.1,green
9141,305.005,green,-8.9,102.9,green
9144,305.105,green,-9.0,104.2,green
9147,305.205,green,-8.9,103.9,green
9150,305.305,green,-9.7,103.7,green
9153,305.405,green,-9.3,103.8,green
9156,305.505,green,-8.8,103.4,green
9159,305.605,green,-8.5,103.7,green
9162,305.705,green,-8.2,103.6,green
9165,305.806,green,-9.2,103.6,green
9168,305.906,green,-9.5,102.8,green
9171,306.006,green,-9.1,103.3,green
9174,306.106,green,-8.5,103.7,green
9177,306.206,green,-8.7,103.4,green
9180,306.306,green,-10.7,103.6,green
9183,306.406,green,-9.1,103.0,green
9186,306.506,green,-9.1,104.3,green
9189,306.606,green,-9.8,103.6,green
9192,306.706,green,-9.1,103.8,green
9195,306.806,green,-9.9,103.0,green
9198,306.907,green,-8.2,104.0,green
9201,307.007,green,-8.3,104.0,green
9204,307.107,green,-8.8,103.1,green
9207,307.207,green,-7.9,104.0,green
9210,307.307,green,-9.9,103.6,green
9213,307.407,green,-8.7,103.3,green
9216,307.507,green,-7.9,103.8,green
9219,307.607,green,-8.7,104.6,green
9222,307.707,green,-9.3,103.3,green
9225,307.808,green,-9.3,103.4,green
9228,307.908,green,-9.2,104.0,green
9231,308.008,green,-9.1,104.7,green
9234,308.108,green,-8.8,104.4,green
9237,308.208,green,-9.3,104.3,green
9240,308.308,green,-9.6,104.1,green
9243,308.408,green,-9.0,104.2,green
9246,308.508,green,-8.8,104.0,green
9249,308.608,green,-9.5,104.5,green
9252,308.708,green,-8.4,103.6,green
9255,308.808,green,-8.7,103.9,green
9258,308.909,green,-8.5,103.8,green
9261,309.009,green,-9.1,103.5,green
9264,309.109,green,-8.0,99.3,green
9267,309.209,green_flash,-9.2,3.8,none
9270,309.309,green_flash,-8.0,3.0,none
9273,309.409,green_flash,-9.0,3.2,none
9276,309.509,green_flash,-9.1,2.1,none
9279,309.609,green_flash,-8.6,47.2,none
9282,309.709,green,-8.8,103.8,green
9285,309.81,green,-9.0,103.5,green
9288,309.91,green,-8.8,103.9,green
9291,310.01,green,-8.8,103.7,green
9294,310.11,green,-8.6,98.7,green
9297,310.21,green_flash,-8.4,3.5,none
9300,310.31,green_flash,-9.6,2.4,none
9303,310.41,green_flash,-9.3,3.1,none
9306,310.51,green_flash,-9.8,2.6,none
9309,310.61,green,-9.2,54.8,none
9312,310.71,green,-8.3,104.1,green
9315,310.81,green,-7.9,103.8,green
9318,310.911,green,-8.3,104.3,green
9321,311.011,green,-8.2,103.6,green
9324,311.111,green,-7.9,97.3,green
9327,311.211,green_flash,-8.4,3.7,none
9330,311.311,green_flash,-9.6,2.8,none
9333,311.411,green_flash,-9.3,3.3,none
9336,311.511,green_flash,-8.9,2.0,none
9339,311.611,green,-9.7,60.2,green
9342,311.711,green,-9.6,104.4,green
9345,311.812,green,-9.6,104.3,green
9348,311.912,green,-9.6,103.8,green
9351,312.012,green,-8.5,104.9,green
9354,312.112,green,-8.5,97.4,green
9357,312.212,red,101.7,3.5,red
9360,312.312,red,101.5,1.6,red
9363,312.412,red,101.8,1.6,red
9366,312.512,red,101.8,2.1,red
9369,312.612,red,101.7,1.8,red
9372,312.712,red,101.9,3.0,red
9375,312.812,red,102.7,2.5,red
9378,312.913,red,102.3,2.0,red
9381,313.013,red,101.8,2.1,red
9384,313.113,red,101.2,2.6,red
9387,313.213,red,101.3,1.8,red
9390,313.313,red,101.4,2.2,red
9393,313.413,red,101.3,2.6,red
9396,313.513,red,100.9,2.7,red
9399,313.613,red,101.2,2.5,red
9402,313.713,red,102.4,1.4,red
9405,313.814,red,100.6,2.0,red
9408,313.914,red,101.8,2.5,red
9411,314.014,red,101.8,3.6,red
9414,314.114,red,101.5,2.8,red
9417,314.214,red,101.8,3.3,red
9420,314.314,red,101.2,2.9,red
9423,314.414,red,101.1,2.2,red
9426,314.514,red,100.7,1.9,red
9429,314.614,red,101.4,1.6,red
9432,314.714,red,101.8,1.9,red
9435,314.814,red,102.5,2.3,red
9438,314.915,red,102.9,2.2,red
9441,315.015,red,102.8,3.2,red
9444,315.115,red,102.9,2.0,red
9447,315.215,red,102.0,1.8,red
9450,315.315,red,101.9,1.7,red
9453,315.415,red,102.1,2.9,red
9456,315.515,red,101.7,2.7,red
9459,315.615,red,102.5,2.4,red
9462,315.715,red,102.0,2.5,red
9465,315.816,red,101.3,3.4,red
9468,315.916,red,102.0,1.9,red
9471,316.016,red,102.7,2.7,red
9474,316.116,red,100.4,1.4,red
9477,316.216,red,101.9,1.6,red
9480,316.316,red,102.5,3.0,red
9483,316.416,red,101.9,1.7,red
9486,316.516,red,105.0,2.8,red
9489,316.616,red,106.9,1.8,red
9492,316.716,red,103.8,2.8,red
9495,316.816,red,103.8,2.0,red
9498,316.917,red,104.7,2.1,red
9501,317.017,red,101.9,1.8,red
9504,317.117,red,104.9,1.7,red
9507,317.217,red,109.7,2.5,red
9510,317.317,red,105.5,2.5,red
9513,317.417,red,108.0,2.4,red
9516,317.517,red,105.2,1.5,red
9519,317.617,red,104.4,2.1,red
9522,317.717,red,102.5,2.8,red
