t,red0,amber0,green0,red1,amber1,green1,red2,amber2,green2,red3,amber3,green3
0.0,0.011470985155195682,0.003036437246963563,0.0,0.01626984126984127,0.0,0.0,0.0,0.0,0.0,0.0,0.0,0.0
0.10010000000000001,0.008771929824561403,0.0033738191632928477,0.0,0.017063492063492062,0.0,0.0,0.0,0.0,0.0,0.0,0.0,0.0
0.20020000000000002,0.009109311740890687,0.0043859649122807015,0.0,0.02261904761904762,0.0,0.0,0.0,0.0,0.0,0.0,0.0,0.0
0.3003,0.010458839406207827,0.0043859649122807015,0.0,0.018253968253968255,0.0,0.0,0.0,0.0,0.0,0.0,0.0,0.0
0.40040000000000003,0.009446693657219974,0.0043859649122807015,0.0,0.015873015873015872,0.0,0.0,0.0,0.0,0.0,0.0,0.0,0.0
0.5005000000000001,0.009784075573549258,0.004048582995951417,0.0,0.015873015873015872,0.0,0.0,0.0,0.0,0.0,0.0,0.0,0.0
0.6006,0.009446693657219974,0.003711201079622132,0.0,0.015873015873015872,0.0,0.0,0.0,0.0,0.0,0.0,0.0,0.0
0.7007,0.008771929824561403,0.004048582995951417,0.0,0.015873015873015872,0.0,0.0,0.0,0.0,0.0,0.0,0.0,0.0
0.8008000000000001,0.008771929824561403,0.004048582995951417,0.0,0.01626984126984127,0.0,0.0,0.0,0.0,0.0,0.0,0.0,0.0
0.9009,0.010121457489878543,0.0043859649122807015,0.0,0.015873015873015872,0.0,0.0,0.0,0.0,0.0,0.0,0.0,0.0
1.0010000000000001,0.009109311740890687,0.0043859649122807015,0.0,0.01626984126984127,0.0,0.0,0.0,0.0,0.0,0.0,0.0,0.0
1.1011,0.008771929824561403,0.004048582995951417,0.0,0.01626984126984127,0.0,0.0,0.0,0.0,0.0,0.0,0.0,0.0
1.2012,0.009446693657219974,0.0043859649122807015,0.0,0.015873015873015872,0.0,0.0,0.0,0.0,0.0,0.0,0.0,0.0
1.3013000000000001,0.009109311740890687,0.0043859649122807015,0.0,0.015873015873015872,0.0,0.0,0.0030153508771929823,0.0,0.0,0.0,0.0,0.0
1.4014,0.007422402159244264,0.003711201079622132,0.0,0.015873015873015872,0.0,0.0,0.005482456140350877,0.0,0.0,0.0,0.0,0.0
1.5015,0.009109311740890687,0.0043859649122807015,0.0,0.015873015873015872,0.0,0.0,0.02055921052631579,0.0,0.0,0.0,0.0,0.0
1.6016000000000001,0.008434547908232119,0.003711201079622132,0.0,0.015873015873015872,0.0,0.0,0.003289473684210526,0.0,0.0,0.0,0.0,0.0
1.7017,0.009446693657219974,0.004048582995951417,0.0,0.015873015873015872,0.0,0.0,0.005482456140350877,0.0,0.0,0.0,0.0,0.0
1.8018,0.009446693657219974,0.004048582995951417,0.0,0.015873015873015872,0.0,0.0,0.0,0.0,0.0,0.0,0.0,0.0
1.9019,0.009784075573549258,0.004048582995951417,0.0,0.018253968253968255,0.0003968253968253968,0.0,0.0,0.0,0.0,0.0,0.0,0.0
2.0020000000000002,0.009446693657219974,0.004048582995951417,0.0,0.015873015873015872,0.0,0.0,0.0,0.0,0.0,0.0,0.0,0.0
2.1021,0.009446693657219974,0.004048582995951417,0.0,0.015873015873015872,0.0,0.0,0.0,0.0,0.0,0.0,0.0,0.0
2.2022,0.009784075573549258,0.0043859649122807015,0.0,0.015873015873015872,0.0,0.0,0.0,0.0,0.0,0.0,0.0,0.0
2.3023000000000002,0.009784075573549258,0.0043859649122807015,0.0,0.015873015873015872,0.0,0.0,0.0,0.0,0.0,0.0,0.0,0.0
2.4024,0.009109311740890687,0.0043859649122807015,0.0,0.015873015873015872,0.0,0.0,0.0,0.0,0.0,0.0,0.0,0.0
2.5025,0.00708502024291498,0.003711201079622132,0.0,0.015873015873015872,0.0,0.0,0.0,0.0,0.0,0.0,0.0,0.0
2.6026000000000002,0.009109311740890687,0.0043859649122807015,0.0,0.015873015873015872,0.0,0.0,0.0,0.0,0.0,0.0,0.0,0.0
2.7027,0.009109311740890687,0.0043859649122807015,0.0,0.015873015873015872,0.0,0.0,0.0,0.0,0.0,0.0,0.0,0.0
2.8028,0.009109311740890687,0.0043859649122807015,0.0,0.015873015873015872,0.0,0.0,0.0,0.0,0.0,0.0,0.0,0.0
2.9029000000000003,0.009109311740890687,0.003711201079622132,0.0,0.015873015873015872,0.0,0.0,0.0,0.0,0.0,0.0,0.0,0.0
3.003,0.006747638326585695,0.003711201079622132,0.0,0.015873015873015872,0.0,0.0,0.0,0.0,0.0,0.0,0.0,0.0
3.1031,0.009446693657219974,0.003711201079622132,0.0,0.015873015873015872,0.0,0.0,0.0,0.0,0.0,0.0,0.0,0.0
3.2032000000000003,0.008434547908232119,0.003036437246963563,0.0,0.015873015873015872,0.0,0.0,0.0,0.0,0.0,0.0,0.0,0.0
3.3033,0.009446693657219974,0.003036437246963563,0.0,0.015873015873015872,0.0,0.0,0.0,0.0,0.0,0.0,0.0,0.0
3.4034,0.008434547908232119,0.003036437246963563,0.0,0.015873015873015872,0.0,0.0,0.0,0.0,0.0,0.0,0.0,0.0
3.5035000000000003,0.008434547908232119,0.0033738191632928477,0.0,0.015873015873015872,0.0,0.0,0.0,0.0,0.0,0.0,0.0,0.0
3.6036,0.008434547908232119,0.003036437246963563,0.0,0.015873015873015872,0.0,0.0,0.0,0.0,0.0,0.0,0.0,0.0
3.7037,0.00708502024291498,0.0033738191632928477,0.0,0.015873015873015872,0.0,0.0,0.0,0.0,0.0,0.0,0.0,0.0
3.8038,0.008434547908232119,0.003711201079622132,0.0,0.015873015873015872,0.0,0.0,0.0,0.0,0.0,0.0,0.0,0.0
3.9039,0.007422402159244264,0.003711201079622132,0.0,0.015873015873015872,0.0,0.0,0.0,0.0,0.0,0.0,0.0,0.0
4.0040000000000004,0.00708502024291498,0.003711201079622132,0.0,0.015873015873015872,0.0,0.0,0.0,0.0,0.0,0.0,0.0,0.0
4.1041,0.007422402159244264,0.003711201079622132,0.0,0.015873015873015872,0.0,0.0,0.0,0.0,0.0,0.0,0.0,0.0
4.2042,0.00708502024291498,0.003711201079622132,0.0,0.015873015873015872,0.0,0.0,0.0,0.0,0.0,0.0,0.0,0.0
4.3043000000000005,0.00708502024291498,0.003711201079622132,0.0,0.015873015873015872,0.0,0.0,0.0,0.0,0.0,0.0,0.0,0.0
4.4044,0.00708502024291498,0.003711201079622132,0.0,0.015873015873015872,0.0,0.0,0.0,0.0,0.0,0.0,0.0,0.0
4.5045,0.009109311740890687,0.003711201079622132,0.0,0.015873015873015872,0.0,0.0,0.0,0.0,0.0,0.0,0.0,0.0
4.6046000000000005,0.00775978407557355,0.003711201079622132,0.0,0.015873015873015872,0.0,0.0,0.0,0.0,0.0,0.0,0.0,0.0
4.7047,0.00708502024291498,0.003711201079622132,0.0,0.015873015873015872,0.0,0.0,0.0,0.0,0.0,0.0,0.0,0.0
4.8048,0.00708502024291498,0.003711201079622132,0.0,0.015873015873015872,0.0,0.0,0.0,0.0,0.0,0.0,0.0,0.0
4.9049000000000005,0.00708502024291498,0.003711201079622132,0.0,0.015873015873015872,0.0,0.0,0.0,0.0,0.0,0.0,0.0,0.0
5.005,0.008434547908232119,0.003711201079622132,0.0,0.015873015873015872,0.0,0.0,0.0,0.0,0.0,0.0,0.0,0.0
5.1051,0.008771929824561403,0.003711201079622132,0.0,0.015873015873015872,0.0,0.0,0.0,0.0,0.0,0.0,0.0,0.0
5.2052000000000005,0.00775978407557355,0.003711201079622132,0.0,0.015873015873015872,0.0,0.0,0.0,0.0,0.0,0.0,0.0,0.0
5.3053,0.007422402159244264,0.003711201079622132,0.0,0.015873015873015872,0.0,0.0,0.0,0.0,0.0,0.0,0.0,0.0
5.4054,0.007422402159244264,0.0033738191632928477,0.0,0.015873015873015872,0.0,0.0,0.0,0.0,0.0,0.0,0.0,0.0
5.5055000000000005,0.007422402159244264,0.0033738191632928477,0.0,0.015873015873015872,0.0,0.0,0.0,0.0,0.0,0.0,0.0,0.0
5.6056,0.007422402159244264,0.0033738191632928477,0.0,0.015873015873015872,0.0,0.0,0.0,0.0,0.0,0.0,0.0,0.0
5.7057,0.007422402159244264,0.0033738191632928477,0.0,0.015873015873015872,0.0,0.0,0.0,0.0,0.0,0.0,0.0,0.0
5.8058000000000005,0.008434547908232119,0.0033738191632928477,0.0,0.015873015873015872,0.0,0.0,0.0,0.0,0.0,0.0,0.0,0.0
5.9059,0.00775978407557355,0.0033738191632928477,0.0,0.015873015873015872,0.0,0.0,0.0,0.0,0.0,0.0,0.0,0.0
6.006,0.007422402159244264,0.0033738191632928477,0.0,0.015873015873015872,0.0,0.0,0.0,0.0,0.0,0.0,0.0,0.0
6.1061000000000005,0.007422402159244264,0.0033738191632928477,0.0,0.015873015873015872,0.0,0.0,0.0,0.0,0.0,0.0,0.0,0.0
6.2062,0.009109311740890687,0.0033738191632928477,0.0,0.015873015873015872,0.0,0.0,0.0,0.0,0.0,0.0,0.0,0.0
6.3063,0.007422402159244264,0.0033738191632928477,0.0,0.015873015873015872,0.0,0.0,0.0,0.0,0.0,0.0,0.0,0.0
6.4064000000000005,0.008771929824561403,0.003711201079622132,0.0,0.015873015873015872,0.0,0.0,0.0,0.0,0.0,0.0,0.0,0.0
6.5065,0.009109311740890687,0.004048582995951417,0.0,0.015873015873015872,0.0,0.0,0.0,0.0,0.0,0.0,0.0,0.0
6.6066,0.007422402159244264,0.004048582995951417,0.0,0.015873015873015872,0.0,0.0,0.0,0.0,0.0,0.0,0.0,0.0
6.7067000000000005,0.007422402159244264,0.004048582995951417,0.0,0.015873015873015872,0.0,0.0,0.0,0.0,0.0,0.0,0.0,0.0
6.8068,0.00775978407557355,0.004048582995951417,0.0,0.015873015873015872,0.0,0.0,0.0,0.0,0.0,0.0,0.0,0.0
6.9069,0.00708502024291498,0.004048582995951417,0.0,0.015873015873015872,0.0,0.0,0.0,0.0,0.0,0.0,0.0,0.0
7.007000000000001,0.00708502024291498,0.004048582995951417,0.0,0.015873015873015872,0.0,0.0,0.0,0.0,0.0,0.0,0.0,0.0
7.1071,0.00708502024291498,0.004048582995951417,0.0,0.015873015873015872,0.0,0.0,0.0,0.0,0.0,0.0,0.0,0.0
7.2072,0.00775978407557355,0.004048582995951417,0.0,0.015873015873015872,0.0,0.0,0.0,0.0,0.0,0.0,0.0,0.0
7.307300000000001,0.00708502024291498,0.004048582995951417,0.0,0.015873015873015872,0.0,0.0,0.0,0.0,0.0,0.0,0.0,0.0
7.4074,0.00708502024291498,0.004048582995951417,0.0,0.015873015873015872,0.0,0.0,0.0,0.0,0.0,0.0,0.0,0.0
7.5075,0.007422402159244264,0.004048582995951417,0.0,0.015873015873015872,0.0,0.0,0.0,0.0,0.0,0.0,0.0,0.0
7.6076,0.00708502024291498,0.004048582995951417,0.0,0.015873015873015872,0.0,0.0,0.0,0.0,0.0,0.0,0.0,0.0
7.7077,0.00708502024291498,0.004048582995951417,0.0,0.015873015873015872,0.0,0.0,0.0,0.0,0.0,0.0,0.0,0.0
7.8078,0.007422402159244264,0.004048582995951417,0.0,0.015873015873015872,0.0,0.0,0.0,0.0,0.0,0.0,0.0,0.0
7.9079,0.00708502024291498,0.004048582995951417,0.0,0.015873015873015872,0.0,0.0,0.0,0.0,0.0,0.0,0.0,0.0
8.008000000000001,0.00708502024291498,0.004048582995951417,0.0,0.015873015873015872,0.0,0.0,0.0,0.0,0.0,0.0,0.0,0.0
8.1081,0.00708502024291498,0.004048582995951417,0.0,0.015873015873015872,0.0,0.0,0.0,0.0,0.0,0.0,0.0,0.0
8.2082,0.007422402159244264,0.004048582995951417,0.0,0.015873015873015872,0.0,0.0,0.0,0.0,0.0,0.0,0.0,0.0
8.308300000000001,0.00708502024291498,0.004048582995951417,0.0,0.015873015873015872,0.0,0.0,0.0,0.0,0.0,0.0,0.0,0.0
8.4084,0.00775978407557355,0.004048582995951417,0.0,0.01626984126984127,0.0,0.0,0.0,0.0,0.0,0.0,0.0,0.0
8.5085,0.008434547908232119,0.004048582995951417,0.0,0.01626984126984127,0.0,0.0,0.0,0.0,0.0,0.0,0.0,0.0
8.608600000000001,0.00775978407557355,0.004048582995951417,0.0,0.01626984126984127,0.0,0.0,0.0,0.0,0.0,0.0,0.0,0.0
8.7087,0.00775978407557355,0.004048582995951417,0.0,0.01626984126984127,0.0,0.0,0.0,0.0,0.0,0.0,0.0,0.0
8.8088,0.009109311740890687,0.004048582995951417,0.0,0.01626984126984127,0.0,0.0,0.0,0.0,0.0,0.0,0.0,0.0
8.908900000000001,0.00775978407557355,0.004048582995951417,0.0,0.016666666666666666,0.0,0.0,0.0,0.0,0.0,0.0,0.0,0.0
9.009,0.00775978407557355,0.004048582995951417,0.0,0.01626984126984127,0.0,0.0,0.0,0.0,0.0,0.0,0.0,0.0
9.1091,0.009784075573549258,0.004048582995951417,0.0,0.01626984126984127,0.0,0.0,0.0,0.0,0.0,0.0,0.0,0.0
9.209200000000001,0.00775978407557355,0.004048582995951417,0.0,0.01626984126984127,0.0,0.0,0.0,0.0,0.0,0.0,0.0,0.0
9.3093,0.00775978407557355,0.004048582995951417,0.0,0.01626984126984127,0.0,0.0,0.0,0.0,0.0,0.0,0.0,0.0
9.4094,0.00775978407557355,0.004048582995951417,0.0,0.01626984126984127,0.0,0.0,0.0,0.0,0.0,0.0,0.0,0.0
9.509500000000001,0.00775978407557355,0.004048582995951417,0.0,0.01626984126984127,0.0,0.0,0.0,0.0,0.0,0.0,0.0,0.0
9.6096,0.00775978407557355,0.004048582995951417,0.0,0.01626984126984127,0.0,0.0,0.0,0.0,0.0,0.0,0.0,0.0
9.7097,0.00775978407557355,0.004048582995951417,0.0,0.01626984126984127,0.0,0.0,0.0,0.0,0.0,0.0,0.0,0.0
9.809800000000001,0.008097165991902834,0.004048582995951417,0.0,0.01626984126984127,0.0,0.0,0.0,0.0,0.0,0.0,0.0,0.0
9.9099,0.00775978407557355,0.004048582995951417,0.0,0.01626984126984127,0.0,0.0,0.0,0.0,0.0,0.0,0.0,0.0
10.01,0.00775978407557355,0.004048582995951417,0.0,0.01626984126984127,0.0,0.0,0.0,0.0,0.0,0.0,0.0,0.0
10.110100000000001,0.00775978407557355,0.004048582995951417,0.0,0.01626984126984127,0.0,0.0,0.0,0.0,0.0,0.0,0.0,0.0
10.2102,0.008097165991902834,0.004048582995951417,0.0,0.01626984126984127,0.0,0.0,0.0,0.0,0.0,0.0,0.0,0.0
10.3103,0.00775978407557355,0.004048582995951417,0.0,0.01626984126984127,0.0,0.0,0.0,0.0,0.0,0.0,0.0,0.0
10.410400000000001,0.008434547908232119,0.0043859649122807015,0.0,0.01626984126984127,0.0,0.0,0.0,0.0,0.0,0.0,0.0,0.0
10.5105,0.00775978407557355,0.0043859649122807015,0.0,0.01626984126984127,0.0,0.0,0.0,0.0,0.0,0.0,0.0,0.0
10.6106,0.00775978407557355,0.0043859649122807015,0.0,0.01626984126984127,0.0,0.0,0.0,0.0,0.0,0.0,0.0,0.0
10.710700000000001,0.00775978407557355,0.0043859649122807015,0.0,0.01626984126984127,0.0,0.0,0.0,0.0,0.0,0.0,0.0,0.0
10.8108,0.008097165991902834,0.0043859649122807015,0.0,0.01626984126984127,0.0,0.0,0.0,0.0,0.0,0.0,0.0,0.0
10.9109,0.00775978407557355,0.0043859649122807015,0.0,0.01626984126984127,0.0,0.0,0.0,0.0,0.0,0.0,0.0,0.0
11.011000000000001,0.00775978407557355,0.0043859649122807015,0.0,0.01626984126984127,0.0,0.0,0.0,0.0,0.0,0.0,0.0,0.0
11.1111,0.008097165991902834,0.0043859649122807015,0.0,0.01626984126984127,0.0,0.0,0.0,0.0,0.0,0.0,0.0,0.0
11.2112,0.00775978407557355,0.0043859649122807015,0.0,0.01626984126984127,0.0,0.0,0.0,0.0,0.0,0.0,0.0,0.0
11.311300000000001,0.00775978407557355,0.0043859649122807015,0.0,0.01626984126984127,0.0,0.0,0.0,0.0,0.0,0.0,0.0,0.0
11.4114,0.008097165991902834,0.0043859649122807015,0.0,0.01626984126984127,0.0,0.0,0.0,0.0,0.0,0.0,0.0,0.0
11.5115,0.00775978407557355,0.0043859649122807015,0.0,0.01626984126984127,0.0,0.0,0.0,0.0,0.0,0.0,0.0,0.0
11.611600000000001,0.00775978407557355,0.0043859649122807015,0.0,0.01626984126984127,0.0,0.0,0.0,0.0,0.0,0.0,0.0,0.0
11.7117,0.00775978407557355,0.0043859649122807015,0.0,0.01626984126984127,0.0,0.0,0.0,0.0,0.0,0.0,0.0,0.0
11.8118,0.00775978407557355,0.0043859649122807015,0.0,0.01626984126984127,0.0,0.0,0.0,0.0,0.0,0.0,0.0,0.0
11.911900000000001,0.007422402159244264,0.0043859649122807015,0.0,0.01626984126984127,0.0,0.0,0.0,0.0,0.0,0.0,0.0,0.0
12.012,0.007422402159244264,0.0043859649122807015,0.0,0.01626984126984127,0.0,0.0,0.0,0.0,0.0,0.0,0.0,0.0
12.1121,0.008434547908232119,0.0043859649122807015,0.0,0.01626984126984127,0.0,0.0,0.0,0.0,0.0,0.0,0.0,0.0
12.212200000000001,0.007422402159244264,0.0043859649122807015,0.0,0.01626984126984127,0.0,0.0,0.0,0.0,0.0,0.0,0.0,0.0
12.3123,0.007422402159244264,0.0043859649122807015,0.0,0.01626984126984127,0.0,0.0,0.0,0.0,0.0,0.0,0.0,0.0
12.4124,0.007422402159244264,0.0043859649122807015,0.0,0.01626984126984127,0.0,0.0,0.0,0.0,0.0,0.0,0.0,0.0
12.512500000000001,0.007422402159244264,0.0043859649122807015,0.0,0.01626984126984127,0.0,0.0,0.0,0.0,0.0,0.0,0.0,0.0
12.6126,0.007422402159244264,0.0043859649122807015,0.0,0.01626984126984127,0.0,0.0,0.0,0.0,0.0,0.0,0.0,0.0
12.7127,0.007422402159244264,0.0043859649122807015,0.0,0.01626984126984127,0.0,0.0,0.0,0.0,0.0,0.0,0.0,0.0
12.812800000000001,0.007422402159244264,0.0043859649122807015,0.0,0.01626984126984127,0.0,0.0,0.0,0.0,0.0,0.0,0.0,0.0
12.9129,0.007422402159244264,0.0043859649122807015,0.0,0.01626984126984127,0.0,0.0,0.0,0.0,0.0,0.0,0.0,0.0
13.013,0.007422402159244264,0.0043859649122807015,0.0,0.01626984126984127,0.0,0.0,0.0,0.0,0.0,0.0,0.0,0.0
13.113100000000001,0.007422402159244264,0.0043859649122807015,0.0,0.01626984126984127,0.0,0.0,0.0,0.0,0.0,0.0,0.0,0.0
13.2132,0.007422402159244264,0.0043859649122807015,0.0,0.01626984126984127,0.0,0.0,0.0,0.0,0.0,0.0,0.0,0.0
13.3133,0.007422402159244264,0.0043859649122807015,0.0,0.01626984126984127,0.0,0.0,0.0,0.0,0.0,0.0,0.0,0.0
13.413400000000001,0.008434547908232119,0.0043859649122807015,0.0,0.01626984126984127,0.0,0.0,0.0,0.0,0.0,0.0,0.0,0.0
13.5135,0.007422402159244264,0.0043859649122807015,0.0,0.016666666666666666,0.0,0.0,0.0,0.0,0.0,0.0,0.0,0.0
13.6136,0.007422402159244264,0.0043859649122807015,0.0,0.016666666666666666,0.0,0.0,0.0,0.0,0.0,0.0,0.0,0.0
13.713700000000001,0.008097165991902834,0.0043859649122807015,0.0,0.016666666666666666,0.0,0.0,0.0,0.0,0.0,0.0,0.0,0.0
13.8138,0.00775978407557355,0.004048582995951417,0.0,0.016666666666666666,0.0,0.0,0.0,0.0,0.0,0.0,0.0,0.0
13.9139,0.007422402159244264,0.004048582995951417,0.0,0.017063492063492062,0.0,0.0,0.0,0.0,0.0,0.0,0.0,0.0
14.014000000000001,0.007422402159244264,0.004048582995951417,0.0,0.017063492063492062,0.0,0.0,0.0,0.0,0.0,0.0,0.0,0.0
14.1141,0.00775978407557355,0.004048582995951417,0.0,0.017063492063492062,0.0,0.0,0.0,0.0,0.0,0.0,0.0,0.0
14.2142,0.007422402159244264,0.004048582995951417,0.0,0.017063492063492062,0.0,0.0,0.0,0.0,0.0,0.0,0.0,0.0
14.314300000000001,0.007422402159244264,0.0043859649122807015,0.0,0.017063492063492062,0.0,0.0,0.0,0.0,0.0,0.0,0.0,0.0
14.4144,0.008097165991902834,0.0043859649122807015,0.0,0.017063492063492062,0.0,0.0,0.0,0.0,0.0,0.0,0.0,0.0
14.5145,0.007422402159244264,0.004048582995951417,0.0,0.017063492063492062,0.0,0.0,0.0,0.0,0.0,0.0,0.0,0.0
14.614600000000001,0.007422402159244264,0.004048582995951417,0.0,0.017063492063492062,0.0,0.0,0.0,0.0,0.0,0.0,0.0,0.0
14.7147,0.00775978407557355,0.004048582995951417,0.0,0.017063492063492062,0.0,0.0,0.0,0.0,0.0,0.0,0.0,0.0
14.8148,0.007422402159244264,0.004048582995951417,0.0,0.017063492063492062,0.0,0.0,0.0,0.0,0.0,0.0,0.0,0.0
14.9149,0.007422402159244264,0.004048582995951417,0.0,0.017063492063492062,0.0,0.0,0.0,0.0,0.0,0.0,0.0,0.0
15.015,0.008097165991902834,0.004048582995951417,0.00033738191632928474,0.017063492063492062,0.0,0.0,0.0,0.0,0.0,0.0,0.0,0.0
15.1151,0.007422402159244264,0.004048582995951417,0.0,0.017063492063492062,0.0,0.0,0.0,0.0,0.0,0.0,0.0,0.0
15.2152,0.007422402159244264,0.004048582995951417,0.0,0.017063492063492062,0.0,0.0,0.0,0.0,0.0,0.0,0.0,0.0
15.3153,0.007422402159244264,0.004048582995951417,0.0,0.017063492063492062,0.0,0.0,0.0,0.0,0.0,0.0,0.0,0.0
15.4154,0.008097165991902834,0.004048582995951417,0.0,0.017063492063492062,0.0,0.0,0.0,0.0,0.0,0.0,0.0,0.0
15.5155,0.007422402159244264,0.004048582995951417,0.0,0.017063492063492062,0.0,0.0,0.0,0.0,0.0,0.0,0.0,0.0
15.6156,0.007422402159244264,0.004048582995951417,0.0,0.017063492063492062,0.0,0.0,0.0,0.0,0.0,0.0,0.0,0.0
15.7157,0.007422402159244264,0.004048582995951417,0.0,0.017063492063492062,0.0,0.0,0.0,0.0,0.0,0.0,0.0,0.0
15.8158,0.007422402159244264,0.004048582995951417,0.0,0.017063492063492062,0.0,0.0,0.0,0.0,0.0,0.0,0.0,0.0
15.9159,0.007422402159244264,0.004048582995951417,0.0,0.017063492063492062,0.0,0.0,0.0,0.0,0.0,0.0,0.0,0.0
16.016000000000002,0.007422402159244264,0.004048582995951417,0.0,0.017063492063492062,0.0,0.0,0.0,0.0,0.0,0.0,0.0,0.0
16.1161,0.007422402159244264,0.004048582995951417,0.0,0.017063492063492062,0.0,0.0,0.0,0.0,0.0,0.0,0.0,0.0
16.2162,0.007422402159244264,0.004048582995951417,0.0,0.017063492063492062,0.0,0.0,0.0,0.0,0.0,0.0,0.0,0.0
16.316300000000002,0.007422402159244264,0.004048582995951417,0.0,0.017063492063492062,0.0,0.0,0.0,0.0,0.0,0.0,0.0,0.0
16.4164,0.007422402159244264,0.004048582995951417,0.0,0.017063492063492062,0.0,0.0,0.0,0.0,0.0,0.0,0.0,0.0
16.5165,0.007422402159244264,0.004048582995951417,0.0,0.017063492063492062,0.0,0.0,0.0,0.0,0.0,0.0,0.0,0.0
16.616600000000002,0.007422402159244264,0.004048582995951417,0.0,0.017063492063492062,0.0,0.0,0.0,0.0,0.0,0.0,0.0,0.0
16.7167,0.008097165991902834,0.005060728744939271,0.0,0.017063492063492062,0.0,0.0,0.0,0.0,0.0,0.0,0.0,0.0
16.8168,0.00775978407557355,0.005060728744939271,0.0,0.017063492063492062,0.0,0.0,0.0,0.0,0.0,0.0,0.0,0.0
16.916900000000002,0.00775978407557355,0.005060728744939271,0.0,0.017063492063492062,0.0,0.0,0.0,0.0,0.0,0.0,0.0,0.0
17.017,0.009109311740890687,0.005060728744939271,0.0,0.017063492063492062,0.0,0.0,0.0,0.0,0.0,0.0,0.0,0.0
17.1171,0.00775978407557355,0.005060728744939271,0.0,0.017063492063492062,0.0,0.0,0.0,0.0,0.0,0.0,0.0,0.0
17.217200000000002,0.00775978407557355,0.005060728744939271,0.0,0.017063492063492062,0.0,0.0,0.0,0.0,0.0,0.0,0.0,0.0
17.3173,0.008771929824561403,0.005060728744939271,0.0,0.017063492063492062,0.0,0.0,0.0,0.0,0.0,0.0,0.0,0.0
17.4174,0.00775978407557355,0.005060728744939271,0.0,0.017063492063492062,0.0,0.0,0.0,0.0,0.0,0.0,0.0,0.0
17.517500000000002,0.00775978407557355,0.005060728744939271,0.0,0.017063492063492062,0.0,0.0,0.0,0.0,0.0,0.0,0.0,0.0
17.6176,0.00775978407557355,0.005060728744939271,0.0,0.017063492063492062,0.0,0.0,0.0,0.0,0.0,0.0,0.0,0.0
17.7177,0.00775978407557355,0.005060728744939271,0.0,0.017063492063492062,0.0,0.0,0.0,0.0,0.0,0.0,0.0,0.0
17.817800000000002,0.00775978407557355,0.005060728744939271,0.0,0.017063492063492062,0.0,0.0,0.0,0.0,0.0,0.0,0.0,0.0
17.9179,0.00775978407557355,0.005060728744939271,0.0,0.017063492063492062,0.0,0.0,0.0,0.0,0.0,0.0,0.0,0.0
18.018,0.00775978407557355,0.005060728744939271,0.0,0.017063492063492062,0.0,0.0,0.0,0.0,0.0,0.0,0.0,0.0
18.118100000000002,0.00775978407557355,0.005060728744939271,0.0,0.017063492063492062,0.0,0.0,0.0,0.0,0.0,0.0,0.0,0.0
18.2182,0.00775978407557355,0.005060728744939271,0.0,0.017063492063492062,0.0,0.0,0.0,0.0,0.0,0.0,0.0,0.0
18.3183,0.008097165991902834,0.005060728744939271,0.0,0.017063492063492062,0.0,0.0,0.0,0.0,0.0,0.0,0.0,0.0
18.418400000000002,0.00775978407557355,0.005060728744939271,0.0,0.017063492063492062,0.0,0.0,0.0,0.0,0.0,0.0,0.0,0.0
18.5185,0.00775978407557355,0.005060728744939271,0.0,0.017063492063492062,0.0,0.0,0.0,0.0,0.0,0.0,0.0,0.0
18.6186,0.008434547908232119,0.005060728744939271,0.0,0.017063492063492062,0.0,0.0,0.0,0.0,0.0,0.0,0.0,0.0
18.718700000000002,0.008097165991902834,0.005060728744939271,0.0,0.017063492063492062,0.0,0.0,0.0,0.0,0.0,0.0,0.0,0.0
18.8188,0.008097165991902834,0.005060728744939271,0.0,0.017063492063492062,0.0,0.0,0.0,0.0,0.0,0.0,0.0,0.0
18.9189,0.008097165991902834,0.005060728744939271,0.0,0.01746031746031746,0.0,0.0,0.0,0.0,0.0,0.0,0.0,0.0
19.019000000000002,0.008097165991902834,0.005060728744939271,0.0,0.017063492063492062,0.0,0.0,0.0,0.0,0.0,0.0,0.0,0.0
19.1191,0.008097165991902834,0.005060728744939271,0.0,0.017063492063492062,0.0,0.0,0.0,0.0,0.0,0.0,0.0,0.0
19.2192,0.008097165991902834,0.005060728744939271,0.0,0.017857142857142856,0.0,0.0,0.0,0.0,0.0,0.0,0.0,0.0
19.319300000000002,0.009109311740890687,0.005060728744939271,0.0,0.017857142857142856,0.0,0.0,0.0,0.0,0.0,0.0,0.0,0.0
19.4194,0.008097165991902834,0.005060728744939271,0.0,0.017063492063492062,0.0,0.0,0.0,0.0,0.0,0.0,0.0,0.0
19.5195,0.008097165991902834,0.005060728744939271,0.0,0.017063492063492062,0.0,0.0,0.0,0.0,0.0,0.0,0.0,0.0
19.619600000000002,0.009446693657219974,0.005060728744939271,0.0,0.017063492063492062,0.0,0.0,0.0,0.0,0.0,0.0,0.0,0.0
19.7197,0.008097165991902834,0.005060728744939271,0.0,0.017063492063492062,0.0,0.0,0.0,0.0,0.0,0.0,0.0,0.0
19.8198,0.008097165991902834,0.005060728744939271,0.0,0.017063492063492062,0.0,0.0,0.0,0.0,0.0,0.0,0.0,0.0
19.919900000000002,0.008097165991902834,0.005060728744939271,0.0,0.05873015873015873,0.0,0.0,0.0,0.0,0.0,0.0,0.0,0.0
20.02,0.008097165991902834,0.005060728744939271,0.0,0.022222222222222223,0.0,0.0,0.0,0.0,0.0,0.0,0.0,0.0
20.1201,0.008097165991902834,0.005060728744939271,0.0,0.017063492063492062,0.0,0.0,0.0,0.0,0.0,0.0,0.0,0.0
20.220200000000002,0.008097165991902834,0.005060728744939271,0.0,0.017063492063492062,0.0,0.0,0.0,0.0,0.0,0.0405982905982906,0.0,0.0
20.3203,0.009446693657219974,0.005060728744939271,0.0,0.017063492063492062,0.0,0.0,0.0,0.0,0.0,0.0,0.0,0.0
20.4204,0.008097165991902834,0.005060728744939271,0.0,0.017063492063492062,0.0,0.0,0.0,0.0,0.0,0.0,0.0,0.0
20.520500000000002,0.008097165991902834,0.005060728744939271,0.0,0.017063492063492062,0.0,0.0,0.0,0.0,0.0,0.0,0.0,0.0
20.6206,0.009446693657219974,0.005060728744939271,0.0,0.017063492063492062,0.0,0.0,0.0,0.0,0.0,0.0,0.0,0.0
20.7207,0.008097165991902834,0.005060728744939271,0.0,0.017063492063492062,0.0,0.0,0.0,0.0,0.0,0.0,0.0,0.0
20.820800000000002,0.008097165991902834,0.005060728744939271,0.0,0.017063492063492062,0.0,0.0,0.0,0.0,0.0,0.0,0.0,0.0
20.9209,0.008097165991902834,0.005060728744939271,0.0,0.017063492063492062,0.0,0.0,0.0,0.0,0.0,0.0,0.0,0.0
21.021,0.008097165991902834,0.005060728744939271,0.0,0.017063492063492062,0.0,0.0,0.0,0.0,0.0,0.0,0.0,0.0
21.121100000000002,0.008097165991902834,0.005060728744939271,0.0,0.017063492063492062,0.0,0.0,0.0,0.0,0.0,0.0,0.0,0.0
21.2212,0.008097165991902834,0.005060728744939271,0.0,0.017063492063492062,0.0,0.0,0.0,0.0,0.0,0.0,0.0,0.0
21.3213,0.008097165991902834,0.005060728744939271,0.0,0.017063492063492062,0.0,0.0,0.0,0.0,0.0,0.0,0.0,0.0
21.421400000000002,0.008097165991902834,0.005060728744939271,0.0,0.017063492063492062,0.0,0.0,0.0,0.0,0.0,0.0,0.0,0.0
21.5215,0.008097165991902834,0.005060728744939271,0.0,0.017063492063492062,0.0,0.0,0.0,0.0,0.0,0.0,0.0,0.0
21.6216,0.009446693657219974,0.005060728744939271,0.0,0.017063492063492062,0.0,0.0,0.0,0.0,0.0,0.0,0.0,0.0
21.721700000000002,0.008097165991902834,0.005060728744939271,0.0,0.017063492063492062,0.0,0.0,0.016721491228070175,0.0,0.0,0.0,0.0,0.0
21.8218,0.008097165991902834,0.005060728744939271,0.0,0.017063492063492062,0.0,0.0,0.00932017543859649,0.0,0.0,0.0,0.0,0.0
21.9219,0.008097165991902834,0.005060728744939271,0.0,0.017063492063492062,0.0,0.0,0.0200109649122807,0.0,0.0,0.0,0.0,0.0
22.022000000000002,0.008097165991902834,0.005060728744939271,0.0,0.017857142857142856,0.0,0.0,0.0,0.0,0.0,0.0,0.0,0.0
22.1221,0.008097165991902834,0.005060728744939271,0.0,0.017063492063492062,0.0,0.0,0.010142543859649123,0.0,0.0,0.0,0.0,0.0
22.2222,0.008097165991902834,0.005060728744939271,0.0,0.017063492063492062,0.0,0.0,0.0,0.0,0.0,0.0,0.0,0.0
22.322300000000002,0.008097165991902834,0.005060728744939271,0.0,0.017063492063492062,0.0,0.0,0.0,0.0,0.0,0.0,0.0,0.0
22.4224,0.008097165991902834,0.005060728744939271,0.0,0.017063492063492062,0.0,0.0,0.0,0.0,0.0,0.0,0.0,0.0
22.5225,0.008097165991902834,0.005060728744939271,0.0,0.01746031746031746,0.0,0.0,0.0,0.0,0.0,0.0,0.0,0.0
22.622600000000002,0.008771929824561403,0.005060728744939271,0.0,0.01746031746031746,0.0,0.0,0.0,0.0,0.0,0.0,0.0,0.0
22.7227,0.008097165991902834,0.005060728744939271,0.0,0.01746031746031746,0.0,0.0,0.0,0.0,0.0,0.0,0.0,0.0
22.8228,0.008097165991902834,0.005060728744939271,0.0,0.01746031746031746,0.0,0.0,0.0,0.0,0.0,0.0,0.0,0.0
22.922900000000002,0.008434547908232119,0.005060728744939271,0.0,0.01746031746031746,0.0,0.0,0.0,0.0,0.0,0.0,0.0,0.0
23.023,0.008097165991902834,0.005060728744939271,0.0,0.01746031746031746,0.0,0.0,0.0,0.0,0.0,0.0,0.0,0.0
23.1231,0.008097165991902834,0.005060728744939271,0.0,0.01746031746031746,0.0,0.0,0.0,0.0,0.0,0.0,0.0,0.0
23.223200000000002,0.008097165991902834,0.005060728744939271,0.0,0.01746031746031746,0.0,0.0,0.0,0.0,0.0,0.0,0.0,0.0
23.3233,0.008097165991902834,0.005060728744939271,0.0,0.01746031746031746,0.0,0.0,0.0,0.0,0.0,0.0,0.0,0.0
23.4234,0.008097165991902834,0.005060728744939271,0.0,0.02619047619047619,0.0,0.0,0.0,0.0,0.0,0.0,0.0,0.0
23.523500000000002,0.008097165991902834,0.005060728744939271,0.0,0.01746031746031746,0.0,0.0,0.0,0.0,0.0,0.0,0.0,0.0
23.6236,0.008097165991902834,0.005060728744939271,0.0,0.01746031746031746,0.0,0.0,0.0,0.0,0.0,0.0,0.0,0.0
23.7237,0.008097165991902834,0.005060728744939271,0.0,0.01746031746031746,0.0,0.0,0.0,0.0,0.0,0.0,0.0,0.0
23.823800000000002,0.008097165991902834,0.005060728744939271,0.0,0.01746031746031746,0.0,0.0,0.0,0.0,0.0,0.0,0.0,0.0
23.9239,0.008771929824561403,0.005060728744939271,0.0,0.01746031746031746,0.0,0.0,0.018092105263157895,0.0,0.0,0.0,0.0,0.0
24.024,0.008097165991902834,0.005060728744939271,0.0,0.01746031746031746,0.0,0.0,0.006030701754385965,0.003289473684210526,0.0,0.0,0.0,0.0
24.124100000000002,0.008097165991902834,0.005060728744939271,0.0,0.01746031746031746,0.0,0.0,0.025219298245614034,0.0005482456140350877,0.0,0.0,0.0,0.0
24.2242,0.009446693657219974,0.005060728744939271,0.0,0.01746031746031746,0.0,0.0,0.0,0.0,0.0,0.0,0.0,0.0
24.3243,0.008097165991902834,0.005060728744939271,0.0,0.01746031746031746,0.0,0.0,0.004111842105263158,0.0,0.0,0.0,0.0,0.0
24.424400000000002,0.008097165991902834,0.005060728744939271,0.0,0.01746031746031746,0.0,0.0,0.0,0.0,0.0,0.0,0.0,0.0
24.5245,0.008097165991902834,0.005060728744939271,0.0,0.01746031746031746,0.0,0.0,0.0,0.0,0.0,0.0,0.0,0.0
24.6246,0.008097165991902834,0.005060728744939271,0.0,0.01746031746031746,0.0,0.0,0.0,0.0,0.0,0.0,0.0,0.0
24.724700000000002,0.008097165991902834,0.005060728744939271,0.0,0.01746031746031746,0.0,0.0,0.0,0.0,0.0,0.0,0.0,0.0
24.8248,0.008097165991902834,0.005060728744939271,0.0,0.01746031746031746,0.0,0.0,0.0,0.0,0.0,0.0,0.0,0.0
24.9249,0.008097165991902834,0.005060728744939271,0.0,0.01746031746031746,0.0,0.0,0.0,0.0,0.0,0.0,0.0,0.0
25.025000000000002,0.008434547908232119,0.004723346828609987,0.0,0.01746031746031746,0.0,0.0,0.0,0.0,0.0,0.0,0.0,0.0
25.1251,0.008434547908232119,0.004723346828609987,0.0,0.01746031746031746,0.0,0.0,0.0,0.0,0.0,0.0,0.0,0.0
25.2252,0.008771929824561403,0.004723346828609987,0.0,0.01746031746031746,0.0,0.0,0.0,0.0,0.0,0.0,0.0,0.0
25.325300000000002,0.008434547908232119,0.004723346828609987,0.0,0.017063492063492062,0.0,0.0,0.0,0.0,0.0,0.0,0.0,0.0
25.4254,0.008434547908232119,0.004723346828609987,0.0,0.017063492063492062,0.0,0.0,0.0,0.0,0.0,0.0,0.0,0.0
25.5255,0.009109311740890687,0.004723346828609987,0.0,0.017063492063492062,0.0,0.0,0.0,0.0,0.0,0.0,0.0,0.0
25.625600000000002,0.008434547908232119,0.004723346828609987,0.0,0.017063492063492062,0.0,0.0,0.0,0.0,0.0,0.0,0.0,0.0
25.7257,0.008434547908232119,0.004723346828609987,0.0,0.017063492063492062,0.0,0.0,0.0,0.0,0.0,0.0,0.0,0.0
25.8258,0.009109311740890687,0.004723346828609987,0.0,0.017063492063492062,0.0,0.0,0.0,0.0,0.0,0.0,0.0,0.0
25.925900000000002,0.008434547908232119,0.004723346828609987,0.0,0.017063492063492062,0.0,0.0,0.0,0.0,0.0,0.0,0.0,0.0
26.026,0.008434547908232119,0.004723346828609987,0.0,0.01746031746031746,0.0,0.0,0.0,0.0,0.0,0.0,0.0,0.0
26.1261,0.008771929824561403,0.004723346828609987,0.0,0.01746031746031746,0.0,0.0,0.0,0.0,0.0,0.0,0.0,0.0
26.226200000000002,0.009784075573549258,0.004723346828609987,0.0,0.01746031746031746,0.0,0.0,0.0,0.0,0.0,0.0,0.0,0.0
26.3263,0.008771929824561403,0.004723346828609987,0.0,0.01746031746031746,0.0,0.0,0.0,0.0,0.0,0.0,0.0,0.0
26.4264,0.008771929824561403,0.004723346828609987,0.0,0.01746031746031746,0.0,0.0,0.0,0.0,0.0,0.0,0.0,0.0
26.526500000000002,0.009109311740890687,0.004723346828609987,0.0,0.01746031746031746,0.0,0.0,0.0,0.0,0.0,0.0,0.0,0.0
26.6266,0.008771929824561403,0.004723346828609987,0.0,0.01746031746031746,0.0,0.0,0.0,0.0,0.0,0.0,0.0,0.0
26.7267,0.008771929824561403,0.004723346828609987,0.0,0.01746031746031746,0.0,0.0,0.0,0.0,0.0,0.0,0.0,0.0
26.826800000000002,0.008434547908232119,0.004723346828609987,0.0,0.01746031746031746,0.0,0.0,0.0,0.0,0.0,0.0,0.0,0.0
26.9269,0.008434547908232119,0.004723346828609987,0.0,0.01746031746031746,0.0,0.0,0.0,0.0,0.0,0.0,0.0,0.0
27.027,0.008771929824561403,0.004723346828609987,0.0,0.01746031746031746,0.0,0.0,0.0,0.0,0.0,0.0,0.0,0.0
27.127100000000002,0.009446693657219974,0.004723346828609987,0.0,0.01746031746031746,0.0,0.0,0.0,0.0,0.0,0.0,0.0,0.0
27.2272,0.009109311740890687,0.004723346828609987,0.0,0.01746031746031746,0.0,0.0,0.0,0.0,0.0,0.0,0.0,0.0
27.3273,0.008434547908232119,0.004723346828609987,0.0,0.01746031746031746,0.0,0.0,0.0,0.0,0.0,0.0,0.0,0.0
27.427400000000002,0.008434547908232119,0.004723346828609987,0.0,0.01746031746031746,0.0,0.0,0.0,0.0,0.0,0.0,0.0,0.0
27.5275,0.009109311740890687,0.004723346828609987,0.0,0.01746031746031746,0.0,0.0,0.0,0.0,0.0,0.0,0.0,0.0
27.6276,0.008434547908232119,0.004723346828609987,0.0,0.01746031746031746,0.0,0.0,0.0,0.0,0.0,0.0,0.0,0.0
27.727700000000002,0.008434547908232119,0.004723346828609987,0.0,0.01746031746031746,0.0,0.0,0.0,0.0,0.0,0.0,0.0,0.0
27.8278,0.009109311740890687,0.004723346828609987,0.0,0.01746031746031746,0.0,0.0,0.0,0.0,0.0,0.0,0.0,0.0
27.9279,0.008434547908232119,0.004723346828609987,0.0,0.01746031746031746,0.0,0.0,0.0,0.0,0.0,0.0,0.0,0.0
28.028000000000002,0.008434547908232119,0.004723346828609987,0.0,0.01746031746031746,0.0,0.0,0.0,0.0,0.0,0.0,0.0,0.0
28.1281,0.008434547908232119,0.004723346828609987,0.0,0.01746031746031746,0.0,0.0,0.0,0.0,0.0,0.0,0.0,0.0
28.2282,0.008434547908232119,0.004723346828609987,0.0,0.039285714285714285,0.0,0.0003968253968253968,0.0,0.0,0.0,0.0,0.0,0.0
28.328300000000002,0.008434547908232119,0.004723346828609987,0.0,0.01746031746031746,0.0,0.0,0.0,0.0,0.0,0.0,0.0,0.0
28.4284,0.008434547908232119,0.004723346828609987,0.0,0.01865079365079365,0.0,0.0,0.0,0.0,0.0,0.0,0.0,0.0
28.5285,0.008771929824561403,0.004723346828609987,0.0,0.059126984126984125,0.0,0.0,0.0,0.0,0.0,0.0,0.0,0.0
28.628600000000002,0.008434547908232119,0.004723346828609987,0.0,0.03968253968253968,0.0,0.0,0.0,0.0,0.0,0.0,0.0,0.0
28.7287,0.008434547908232119,0.004723346828609987,0.0,0.01746031746031746,0.0,0.0,0.0,0.0,0.0,0.0,0.0,0.0
28.8288,0.008771929824561403,0.004723346828609987,0.0,0.01746031746031746,0.0,0.0,0.0,0.0,0.0,0.00641025641025641,0.0,0.0
28.928900000000002,0.008434547908232119,0.004723346828609987,0.0,0.01746031746031746,0.0,0.0,0.0,0.0,0.0,0.0,0.0,0.0
29.029,0.008434547908232119,0.005060728744939271,0.0,0.01746031746031746,0.0,0.0,0.0,0.0,0.0,0.0,0.0,0.0
29.1291,0.008771929824561403,0.005060728744939271,0.0,0.01746031746031746,0.0,0.0,0.0,0.0,0.0,0.0,0.0,0.0
29.229200000000002,0.008434547908232119,0.005060728744939271,0.0,0.01746031746031746,0.0,0.0,0.0,0.0,0.0,0.0,0.0,0.0
29.3293,0.008434547908232119,0.005060728744939271,0.0,0.01746031746031746,0.0,0.0,0.0,0.0,0.0,0.0,0.0,0.0
29.4294,0.008771929824561403,0.005060728744939271,0.0,0.01746031746031746,0.0,0.0,0.0,0.0,0.0,0.0,0.0,0.0
29.529500000000002,0.008434547908232119,0.005060728744939271,0.0,0.01746031746031746,0.0,0.0,0.0,0.0,0.0,0.0,0.0,0.0
29.6296,0.008434547908232119,0.005060728744939271,0.0,0.01746031746031746,0.0,0.0,0.0,0.0,0.0,0.0,0.0,0.0
29.7297,0.008434547908232119,0.005060728744939271,0.0,0.01746031746031746,0.0,0.0,0.0,0.0,0.0,0.0,0.0,0.0
29.8298,0.009109311740890687,0.005060728744939271,0.0,0.01746031746031746,0.0,0.0,0.0,0.0,0.0,0.0,0.0,0.0
29.9299,0.008434547908232119,0.005060728744939271,0.0,0.01746031746031746,0.0,0.0,0.0,0.0,0.0,0.0,0.0,0.0
30.03,0.008434547908232119,0.005060728744939271,0.0,0.01746031746031746,0.0,0.0,0.017269736842105265,0.0,0.0,0.0,0.0,0.0
30.1301,0.009109311740890687,0.005060728744939271,0.0,0.01746031746031746,0.0,0.0,0.010142543859649123,0.0,0.0013706140350877192,0.0,0.0,0.0
30.2302,0.008434547908232119,0.005060728744939271,0.0,0.01746031746031746,0.0,0.0,0.03673245614035088,0.0,0.0,0.0,0.0,0.0
30.3303,0.008434547908232119,0.005060728744939271,0.0,0.01746031746031746,0.0,0.0,0.0,0.0,0.0,0.0,0.0,0.0
30.4304,0.009109311740890687,0.005060728744939271,0.0,0.01746031746031746,0.0,0.0,0.010416666666666666,0.0,0.0,0.0,0.0,0.0
30.5305,0.008434547908232119,0.005060728744939271,0.0,0.01746031746031746,0.0,0.0,0.0,0.0,0.0,0.0,0.0,0.0
30.6306,0.008434547908232119,0.005060728744939271,0.0,0.01746031746031746,0.0,0.0,0.0,0.0,0.0,0.0,0.0,0.0
30.7307,0.009109311740890687,0.005060728744939271,0.0,0.01746031746031746,0.0,0.0,0.0,0.0,0.0,0.0,0.0,0.0
30.8308,0.009109311740890687,0.005060728744939271,0.0,0.01746031746031746,0.0,0.0,0.0,0.0,0.0,0.0,0.0,0.0
30.9309,0.008434547908232119,0.005060728744939271,0.0,0.01746031746031746,0.0,0.0,0.0,0.0,0.0,0.0,0.0,0.0
31.031,0.008434547908232119,0.005060728744939271,0.0,0.01746031746031746,0.0,0.0,0.0008223684210526315,0.0,0.0,0.0,0.0,0.0
31.1311,0.009109311740890687,0.005060728744939271,0.0,0.01746031746031746,0.0,0.0,0.015350877192982455,0.0,0.0,0.0,0.0,0.0
31.2312,0.008434547908232119,0.005060728744939271,0.0,0.01746031746031746,0.0,0.0,0.010964912280701754,0.0,0.0,0.0,0.0,0.0
31.3313,0.008434547908232119,0.005060728744939271,0.0,0.01746031746031746,0.0,0.0,0.01069078947368421,0.0,0.0,0.0,0.0,0.0
31.4314,0.009109311740890687,0.005060728744939271,0.0,0.01746031746031746,0.0,0.0,0.022478070175438597,0.0,0.001918859649122807,0.0,0.0,0.0
31.5315,0.008434547908232119,0.005060728744939271,0.0,0.01904761904761905,0.009523809523809525,0.0,0.015076754385964912,0.0,0.00027412280701754384,0.0,0.0,0.0
31.6316,0.008434547908232119,0.005060728744939271,0.0,0.01904761904761905,0.009523809523809525,0.0,0.011239035087719298,0.0,0.0,0.0,0.0,0.0
31.7317,0.008771929824561403,0.005060728744939271,0.0,0.01904761904761905,0.009523809523809525,0.0,0.010142543859649123,0.0,0.0,0.0,0.0,0.0
31.8318,0.008434547908232119,0.005060728744939271,0.0,0.01904761904761905,0.009523809523809525,0.0,0.003289473684210526,0.0,0.0,0.0,0.0,0.0
31.9319,0.008434547908232119,0.005060728744939271,0.0,0.01904761904761905,0.009523809523809525,0.0,0.0,0.0,0.0,0.0,0.0,0.0
32.032000000000004,0.008434547908232119,0.005060728744939271,0.0,0.01865079365079365,0.00992063492063492,0.0,0.0,0.0,0.0,0.0,0.0,0.0
32.1321,0.009109311740890687,0.005060728744939271,0.0,0.01865079365079365,0.00992063492063492,0.0,0.0,0.0,0.0,0.0,0.0,0.0
32.2322,0.008434547908232119,0.005060728744939271,0.0,0.01865079365079365,0.009523809523809525,0.0,0.0,0.0,0.0,0.0,0.0,0.0
32.332300000000004,0.008434547908232119,0.005060728744939271,0.0,0.01865079365079365,0.009523809523809525,0.0,0.0,0.0,0.0,0.0,0.0,0.0
32.4324,0.009109311740890687,0.005060728744939271,0.0,0.01865079365079365,0.009523809523809525,0.0,0.0,0.0,0.0,0.0,0.0,0.0
32.5325,0.008434547908232119,0.005060728744939271,0.0,0.01865079365079365,0.009523809523809525,0.0,0.0,0.0,0.0,0.0,0.0,0.0
32.632600000000004,0.008097165991902834,0.004723346828609987,0.0,0.01865079365079365,0.009523809523809525,0.0,0.0,0.0,0.0,0.0,0.0,0.0
32.7327,0.008771929824561403,0.004723346828609987,0.0,0.01865079365079365,0.009523809523809525,0.0,0.0,0.0,0.0,0.0,0.0,0.0
32.8328,0.008097165991902834,0.004723346828609987,0.0,0.01865079365079365,0.009523809523809525,0.0,0.0,0.0,0.0,0.0,0.0,0.0
32.932900000000004,0.008097165991902834,0.004723346828609987,0.0,0.01865079365079365,0.009523809523809525,0.0,0.0,0.0,0.0,0.0,0.0,0.0
33.033,0.008771929824561403,0.004723346828609987,0.0,0.01865079365079365,0.009523809523809525,0.0,0.0,0.0,0.0,0.0,0.0,0.0
33.1331,0.008097165991902834,0.004723346828609987,0.0,0.01865079365079365,0.009523809523809525,0.0,0.0,0.0,0.0,0.0,0.0,0.0
33.233200000000004,0.008097165991902834,0.004723346828609987,0.0,0.01865079365079365,0.009523809523809525,0.0,0.0,0.0,0.0,0.0,0.0,0.0
33.3333,0.008097165991902834,0.004723346828609987,0.0,0.01865079365079365,0.009523809523809525,0.0,0.0,0.0,0.0,0.0,0.0,0.0
33.4334,0.008771929824561403,0.005060728744939271,0.0,0.01904761904761905,0.00992063492063492,0.0,0.0,0.0,0.0,0.0,0.0,0.0
33.533500000000004,0.008097165991902834,0.005398110661268556,0.0,0.01904761904761905,0.00992063492063492,0.0,0.0,0.0,0.0,0.0,0.0,0.0
33.6336,0.007422402159244264,0.005060728744939271,0.0,0.01904761904761905,0.00992063492063492,0.0,0.0,0.0,0.0,0.0,0.0,0.0
33.7337,0.008097165991902834,0.005060728744939271,0.0,0.01904761904761905,0.00992063492063492,0.0,0.0,0.0,0.0,0.0,0.0,0.0
33.833800000000004,0.007422402159244264,0.005060728744939271,0.0,0.01904761904761905,0.00992063492063492,0.0,0.0,0.0,0.0,0.0,0.0,0.0
33.9339,0.007422402159244264,0.005060728744939271,0.0,0.01904761904761905,0.00992063492063492,0.0,0.0,0.0,0.0,0.0,0.0,0.0
34.034,0.008434547908232119,0.005060728744939271,0.0,0.01904761904761905,0.00992063492063492,0.0,0.0,0.0,0.0,0.0,0.0,0.0
34.134100000000004,0.007422402159244264,0.005060728744939271,0.0,0.01904761904761905,0.00992063492063492,0.0,0.0,0.0,0.0,0.0,0.0,0.0
34.2342,0.007422402159244264,0.005060728744939271,0.0,0.01904761904761905,0.00992063492063492,0.0,0.0,0.0,0.0,0.0,0.0,0.0
34.3343,0.007422402159244264,0.005060728744939271,0.0,0.01904761904761905,0.00992063492063492,0.0,0.0,0.0,0.0,0.0,0.0,0.0
34.434400000000004,0.007422402159244264,0.005060728744939271,0.0,0.01904761904761905,0.00992063492063492,0.0,0.0,0.0,0.0,0.0,0.0,0.0
34.5345,0.0,0.0,0.009784075573549258,0.01626984126984127,0.0,0.01507936507936508,0.0,0.0,0.0,0.0,0.0,0.0
34.6346,0.0,0.0,0.010121457489878543,0.011507936507936509,0.0,0.01507936507936508,0.0,0.0,0.0,0.0,0.0,0.0
34.734700000000004,0.0006747638326585695,0.0,0.010458839406207827,0.0,0.0,0.014682539682539682,0.0,0.0,0.0,0.0,0.0,0.0
34.8348,0.0,0.0,0.010458839406207827,0.0,0.0,0.014682539682539682,0.0,0.0,0.0,0.0,0.0,0.0
34.9349,0.0,0.0,0.010458839406207827,0.0,0.0,0.014682539682539682,0.0,0.0,0.0,0.0,0.0,0.0
35.035000000000004,0.0006747638326585695,0.0,0.010796221322537112,0.0,0.0,0.014682539682539682,0.0,0.0,0.0,0.0,0.0,0.0
35.1351,0.0,0.0,0.010458839406207827,0.0,0.0,0.014682539682539682,0.0,0.0,0.0,0.0,0.0,0.0
35.2352,0.0,0.0,0.010458839406207827,0.0,0.0,0.014682539682539682,0.0,0.0,0.0,0.0,0.0,0.0
35.335300000000004,0.00033738191632928474,0.0,0.010458839406207827,0.0,0.0,0.014682539682539682,0.0,0.0,0.0,0.0,0.0,0.0
35.4354,0.0,0.0,0.010458839406207827,0.0,0.0,0.014682539682539682,0.0,0.0,0.0,0.0,0.0,0.0
35.5355,0.0,0.0,0.010458839406207827,0.0,0.0,0.014682539682539682,0.0,0.0,0.0,0.0,0.0,0.0
35.635600000000004,0.0,0.0,0.010458839406207827,0.0,0.0,0.014682539682539682,0.0008223684210526315,0.0,0.0,0.0,0.0,0.0
35.7357,0.0,0.0,0.010458839406207827,0.0,0.0,0.01626984126984127,0.0,0.0,0.0,0.0,0.0,0.0
35.8358,0.0,0.0,0.010458839406207827,0.0,0.0,0.014682539682539682,0.0027412280701754384,0.0,0.0,0.0,0.0,0.0
35.935900000000004,0.0,0.0,0.010121457489878543,0.0,0.0,0.014682539682539682,0.0,0.0,0.0,0.0,0.0,0.0
36.036,0.0016869095816464238,0.0,0.010458839406207827,0.0,0.0,0.014682539682539682,0.0,0.0,0.0,0.0,0.0,0.0
36.1361,0.0,0.0,0.010458839406207827,0.0,0.0,0.014682539682539682,0.0,0.0,0.0,0.0,0.0,0.0
36.236200000000004,0.0,0.0,0.010458839406207827,0.0,0.0,0.014682539682539682,0.0,0.0,0.0,0.0,0.0,0.0
36.3363,0.0,0.0,0.010458839406207827,0.0,0.0,0.014682539682539682,0.0,0.0,0.0,0.0,0.0,0.0
36.4364,0.0,0.0,0.010458839406207827,0.0,0.0,0.014682539682539682,0.0,0.0,0.0,0.0,0.0,0.0
36.536500000000004,0.0,0.0,0.010121457489878543,0.0,0.0,0.014682539682539682,0.0,0.0,0.0,0.0,0.0,0.0
36.6366,0.0,0.0,0.010121457489878543,0.0,0.0,0.014682539682539682,0.0,0.0,0.0,0.0,0.0,0.0
36.7367,0.0,0.0,0.010121457489878543,0.0,0.0,0.014682539682539682,0.0,0.0,0.0,0.0,0.0,0.0
36.836800000000004,0.0,0.0,0.010121457489878543,0.0,0.0,0.014682539682539682,0.0,0.0,0.0,0.0,0.0,0.0
36.9369,0.0,0.0,0.010121457489878543,0.0,0.0,0.014682539682539682,0.0,0.0,0.0,0.0,0.0,0.0
37.037,0.0010121457489878543,0.0,0.010121457489878543,0.0,0.0,0.014682539682539682,0.0,0.0,0.0,0.0,0.0,0.0
37.137100000000004,0.0,0.0,0.010121457489878543,0.0,0.0,0.014682539682539682,0.0,0.0,0.0,0.0,0.0,0.0
37.2372,0.0,0.0,0.010121457489878543,0.0,0.0,0.014682539682539682,0.0,0.0,0.0,0.0,0.0,0.0
37.3373,0.0,0.0,0.010121457489878543,0.0,0.0,0.014682539682539682,0.0,0.0,0.0,0.0,0.0,0.0
37.437400000000004,0.0,0.0,0.010121457489878543,0.0,0.0,0.014682539682539682,0.0,0.0,0.0,0.0,0.0,0.0
37.5375,0.0,0.0,0.010121457489878543,0.0,0.0,0.01507936507936508,0.0,0.0,0.0,0.0,0.0,0.0
37.6376,0.001349527665317139,0.0,0.010121457489878543,0.0,0.0,0.01507936507936508,0.0,0.0,0.0,0.0,0.0,0.0
37.737700000000004,0.0,0.0,0.010121457489878543,0.0,0.0,0.01507936507936508,0.0,0.0,0.0,0.0,0.0,0.0
37.8378,0.0,0.0,0.010121457489878543,0.0,0.0,0.014682539682539682,0.0,0.0,0.0,0.0,0.0,0.0
37.9379,0.001349527665317139,0.0,0.010121457489878543,0.0,0.0,0.014682539682539682,0.0,0.0,0.0,0.0,0.0,0.0
38.038000000000004,0.0,0.0,0.010121457489878543,0.0,0.0,0.01507936507936508,0.0,0.0,0.0,0.0,0.0,0.0
38.1381,0.0,0.0,0.010121457489878543,0.0,0.0,0.014682539682539682,0.0,0.0,0.0,0.0,0.0,0.0
38.2382,0.0010121457489878543,0.0,0.010121457489878543,0.0,0.0,0.014682539682539682,0.0,0.0,0.0,0.0,0.0,0.0
38.338300000000004,0.0,0.0,0.010121457489878543,0.004761904761904762,0.0,0.01507936507936508,0.0,0.0,0.0,0.0,0.0,0.0
38.4384,0.0,0.0,0.010121457489878543,0.0,0.0,0.014682539682539682,0.0,0.0,0.0,0.0,0.0,0.0
38.5385,0.0,0.0,0.010121457489878543,0.005555555555555556,0.0,0.014682539682539682,0.0,0.0,0.0,0.0202991452991453,0.0,0.0
38.638600000000004,0.0,0.0,0.010121457489878543,0.0,0.0,0.014682539682539682,0.0,0.0,0.0,0.0,0.0,0.0
38.7387,0.0,0.0,0.010121457489878543,0.0,0.0,0.014682539682539682,0.0,0.0,0.0,0.0010683760683760685,0.0,0.0
38.8388,0.0,0.0,0.010121457489878543,0.0,0.0,0.014682539682539682,0.0,0.0,0.0,0.0,0.0,0.0
38.938900000000004,0.0,0.0,0.010121457489878543,0.0,0.0,0.014682539682539682,0.0,0.0,0.0,0.0,0.0,0.0
39.039,0.0,0.0,0.010121457489878543,0.0,0.0,0.014682539682539682,0.0,0.0,0.0,0.0,0.0,0.0
39.1391,0.0,0.0,0.010121457489878543,0.0,0.0,0.01507936507936508,0.0,0.0,0.0,0.0,0.0,0.0
39.239200000000004,0.0,0.0,0.010121457489878543,0.0,0.0,0.01507936507936508,0.0,0.0,0.0,0.0,0.0,0.0
39.3393,0.0,0.0,0.010458839406207827,0.0,0.0,0.014682539682539682,0.0,0.0,0.0,0.0,0.0,0.0
39.4394,0.0,0.0,0.010121457489878543,0.0,0.0,0.014682539682539682,0.0,0.0,0.0,0.0,0.0,0.0
39.539500000000004,0.0,0.0,0.009784075573549258,0.0,0.0,0.014682539682539682,0.0,0.0,0.0,0.0,0.0,0.0
39.6396,0.0,0.0,0.010458839406207827,0.0,0.0,0.014682539682539682,0.0,0.0,0.0,0.0,0.0,0.0
39.7397,0.0,0.0,0.009784075573549258,0.0,0.0,0.014682539682539682,0.0,0.0,0.0,0.0,0.0,0.0
39.839800000000004,0.0,0.0,0.009784075573549258,0.0,0.0,0.014682539682539682,0.0,0.0,0.0,0.0,0.0,0.0
39.9399,0.0,0.0,0.009784075573549258,0.0,0.0,0.014682539682539682,0.0,0.0,0.0,0.0,0.0,0.0
40.04,0.0,0.0,0.010458839406207827,0.005555555555555556,0.0,0.014682539682539682,0.0,0.0,0.0,0.0,0.0,0.0
40.140100000000004,0.0,0.0,0.009784075573549258,0.0,0.0,0.014682539682539682,0.004934210526315789,0.0,0.0,0.0,0.0,0.0
40.2402,0.0,0.0,0.009784075573549258,0.0,0.0,0.014682539682539682,0.0,0.0,0.0,0.0,0.0,0.0
40.3403,0.0,0.0,0.009784075573549258,0.0,0.0,0.014682539682539682,0.009594298245614035,0.0,0.0,0.0,0.0,0.0
40.440400000000004,0.0,0.0,0.009784075573549258,0.0,0.0,0.014682539682539682,0.0021929824561403508,0.0,0.0,0.0,0.0,0.0
40.5405,0.0,0.0,0.009784075573549258,0.0,0.0,0.014682539682539682,0.006853070175438596,0.0,0.0,0.0,0.0,0.0
40.6406,0.0,0.0,0.009784075573549258,0.0,0.0,0.014682539682539682,0.0,0.0,0.0,0.0,0.0,0.0
40.740700000000004,0.0,0.0,0.009784075573549258,0.0,0.0,0.014682539682539682,0.0,0.0,0.0,0.0,0.0,0.0
40.8408,0.0,0.0,0.009784075573549258,0.0,0.0,0.014682539682539682,0.0,0.0,0.0,0.0,0.0,0.0
40.9409,0.0,0.0,0.009784075573549258,0.0,0.0,0.014682539682539682,0.0,0.0,0.0,0.0,0.0,0.0
41.041000000000004,0.0,0.0,0.009784075573549258,0.0,0.0,0.014682539682539682,0.0,0.0,0.0,0.0,0.0,0.0
41.1411,0.0,0.0,0.009784075573549258,0.0,0.0,0.01507936507936508,0.0,0.0,0.0,0.0,0.0,0.0
41.2412,0.0,0.0,0.009784075573549258,0.0,0.0,0.014682539682539682,0.0,0.0,0.0,0.0,0.0,0.0
41.341300000000004,0.0,0.0,0.009784075573549258,0.0,0.0,0.014682539682539682,0.0,0.0,0.0,0.0,0.0,0.0
41.4414,0.0,0.0,0.010121457489878543,0.0,0.0,0.014682539682539682,0.0,0.0,0.0,0.0,0.0,0.0
41.5415,0.0,0.0,0.010458839406207827,0.0,0.0,0.014682539682539682,0.0,0.0,0.0,0.0,0.0,0.0
41.641600000000004,0.0,0.0,0.010458839406207827,0.0,0.0,0.014682539682539682,0.0,0.0,0.0,0.0,0.0,0.0
41.7417,0.0,0.0,0.010458839406207827,0.0,0.0,0.01507936507936508,0.0,0.0,0.0,0.0,0.0,0.0
41.8418,0.0,0.0,0.010458839406207827,0.0,0.0,0.01507936507936508,0.0,0.0,0.0,0.0,0.0,0.0
41.941900000000004,0.0,0.0,0.010796221322537112,0.0,0.0,0.01507936507936508,0.0,0.0,0.0,0.0,0.0,0.0
42.042,0.0,0.0,0.010796221322537112,0.0,0.0,0.01507936507936508,0.003837719298245614,0.0,0.0,0.0,0.0,0.0
42.1421,0.0,0.0,0.010796221322537112,0.0,0.0,0.01507936507936508,0.0,0.0,0.0,0.0,0.0,0.0
42.242200000000004,0.0,0.0,0.010796221322537112,0.0,0.0,0.01507936507936508,0.0,0.0,0.0,0.0,0.0,0.0
42.3423,0.0,0.0,0.010796221322537112,0.0,0.0,0.01507936507936508,0.0030153508771929823,0.0,0.0,0.0,0.0,0.0
42.4424,0.0,0.0,0.010796221322537112,0.0,0.0,0.01507936507936508,0.0,0.0,0.0,0.0,0.0,0.0
42.542500000000004,0.0,0.0,0.010796221322537112,0.0,0.0,0.01507936507936508,0.0,0.0,0.0,0.0,0.0,0.0
42.6426,0.0,0.0,0.010796221322537112,0.0,0.0,0.01507936507936508,0.0,0.0,0.0,0.0,0.0,0.0
42.7427,0.0,0.0,0.010796221322537112,0.0,0.0,0.01507936507936508,0.0,0.0,0.0,0.0,0.0,0.0
42.842800000000004,0.0,0.0,0.010458839406207827,0.0,0.0,0.01507936507936508,0.0,0.0,0.0,0.0,0.0,0.0
42.9429,0.0,0.0,0.010458839406207827,0.0,0.0,0.01507936507936508,0.0,0.0,0.0,0.0,0.0,0.0
43.043,0.0,0.0,0.010796221322537112,0.0,0.0,0.01507936507936508,0.0,0.0,0.0,0.0,0.0,0.0
43.143100000000004,0.0,0.0,0.010796221322537112,0.0,0.0,0.01507936507936508,0.0,0.0,0.0,0.0,0.0,0.0
43.2432,0.0,0.0,0.010796221322537112,0.0,0.0,0.01507936507936508,0.0,0.0,0.0,0.0,0.0,0.0
43.3433,0.0,0.0,0.010796221322537112,0.0,0.0,0.01507936507936508,0.0,0.0,0.0,0.0,0.0,0.0
43.443400000000004,0.0,0.0,0.010796221322537112,0.0,0.0,0.01507936507936508,0.0,0.0,0.0,0.0,0.0,0.0
43.5435,0.0,0.0,0.010796221322537112,0.0,0.0,0.01507936507936508,0.0,0.0,0.0,0.0,0.0,0.0
43.6436,0.0,0.0,0.010796221322537112,0.0,0.0,0.01507936507936508,0.0,0.0,0.0,0.0,0.0,0.0
43.743700000000004,0.0,0.0,0.010796221322537112,0.0,0.0,0.01507936507936508,0.0,0.0,0.0,0.0,0.0,0.0
43.8438,0.0,0.0,0.010796221322537112,0.0,0.0,0.01507936507936508,0.0,0.0,0.0,0.0,0.0,0.0
43.9439,0.0,0.0,0.010796221322537112,0.0,0.0,0.01507936507936508,0.0,0.0,0.0,0.0,0.0,0.0
44.044000000000004,0.0,0.0,0.010796221322537112,0.0,0.0,0.01507936507936508,0.0,0.0,0.0,0.0,0.0,0.0
44.1441,0.0,0.0,0.010796221322537112,0.0,0.0,0.014682539682539682,0.0,0.0,0.0,0.0,0.0,0.0
44.2442,0.0,0.0,0.010796221322537112,0.0,0.0,0.014682539682539682,0.0,0.0,0.0,0.0,0.0,0.0
44.344300000000004,0.0,0.0,0.010796221322537112,0.0,0.0,0.014682539682539682,0.0,0.0,0.0,0.0,0.0,0.0
44.4444,0.0,0.0,0.010796221322537112,0.0,0.0,0.014682539682539682,0.0,0.0,0.0,0.0,0.0,0.0
44.5445,0.0,0.0,0.010796221322537112,0.0,0.0,0.014682539682539682,0.0,0.0,0.0,0.0,0.0,0.0
44.644600000000004,0.0,0.0,0.010796221322537112,0.0,0.0,0.014682539682539682,0.0,0.0,0.0,0.0,0.0,0.0
44.7447,0.0,0.0,0.010796221322537112,0.0,0.0,0.015476190476190477,0.0,0.0,0.0,0.0,0.0,0.0
44.8448,0.0,0.0,0.010796221322537112,0.0,0.0,0.014682539682539682,0.0,0.0,0.0,0.0,0.0,0.0
44.944900000000004,0.0,0.0,0.010796221322537112,0.0,0.0,0.01507936507936508,0.0,0.0,0.0,0.0,0.0,0.0
45.045,0.0,0.0,0.011133603238866396,0.0,0.0,0.01507936507936508,0.0,0.0,0.0,0.0,0.0,0.0
45.1451,0.0,0.0,0.010458839406207827,0.0,0.0,0.01507936507936508,0.0,0.0,0.0,0.0,0.0,0.0
45.245200000000004,0.0,0.0,0.010458839406207827,0.0,0.0,0.01507936507936508,0.0,0.0,0.0,0.0,0.0,0.0
45.3453,0.0,0.0,0.010796221322537112,0.0,0.0,0.014682539682539682,0.0,0.0,0.0,0.0,0.0,0.0
45.4454,0.0,0.0,0.010796221322537112,0.0,0.0,0.01507936507936508,0.0,0.0,0.0,0.0,0.0,0.0
45.545500000000004,0.0,0.0,0.010796221322537112,0.0,0.0,0.01507936507936508,0.0,0.0,0.0,0.0,0.0,0.0
45.6456,0.0,0.0,0.010796221322537112,0.0,0.0,0.01507936507936508,0.0,0.0,0.0,0.0,0.0,0.0
45.7457,0.0,0.0,0.011133603238866396,0.0,0.0,0.01507936507936508,0.0,0.0,0.0,0.0,0.0,0.0
45.845800000000004,0.0,0.0,0.010796221322537112,0.0,0.0,0.015476190476190477,0.0,0.0,0.0,0.0,0.0,0.0
45.9459,0.0,0.0,0.010796221322537112,0.0,0.0,0.015476190476190477,0.0,0.0,0.0,0.0,0.0,0.0
46.046,0.0,0.0,0.010458839406207827,0.0,0.0,0.01507936507936508,0.0,0.0,0.0,0.0,0.0,0.0
46.146100000000004,0.0,0.0,0.010458839406207827,0.0,0.0,0.014682539682539682,0.0,0.0,0.0,0.0,0.0,0.0
46.2462,0.0,0.0,0.010458839406207827,0.0,0.0,0.014682539682539682,0.0,0.0,0.0,0.0,0.0,0.0
46.3463,0.0,0.0,0.010796221322537112,0.0,0.0,0.014682539682539682,0.0,0.0,0.0,0.0,0.0,0.0
46.446400000000004,0.0,0.0,0.010796221322537112,0.0,0.0,0.014682539682539682,0.0,0.0,0.0,0.0,0.0,0.0
46.5465,0.0,0.0,0.010796221322537112,0.0,0.0,0.01507936507936508,0.0,0.0,0.0,0.0,0.0,0.0
46.6466,0.0,0.0,0.010796221322537112,0.0,0.0,0.01507936507936508,0.0,0.0,0.0,0.0,0.0,0.0
46.746700000000004,0.0,0.0,0.010796221322537112,0.0,0.0,0.01507936507936508,0.0,0.0,0.0,0.0,0.0,0.0
46.8468,0.0,0.0,0.010796221322537112,0.0,0.0,0.014682539682539682,0.0,0.0,0.0,0.0,0.0,0.0
46.9469,0.0,0.0,0.010796221322537112,0.0,0.0,0.014682539682539682,0.0,0.0,0.0,0.0,0.0,0.0
47.047000000000004,0.0,0.0,0.010796221322537112,0.0,0.0,0.014682539682539682,0.0,0.0,0.0,0.0,0.0,0.0
47.1471,0.0,0.0,0.010458839406207827,0.0,0.0,0.014682539682539682,0.0,0.0,0.0,0.0,0.0,0.0
47.2472,0.0,0.0,0.010458839406207827,0.0,0.0,0.014682539682539682,0.0,0.0,0.0,0.0,0.0,0.0
47.347300000000004,0.0,0.0,0.011470985155195682,0.0,0.0,0.01507936507936508,0.0,0.0,0.0,0.0,0.0,0.0
47.4474,0.0,0.0,0.010796221322537112,0.0,0.0,0.014682539682539682,0.0,0.0,0.0,0.0,0.0,0.0
47.5475,0.0,0.0,0.010796221322537112,0.0,0.0,0.014682539682539682,0.0,0.0,0.0,0.0,0.0,0.0
47.647600000000004,0.0,0.0,0.010796221322537112,0.0,0.0,0.014682539682539682,0.0,0.0,0.0,0.0,0.0,0.0
47.7477,0.0,0.0,0.010796221322537112,0.0,0.0,0.014682539682539682,0.0,0.0,0.0,0.0,0.0,0.0
47.8478,0.0,0.0,0.010796221322537112,0.0,0.0,0.014682539682539682,0.0,0.0,0.0,0.0,0.0,0.0
47.947900000000004,0.0,0.0,0.010796221322537112,0.0,0.0,0.014682539682539682,0.0,0.0,0.0,0.0,0.0,0.0
48.048,0.0,0.0,0.010796221322537112,0.0,0.0,0.014682539682539682,0.0,0.0,0.0,0.0,0.0,0.0
48.1481,0.0,0.0,0.010796221322537112,0.0,0.0,0.014682539682539682,0.0,0.0,0.0,0.0,0.0,0.0
48.248200000000004,0.0,0.0,0.010796221322537112,0.0,0.0,0.014682539682539682,0.0,0.0,0.0,0.0,0.0,0.0
48.3483,0.0,0.0,0.010796221322537112,0.0,0.0,0.014682539682539682,0.0,0.0,0.0,0.0,0.0,0.0
48.4484,0.0,0.0,0.010796221322537112,0.0,0.0,0.014682539682539682,0.0,0.0,0.0,0.0,0.0,0.0
48.548500000000004,0.0,0.0,0.010796221322537112,0.0,0.0,0.014682539682539682,0.0,0.0,0.0,0.0,0.0,0.0
48.6486,0.0,0.0,0.010458839406207827,0.0,0.0,0.014682539682539682,0.0,0.0,0.0,0.0,0.0,0.0
48.7487,0.0,0.0,0.010458839406207827,0.0,0.0,0.014682539682539682,0.0,0.0,0.0,0.0,0.0,0.0
48.848800000000004,0.0,0.0,0.010458839406207827,0.0,0.0,0.014682539682539682,0.0,0.0,0.0,0.0,0.0,0.0
48.9489,0.0,0.0,0.010458839406207827,0.0,0.0,0.01507936507936508,0.0,0.0,0.0,0.0,0.0,0.0
49.049,0.0,0.0,0.010458839406207827,0.0,0.0,0.014682539682539682,0.0,0.0,0.0,0.0,0.0,0.0
49.149100000000004,0.0,0.0,0.010458839406207827,0.0,0.0,0.014682539682539682,0.0,0.0,0.0,0.0,0.0,0.0
49.2492,0.0,0.0,0.010796221322537112,0.0,0.0,0.014682539682539682,0.0,0.0,0.0,0.0,0.0,0.0
49.3493,0.0,0.0,0.010458839406207827,0.0,0.0,0.014682539682539682,0.0,0.0,0.0,0.0,0.0,0.0
49.449400000000004,0.0,0.0,0.010796221322537112,0.0,0.0,0.014682539682539682,0.0,0.0,0.0,0.0,0.0,0.0
49.5495,0.0,0.0,0.010458839406207827,0.0,0.0,0.014682539682539682,0.0,0.0,0.0,0.0,0.0,0.0
49.6496,0.0,0.0,0.010796221322537112,0.0,0.0,0.014682539682539682,0.0,0.0,0.0,0.0,0.0,0.0
49.749700000000004,0.0,0.0,0.010458839406207827,0.0,0.0,0.01507936507936508,0.0,0.0,0.0,0.0,0.0,0.0
49.8498,0.0,0.0,0.010796221322537112,0.0,0.0,0.014682539682539682,0.0,0.0,0.0,0.0,0.0,0.0
49.9499,0.0,0.0,0.010796221322537112,0.0,0.0,0.014682539682539682,0.0,0.0,0.0,0.0,0.0,0.0
50.050000000000004,0.0,0.0,0.010796221322537112,0.0,0.0,0.01507936507936508,0.0,0.0,0.0,0.0,0.0,0.0
50.1501,0.0,0.0,0.010796221322537112,0.0,0.0,0.01507936507936508,0.0,0.0,0.0,0.0,0.0,0.0
50.2502,0.0,0.0,0.010796221322537112,0.0,0.0,0.014682539682539682,0.0,0.0,0.0,0.0,0.0,0.0
50.350300000000004,0.0,0.0,0.010796221322537112,0.0,0.0,0.014285714285714285,0.0,0.0,0.0,0.0,0.0,0.0
50.4504,0.0,0.0,0.010458839406207827,0.0,0.0,0.014682539682539682,0.0,0.0,0.0,0.0,0.0,0.0
50.5505,0.0,0.0,0.010796221322537112,0.0,0.0,0.014682539682539682,0.0,0.0,0.0,0.0,0.0,0.0
50.650600000000004,0.0,0.0,0.010796221322537112,0.0,0.0,0.01507936507936508,0.0,0.0,0.0,0.0,0.0,0.0
50.7507,0.0,0.0,0.010796221322537112,0.0,0.0,0.01507936507936508,0.0,0.0,0.0,0.0,0.0,0.0
50.8508,0.0,0.0,0.010796221322537112,0.0,0.0,0.014682539682539682,0.0,0.0,0.0,0.0,0.0,0.0
50.950900000000004,0.0,0.0,0.010458839406207827,0.0,0.0,0.01507936507936508,0.0,0.0,0.0,0.0,0.0,0.0
51.051,0.0,0.0,0.010458839406207827,0.0,0.0,0.014682539682539682,0.0,0.0,0.0,0.0,0.0,0.0
51.1511,0.0,0.0,0.010458839406207827,0.0,0.0,0.014285714285714285,0.0,0.0,0.0,0.0,0.0,0.0
51.251200000000004,0.0,0.0,0.010458839406207827,0.0,0.0,0.014285714285714285,0.0,0.0,0.0,0.0,0.0,0.0
51.3513,0.0,0.0,0.010458839406207827,0.0,0.0,0.014682539682539682,0.0,0.0,0.0,0.0,0.0,0.0
51.4514,0.0,0.0,0.010458839406207827,0.0,0.0,0.014682539682539682,0.0,0.0,0.0,0.0,0.0,0.0
51.551500000000004,0.0,0.0,0.010458839406207827,0.0,0.0,0.014285714285714285,0.0,0.0,0.0,0.0,0.0,0.0
51.6516,0.0,0.0,0.010458839406207827,0.0,0.0,0.014285714285714285,0.0,0.0,0.0,0.0,0.0,0.0
51.7517,0.0,0.0,0.010458839406207827,0.0,0.0,0.014285714285714285,0.0,0.0,0.0,0.0,0.0,0.0
51.851800000000004,0.0,0.0,0.010458839406207827,0.0,0.0,0.014285714285714285,0.0,0.0,0.0,0.0,0.0,0.0
51.9519,0.0,0.0,0.010458839406207827,0.0,0.0,0.014285714285714285,0.0,0.0,0.0,0.0,0.0,0.0
52.052,0.0,0.0,0.010796221322537112,0.0,0.0,0.014285714285714285,0.0,0.0,0.0,0.0,0.0,0.0
52.152100000000004,0.0,0.0,0.010796221322537112,0.0,0.0,0.014285714285714285,0.0,0.0,0.0,0.0,0.0,0.0
52.2522,0.0,0.0,0.010796221322537112,0.0,0.0,0.014285714285714285,0.0,0.0,0.0,0.0,0.0,0.0
52.3523,0.0,0.0,0.010796221322537112,0.0,0.0,0.014285714285714285,0.0,0.0,0.0,0.0,0.0,0.0
52.452400000000004,0.0,0.0,0.010796221322537112,0.0,0.0,0.014285714285714285,0.0,0.0,0.0,0.0,0.0,0.0
52.5525,0.0,0.0,0.010796221322537112,0.0,0.0,0.014285714285714285,0.0,0.0,0.0,0.0,0.0,0.0
52.6526,0.0,0.0,0.010796221322537112,0.0,0.0,0.014285714285714285,0.0,0.0,0.0,0.0,0.0,0.0
52.752700000000004,0.0,0.0,0.010796221322537112,0.0,0.0,0.014285714285714285,0.0,0.0,0.0,0.0,0.0,0.0
52.8528,0.0,0.0,0.010796221322537112,0.0,0.0,0.014285714285714285,0.0,0.0,0.0,0.0,0.0,0.0
52.9529,0.0,0.0,0.010796221322537112,0.0,0.0,0.014285714285714285,0.0,0.0,0.0,0.0,0.0,0.0
53.053000000000004,0.0,0.0,0.010458839406207827,0.0,0.0,0.014285714285714285,0.0,0.0,0.0,0.0,0.0,0.0
53.1531,0.0,0.0,0.010458839406207827,0.0,0.0,0.014285714285714285,0.0,0.0,0.0,0.0,0.0,0.0
53.2532,0.0,0.0,0.010796221322537112,0.0,0.0,0.01507936507936508,0.0,0.0,0.0,0.0,0.0,0.0
53.353300000000004,0.0,0.0,0.010796221322537112,0.0,0.0,0.01507936507936508,0.0,0.0,0.0,0.0,0.0,0.0
53.4534,0.0,0.0,0.010796221322537112,0.0,0.0,0.01507936507936508,0.0,0.0,0.0,0.0,0.0,0.0
53.5535,0.0,0.0,0.010796221322537112,0.0,0.0,0.01507936507936508,0.0,0.0,0.0,0.0,0.0,0.0
53.653600000000004,0.0,0.0,0.010796221322537112,0.0,0.0,0.01507936507936508,0.0,0.0,0.0,0.0,0.0,0.0
53.7537,0.0,0.0,0.010796221322537112,0.0,0.0,0.01507936507936508,0.0,0.0,0.0,0.0,0.0,0.0
53.8538,0.0,0.0,0.010796221322537112,0.0,0.0,0.01507936507936508,0.0,0.0,0.0,0.0,0.0,0.0
53.953900000000004,0.00033738191632928474,0.019230769230769232,0.010796221322537112,0.0,0.0,0.01507936507936508,0.0,0.0,0.0,0.0,0.0,0.0
54.054,0.0,0.0,0.010796221322537112,0.0,0.0,0.01507936507936508,0.0,0.0,0.0,0.0,0.0,0.0
54.1541,0.0,0.0,0.010796221322537112,0.0,0.0,0.01507936507936508,0.0,0.0,0.0,0.0,0.0,0.0
54.254200000000004,0.0,0.0,0.010796221322537112,0.0,0.0,0.01507936507936508,0.0,0.0,0.0,0.0,0.0,0.0
54.3543,0.0,0.0,0.010796221322537112,0.0,0.0,0.01507936507936508,0.0,0.0,0.0,0.0,0.0,0.0
54.4544,0.0,0.0,0.010796221322537112,0.0,0.0,0.01507936507936508,0.0,0.0,0.0,0.0,0.0,0.0
54.554500000000004,0.0,0.0,0.010796221322537112,0.0,0.0,0.01507936507936508,0.0,0.0,0.0,0.0,0.0,0.0
54.6546,0.0,0.0,0.010796221322537112,0.0,0.0,0.01507936507936508,0.0,0.0,0.0,0.0,0.0,0.0
54.7547,0.0,0.0,0.010796221322537112,0.0,0.0,0.01507936507936508,0.0,0.0,0.0,0.0,0.0,0.0
54.854800000000004,0.0,0.0,0.010796221322537112,0.0,0.0,0.01507936507936508,0.0,0.0,0.0,0.0,0.0,0.0
54.9549,0.0,0.0,0.010796221322537112,0.0,0.0,0.01507936507936508,0.0,0.0,0.0,0.0,0.0,0.0
55.055,0.0,0.0,0.010796221322537112,0.0,0.0,0.01507936507936508,0.0,0.0,0.0,0.0,0.0,0.0
55.155100000000004,0.0,0.0,0.010796221322537112,0.0,0.0,0.01507936507936508,0.0,0.0,0.0,0.0,0.0,0.0
55.2552,0.0,0.0,0.010796221322537112,0.0,0.0,0.01507936507936508,0.0,0.0,0.0,0.0,0.0,0.0
55.3553,0.0,0.0,0.010796221322537112,0.0,0.0,0.01507936507936508,0.0,0.0,0.0,0.0,0.0,0.0
55.455400000000004,0.0,0.0,0.010796221322537112,0.0,0.0,0.014682539682539682,0.0,0.0,0.0,0.0,0.0,0.0
55.5555,0.0,0.0,0.010796221322537112,0.0,0.0,0.01507936507936508,0.0,0.0,0.0,0.0,0.0,0.0
55.6556,0.0,0.0,0.010796221322537112,0.0,0.0,0.01507936507936508,0.0,0.0,0.0,0.0,0.0,0.0
55.755700000000004,0.0,0.0,0.010796221322537112,0.0,0.0,0.01507936507936508,0.0,0.0,0.0,0.0,0.0,0.0
55.8558,0.0,0.0,0.010796221322537112,0.0,0.0,0.01507936507936508,0.0,0.0,0.0,0.0,0.0,0.0
55.9559,0.0,0.0,0.010796221322537112,0.0,0.0,0.01507936507936508,0.0,0.0,0.0,0.0,0.0,0.0
56.056000000000004,0.0,0.0,0.010796221322537112,0.0,0.0,0.01507936507936508,0.0,0.0,0.0,0.0,0.0,0.0
56.1561,0.0,0.0,0.010796221322537112,0.0,0.0,0.01507936507936508,0.0,0.0,0.0,0.0,0.0,0.0
56.2562,0.0,0.0,0.010796221322537112,0.0,0.0,0.01507936507936508,0.0,0.0,0.0,0.0,0.0,0.0
56.356300000000005,0.0,0.0,0.010796221322537112,0.0,0.0,0.01507936507936508,0.0,0.0,0.0,0.0,0.0,0.0
56.4564,0.0,0.0,0.010796221322537112,0.0,0.0,0.01507936507936508,0.0,0.0,0.0,0.0,0.0,0.0
56.5565,0.0,0.0,0.010796221322537112,0.0,0.0,0.01507936507936508,0.0,0.0,0.0,0.0,0.0,0.0
56.656600000000005,0.0,0.0,0.010796221322537112,0.0,0.0,0.01507936507936508,0.0,0.0,0.0,0.0,0.0,0.0
56.7567,0.0,0.0,0.010796221322537112,0.0,0.0,0.015476190476190477,0.0,0.0,0.0,0.0,0.0,0.0
56.8568,0.0,0.0,0.010796221322537112,0.0,0.0,0.015476190476190477,0.0,0.0,0.0,0.0,0.0,0.0
56.956900000000005,0.0,0.0,0.010796221322537112,0.0,0.0,0.01507936507936508,0.0,0.0,0.0,0.0,0.0,0.0
57.057,0.0,0.0,0.010796221322537112,0.0,0.0,0.01507936507936508,0.0,0.0,0.0,0.0,0.0,0.0
57.1571,0.0,0.0,0.010796221322537112,0.0,0.0,0.01507936507936508,0.0,0.0,0.0,0.0,0.0,0.0
57.257200000000005,0.0,0.0,0.010796221322537112,0.0,0.0,0.01507936507936508,0.0,0.0,0.0,0.0,0.0,0.0
57.3573,0.0,0.0,0.010796221322537112,0.0,0.0,0.01507936507936508,0.0,0.0,0.0,0.0,0.0,0.0
57.4574,0.0,0.0,0.010796221322537112,0.0,0.0,0.01507936507936508,0.0,0.0,0.0,0.0,0.0,0.0
57.557500000000005,0.0,0.0,0.010796221322537112,0.0,0.0,0.01507936507936508,0.0,0.0,0.0,0.0,0.0,0.0
57.6576,0.0,0.0,0.010796221322537112,0.0,0.0,0.01507936507936508,0.0,0.0,0.0,0.0,0.0,0.0
57.7577,0.0,0.0,0.010796221322537112,0.0,0.0,0.01507936507936508,0.0,0.0,0.0,0.0,0.0,0.0
57.857800000000005,0.0,0.0,0.010796221322537112,0.0,0.0,0.01507936507936508,0.0,0.0,0.0,0.0,0.0,0.0
57.9579,0.0,0.0,0.010796221322537112,0.0,0.0,0.015873015873015872,0.0,0.0,0.0,0.0,0.0,0.0
58.058,0.0,0.0,0.010796221322537112,0.0,0.0,0.015873015873015872,0.0,0.0,0.0,0.0,0.0,0.0
58.158100000000005,0.0,0.0,0.010796221322537112,0.0,0.0,0.015873015873015872,0.0,0.0,0.0,0.0,0.0,0.0
58.2582,0.0,0.0,0.010796221322537112,0.0,0.0,0.015873015873015872,0.0,0.0,0.0,0.0,0.0,0.0
58.3583,0.0,0.0,0.010796221322537112,0.0,0.0,0.015476190476190477,0.0,0.0,0.0,0.018162393162393164,0.0,0.002136752136752137
58.458400000000005,0.0,0.0,0.010796221322537112,0.0,0.0,0.015476190476190477,0.0,0.0,0.0,0.0,0.0,0.0
58.5585,0.0,0.0,0.010796221322537112,0.0,0.0,0.015476190476190477,0.0,0.0,0.0,0.0,0.0,0.0
58.6586,0.0,0.0,0.010796221322537112,0.0,0.0,0.01507936507936508,0.0,0.0,0.0,0.0,0.0,0.0
58.758700000000005,0.0,0.0,0.010796221322537112,0.0,0.0,0.01507936507936508,0.0,0.0,0.0,0.0,0.0,0.0
58.8588,0.0,0.0,0.010796221322537112,0.0,0.0,0.01507936507936508,0.0,0.0,0.0,0.0,0.0,0.0
58.9589,0.0,0.0,0.010796221322537112,0.0,0.0,0.01507936507936508,0.0,0.0,0.0,0.0,0.0,0.0
59.059000000000005,0.0,0.0,0.010796221322537112,0.0,0.0,0.01507936507936508,0.0,0.0,0.0,0.0,0.0,0.0
59.1591,0.0,0.0,0.010796221322537112,0.0,0.0,0.01507936507936508,0.0,0.0,0.0,0.0,0.0,0.0
59.2592,0.0,0.0,0.010796221322537112,0.0,0.0,0.01507936507936508,0.0,0.0,0.0,0.0,0.0,0.0
59.359300000000005,0.0,0.0,0.010796221322537112,0.0,0.0,0.01507936507936508,0.0,0.0,0.0,0.0,0.0,0.0
59.4594,0.0,0.0,0.010796221322537112,0.0,0.0,0.01507936507936508,0.0,0.0,0.0,0.0,0.0,0.0
59.5595,0.0,0.0,0.010796221322537112,0.0,0.0,0.015476190476190477,0.0,0.0,0.0,0.0,0.0,0.0
59.6596,0.0,0.0,0.010796221322537112,0.0,0.0,0.015476190476190477,0.0,0.0,0.0,0.0,0.0,0.0
59.7597,0.0,0.0,0.010796221322537112,0.0,0.0,0.015476190476190477,0.012883771929824562,0.0,0.0,0.0,0.0,0.0
59.8598,0.0,0.0,0.010796221322537112,0.0,0.0,0.014682539682539682,0.0,0.0,0.0,0.0,0.0,0.0
59.9599,0.0,0.0,0.010796221322537112,0.0,0.0,0.014682539682539682,0.014802631578947368,0.0,0.0,0.0,0.0,0.0
60.06,0.0,0.0,0.010796221322537112,0.0,0.0,0.015476190476190477,0.0,0.0,0.0,0.0,0.0,0.0
60.1601,0.0,0.0,0.010796221322537112,0.0,0.0,0.015476190476190477,0.003837719298245614,0.0,0.0,0.0,0.0,0.0
60.2602,0.0,0.0,0.010796221322537112,0.0,0.0,0.015476190476190477,0.0,0.0,0.0,0.0,0.0,0.0
60.3603,0.0,0.0,0.010796221322537112,0.0,0.0,0.015476190476190477,0.0,0.0,0.0,0.0,0.0,0.0
60.4604,0.0,0.0,0.010796221322537112,0.0,0.0,0.015476190476190477,0.0,0.0,0.0,0.0,0.0,0.0
60.5605,0.0,0.0,0.010796221322537112,0.0,0.0,0.015476190476190477,0.0,0.0,0.0,0.0,0.0,0.0
60.6606,0.0,0.0,0.010796221322537112,0.0,0.0,0.015476190476190477,0.0,0.0,0.0,0.0,0.0,0.0
60.7607,0.0,0.0,0.010458839406207827,0.0,0.0,0.015476190476190477,0.0,0.0,0.0,0.0,0.0,0.0
60.8608,0.0,0.0,0.010458839406207827,0.0,0.0,0.015476190476190477,0.0,0.0,0.0,0.0,0.0,0.0
60.9609,0.0,0.0,0.010458839406207827,0.0,0.0,0.015476190476190477,0.0,0.0,0.0,0.0,0.0,0.0
61.061,0.0,0.0,0.010458839406207827,0.0,0.0,0.015476190476190477,0.0,0.0,0.0,0.0,0.0,0.0
61.1611,0.0,0.0,0.010796221322537112,0.0,0.0,0.015476190476190477,0.0,0.0,0.0,0.0,0.0,0.0
61.2612,0.0,0.0,0.010796221322537112,0.0,0.0,0.015476190476190477,0.0,0.0,0.0,0.0,0.0,0.0
61.3613,0.0,0.0,0.010796221322537112,0.0,0.0,0.015476190476190477,0.0,0.0,0.0,0.0,0.0,0.0
61.4614,0.0,0.0,0.010796221322537112,0.0,0.0,0.015476190476190477,0.0,0.0,0.0,0.0,0.0,0.0
61.5615,0.0,0.0,0.010796221322537112,0.0,0.0,0.015873015873015872,0.0,0.0,0.0,0.0,0.0,0.0
61.6616,0.0,0.0,0.010796221322537112,0.0,0.0,0.015476190476190477,0.0,0.0,0.0,0.0,0.0,0.0
61.7617,0.0,0.0,0.010796221322537112,0.0,0.0,0.015476190476190477,0.0,0.0,0.0,0.0,0.0,0.0
61.8618,0.0,0.0,0.010796221322537112,0.0,0.0,0.015476190476190477,0.0,0.0,0.0,0.0,0.0,0.0
61.9619,0.0,0.0,0.010796221322537112,0.0,0.0,0.015476190476190477,0.0,0.0,0.0,0.0,0.0,0.0
62.062,0.0,0.0,0.010796221322537112,0.0,0.0,0.015476190476190477,0.0,0.0,0.0,0.0,0.0,0.0
62.1621,0.0,0.0,0.010796221322537112,0.0,0.0,0.015476190476190477,0.0,0.0,0.0,0.0,0.0,0.0
62.2622,0.0,0.0,0.010796221322537112,0.0,0.0,0.015476190476190477,0.0,0.0,0.0,0.0,0.0,0.0
62.3623,0.0,0.0,0.010796221322537112,0.0,0.0,0.015476190476190477,0.0,0.0,0.0,0.0,0.0,0.0
62.4624,0.0,0.0,0.010796221322537112,0.0,0.0,0.015476190476190477,0.0,0.0,0.0,0.0,0.0,0.0
62.5625,0.0,0.0,0.010796221322537112,0.0,0.0,0.015476190476190477,0.0,0.0,0.0,0.0,0.0,0.0
62.6626,0.0,0.0,0.010796221322537112,0.0,0.0,0.015476190476190477,0.0,0.0,0.0,0.0,0.0,0.0
62.7627,0.0,0.0,0.010796221322537112,0.0,0.0,0.015476190476190477,0.0,0.0,0.0,0.0,0.0,0.0
62.8628,0.0,0.0,0.010796221322537112,0.0,0.0,0.015476190476190477,0.0,0.0,0.0,0.0,0.0,0.0
62.9629,0.0,0.0,0.010796221322537112,0.0,0.0,0.015476190476190477,0.0,0.0,0.0,0.0,0.0,0.0
63.063,0.0,0.0,0.010796221322537112,0.0,0.0,0.015476190476190477,0.0,0.0,0.0,0.0,0.0,0.0
63.1631,0.0,0.0,0.010796221322537112,0.0,0.0,0.015476190476190477,0.0,0.0,0.0,0.0,0.0,0.0
63.2632,0.0,0.0,0.010796221322537112,0.0,0.0,0.015476190476190477,0.0,0.0,0.0,0.0,0.0,0.0
63.3633,0.0,0.0,0.010796221322537112,0.0,0.0,0.015476190476190477,0.0,0.0,0.0,0.0,0.0,0.0
63.4634,0.0,0.0,0.010796221322537112,0.0,0.0,0.015476190476190477,0.0,0.0,0.0,0.0,0.0,0.0
63.5635,0.0,0.0,0.010796221322537112,0.0,0.0,0.015476190476190477,0.0,0.0,0.0,0.0,0.0,0.0
63.6636,0.0,0.0,0.010796221322537112,0.013492063492063493,0.0,0.015476190476190477,0.0,0.0,0.0,0.0,0.0,0.0
63.7637,0.0,0.0,0.010796221322537112,0.011507936507936509,0.0,0.015476190476190477,0.0,0.0,0.0,0.0,0.0,0.0
63.8638,0.0,0.0,0.010796221322537112,0.0,0.0,0.015476190476190477,0.0,0.0,0.0,0.0,0.0,0.0
63.9639,0.0,0.0,0.010796221322537112,0.0,0.0,0.015476190476190477,0.0,0.0,0.0,0.0,0.0,0.0
64.06400000000001,0.0,0.0,0.010796221322537112,0.0,0.0,0.015476190476190477,0.0,0.0,0.0,0.0,0.0,0.0
64.1641,0.0,0.0,0.010796221322537112,0.0,0.0,0.015476190476190477,0.0,0.0,0.0,0.0,0.0,0.0
64.2642,0.0,0.0,0.010796221322537112,0.0,0.0,0.015476190476190477,0.0,0.0,0.0,0.0,0.0,0.0
64.3643,0.0,0.0,0.010796221322537112,0.0,0.0,0.015476190476190477,0.0,0.0,0.0,0.0,0.0,0.0
64.4644,0.0,0.0,0.010796221322537112,0.0,0.0,0.015476190476190477,0.0,0.0,0.0,0.0,0.0,0.0
64.5645,0.0,0.0,0.010796221322537112,0.0,0.0,0.015476190476190477,0.0,0.0,0.0,0.0,0.0,0.0
64.66460000000001,0.0,0.0,0.010796221322537112,0.0,0.0,0.015476190476190477,0.0,0.0,0.0,0.0,0.0,0.0
64.7647,0.0,0.0,0.010796221322537112,0.0,0.0,0.015476190476190477,0.0,0.0,0.0,0.0,0.0,0.0
64.8648,0.0,0.0,0.010796221322537112,0.0,0.0,0.017063492063492062,0.0,0.0,0.0,0.027777777777777776,0.0,0.0
64.9649,0.0,0.0,0.010796221322537112,0.0,0.0,0.015476190476190477,0.0,0.0,0.0,0.0,0.0,0.0
65.065,0.0,0.0,0.010796221322537112,0.0,0.0,0.015476190476190477,0.0,0.0,0.0,0.0,0.0,0.0
65.1651,0.0,0.0,0.010796221322537112,0.0,0.0,0.015476190476190477,0.0,0.0,0.0,0.0,0.0,0.0
65.26520000000001,0.0,0.0,0.010796221322537112,0.0,0.0,0.015476190476190477,0.0,0.0,0.0,0.0,0.0,0.0
65.3653,0.0,0.0,0.010796221322537112,0.0,0.0,0.015476190476190477,0.0,0.0,0.0,0.0,0.0,0.0
65.4654,0.0,0.0,0.010796221322537112,0.0,0.0,0.015476190476190477,0.0,0.0,0.0,0.0,0.0,0.0
65.5655,0.0,0.0,0.010796221322537112,0.0,0.0,0.015476190476190477,0.0,0.0,0.0,0.0,0.0,0.0
65.6656,0.0,0.0,0.010796221322537112,0.0,0.0,0.015476190476190477,0.0,0.0,0.0,0.0,0.0,0.0
65.7657,0.0,0.0,0.010796221322537112,0.0,0.0,0.015476190476190477,0.0,0.0,0.0,0.0,0.0,0.0
65.86580000000001,0.0,0.0,0.010796221322537112,0.0,0.0,0.015476190476190477,0.0,0.0,0.0,0.0,0.0,0.0
65.9659,0.0,0.0,0.010796221322537112,0.0,0.0,0.015476190476190477,0.0,0.0,0.0,0.0,0.0,0.0
66.066,0.0,0.0,0.010796221322537112,0.0,0.0,0.015476190476190477,0.0,0.0,0.0,0.0,0.0,0.0
66.1661,0.0,0.0,0.010796221322537112,0.0,0.0,0.015476190476190477,0.0,0.0,0.0,0.0,0.0,0.0
66.2662,0.0,0.0,0.010796221322537112,0.0,0.0,0.015476190476190477,0.0,0.0,0.0,0.0,0.0,0.0
66.3663,0.0,0.0,0.010796221322537112,0.0031746031746031746,0.0,0.015476190476190477,0.0,0.0,0.0,0.02564102564102564,0.0,0.0
66.46640000000001,0.0,0.0,0.0023616734143049934,0.0,0.0,0.015476190476190477,0.004934210526315789,0.0005482456140350877,0.0,0.0,0.0,0.0
66.5665,0.0,0.0,0.0,0.0,0.0,0.015476190476190477,0.00356359649122807,0.0,0.0,0.0,0.0,0.0
66.6666,0.0,0.0,0.0,0.0,0.0,0.015476190476190477,0.005756578947368421,0.0,0.0,0.0,0.0,0.0
66.7667,0.0,0.0,0.0,0.0,0.0,0.015873015873015872,0.0,0.0,0.0,0.0,0.0,0.0
66.8668,0.0,0.0,0.0,0.0,0.0,0.015873015873015872,0.0,0.0,0.0,0.0,0.0,0.0
66.9669,0.0,0.0,0.010796221322537112,0.0,0.0,0.015873015873015872,0.0,0.0,0.0,0.0,0.0,0.0
67.06700000000001,0.0,0.0,0.010458839406207827,0.0,0.0,0.015873015873015872,0.0,0.0,0.0,0.0,0.0,0.0
67.1671,0.0,0.0,0.011470985155195682,0.0,0.0,0.015873015873015872,0.0,0.0,0.0,0.0,0.0,0.0
67.2672,0.0,0.0,0.011470985155195682,0.0,0.0,0.015873015873015872,0.0,0.0,0.0,0.0,0.0,0.0
67.3673,0.0,0.0,0.011470985155195682,0.0,0.0,0.015873015873015872,0.0,0.0,0.0,0.0,0.0,0.0
67.4674,0.0,0.0,0.001349527665317139,0.0,0.0,0.015873015873015872,0.0,0.0,0.0,0.0,0.0,0.0
67.5675,0.0,0.0,0.0,0.0,0.0,0.015873015873015872,0.0,0.0,0.0,0.0,0.0,0.0
67.66760000000001,0.0,0.0,0.0,0.0,0.0,0.015873015873015872,0.0,0.0,0.0,0.0,0.0,0.0
67.7677,0.0,0.0,0.0,0.0,0.0,0.015873015873015872,0.0,0.0,0.0,0.0,0.0,0.0
67.8678,0.0,0.0,0.0,0.0,0.0,0.015873015873015872,0.0,0.0,0.0,0.0,0.0,0.0
67.9679,0.0,0.0,0.011133603238866396,0.0,0.0,0.015873015873015872,0.0021929824561403508,0.0,0.0,0.0,0.0,0.0
68.068,0.0,0.0,0.011470985155195682,0.023412698412698413,0.0,0.015873015873015872,0.0,0.0,0.0,0.0,0.0,0.0
68.1681,0.0,0.0,0.011470985155195682,0.005158730158730159,0.0,0.015873015873015872,0.0010964912280701754,0.0,0.0,0.013888888888888888,0.0,0.0
68.26820000000001,0.0,0.0,0.011470985155195682,0.004761904761904762,0.0,0.015873015873015872,0.0,0.0,0.0,0.028846153846153848,0.0,0.0
68.3683,0.0,0.0,0.011470985155195682,0.0,0.0,0.015873015873015872,0.0,0.0,0.0,0.0,0.0,0.0
68.4684,0.0,0.0,0.0006747638326585695,0.0,0.0,0.015873015873015872,0.0,0.0,0.0,0.0,0.0,0.0
68.5685,0.0,0.0,0.0,0.0,0.0,0.015476190476190477,0.0,0.0,0.0,0.0,0.0,0.0
68.6686,0.0,0.0,0.0,0.0,0.0,0.015873015873015872,0.0,0.0,0.0,0.0,0.0,0.0
68.7687,0.0,0.0,0.0,0.0,0.0,0.015873015873015872,0.0,0.0,0.0,0.0,0.0,0.0
68.86880000000001,0.0,0.0,0.0,0.0,0.0,0.015476190476190477,0.0,0.0,0.0,0.0,0.0,0.0
68.9689,0.0,0.0,0.011133603238866396,0.0,0.0,0.015476190476190477,0.0,0.0,0.0,0.0,0.0,0.0
69.069,0.0,0.0,0.011470985155195682,0.0,0.0,0.015476190476190477,0.0,0.0,0.0,0.0,0.0,0.0
69.1691,0.0,0.0,0.011470985155195682,0.0,0.0,0.015476190476190477,0.0,0.0,0.0,0.0,0.0,0.0
69.2692,0.0,0.0,0.011470985155195682,0.0,0.0,0.015476190476190477,0.0,0.0,0.0,0.0,0.0,0.0
69.3693,0.0,0.0,0.011470985155195682,0.0,0.0,0.015476190476190477,0.0,0.0,0.0,0.0,0.0,0.0
69.46940000000001,0.008097165991902834,0.004723346828609987,0.0006747638326585695,0.0,0.0,0.0003968253968253968,0.0,0.0,0.0,0.0,0.0,0.0
69.5695,0.008771929824561403,0.005060728744939271,0.0,0.0,0.0,0.0,0.0,0.0,0.0,0.0,0.0,0.0
69.6696,0.008434547908232119,0.005398110661268556,0.0,0.0,0.0,0.0,0.0,0.0,0.0,0.0,0.0,0.0
69.7697,0.008097165991902834,0.005398110661268556,0.0,0.0,0.0,0.0,0.0,0.0,0.0,0.0,0.0,0.0
69.8698,0.008434547908232119,0.005398110661268556,0.0,0.005158730158730159,0.0,0.0,0.00849780701754386,0.001918859649122807,0.0,0.0,0.0,0.0
69.9699,0.008434547908232119,0.005060728744939271,0.0,0.005555555555555556,0.0,0.01507936507936508,0.014802631578947368,0.0,0.0,0.0,0.0,0.0
70.07000000000001,0.009109311740890687,0.005060728744939271,0.0,0.0,0.0,0.014682539682539682,0.022203947368421052,0.0021929824561403508,0.0,0.0,0.0,0.0
70.1701,0.009109311740890687,0.005060728744939271,0.0,0.0,0.0,0.01507936507936508,0.0013706140350877192,0.0,0.0,0.0,0.0,0.0
70.2702,0.009109311740890687,0.005060728744939271,0.0,0.0,0.0,0.01507936507936508,0.0,0.0,0.0,0.0,0.0,0.0
70.3703,0.009109311740890687,0.005060728744939271,0.0,0.0,0.0,0.01507936507936508,0.0,0.0,0.0,0.0,0.0,0.0
70.4704,0.009109311740890687,0.005060728744939271,0.0,0.0,0.0,0.0,0.0,0.0,0.0,0.0,0.0,0.0
70.5705,0.009109311740890687,0.005060728744939271,0.0,0.0,0.0,0.0,0.0,0.0,0.0,0.0,0.0,0.0
70.67060000000001,0.009109311740890687,0.005060728744939271,0.0,0.0,0.0,0.0,0.0,0.0,0.0,0.0,0.0,0.0
70.7707,0.009109311740890687,0.005060728744939271,0.0,0.0,0.0,0.0,0.0,0.0,0.0,0.0,0.0,0.0
70.8708,0.009109311740890687,0.005060728744939271,0.0,0.0,0.0,0.0,0.0,0.0,0.0,0.0,0.0,0.0
70.9709,0.009109311740890687,0.005060728744939271,0.0,0.01904761904761905,0.0,0.014682539682539682,0.0,0.0,0.0,0.0,0.0,0.0
71.071,0.009109311740890687,0.005060728744939271,0.0,0.00873015873015873,0.0,0.015476190476190477,0.0,0.0,0.0,0.026709401709401708,0.0,0.0
71.1711,0.009109311740890687,0.005060728744939271,0.0,0.0015873015873015873,0.0,0.015476190476190477,0.0,0.0,0.0,0.01282051282051282,0.0,0.0
71.27120000000001,0.009109311740890687,0.005060728744939271,0.0,0.014682539682539682,0.0007936507936507937,0.015476190476190477,0.0,0.0,0.0,0.017094017094017096,0.0,0.0
71.3713,0.009109311740890687,0.005060728744939271,0.0,0.0031746031746031746,0.0,0.015476190476190477,0.0,0.0,0.0,0.0,0.0,0.0
71.4714,0.009109311740890687,0.005060728744939271,0.0,0.0,0.0,0.0,0.0,0.0,0.0,0.0,0.0,0.0
71.5715,0.009109311740890687,0.005060728744939271,0.0,0.0,0.0,0.0,0.0,0.0,0.0,0.0,0.0,0.0
71.6716,0.009109311740890687,0.005060728744939271,0.0,0.0,0.0,0.0,0.00356359649122807,0.0,0.0,0.0,0.0,0.0
71.7717,0.009109311740890687,0.005060728744939271,0.0,0.0,0.0,0.0,0.009594298245614035,0.0,0.0,0.0,0.0,0.0
71.87180000000001,0.009109311740890687,0.005060728744939271,0.0,0.0,0.0,0.0,0.005482456140350877,0.0,0.0,0.0,0.0,0.0
71.9719,0.009109311740890687,0.005060728744939271,0.0,0.0,0.0,0.014682539682539682,0.006578947368421052,0.0,0.0,0.0,0.0,0.0
72.072,0.009109311740890687,0.005060728744939271,0.0,0.0,0.0,0.014682539682539682,0.0,0.0,0.0,0.0,0.0,0.0
72.1721,0.009109311740890687,0.005060728744939271,0.0,0.0,0.0,0.01507936507936508,0.0,0.0,0.0,0.0,0.0,0.0
72.2722,0.009109311740890687,0.005060728744939271,0.0,0.0,0.0,0.01507936507936508,0.0,0.0,0.0,0.0,0.0,0.0
72.3723,0.009109311740890687,0.005060728744939271,0.0,0.0,0.0,0.01507936507936508,0.0,0.0,0.0,0.0,0.0,0.0
72.47240000000001,0.009109311740890687,0.005060728744939271,0.0,0.0015873015873015873,0.00992063492063492,0.0,0.006030701754385965,0.0,0.0,0.0,0.0,0.0
72.5725,0.009109311740890687,0.005060728744939271,0.0,0.0011904761904761906,0.010317460317460317,0.0,0.005482456140350877,0.0,0.0,0.0,0.0,0.0
72.6726,0.009109311740890687,0.005060728744939271,0.0,0.0011904761904761906,0.010317460317460317,0.0,0.00849780701754386,0.0,0.0,0.0,0.0,0.0
72.7727,0.009109311740890687,0.005060728744939271,0.0,0.0011904761904761906,0.010317460317460317,0.0,0.007401315789473684,0.0,0.0,0.0,0.0,0.0
72.8728,0.009109311740890687,0.005060728744939271,0.0,0.0011904761904761906,0.010317460317460317,0.0,0.005482456140350877,0.0,0.0,0.0,0.0,0.0
72.9729,0.009109311740890687,0.005060728744939271,0.0,0.0015873015873015873,0.010714285714285714,0.0,0.0,0.0,0.0,0.0,0.0,0.0
73.07300000000001,0.009109311740890687,0.005060728744939271,0.0,0.001984126984126984,0.010714285714285714,0.0,0.010142543859649123,0.00027412280701754384,0.0,0.0,0.0,0.0
73.1731,0.009109311740890687,0.005060728744939271,0.0,0.001984126984126984,0.010317460317460317,0.0,0.0,0.0,0.0,0.0,0.0,0.0
73.2732,0.009109311740890687,0.005060728744939271,0.0,0.001984126984126984,0.010317460317460317,0.0,0.0,0.0,0.0,0.0,0.0,0.0
73.3733,0.009109311740890687,0.005060728744939271,0.0,0.0015873015873015873,0.010317460317460317,0.0,0.0,0.0,0.0,0.0,0.0,0.0
73.4734,0.009109311740890687,0.005060728744939271,0.0,0.0015873015873015873,0.010317460317460317,0.0,0.0,0.0,0.0,0.0,0.0,0.0
73.5735,0.009109311740890687,0.005060728744939271,0.0,0.001984126984126984,0.010317460317460317,0.0,0.0,0.0,0.0,0.0,0.0,0.0
73.67360000000001,0.009109311740890687,0.005060728744939271,0.0,0.001984126984126984,0.010317460317460317,0.0,0.0,0.0,0.0,0.0,0.0,0.0
73.7737,0.009109311740890687,0.005060728744939271,0.0,0.001984126984126984,0.010317460317460317,0.0,0.0,0.0,0.0,0.0,0.0,0.0
73.8738,0.009109311740890687,0.005060728744939271,0.0,0.001984126984126984,0.010317460317460317,0.0,0.0,0.0,0.0,0.0,0.0,0.0
73.9739,0.009109311740890687,0.005060728744939271,0.0,0.0015873015873015873,0.010317460317460317,0.0,0.0,0.0,0.0,0.0,0.0,0.0
74.074,0.009109311740890687,0.005060728744939271,0.0,0.0373015873015873,0.010317460317460317,0.0,0.0,0.0,0.0,0.0,0.0,0.0
74.1741,0.009109311740890687,0.005060728744939271,0.0,0.003968253968253968,0.010317460317460317,0.0,0.0,0.0,0.0,0.0,0.0,0.0
74.27420000000001,0.009109311740890687,0.005060728744939271,0.0,0.0015873015873015873,0.010317460317460317,0.0,0.0,0.0,0.0,0.0,0.0,0.0
74.3743,0.009109311740890687,0.005060728744939271,0.0,0.001984126984126984,0.010317460317460317,0.0,0.0,0.0,0.0,0.0,0.0,0.0
74.4744,0.009109311740890687,0.005060728744939271,0.0,0.001984126984126984,0.010317460317460317,0.0,0.0,0.0,0.0,0.0,0.0,0.0
74.5745,0.009109311740890687,0.005060728744939271,0.0,0.001984126984126984,0.010317460317460317,0.0,0.0,0.0,0.0,0.0,0.0,0.0
74.6746,0.009109311740890687,0.005060728744939271,0.0,0.001984126984126984,0.010317460317460317,0.0,0.0,0.0,0.0,0.0,0.0,0.0
74.7747,0.009109311740890687,0.005060728744939271,0.0,0.001984126984126984,0.010317460317460317,0.0,0.0,0.0,0.0,0.0,0.0,0.0
74.87480000000001,0.009109311740890687,0.005060728744939271,0.0,0.001984126984126984,0.010317460317460317,0.0,0.0,0.0,0.0,0.0,0.0,0.0
74.9749,0.009109311740890687,0.005060728744939271,0.0,0.001984126984126984,0.010317460317460317,0.0,0.0,0.0,0.0,0.0,0.0,0.0
75.075,0.009446693657219974,0.005060728744939271,0.0,0.001984126984126984,0.009523809523809525,0.0,0.0,0.0,0.0,0.0,0.0,0.0
75.1751,0.009446693657219974,0.005060728744939271,0.0,0.001984126984126984,0.009523809523809525,0.0,0.0,0.0,0.0,0.0,0.0,0.0
75.2752,0.009446693657219974,0.005060728744939271,0.0,0.0015873015873015873,0.009523809523809525,0.0,0.0,0.0,0.0,0.0,0.0,0.0
75.3753,0.009446693657219974,0.005060728744939271,0.0,0.0015873015873015873,0.009126984126984128,0.0,0.0,0.0,0.0,0.0,0.0,0.0
75.47540000000001,0.009446693657219974,0.005060728744939271,0.0,0.021031746031746033,0.0,0.0,0.0,0.0,0.0,0.0,0.0,0.0
75.5755,0.009446693657219974,0.005060728744939271,0.0,0.020634920634920634,0.0,0.0,0.0,0.0,0.0,0.0,0.0,0.0
75.6756,0.009446693657219974,0.005060728744939271,0.0,0.020634920634920634,0.0,0.0,0.0,0.0,0.0,0.0,0.0,0.0
75.7757,0.009446693657219974,0.005060728744939271,0.0,0.019444444444444445,0.0,0.0,0.0,0.0,0.0,0.0,0.0,0.0
75.8758,0.009446693657219974,0.005060728744939271,0.0,0.01984126984126984,0.0,0.0,0.0,0.0,0.0,0.0,0.0,0.0
75.9759,0.009446693657219974,0.005060728744939271,0.0,0.01984126984126984,0.0,0.0,0.0,0.0,0.0,0.0,0.0,0.0
76.07600000000001,0.009446693657219974,0.005060728744939271,0.0,0.029365079365079365,0.0,0.0,0.011787280701754386,0.0,0.0,0.00641025641025641,0.0,0.0
76.1761,0.009446693657219974,0.005060728744939271,0.0,0.019444444444444445,0.0,0.0,0.017543859649122806,0.0,0.0,0.0,0.0,0.0
76.2762,0.009446693657219974,0.005060728744939271,0.0,0.019444444444444445,0.0,0.0,0.005756578947368421,0.0,0.0,0.0,0.0,0.0
76.3763,0.009446693657219974,0.005060728744939271,0.0,0.019444444444444445,0.0,0.0,0.0,0.0,0.0,0.0,0.0,0.0
76.4764,0.009446693657219974,0.005060728744939271,0.0,0.019444444444444445,0.0,0.0,0.0,0.0,0.0,0.0,0.0,0.0
76.5765,0.009446693657219974,0.005060728744939271,0.0,0.019444444444444445,0.0,0.0,0.0,0.0,0.0,0.0,0.0,0.0
76.67660000000001,0.009446693657219974,0.005060728744939271,0.0,0.019444444444444445,0.0,0.0,0.0,0.0,0.0,0.0,0.0,0.0
76.7767,0.009446693657219974,0.005060728744939271,0.0,0.019444444444444445,0.0,0.0,0.0,0.0,0.0,0.0,0.0,0.0
76.8768,0.009446693657219974,0.005060728744939271,0.0,0.01904761904761905,0.0,0.0,0.0,0.0,0.0,0.0,0.0,0.0
76.9769,0.009446693657219974,0.005060728744939271,0.0,0.01904761904761905,0.0,0.0,0.0,0.0,0.0,0.0,0.0,0.0
77.077,0.009446693657219974,0.005060728744939271,0.0,0.046825396825396826,0.0,0.0,0.0,0.0,0.0,0.0,0.0,0.0
77.1771,0.009446693657219974,0.005060728744939271,0.0,0.01904761904761905,0.0,0.0,0.0,0.0,0.0,0.0,0.0,0.0
77.27720000000001,0.009446693657219974,0.005060728744939271,0.0,0.01904761904761905,0.0,0.0,0.0,0.0,0.0,0.0,0.0,0.0
77.3773,0.009446693657219974,0.005060728744939271,0.0,0.01904761904761905,0.0,0.0,0.0,0.0,0.0,0.0,0.0,0.0
77.4774,0.009446693657219974,0.005060728744939271,0.0,0.01904761904761905,0.0,0.0,0.0,0.0,0.0,0.0,0.0,0.0
77.5775,0.009446693657219974,0.005060728744939271,0.0,0.01904761904761905,0.0,0.0,0.0,0.0,0.0,0.0,0.0,0.0
77.6776,0.009446693657219974,0.005060728744939271,0.0,0.01904761904761905,0.0,0.0,0.0,0.0,0.0,0.0,0.0,0.0
77.7777,0.009446693657219974,0.005060728744939271,0.0,0.01904761904761905,0.0,0.0,0.00712719298245614,0.0,0.0,0.0,0.0,0.0
77.87780000000001,0.009446693657219974,0.005060728744939271,0.0,0.01904761904761905,0.0,0.0,0.0,0.0,0.0,0.0,0.0,0.0
77.9779,0.009446693657219974,0.005060728744939271,0.0,0.01904761904761905,0.0,0.0,0.009868421052631578,0.0,0.0,0.0,0.0,0.0
78.078,0.009446693657219974,0.005060728744939271,0.0,0.01904761904761905,0.0,0.0,0.0021929824561403508,0.0,0.0,0.0,0.0,0.0
78.1781,0.009446693657219974,0.005060728744939271,0.0,0.01904761904761905,0.0,0.0,0.0,0.0,0.0,0.0,0.0,0.0
78.2782,0.009446693657219974,0.005060728744939271,0.0,0.01904761904761905,0.0,0.0,0.0,0.0,0.0,0.0,0.0,0.0
78.3783,0.009446693657219974,0.005060728744939271,0.0,0.02976190476190476,0.0,0.0,0.0,0.0,0.0,0.0,0.0,0.0
78.47840000000001,0.009446693657219974,0.005060728744939271,0.0,0.02896825396825397,0.0,0.0007936507936507937,0.0,0.0,0.0,0.00641025641025641,0.0,0.0
78.5785,0.009446693657219974,0.005060728744939271,0.0,0.023015873015873017,0.0,0.0,0.0,0.0,0.0,0.0,0.0,0.0
78.6786,0.009446693657219974,0.005060728744939271,0.0,0.019444444444444445,0.0,0.0,0.0,0.0,0.0,0.0,0.0,0.0
78.7787,0.009446693657219974,0.005060728744939271,0.0,0.019444444444444445,0.0,0.0,0.0,0.0,0.0,0.0,0.0,0.0
78.8788,0.009446693657219974,0.005060728744939271,0.0,0.019444444444444445,0.0,0.0,0.0,0.0,0.0,0.0,0.0,0.0
78.9789,0.009446693657219974,0.005060728744939271,0.0,0.019444444444444445,0.0,0.0,0.0,0.0,0.0,0.0,0.0,0.0
79.07900000000001,0.009446693657219974,0.005060728744939271,0.0,0.019444444444444445,0.0,0.0,0.0,0.0,0.0,0.0,0.0,0.0
79.1791,0.009446693657219974,0.005060728744939271,0.0,0.019444444444444445,0.0,0.0,0.0,0.0,0.0,0.0,0.0,0.0
79.2792,0.009446693657219974,0.005060728744939271,0.0,0.03373015873015873,0.0,0.0,0.0,0.0,0.0,0.0,0.0,0.0
79.3793,0.009446693657219974,0.005060728744939271,0.0,0.02023809523809524,0.0,0.0,0.0,0.0,0.0,0.002136752136752137,0.0,0.0
79.4794,0.009446693657219974,0.005060728744939271,0.0,0.019444444444444445,0.0,0.0,0.0,0.0,0.0,0.03205128205128205,0.0,0.0
79.5795,0.009446693657219974,0.005060728744939271,0.0,0.01984126984126984,0.0,0.0,0.0,0.0,0.0,0.0,0.0,0.0
79.67960000000001,0.009446693657219974,0.005060728744939271,0.0,0.019444444444444445,0.0,0.0,0.0,0.0,0.0,0.0,0.0,0.0
79.7797,0.009446693657219974,0.005060728744939271,0.0,0.019444444444444445,0.0,0.0,0.0,0.0,0.0,0.0,0.0,0.0
79.8798,0.009446693657219974,0.005060728744939271,0.0,0.019444444444444445,0.0,0.0,0.0,0.0,0.0,0.0,0.0,0.0
79.9799,0.009446693657219974,0.005060728744939271,0.0,0.019444444444444445,0.0,0.0,0.0,0.0,0.0,0.0,0.0,0.0
80.08,0.009109311740890687,0.005060728744939271,0.0,0.019444444444444445,0.0,0.0,0.0,0.0,0.0,0.0,0.0,0.0
80.1801,0.009109311740890687,0.005060728744939271,0.0,0.019444444444444445,0.0,0.0,0.0,0.0,0.0,0.0,0.0,0.0
80.28020000000001,0.009109311740890687,0.005060728744939271,0.0,0.019444444444444445,0.0,0.0,0.0,0.0,0.0,0.0,0.0,0.0
80.3803,0.009109311740890687,0.005060728744939271,0.0,0.019444444444444445,0.0,0.0,0.0,0.0,0.0,0.0,0.0,0.0
80.4804,0.009109311740890687,0.005060728744939271,0.0,0.019444444444444445,0.0,0.0,0.011239035087719298,0.0,0.0,0.0,0.0,0.0
80.5805,0.009109311740890687,0.005060728744939271,0.0,0.019444444444444445,0.0,0.0,0.003837719298245614,0.0,0.0,0.0,0.0,0.0
80.6806,0.009109311740890687,0.005060728744939271,0.0,0.019444444444444445,0.0,0.0,0.006578947368421052,0.0,0.0,0.0,0.0,0.0
80.7807,0.009109311740890687,0.005060728744939271,0.0,0.019444444444444445,0.0,0.0,0.01343201754385965,0.0,0.0,0.0,0.0,0.0
80.88080000000001,0.009109311740890687,0.005060728744939271,0.0,0.019444444444444445,0.0,0.0,0.003837719298245614,0.0,0.0,0.0,0.0,0.0
80.9809,0.009109311740890687,0.005060728744939271,0.0,0.019444444444444445,0.0,0.0,0.0,0.0,0.0,0.0,0.0,0.0
81.081,0.009109311740890687,0.005060728744939271,0.0,0.019444444444444445,0.0,0.0,0.0,0.0,0.0,0.0,0.0,0.0
81.1811,0.009109311740890687,0.005060728744939271,0.0,0.019444444444444445,0.0,0.0,0.0,0.0,0.0,0.0,0.0,0.0
81.2812,0.009109311740890687,0.005060728744939271,0.0,0.01984126984126984,0.0,0.0,0.0,0.0,0.0,0.0,0.0,0.0
81.3813,0.009109311740890687,0.005060728744939271,0.0,0.019444444444444445,0.0,0.0,0.0,0.0,0.0,0.0,0.0,0.0
81.48140000000001,0.009109311740890687,0.005060728744939271,0.0,0.019444444444444445,0.0,0.0,0.0,0.0,0.0,0.0,0.0,0.0
81.5815,0.009109311740890687,0.005060728744939271,0.0,0.019444444444444445,0.0,0.0,0.008223684210526315,0.004660087719298245,0.0,0.0,0.0,0.0
81.6816,0.009109311740890687,0.005060728744939271,0.0,0.019444444444444445,0.0,0.0,0.013157894736842105,0.00027412280701754384,0.0,0.0,0.0,0.0
81.7817,0.009109311740890687,0.005060728744939271,0.0,0.019444444444444445,0.0,0.0,0.007401315789473684,0.0,0.0,0.0,0.0,0.0
81.8818,0.009109311740890687,0.005060728744939271,0.0,0.019444444444444445,0.0,0.0,0.007401315789473684,0.0,0.0,0.0,0.0,0.0
81.9819,0.009109311740890687,0.005060728744939271,0.0,0.019444444444444445,0.0,0.0,0.01836622807017544,0.0043859649122807015,0.0,0.0,0.0,0.0
82.08200000000001,0.009109311740890687,0.005060728744939271,0.0,0.019444444444444445,0.0,0.0,0.0043859649122807015,0.0,0.0,0.0,0.0,0.0
82.1821,0.009109311740890687,0.005060728744939271,0.0,0.019444444444444445,0.0,0.0,0.0027412280701754384,0.0,0.0,0.0,0.0,0.0
82.2822,0.009109311740890687,0.005060728744939271,0.0,0.019444444444444445,0.0,0.0,0.0030153508771929823,0.0,0.0,0.0,0.0,0.0
82.3823,0.009109311740890687,0.005060728744939271,0.0,0.019444444444444445,0.0,0.0,0.0,0.0,0.0,0.0,0.0,0.0
82.4824,0.009109311740890687,0.005060728744939271,0.0,0.019444444444444445,0.0,0.0,0.0,0.0,0.0,0.0,0.0,0.0
82.5825,0.009109311740890687,0.005060728744939271,0.0,0.019444444444444445,0.0,0.0,0.0,0.0,0.0,0.0,0.0,0.0
82.68260000000001,0.009109311740890687,0.005060728744939271,0.0,0.019444444444444445,0.0,0.0,0.0,0.0,0.0,0.0,0.0,0.0
82.7827,0.009109311740890687,0.005060728744939271,0.0,0.019444444444444445,0.0,0.0,0.0,0.0,0.0,0.0,0.0,0.0
82.8828,0.009109311740890687,0.005060728744939271,0.0,0.019444444444444445,0.0,0.0,0.0,0.0,0.0,0.0,0.0,0.0
82.9829,0.009109311740890687,0.005060728744939271,0.0,0.019444444444444445,0.0,0.0,0.0,0.0,0.0,0.0,0.0,0.0
83.083,0.009109311740890687,0.005060728744939271,0.0,0.019444444444444445,0.0,0.0,0.0,0.0,0.0,0.0,0.0,0.0
83.1831,0.009109311740890687,0.005060728744939271,0.0,0.019444444444444445,0.0,0.0,0.0,0.0,0.0,0.0,0.0,0.0
83.28320000000001,0.009109311740890687,0.005060728744939271,0.0,0.019444444444444445,0.0,0.0,0.0,0.0,0.0,0.0,0.0,0.0
83.3833,0.009109311740890687,0.005060728744939271,0.0,0.019444444444444445,0.0,0.0,0.0,0.0,0.0,0.0,0.0,0.0
83.4834,0.009109311740890687,0.005060728744939271,0.0,0.01984126984126984,0.0,0.0,0.0,0.0,0.0,0.0,0.0,0.0
83.5835,0.009109311740890687,0.005060728744939271,0.0,0.01984126984126984,0.0,0.0,0.0,0.0,0.0,0.0,0.0,0.0
83.6836,0.008771929824561403,0.004723346828609987,0.0,0.01984126984126984,0.0,0.0,0.0,0.0,0.0,0.0,0.0,0.0
83.7837,0.008771929824561403,0.004723346828609987,0.0,0.01984126984126984,0.0,0.0,0.0,0.0,0.0,0.0,0.0,0.0
83.88380000000001,0.008771929824561403,0.004723346828609987,0.0,0.01984126984126984,0.0,0.0,0.0,0.0,0.0,0.0,0.0,0.0
83.9839,0.008771929824561403,0.004723346828609987,0.0,0.01984126984126984,0.0,0.0,0.0,0.0,0.0,0.0,0.0,0.0
84.084,0.008771929824561403,0.004723346828609987,0.0,0.01984126984126984,0.0,0.0,0.0,0.0,0.0,0.0,0.0,0.0
84.1841,0.008771929824561403,0.004723346828609987,0.0,0.01984126984126984,0.0,0.0,0.0,0.0,0.0,0.0,0.0,0.0
84.2842,0.008771929824561403,0.004723346828609987,0.0,0.01984126984126984,0.0,0.0,0.0,0.0,0.0,0.0,0.0,0.0
84.3843,0.008771929824561403,0.004723346828609987,0.0,0.01984126984126984,0.0,0.0,0.0,0.0,0.0,0.0,0.0,0.0
84.48440000000001,0.008771929824561403,0.005060728744939271,0.0,0.01984126984126984,0.0,0.0,0.0,0.0,0.0,0.0,0.0,0.0
84.5845,0.008771929824561403,0.005060728744939271,0.0,0.01984126984126984,0.0,0.0,0.0,0.0,0.0,0.0,0.0,0.0
84.6846,0.008771929824561403,0.005060728744939271,0.0,0.01984126984126984,0.0,0.0,0.0,0.0,0.0,0.0,0.0,0.0
84.7847,0.008771929824561403,0.005060728744939271,0.0,0.01984126984126984,0.0,0.0,0.0,0.0,0.0,0.0,0.0,0.0
84.8848,0.008771929824561403,0.005060728744939271,0.0,0.01984126984126984,0.0,0.0,0.0,0.0,0.0,0.0,0.0,0.0
84.9849,0.008771929824561403,0.005060728744939271,0.0,0.01984126984126984,0.0,0.0,0.0,0.0,0.0,0.0,0.0,0.0
85.08500000000001,0.008771929824561403,0.005060728744939271,0.0,0.01984126984126984,0.0,0.0,0.0,0.0,0.0,0.0,0.0,0.0
85.1851,0.009109311740890687,0.004723346828609987,0.0,0.01984126984126984,0.0,0.0,0.0,0.0,0.0,0.0,0.0,0.0
85.2852,0.009109311740890687,0.004723346828609987,0.0,0.01984126984126984,0.0,0.0,0.0,0.0,0.0,0.0,0.0,0.0
85.3853,0.009109311740890687,0.004723346828609987,0.0,0.01984126984126984,0.0,0.0,0.0,0.0,0.0,0.0,0.0,0.0
85.4854,0.009109311740890687,0.004723346828609987,0.0,0.01984126984126984,0.0,0.0,0.0,0.0,0.0,0.0,0.0,0.0
85.5855,0.009109311740890687,0.004723346828609987,0.0,0.01984126984126984,0.0,0.0,0.0,0.0,0.0,0.0,0.0,0.0
85.68560000000001,0.009109311740890687,0.004723346828609987,0.0,0.01984126984126984,0.0,0.0,0.0,0.0,0.0,0.0,0.0,0.0
85.7857,0.009109311740890687,0.004723346828609987,0.0,0.01984126984126984,0.0,0.0,0.0,0.0,0.0,0.0,0.0,0.0
85.8858,0.009109311740890687,0.004723346828609987,0.0,0.01984126984126984,0.0,0.0,0.0,0.0,0.0,0.0,0.0,0.0
85.9859,0.009446693657219974,0.004723346828609987,0.0,0.01984126984126984,0.0,0.0,0.0,0.0,0.0,0.0,0.0,0.0
86.086,0.009446693657219974,0.004723346828609987,0.0,0.01984126984126984,0.0,0.0,0.0,0.0,0.0,0.0,0.0,0.0
86.1861,0.009446693657219974,0.004723346828609987,0.0,0.01984126984126984,0.0,0.0,0.0,0.0,0.0,0.0,0.0,0.0
86.28620000000001,0.009446693657219974,0.004723346828609987,0.0,0.019444444444444445,0.0,0.0,0.0,0.0,0.0,0.0,0.0,0.0
86.3863,0.009446693657219974,0.004723346828609987,0.0,0.019444444444444445,0.0,0.0,0.0,0.0,0.0,0.0,0.0,0.0
86.4864,0.009446693657219974,0.004723346828609987,0.0,0.019444444444444445,0.0,0.0,0.0,0.0,0.0,0.0,0.0,0.0
86.5865,0.009446693657219974,0.004723346828609987,0.0,0.019444444444444445,0.0,0.0,0.0,0.0,0.0,0.0,0.0,0.0
86.6866,0.009446693657219974,0.004723346828609987,0.0,0.019444444444444445,0.0,0.0,0.0,0.0,0.0,0.0,0.0,0.0
86.7867,0.009446693657219974,0.004723346828609987,0.0,0.019444444444444445,0.0,0.0,0.0,0.0,0.0,0.0,0.0,0.0
86.88680000000001,0.009446693657219974,0.004723346828609987,0.0,0.019444444444444445,0.0,0.0,0.0,0.0,0.0,0.0,0.0,0.0
86.9869,0.009446693657219974,0.004723346828609987,0.0,0.019444444444444445,0.0,0.0,0.0,0.0,0.0,0.0,0.0,0.0
87.087,0.009446693657219974,0.004723346828609987,0.0,0.019444444444444445,0.0,0.0,0.0,0.0,0.0,0.0,0.0,0.0
87.1871,0.009446693657219974,0.004723346828609987,0.0,0.019444444444444445,0.0,0.0,0.0,0.0,0.0,0.0,0.0,0.0
87.2872,0.009446693657219974,0.004723346828609987,0.0,0.019444444444444445,0.0,0.0,0.0,0.0,0.0,0.0,0.0,0.0
87.3873,0.009446693657219974,0.005060728744939271,0.0,0.019444444444444445,0.0,0.0,0.0,0.0,0.0,0.0,0.0,0.0
87.48740000000001,0.009446693657219974,0.005060728744939271,0.0,0.019444444444444445,0.0,0.0,0.0,0.0,0.0,0.0,0.0,0.0
87.5875,0.009446693657219974,0.005060728744939271,0.0,0.019444444444444445,0.0,0.0,0.0,0.0,0.0,0.0,0.0,0.0
87.6876,0.009446693657219974,0.005060728744939271,0.0,0.019444444444444445,0.0,0.0,0.0,0.0,0.0,0.0,0.0,0.0
87.7877,0.009446693657219974,0.005060728744939271,0.0,0.01984126984126984,0.0,0.0,0.0,0.0,0.0,0.0,0.0,0.0
87.8878,0.009446693657219974,0.005060728744939271,0.0,0.01984126984126984,0.0,0.0,0.0,0.0,0.0,0.0,0.0,0.0
87.9879,0.009446693657219974,0.005060728744939271,0.0,0.01984126984126984,0.0,0.0,0.0,0.0,0.0,0.0,0.0,0.0
88.08800000000001,0.009446693657219974,0.005060728744939271,0.0,0.01984126984126984,0.0,0.0,0.0,0.0,0.0,0.0,0.0,0.0
88.1881,0.009109311740890687,0.005060728744939271,0.0,0.01984126984126984,0.0,0.0,0.0,0.0,0.0,0.0,0.0,0.0
88.2882,0.009109311740890687,0.005060728744939271,0.0,0.01984126984126984,0.0,0.0,0.0,0.0,0.0,0.0,0.0,0.0
88.3883,0.009109311740890687,0.005060728744939271,0.0,0.01984126984126984,0.0,0.0,0.0,0.0,0.0,0.0,0.0,0.0
88.4884,0.009109311740890687,0.005060728744939271,0.0,0.01984126984126984,0.0,0.0,0.0,0.0,0.0,0.0,0.0,0.0
88.5885,0.009109311740890687,0.005060728744939271,0.0,0.01984126984126984,0.0,0.0,0.0,0.0,0.0,0.0,0.0,0.0
88.68860000000001,0.009109311740890687,0.005060728744939271,0.0,0.01984126984126984,0.0,0.0,0.0,0.0,0.0,0.0,0.0,0.0
88.7887,0.009109311740890687,0.005060728744939271,0.0,0.01984126984126984,0.0,0.0,0.0,0.0,0.0,0.0,0.0,0.0
88.8888,0.009109311740890687,0.005060728744939271,0.0,0.01984126984126984,0.0,0.0,0.0,0.0,0.0,0.0,0.0,0.0
88.9889,0.009109311740890687,0.005060728744939271,0.0,0.01984126984126984,0.0,0.0,0.0,0.0,0.0,0.0,0.0,0.0
89.089,0.009109311740890687,0.005060728744939271,0.0,0.01984126984126984,0.0,0.0,0.0,0.0,0.0,0.0,0.0,0.0
89.1891,0.009109311740890687,0.005060728744939271,0.0,0.01984126984126984,0.0,0.0,0.0,0.0,0.0,0.0,0.0,0.0
89.28920000000001,0.009109311740890687,0.005060728744939271,0.0,0.01984126984126984,0.0,0.0,0.0,0.0,0.0,0.0,0.0,0.0
89.3893,0.009109311740890687,0.005060728744939271,0.0,0.01984126984126984,0.0,0.0,0.0,0.0,0.0,0.0,0.0,0.0
89.4894,0.009109311740890687,0.005060728744939271,0.0,0.01984126984126984,0.0,0.0,0.0,0.0,0.0,0.0,0.0,0.0
89.5895,0.009109311740890687,0.005060728744939271,0.0,0.01984126984126984,0.0,0.0,0.0,0.0,0.0,0.0,0.0,0.0
89.6896,0.009109311740890687,0.005060728744939271,0.0,0.01984126984126984,0.0,0.0,0.0,0.0,0.0,0.0,0.0,0.0
89.7897,0.009109311740890687,0.005060728744939271,0.0,0.01984126984126984,0.0,0.0,0.0,0.0,0.0,0.0,0.0,0.0
89.88980000000001,0.009446693657219974,0.005060728744939271,0.0,0.01984126984126984,0.0,0.0,0.0,0.0,0.0,0.0,0.0,0.0
89.9899,0.009446693657219974,0.005060728744939271,0.0,0.01984126984126984,0.0,0.0,0.0,0.0,0.0,0.0,0.0,0.0
90.09,0.009446693657219974,0.005060728744939271,0.0,0.01984126984126984,0.0,0.0,0.0,0.0,0.0,0.0,0.0,0.0
90.1901,0.009109311740890687,0.005060728744939271,0.0,0.01984126984126984,0.0,0.0,0.0,0.0,0.0,0.0,0.0,0.0
90.2902,0.009109311740890687,0.005060728744939271,0.0,0.01984126984126984,0.0,0.0,0.0,0.0,0.0,0.0,0.0,0.0
90.3903,0.009109311740890687,0.005060728744939271,0.0,0.01984126984126984,0.0,0.0,0.0,0.0,0.0,0.0,0.0,0.0
90.49040000000001,0.009109311740890687,0.005060728744939271,0.0,0.01984126984126984,0.0,0.0,0.0,0.0,0.0,0.0,0.0,0.0
90.5905,0.009109311740890687,0.005060728744939271,0.0,0.01984126984126984,0.0,0.0,0.0,0.0,0.0,0.0,0.0,0.0
90.6906,0.009109311740890687,0.005060728744939271,0.0,0.01984126984126984,0.0,0.0,0.0,0.0,0.0,0.0,0.0,0.0
90.7907,0.009109311740890687,0.005060728744939271,0.0,0.01984126984126984,0.0,0.0,0.0,0.0,0.0,0.0,0.0,0.0
90.8908,0.009109311740890687,0.005060728744939271,0.0,0.01984126984126984,0.0,0.0,0.0,0.0,0.0,0.0,0.0,0.0
90.9909,0.009446693657219974,0.005060728744939271,0.0,0.01984126984126984,0.0,0.0,0.0,0.0,0.0,0.0,0.0,0.0
91.09100000000001,0.009446693657219974,0.005060728744939271,0.0,0.01984126984126984,0.0,0.0,0.0,0.0,0.0,0.0,0.0,0.0
91.1911,0.009446693657219974,0.005060728744939271,0.0,0.01984126984126984,0.0,0.0,0.0,0.0,0.0,0.0,0.0,0.0
91.2912,0.009109311740890687,0.005060728744939271,0.0,0.01984126984126984,0.0,0.0,0.0,0.0,0.0,0.0,0.0,0.0
91.3913,0.009109311740890687,0.005060728744939271,0.0,0.01984126984126984,0.0,0.0,0.0,0.0,0.0,0.0,0.0,0.0
91.4914,0.009109311740890687,0.005060728744939271,0.0,0.01984126984126984,0.0,0.0,0.0,0.0,0.0,0.0,0.0,0.0
91.5915,0.009109311740890687,0.005060728744939271,0.0,0.01984126984126984,0.0,0.0,0.0,0.0,0.0,0.0,0.0,0.0
91.69160000000001,0.009109311740890687,0.005060728744939271,0.0,0.01984126984126984,0.0,0.0,0.0,0.0,0.0,0.0,0.0,0.0
91.7917,0.009446693657219974,0.005060728744939271,0.0,0.02023809523809524,0.0,0.0,0.0,0.0,0.0,0.0,0.0,0.0
91.8918,0.009446693657219974,0.005060728744939271,0.0,0.02023809523809524,0.0,0.0,0.0,0.0,0.0,0.0,0.0,0.0
91.9919,0.009446693657219974,0.005060728744939271,0.0,0.02023809523809524,0.0,0.0,0.0,0.0,0.0,0.0,0.0,0.0
92.092,0.009446693657219974,0.005060728744939271,0.0,0.02023809523809524,0.0,0.0,0.0,0.0,0.0,0.0,0.0,0.0
92.1921,0.009446693657219974,0.005060728744939271,0.0,0.02023809523809524,0.0,0.0,0.0,0.0,0.0,0.0,0.0,0.0
92.29220000000001,0.009446693657219974,0.005060728744939271,0.0,0.02023809523809524,0.0,0.0,0.0,0.0,0.0,0.0,0.0,0.0
92.3923,0.009446693657219974,0.005060728744939271,0.0,0.02023809523809524,0.0,0.0,0.0,0.0,0.0,0.0,0.0,0.0
92.4924,0.009446693657219974,0.005060728744939271,0.0,0.02023809523809524,0.0,0.0,0.0,0.0,0.0,0.0,0.0,0.0
92.5925,0.009446693657219974,0.005060728744939271,0.0,0.02023809523809524,0.0,0.0,0.0,0.0,0.0,0.0,0.0,0.0
92.6926,0.009446693657219974,0.005060728744939271,0.0,0.02023809523809524,0.0,0.0,0.0,0.0,0.0,0.0,0.0,0.0
92.7927,0.009446693657219974,0.005060728744939271,0.0,0.02023809523809524,0.0,0.0,0.0,0.0,0.0,0.0,0.0,0.0
92.89280000000001,0.009446693657219974,0.005060728744939271,0.0,0.02023809523809524,0.0,0.0,0.0,0.0,0.0,0.0,0.0,0.0
92.9929,0.009446693657219974,0.005060728744939271,0.0,0.02023809523809524,0.0,0.0,0.0,0.0,0.0,0.0,0.0,0.0
93.093,0.009446693657219974,0.005060728744939271,0.0,0.02023809523809524,0.0,0.0,0.0,0.0,0.0,0.0,0.0,0.0
93.1931,0.009446693657219974,0.005060728744939271,0.0,0.02023809523809524,0.0,0.0,0.0,0.0,0.0,0.0,0.0,0.0
93.2932,0.009446693657219974,0.005060728744939271,0.0,0.02023809523809524,0.0,0.0,0.0,0.0,0.0,0.0,0.0,0.0
93.3933,0.009446693657219974,0.005060728744939271,0.0,0.02023809523809524,0.0,0.0,0.0,0.0,0.0,0.0,0.0,0.0
93.49340000000001,0.009446693657219974,0.005060728744939271,0.0,0.02023809523809524,0.0,0.0,0.0,0.0,0.0,0.0,0.0,0.0
93.5935,0.009784075573549258,0.005060728744939271,0.0,0.02023809523809524,0.0,0.0,0.0,0.0,0.0,0.0,0.0,0.0
93.6936,0.009784075573549258,0.005060728744939271,0.0,0.01984126984126984,0.0,0.0,0.0,0.0,0.0,0.0,0.0,0.0
93.7937,0.009784075573549258,0.005060728744939271,0.0,0.01984126984126984,0.0,0.0,0.0,0.0,0.0,0.0,0.0,0.0
93.8938,0.009784075573549258,0.005060728744939271,0.0,0.01984126984126984,0.0,0.0,0.0,0.0,0.0,0.0,0.0,0.0
93.9939,0.009784075573549258,0.005060728744939271,0.0,0.01984126984126984,0.0,0.0,0.0,0.0,0.0,0.0,0.0,0.0
94.09400000000001,0.009784075573549258,0.005060728744939271,0.0,0.01984126984126984,0.0,0.0,0.0,0.0,0.0,0.0,0.0,0.0
94.1941,0.009784075573549258,0.005060728744939271,0.0,0.01984126984126984,0.0,0.0,0.0,0.0,0.0,0.0,0.0,0.0
94.2942,0.009784075573549258,0.005060728744939271,0.0,0.01984126984126984,0.0,0.0,0.0,0.0,0.0,0.0,0.0,0.0
94.3943,0.009784075573549258,0.005060728744939271,0.0,0.01984126984126984,0.0,0.0,0.0,0.0,0.0,0.0,0.0,0.0
94.4944,0.009784075573549258,0.005060728744939271,0.0,0.01984126984126984,0.0,0.0,0.0,0.0,0.0,0.0,0.0,0.0
94.5945,0.009784075573549258,0.005060728744939271,0.0,0.01984126984126984,0.0,0.0,0.0,0.0,0.0,0.0,0.0,0.0
94.69460000000001,0.009784075573549258,0.005060728744939271,0.0,0.01984126984126984,0.0,0.0,0.0,0.0,0.0,0.0,0.0,0.0
94.7947,0.009784075573549258,0.005060728744939271,0.0,0.01984126984126984,0.0,0.0,0.0,0.0,0.0,0.0,0.0,0.0
94.8948,0.009784075573549258,0.005060728744939271,0.0,0.01984126984126984,0.0,0.0,0.0,0.0,0.0,0.0,0.0,0.0
94.9949,0.009784075573549258,0.005060728744939271,0.0,0.01984126984126984,0.0,0.0,0.0,0.0,0.0,0.0,0.0,0.0
95.095,0.009784075573549258,0.005060728744939271,0.0,0.01984126984126984,0.0,0.0,0.0,0.0,0.0,0.0,0.0,0.0
95.1951,0.009784075573549258,0.005060728744939271,0.0,0.01984126984126984,0.0,0.0,0.0,0.0,0.0,0.0,0.0,0.0
95.29520000000001,0.009784075573549258,0.005060728744939271,0.0,0.01984126984126984,0.0,0.0,0.0,0.0,0.0,0.0,0.0,0.0
95.3953,0.009784075573549258,0.005060728744939271,0.0,0.01984126984126984,0.0,0.0,0.0,0.0,0.0,0.0,0.0,0.0
95.4954,0.009784075573549258,0.005060728744939271,0.0,0.01984126984126984,0.0,0.0,0.0,0.0,0.0,0.0,0.0,0.0
95.5955,0.009784075573549258,0.005060728744939271,0.0,0.01984126984126984,0.0,0.0,0.0,0.0,0.0,0.0,0.0,0.0
95.6956,0.009784075573549258,0.005060728744939271,0.0,0.01984126984126984,0.0,0.0,0.0,0.0,0.0,0.0,0.0,0.0
95.7957,0.009784075573549258,0.005060728744939271,0.0,0.01984126984126984,0.0,0.0,0.0,0.0,0.0,0.0,0.0,0.0
95.89580000000001,0.009784075573549258,0.005060728744939271,0.0,0.01984126984126984,0.0,0.0,0.0,0.0,0.0,0.0,0.0,0.0
95.9959,0.009784075573549258,0.005060728744939271,0.0,0.01984126984126984,0.0,0.0,0.0,0.0,0.0,0.0,0.0,0.0
96.096,0.009784075573549258,0.005060728744939271,0.0,0.01984126984126984,0.0,0.0,0.0,0.0,0.0,0.0,0.0,0.0
96.1961,0.009784075573549258,0.005060728744939271,0.0,0.01984126984126984,0.0,0.0,0.0,0.0,0.0,0.0,0.0,0.0
96.2962,0.009784075573549258,0.005060728744939271,0.0,0.01984126984126984,0.0,0.0,0.0,0.0,0.0,0.0,0.0,0.0
96.3963,0.009784075573549258,0.005060728744939271,0.0,0.01984126984126984,0.0,0.0,0.0,0.0,0.0,0.0,0.0,0.0
96.49640000000001,0.009784075573549258,0.005060728744939271,0.0,0.01984126984126984,0.0,0.0,0.0,0.0,0.0,0.0,0.0,0.0
96.5965,0.009784075573549258,0.005060728744939271,0.0,0.01984126984126984,0.0,0.0,0.0,0.0,0.0,0.0,0.0,0.0
96.6966,0.009784075573549258,0.005060728744939271,0.0,0.01984126984126984,0.0,0.0,0.0,0.0,0.0,0.0,0.0,0.0
96.7967,0.009784075573549258,0.005060728744939271,0.0,0.01984126984126984,0.0,0.0,0.0,0.0,0.0,0.0,0.0,0.0
96.8968,0.009784075573549258,0.005060728744939271,0.0,0.01984126984126984,0.0,0.0,0.0,0.0,0.0,0.0,0.0,0.0
96.9969,0.009784075573549258,0.005060728744939271,0.0,0.01984126984126984,0.0,0.0,0.0,0.0,0.0,0.0,0.0,0.0
97.09700000000001,0.009784075573549258,0.005060728744939271,0.0,0.01984126984126984,0.0,0.0,0.0,0.0,0.0,0.0,0.0,0.0
97.1971,0.009784075573549258,0.005060728744939271,0.0,0.01984126984126984,0.0,0.0,0.0,0.0,0.0,0.0,0.0,0.0
97.2972,0.009784075573549258,0.005060728744939271,0.0,0.01984126984126984,0.0,0.0,0.0,0.0,0.0,0.0,0.0,0.0
97.3973,0.009784075573549258,0.005060728744939271,0.0,0.01984126984126984,0.0,0.0,0.0,0.0,0.0,0.0,0.0,0.0
97.4974,0.009784075573549258,0.005060728744939271,0.0,0.01984126984126984,0.0,0.0,0.0,0.0,0.0,0.0,0.0,0.0
97.5975,0.009784075573549258,0.005060728744939271,0.0,0.01984126984126984,0.0,0.0,0.0,0.0,0.0,0.0,0.0,0.0
97.69760000000001,0.009784075573549258,0.005060728744939271,0.0,0.01984126984126984,0.0,0.0,0.0,0.0,0.0,0.0,0.0,0.0
97.7977,0.009784075573549258,0.005060728744939271,0.0,0.01984126984126984,0.0,0.0,0.0,0.0,0.0,0.0,0.0,0.0
97.8978,0.009784075573549258,0.005060728744939271,0.0,0.01984126984126984,0.0,0.0,0.0,0.0,0.0,0.0,0.0,0.0
97.9979,0.009784075573549258,0.005060728744939271,0.0,0.01984126984126984,0.0,0.0,0.0,0.0,0.0,0.0,0.0,0.0
98.098,0.009784075573549258,0.005060728744939271,0.0,0.01984126984126984,0.0,0.0,0.0,0.0,0.0,0.0,0.0,0.0
98.1981,0.009784075573549258,0.005060728744939271,0.0,0.01984126984126984,0.0,0.0,0.0,0.0,0.0,0.0,0.0,0.0
98.29820000000001,0.009784075573549258,0.005060728744939271,0.0,0.01984126984126984,0.0,0.0,0.0,0.0,0.0,0.0,0.0,0.0
98.3983,0.009784075573549258,0.005060728744939271,0.0,0.01984126984126984,0.0,0.0,0.0,0.0,0.0,0.0,0.0,0.0
98.4984,0.009784075573549258,0.005060728744939271,0.0,0.01984126984126984,0.0,0.0,0.0,0.0,0.0,0.0,0.0,0.0
98.5985,0.009784075573549258,0.005060728744939271,0.0,0.01984126984126984,0.0,0.0,0.0,0.0,0.0,0.0,0.0,0.0
98.6986,0.009784075573549258,0.005060728744939271,0.0,0.01984126984126984,0.0,0.0,0.0,0.0,0.0,0.0,0.0,0.0
98.7987,0.009784075573549258,0.005060728744939271,0.0,0.01984126984126984,0.0,0.0,0.0,0.0,0.0,0.0,0.0,0.0
98.89880000000001,0.009784075573549258,0.005060728744939271,0.0,0.01984126984126984,0.0,0.0,0.0,0.0,0.0,0.0,0.0,0.0
98.9989,0.009446693657219974,0.005060728744939271,0.0,0.01984126984126984,0.0,0.0,0.0,0.0,0.0,0.0,0.0,0.0
99.099,0.009784075573549258,0.005060728744939271,0.0,0.01984126984126984,0.0,0.0,0.0,0.0,0.0,0.0,0.0,0.0
99.1991,0.009784075573549258,0.005060728744939271,0.0,0.01984126984126984,0.0,0.0,0.0,0.0,0.0,0.0,0.0,0.0
99.2992,0.009784075573549258,0.005060728744939271,0.0,0.01984126984126984,0.0,0.0,0.0,0.0,0.0,0.0,0.0,0.0
99.3993,0.009784075573549258,0.005060728744939271,0.0,0.01984126984126984,0.0,0.0,0.0,0.0,0.0,0.0,0.0,0.0
99.49940000000001,0.009784075573549258,0.005060728744939271,0.0,0.01984126984126984,0.0,0.0,0.0,0.0,0.0,0.0,0.0,0.0
99.5995,0.009784075573549258,0.005060728744939271,0.0,0.01984126984126984,0.0,0.0,0.0,0.0,0.0,0.0,0.0,0.0
99.6996,0.009784075573549258,0.005060728744939271,0.0,0.01984126984126984,0.0,0.0,0.0,0.0,0.0,0.0,0.0,0.0
99.7997,0.009784075573549258,0.005060728744939271,0.0,0.01984126984126984,0.0,0.0,0.0,0.0,0.0,0.0,0.0,0.0
99.8998,0.009784075573549258,0.005060728744939271,0.0,0.01984126984126984,0.0,0.0,0.0,0.0,0.0,0.0,0.0,0.0
99.9999,0.009784075573549258,0.005060728744939271,0.0,0.01984126984126984,0.0,0.0,0.0,0.0,0.0,0.0,0.0,0.0
100.10000000000001,0.008771929824561403,0.004723346828609987,0.0,0.01984126984126984,0.0,0.0,0.0,0.0,0.0,0.0,0.0,0.0
100.2001,0.008771929824561403,0.004723346828609987,0.0,0.01984126984126984,0.0,0.0,0.0,0.0,0.0,0.0,0.0,0.0
100.3002,0.008771929824561403,0.004723346828609987,0.0,0.01984126984126984,0.0,0.0,0.0,0.0,0.0,0.0,0.0,0.0
100.4003,0.008771929824561403,0.004723346828609987,0.0,0.01984126984126984,0.0,0.0,0.0,0.0,0.0,0.0,0.0,0.0
100.5004,0.008771929824561403,0.004723346828609987,0.0,0.01984126984126984,0.0,0.0,0.0,0.0,0.0,0.0,0.0,0.0
100.6005,0.008771929824561403,0.004723346828609987,0.0,0.01984126984126984,0.0,0.0,0.0,0.0,0.0,0.0,0.0,0.0
100.70060000000001,0.008771929824561403,0.004723346828609987,0.0,0.01984126984126984,0.0,0.0,0.0,0.0,0.0,0.0,0.0,0.0
100.8007,0.008771929824561403,0.004723346828609987,0.0,0.01984126984126984,0.0,0.0,0.0,0.0,0.0,0.0,0.0,0.0
100.9008,0.008771929824561403,0.004723346828609987,0.0,0.01984126984126984,0.0,0.0,0.0,0.0,0.0,0.0,0.0,0.0
101.0009,0.008771929824561403,0.004723346828609987,0.0,0.01984126984126984,0.0,0.0,0.0,0.0,0.0,0.0,0.0,0.0
101.101,0.009109311740890687,0.004723346828609987,0.0,0.01984126984126984,0.0,0.0,0.0,0.0,0.0,0.0,0.0,0.0
101.2011,0.008771929824561403,0.004723346828609987,0.0,0.01984126984126984,0.0,0.0,0.0,0.0,0.0,0.0,0.0,0.0
101.30120000000001,0.008771929824561403,0.004723346828609987,0.0,0.01984126984126984,0.0,0.0,0.0,0.0,0.0,0.0,0.0,0.0
101.4013,0.008771929824561403,0.004723346828609987,0.0,0.01984126984126984,0.0,0.0,0.0,0.0,0.0,0.0,0.0,0.0
101.5014,0.008771929824561403,0.004723346828609987,0.0,0.01984126984126984,0.0,0.0,0.0,0.0,0.0,0.0,0.0,0.0
101.6015,0.008771929824561403,0.004723346828609987,0.0,0.01984126984126984,0.0,0.0,0.0,0.0,0.0,0.0,0.0,0.0
101.7016,0.008771929824561403,0.004723346828609987,0.0,0.01984126984126984,0.0,0.0,0.0,0.0,0.0,0.0,0.0,0.0
101.8017,0.008771929824561403,0.004723346828609987,0.0,0.01984126984126984,0.0,0.0,0.0,0.0,0.0,0.0,0.0,0.0
101.90180000000001,0.008771929824561403,0.004723346828609987,0.0,0.01984126984126984,0.0,0.0,0.0,0.0,0.0,0.0,0.0,0.0
102.0019,0.008771929824561403,0.004723346828609987,0.0,0.01984126984126984,0.0,0.0,0.0,0.0,0.0,0.0,0.0,0.0
102.102,0.008771929824561403,0.004723346828609987,0.0,0.01984126984126984,0.0,0.0,0.0,0.0,0.0,0.0,0.0,0.0
102.2021,0.008771929824561403,0.004723346828609987,0.0,0.01984126984126984,0.0,0.0,0.0,0.0,0.0,0.0,0.0,0.0
102.3022,0.008771929824561403,0.004723346828609987,0.0,0.01984126984126984,0.0,0.0,0.0,0.0,0.0,0.0,0.0,0.0
102.4023,0.008771929824561403,0.004723346828609987,0.0,0.02142857142857143,0.0,0.0,0.0,0.0,0.0,0.0,0.0,0.0
102.50240000000001,0.008771929824561403,0.004723346828609987,0.0,0.01984126984126984,0.0,0.0,0.0,0.0,0.0,0.0,0.0,0.0
102.6025,0.008771929824561403,0.004723346828609987,0.0,0.02619047619047619,0.0,0.0,0.0,0.0,0.0,0.0,0.0,0.0
102.7026,0.008771929824561403,0.004723346828609987,0.0,0.01984126984126984,0.0,0.0,0.0,0.0,0.0,0.011752136752136752,0.0,0.0
102.8027,0.008771929824561403,0.004723346828609987,0.0,0.01984126984126984,0.0,0.0,0.0,0.0,0.0,0.0,0.0,0.0
102.9028,0.008771929824561403,0.004723346828609987,0.0,0.02023809523809524,0.0,0.0,0.0,0.0,0.0,0.0,0.0,0.0
103.0029,0.008771929824561403,0.004723346828609987,0.0,0.020634920634920634,0.0,0.0,0.0,0.0,0.0,0.0010683760683760685,0.0,0.0
103.10300000000001,0.008771929824561403,0.004723346828609987,0.0,0.02023809523809524,0.0,0.0,0.0,0.0,0.0,0.0,0.0,0.0
103.2031,0.008771929824561403,0.004723346828609987,0.0,0.02023809523809524,0.0,0.0,0.0,0.0,0.0,0.0,0.0,0.0
103.3032,0.008771929824561403,0.004723346828609987,0.0,0.02023809523809524,0.0,0.0,0.0,0.0,0.0,0.0,0.0,0.0
103.4033,0.008771929824561403,0.004723346828609987,0.0,0.02023809523809524,0.0,0.0,0.0,0.0,0.0,0.0,0.0,0.0
103.5034,0.008771929824561403,0.004723346828609987,0.0,0.02023809523809524,0.0,0.0,0.0,0.0,0.0,0.0,0.0,0.0
103.6035,0.008771929824561403,0.004723346828609987,0.0,0.02023809523809524,0.0,0.0,0.0,0.0,0.0,0.0,0.0,0.0
103.70360000000001,0.008771929824561403,0.004723346828609987,0.0,0.02023809523809524,0.0,0.0,0.0,0.0,0.0,0.0,0.0,0.0
103.8037,0.008771929824561403,0.004723346828609987,0.0,0.01984126984126984,0.0,0.0,0.0,0.0,0.0,0.0,0.0,0.0
103.9038,0.008771929824561403,0.004723346828609987,0.0,0.01984126984126984,0.0,0.0,0.0,0.0,0.0,0.0,0.0,0.0
104.0039,0.008771929824561403,0.004723346828609987,0.0,0.01984126984126984,0.0,0.0,0.0,0.0,0.0,0.0,0.0,0.0
104.104,0.008771929824561403,0.004723346828609987,0.0,0.01984126984126984,0.0,0.0,0.0,0.0,0.0,0.0,0.0,0.0
104.2041,0.008771929824561403,0.004723346828609987,0.0,0.01984126984126984,0.0,0.0,0.0,0.0,0.0,0.0,0.0,0.0
104.30420000000001,0.008771929824561403,0.004723346828609987,0.0,0.01984126984126984,0.0,0.0,0.0,0.0,0.0,0.0,0.0,0.0
104.4043,0.008771929824561403,0.004723346828609987,0.0,0.01984126984126984,0.0,0.0,0.0,0.0,0.0,0.0,0.0,0.0
104.5044,0.008771929824561403,0.004723346828609987,0.0,0.01984126984126984,0.0,0.0,0.0,0.0,0.0,0.0,0.0,0.0
104.6045,0.008771929824561403,0.004723346828609987,0.0,0.01984126984126984,0.0,0.0,0.0,0.0,0.0,0.0,0.0,0.0
104.7046,0.008771929824561403,0.004723346828609987,0.0,0.01984126984126984,0.0,0.0,0.0,0.0,0.0,0.0,0.0,0.0
104.8047,0.008771929824561403,0.004723346828609987,0.0,0.01984126984126984,0.0,0.0,0.0,0.0,0.0,0.0,0.0,0.0
104.90480000000001,0.008771929824561403,0.004723346828609987,0.0,0.01984126984126984,0.0,0.0,0.0,0.0,0.0,0.0,0.0,0.0
105.0049,0.008771929824561403,0.004723346828609987,0.0,0.01984126984126984,0.0,0.0,0.0,0.0,0.0,0.0,0.0,0.0
105.105,0.008771929824561403,0.004723346828609987,0.0,0.01984126984126984,0.0,0.0,0.0,0.0,0.0,0.0,0.0,0.0
105.2051,0.008771929824561403,0.004723346828609987,0.0,0.01984126984126984,0.0,0.0,0.0,0.0,0.0,0.0,0.0,0.0
105.3052,0.008771929824561403,0.004723346828609987,0.0,0.01984126984126984,0.0,0.0,0.0,0.0,0.0,0.0,0.0,0.0
105.4053,0.008771929824561403,0.004723346828609987,0.0,0.01984126984126984,0.0,0.0,0.0,0.0,0.0,0.0,0.0,0.0
105.50540000000001,0.008771929824561403,0.004723346828609987,0.0,0.01984126984126984,0.0,0.0,0.0,0.0,0.0,0.0,0.0,0.0
105.6055,0.008771929824561403,0.004723346828609987,0.0,0.01984126984126984,0.0,0.0,0.0,0.0,0.0,0.0,0.0,0.0
105.7056,0.008771929824561403,0.004723346828609987,0.0,0.01984126984126984,0.0,0.0,0.0030153508771929823,0.0,0.0,0.0,0.0,0.0
105.8057,0.008771929824561403,0.004723346828609987,0.0,0.01984126984126984,0.0,0.0,0.0010964912280701754,0.0,0.0,0.0,0.0,0.0
105.9058,0.008771929824561403,0.004723346828609987,0.0,0.01984126984126984,0.0,0.0,0.004111842105263158,0.0,0.0,0.0,0.0,0.0
106.0059,0.008771929824561403,0.004723346828609987,0.0,0.01984126984126984,0.0,0.0,0.005208333333333333,0.0008223684210526315,0.0,0.0,0.0,0.0
106.10600000000001,0.008771929824561403,0.004723346828609987,0.0,0.01984126984126984,0.0,0.0,0.0,0.0,0.0,0.0,0.0,0.0
106.2061,0.008771929824561403,0.004723346828609987,0.0,0.01984126984126984,0.0,0.0,0.0,0.0,0.0,0.0,0.0,0.0
106.3062,0.008771929824561403,0.004723346828609987,0.0,0.01984126984126984,0.0,0.0,0.006304824561403508,0.0,0.0,0.0,0.0,0.0
106.4063,0.008771929824561403,0.004723346828609987,0.0,0.01984126984126984,0.0,0.0,0.0,0.0,0.0,0.0,0.0,0.0
106.5064,0.008771929824561403,0.004723346828609987,0.0,0.01984126984126984,0.0,0.0,0.0,0.0,0.0,0.0,0.0,0.0
106.6065,0.008771929824561403,0.004723346828609987,0.0,0.01984126984126984,0.0,0.0,0.0,0.0,0.0,0.0,0.0,0.0
106.70660000000001,0.008771929824561403,0.004723346828609987,0.0,0.01984126984126984,0.0,0.0,0.0,0.0,0.0,0.0,0.0,0.0
106.8067,0.008771929824561403,0.004723346828609987,0.0,0.01984126984126984,0.0,0.0,0.0,0.0,0.0,0.0,0.0,0.0
106.9068,0.008771929824561403,0.004723346828609987,0.0,0.01984126984126984,0.0,0.0,0.0,0.0,0.0,0.0,0.0,0.0
107.0069,0.008771929824561403,0.004723346828609987,0.0,0.01984126984126984,0.0,0.0,0.0,0.0,0.0,0.0,0.0,0.0
107.107,0.008771929824561403,0.004723346828609987,0.0,0.01984126984126984,0.0,0.0,0.0,0.0,0.0,0.0,0.0,0.0
107.2071,0.008771929824561403,0.004723346828609987,0.0,0.01984126984126984,0.0,0.0,0.0,0.0,0.0,0.0,0.0,0.0
107.30720000000001,0.008771929824561403,0.004723346828609987,0.0,0.01984126984126984,0.0,0.0,0.0,0.0,0.0,0.0,0.0,0.0
107.4073,0.008771929824561403,0.004723346828609987,0.0,0.01984126984126984,0.0,0.0,0.0,0.0,0.0,0.0,0.0,0.0
107.5074,0.008771929824561403,0.004723346828609987,0.0,0.01984126984126984,0.0,0.0,0.0,0.0,0.0,0.0,0.0,0.0
107.6075,0.008771929824561403,0.004723346828609987,0.0,0.01984126984126984,0.0,0.0,0.0,0.0,0.0,0.0,0.0,0.0
107.7076,0.008771929824561403,0.004723346828609987,0.0,0.01984126984126984,0.0,0.0,0.0,0.0,0.0,0.0,0.0,0.0
107.8077,0.008771929824561403,0.004723346828609987,0.0,0.01984126984126984,0.0,0.0,0.0,0.0,0.0,0.0,0.0,0.0
107.90780000000001,0.008771929824561403,0.004723346828609987,0.0,0.01984126984126984,0.0,0.0,0.0,0.0,0.0,0.0,0.0,0.0
108.0079,0.008771929824561403,0.004723346828609987,0.0,0.01984126984126984,0.0,0.0,0.0,0.0,0.0,0.0,0.0,0.0
108.108,0.008771929824561403,0.004723346828609987,0.0,0.01984126984126984,0.0,0.0,0.0,0.0,0.0,0.0,0.0,0.0
108.2081,0.008771929824561403,0.004723346828609987,0.0,0.01984126984126984,0.0,0.0,0.0,0.0,0.0,0.0,0.0,0.0
108.3082,0.008771929824561403,0.004723346828609987,0.0,0.01984126984126984,0.0,0.0,0.0,0.0,0.0,0.0,0.0,0.0
108.4083,0.008771929824561403,0.004723346828609987,0.0,0.01984126984126984,0.0,0.0,0.0,0.0,0.0,0.0,0.0,0.0
108.50840000000001,0.009109311740890687,0.005060728744939271,0.0,0.01984126984126984,0.0,0.0,0.0,0.0,0.0,0.0,0.0,0.0
108.6085,0.009109311740890687,0.005060728744939271,0.0,0.01984126984126984,0.0,0.0,0.0,0.0,0.0,0.0,0.0,0.0
108.7086,0.009109311740890687,0.005060728744939271,0.0,0.01984126984126984,0.0,0.0,0.0,0.0,0.0,0.0,0.0,0.0
108.8087,0.009109311740890687,0.005060728744939271,0.0,0.01984126984126984,0.0,0.0,0.0,0.0,0.0,0.0,0.0,0.0
108.9088,0.009109311740890687,0.005060728744939271,0.0,0.01984126984126984,0.0,0.0,0.0,0.0,0.0,0.0,0.0,0.0
109.0089,0.008771929824561403,0.005060728744939271,0.0,0.01984126984126984,0.0,0.0,0.0,0.0,0.0,0.0,0.0,0.0
109.10900000000001,0.008771929824561403,0.005060728744939271,0.0,0.01984126984126984,0.0,0.0,0.0,0.0,0.0,0.0,0.0,0.0
109.2091,0.008771929824561403,0.005060728744939271,0.0,0.01984126984126984,0.0,0.0,0.0,0.0,0.0,0.0,0.0,0.0
109.3092,0.008771929824561403,0.005060728744939271,0.0,0.01984126984126984,0.0,0.0,0.0,0.0,0.0,0.0,0.0,0.0
109.4093,0.008771929824561403,0.005060728744939271,0.0,0.01984126984126984,0.0,0.0,0.0,0.0,0.0,0.0,0.0,0.0
109.5094,0.008771929824561403,0.005060728744939271,0.0,0.01984126984126984,0.0,0.0,0.0,0.0,0.0,0.0,0.0,0.0
109.6095,0.008771929824561403,0.005060728744939271,0.0,0.01984126984126984,0.0,0.0,0.0,0.0,0.0,0.0,0.0,0.0
109.70960000000001,0.008771929824561403,0.005060728744939271,0.0,0.01984126984126984,0.0,0.0,0.0,0.0,0.0,0.0,0.0,0.0
109.8097,0.008771929824561403,0.005060728744939271,0.0,0.01984126984126984,0.0,0.0,0.0,0.0,0.0,0.0,0.0,0.0
109.9098,0.008771929824561403,0.005060728744939271,0.0,0.01984126984126984,0.0,0.0,0.0,0.0,0.0,0.0,0.0,0.0
110.0099,0.008771929824561403,0.005060728744939271,0.0,0.01984126984126984,0.0,0.0,0.0,0.0,0.0,0.0,0.0,0.0
110.11,0.008771929824561403,0.005060728744939271,0.0,0.01984126984126984,0.0,0.0,0.0,0.0,0.0,0.0,0.0,0.0
110.2101,0.008771929824561403,0.005060728744939271,0.0,0.01984126984126984,0.0,0.0,0.0,0.0,0.0,0.0,0.0,0.0
110.31020000000001,0.008771929824561403,0.005060728744939271,0.0,0.01984126984126984,0.0,0.0,0.0,0.0,0.0,0.0,0.0,0.0
110.4103,0.008771929824561403,0.005060728744939271,0.0,0.01984126984126984,0.0,0.0,0.0,0.0,0.0,0.0,0.0,0.0
110.5104,0.008771929824561403,0.005060728744939271,0.0,0.01984126984126984,0.0,0.0,0.0,0.0,0.0,0.0,0.0,0.0
110.6105,0.008771929824561403,0.005060728744939271,0.0,0.01984126984126984,0.0,0.0,0.0,0.0,0.0,0.0,0.0,0.0
110.7106,0.009109311740890687,0.005060728744939271,0.0,0.01984126984126984,0.0,0.0,0.0,0.0,0.0,0.0,0.0,0.0
110.8107,0.009109311740890687,0.005060728744939271,0.0,0.01984126984126984,0.0,0.0,0.0,0.0,0.0,0.0,0.0,0.0
110.91080000000001,0.009109311740890687,0.005060728744939271,0.0,0.01984126984126984,0.0,0.0,0.0,0.0,0.0,0.0,0.0,0.0
111.0109,0.009109311740890687,0.005060728744939271,0.0,0.01984126984126984,0.0,0.0,0.0,0.0,0.0,0.0,0.0,0.0
111.111,0.009109311740890687,0.005060728744939271,0.0,0.01984126984126984,0.0,0.0,0.0,0.0,0.0,0.0,0.0,0.0
111.2111,0.008771929824561403,0.005060728744939271,0.0,0.01984126984126984,0.0,0.0,0.0,0.0,0.0,0.0,0.0,0.0
111.3112,0.008771929824561403,0.005060728744939271,0.0,0.01984126984126984,0.0,0.0,0.0,0.0,0.0,0.0,0.0,0.0
111.4113,0.008771929824561403,0.005060728744939271,0.0,0.01984126984126984,0.0,0.0,0.0,0.0,0.0,0.0,0.0,0.0
111.51140000000001,0.008771929824561403,0.005060728744939271,0.0,0.023015873015873017,0.010317460317460317,0.0,0.0,0.0,0.0,0.0,0.0,0.0
111.6115,0.008771929824561403,0.005060728744939271,0.0,0.023015873015873017,0.010317460317460317,0.0,0.0,0.0,0.0,0.0,0.0,0.0
111.7116,0.008771929824561403,0.005060728744939271,0.0,0.023015873015873017,0.010317460317460317,0.0,0.0,0.0,0.0,0.0,0.0,0.0
111.8117,0.008771929824561403,0.005060728744939271,0.0,0.023015873015873017,0.010317460317460317,0.0,0.0,0.0,0.0,0.0,0.0,0.0
111.9118,0.009109311740890687,0.005060728744939271,0.0,0.02261904761904762,0.010317460317460317,0.0,0.0,0.0,0.0,0.0,0.0,0.0
112.0119,0.009109311740890687,0.005060728744939271,0.0,0.02261904761904762,0.010317460317460317,0.0,0.0,0.0,0.0,0.0,0.0,0.0
112.11200000000001,0.009109311740890687,0.005060728744939271,0.0,0.02261904761904762,0.010317460317460317,0.0,0.0,0.0,0.0,0.0,0.0,0.0
112.2121,0.009109311740890687,0.005060728744939271,0.0,0.02261904761904762,0.010317460317460317,0.0,0.0,0.0,0.0,0.0,0.0,0.0
112.3122,0.009109311740890687,0.005060728744939271,0.0,0.02261904761904762,0.010317460317460317,0.0,0.0,0.0,0.0,0.0,0.0,0.0
112.4123,0.009109311740890687,0.005060728744939271,0.0,0.02261904761904762,0.010317460317460317,0.0,0.0,0.0,0.0,0.0,0.0,0.0
112.5124,0.009109311740890687,0.005060728744939271,0.0,0.023015873015873017,0.010317460317460317,0.0,0.0,0.0,0.0,0.0,0.0,0.0
112.6125,0.009109311740890687,0.005060728744939271,0.0,0.023015873015873017,0.010317460317460317,0.0,0.0,0.0,0.0,0.0,0.0,0.0
112.71260000000001,0.009109311740890687,0.005060728744939271,0.0,0.021825396825396824,0.00992063492063492,0.0,0.0,0.0,0.0,0.0,0.0,0.0
112.8127,0.009109311740890687,0.005060728744939271,0.0,0.021825396825396824,0.00992063492063492,0.0,0.0,0.0,0.0,0.0,0.0,0.0
112.9128,0.009109311740890687,0.005060728744939271,0.0,0.021825396825396824,0.00992063492063492,0.0,0.0,0.0,0.0,0.0,0.0,0.0
113.0129,0.009109311740890687,0.005060728744939271,0.0,0.02142857142857143,0.00992063492063492,0.0,0.0,0.0,0.0,0.0,0.0,0.0
113.113,0.009109311740890687,0.005060728744939271,0.0,0.02142857142857143,0.00992063492063492,0.0,0.0,0.0,0.0,0.0,0.0,0.0
113.2131,0.009109311740890687,0.005060728744939271,0.0,0.021031746031746033,0.010317460317460317,0.0,0.0,0.0,0.0,0.0,0.0,0.0
113.31320000000001,0.009109311740890687,0.005060728744939271,0.0,0.021031746031746033,0.010317460317460317,0.0,0.0,0.0,0.0,0.0,0.0,0.0
113.4133,0.009109311740890687,0.005060728744939271,0.0,0.020634920634920634,0.010317460317460317,0.0,0.0,0.0,0.0,0.0,0.0,0.0
113.5134,0.009109311740890687,0.005060728744939271,0.0,0.03571428571428571,0.010317460317460317,0.0,0.0,0.0,0.0,0.0,0.0,0.0
113.6135,0.009109311740890687,0.005060728744939271,0.0,0.051587301587301584,0.010317460317460317,0.0,0.0,0.0,0.0,0.0,0.0,0.0
113.7136,0.009109311740890687,0.005060728744939271,0.0,0.02142857142857143,0.010317460317460317,0.0,0.0,0.0,0.0,0.0,0.0,0.0
113.8137,0.009109311740890687,0.005060728744939271,0.0,0.02142857142857143,0.010317460317460317,0.0,0.0,0.0,0.0,0.0,0.0,0.0
113.91380000000001,0.009109311740890687,0.005060728744939271,0.0,0.02142857142857143,0.010317460317460317,0.0,0.0,0.0,0.0,0.0,0.0,0.0010683760683760685
114.0139,0.009109311740890687,0.005060728744939271,0.0,0.02142857142857143,0.010317460317460317,0.0,0.0,0.0,0.0,0.0,0.0,0.0
114.114,0.009109311740890687,0.005060728744939271,0.0,0.021031746031746033,0.010317460317460317,0.0,0.0,0.0,0.0,0.0,0.0,0.0
114.2141,0.009109311740890687,0.005060728744939271,0.0,0.021031746031746033,0.00992063492063492,0.0,0.0,0.0,0.0,0.0,0.0,0.0
114.3142,0.009109311740890687,0.005060728744939271,0.0,0.021031746031746033,0.00992063492063492,0.0,0.0,0.0,0.0,0.0,0.0,0.0
114.4143,0.009109311740890687,0.005060728744939271,0.0,0.02142857142857143,0.008333333333333333,0.0,0.0,0.0,0.0,0.0,0.0,0.0
114.51440000000001,0.0,0.0,0.010796221322537112,0.0,0.0,0.014285714285714285,0.0,0.0,0.0,0.0,0.0,0.0
114.6145,0.0,0.0,0.010796221322537112,0.0,0.0,0.014285714285714285,0.0,0.0,0.0,0.0,0.0,0.0
114.7146,0.0,0.0,0.010796221322537112,0.0,0.0,0.01507936507936508,0.0,0.0,0.0,0.0,0.0,0.0
114.8147,0.0,0.0,0.010796221322537112,0.0,0.0,0.014285714285714285,0.0,0.0,0.0,0.0,0.0,0.0
114.9148,0.0,0.0,0.010796221322537112,0.0,0.0,0.014285714285714285,0.0,0.0,0.0,0.0,0.0,0.0
115.0149,0.0,0.0,0.010796221322537112,0.0,0.0,0.014285714285714285,0.0,0.0,0.0,0.0,0.0,0.0
115.11500000000001,0.0,0.0,0.010796221322537112,0.0,0.0,0.014285714285714285,0.0,0.0,0.0,0.0,0.0,0.0
115.2151,0.0,0.0,0.010796221322537112,0.0007936507936507937,0.0007936507936507937,0.014285714285714285,0.0,0.0,0.0,0.0,0.0,0.0
115.3152,0.0,0.0,0.010796221322537112,0.0,0.0,0.014285714285714285,0.0,0.0,0.0,0.0,0.0,0.0
115.4153,0.0,0.0,0.010796221322537112,0.004761904761904762,0.0,0.015873015873015872,0.0,0.0,0.0,0.0,0.0,0.0
115.5154,0.0,0.0,0.010796221322537112,0.0007936507936507937,0.0,0.014285714285714285,0.0,0.0,0.0,0.0,0.0,0.0
115.6155,0.0,0.0,0.010796221322537112,0.0,0.0,0.014682539682539682,0.0,0.0,0.0,0.0,0.0,0.0
115.71560000000001,0.0,0.0,0.010796221322537112,0.0,0.0,0.014285714285714285,0.011239035087719298,0.0,0.0010964912280701754,0.0,0.0,0.0
115.8157,0.0,0.0,0.010796221322537112,0.0,0.0,0.014285714285714285,0.016721491228070175,0.0,0.0,0.0,0.0,0.0
115.9158,0.0,0.0,0.011133603238866396,0.0,0.0,0.014285714285714285,0.02055921052631579,0.0,0.0,0.0,0.0,0.0
116.0159,0.0,0.0,0.011133603238866396,0.0,0.0,0.014285714285714285,0.0021929824561403508,0.0,0.0,0.0,0.0,0.0
116.116,0.0,0.0,0.011133603238866396,0.0,0.0,0.014285714285714285,0.0,0.0,0.0,0.0,0.0,0.0
116.2161,0.0,0.0,0.011133603238866396,0.0,0.0,0.014285714285714285,0.013157894736842105,0.0,0.0,0.0,0.0,0.0
116.31620000000001,0.0,0.0,0.011133603238866396,0.0,0.0,0.014285714285714285,0.0,0.0,0.0,0.0,0.0,0.0
116.4163,0.0,0.0,0.011133603238866396,0.0,0.0,0.014285714285714285,0.0,0.0,0.0,0.0,0.0,0.0
116.5164,0.0,0.0,0.010796221322537112,0.0,0.0,0.014285714285714285,0.0,0.0,0.0,0.0,0.0,0.0
116.6165,0.0,0.0,0.010796221322537112,0.0,0.0,0.014285714285714285,0.0,0.0,0.0,0.0,0.0,0.0
116.7166,0.0,0.0,0.010796221322537112,0.0,0.0,0.014285714285714285,0.0,0.0,0.0,0.0,0.0,0.0
116.8167,0.0,0.0,0.010796221322537112,0.0,0.0,0.014285714285714285,0.0,0.0,0.0,0.0,0.0,0.0
116.91680000000001,0.0,0.0,0.010796221322537112,0.0,0.0,0.014285714285714285,0.0,0.0,0.0,0.0,0.0,0.0
117.0169,0.0,0.0,0.010796221322537112,0.0,0.0,0.014285714285714285,0.0,0.0,0.0,0.0,0.0,0.0
117.117,0.0,0.0,0.010796221322537112,0.002380952380952381,0.0,0.014285714285714285,0.0,0.0,0.0,0.0,0.0,0.0
117.2171,0.0,0.0,0.010796221322537112,0.0,0.0,0.014285714285714285,0.0,0.0,0.0,0.0,0.0,0.0
117.3172,0.0,0.0,0.011133603238866396,0.0,0.0,0.014285714285714285,0.02275219298245614,0.0,0.0,0.0,0.0,0.0
117.4173,0.0,0.0,0.011133603238866396,0.0,0.0,0.014285714285714285,0.012609649122807017,0.0,0.0,0.0,0.0,0.0
117.51740000000001,0.0,0.0,0.011133603238866396,0.0,0.0,0.014285714285714285,0.009868421052631578,0.0,0.0,0.0,0.0,0.0
117.6175,0.0,0.0,0.011133603238866396,0.0,0.0,0.014285714285714285,0.022478070175438597,0.0,0.0,0.0,0.0,0.0
117.7176,0.0,0.0,0.011133603238866396,0.0,0.0,0.014285714285714285,0.0,0.0,0.0,0.0,0.0,0.0
117.8177,0.0,0.0,0.011133603238866396,0.0,0.0,0.014285714285714285,0.0030153508771929823,0.0,0.0,0.0,0.0,0.0
117.9178,0.0,0.0,0.011133603238866396,0.0,0.0,0.014285714285714285,0.0,0.0,0.0,0.0,0.0,0.0
118.0179,0.0,0.0,0.011133603238866396,0.0,0.0,0.014285714285714285,0.0,0.0,0.0,0.0,0.0,0.0
118.11800000000001,0.0,0.0,0.011470985155195682,0.0,0.0,0.014682539682539682,0.0,0.0,0.0,0.0,0.0,0.0
118.2181,0.0,0.0,0.011133603238866396,0.0,0.0,0.014682539682539682,0.0,0.0,0.0,0.0,0.0,0.0
118.3182,0.0,0.0,0.011133603238866396,0.0,0.0,0.014682539682539682,0.0008223684210526315,0.0,0.0,0.0,0.0,0.0
118.4183,0.0,0.0,0.011470985155195682,0.0,0.0,0.014682539682539682,0.001644736842105263,0.0,0.0,0.0,0.0,0.0
118.5184,0.0,0.0,0.011470985155195682,0.0,0.0,0.014682539682539682,0.0,0.0,0.0,0.0,0.0,0.0
118.6185,0.0,0.0,0.011470985155195682,0.0003968253968253968,0.0,0.014682539682539682,0.0,0.0,0.0,0.0,0.0,0.0
118.71860000000001,0.0,0.0,0.011470985155195682,0.0,0.0,0.014682539682539682,0.0,0.0,0.0,0.0,0.0,0.0
118.8187,0.0,0.0,0.011470985155195682,0.0,0.0,0.014682539682539682,0.0,0.0,0.0,0.0,0.0,0.0
118.9188,0.0,0.0,0.011470985155195682,0.0011904761904761906,0.0,0.014682539682539682,0.0,0.0,0.0,0.01282051282051282,0.0,0.0
119.0189,0.0,0.0,0.011133603238866396,0.0,0.0,0.014682539682539682,0.0,0.0,0.0,0.0,0.0,0.0
119.119,0.0,0.0,0.011133603238866396,0.0,0.0,0.014682539682539682,0.00849780701754386,0.0,0.0,0.0,0.0,0.0
119.2191,0.0,0.0,0.011133603238866396,0.0,0.0,0.014682539682539682,0.007949561403508772,0.0,0.0,0.0,0.0,0.0
119.3192,0.0,0.0,0.011133603238866396,0.0,0.0,0.014682539682539682,0.0043859649122807015,0.0,0.0,0.0,0.0,0.0
119.4193,0.0,0.0,0.011133603238866396,0.0,0.0,0.014682539682539682,0.024671052631578948,0.0,0.0,0.0,0.0,0.0
119.5194,0.0,0.0,0.011133603238866396,0.0,0.0,0.014682539682539682,0.0,0.0,0.0,0.0,0.0,0.0
119.6195,0.0,0.0,0.011133603238866396,0.0,0.0,0.014682539682539682,0.0,0.0,0.0,0.0,0.0,0.0
119.7196,0.0,0.0,0.011133603238866396,0.0,0.0,0.014682539682539682,0.0,0.0,0.0,0.0,0.0,0.0
119.8197,0.0,0.0,0.010796221322537112,0.0,0.0,0.014682539682539682,0.0,0.0,0.0,0.0,0.0,0.0
119.9198,0.0,0.0,0.010796221322537112,0.0,0.0,0.014682539682539682,0.0,0.0,0.0,0.0,0.0,0.0
120.0199,0.0,0.0,0.010796221322537112,0.0,0.0,0.014682539682539682,0.0,0.0,0.0,0.0,0.0,0.0
120.12,0.0,0.0,0.010796221322537112,0.01507936507936508,0.0,0.014682539682539682,0.0,0.0,0.0,0.0,0.0,0.0
120.2201,0.0,0.0,0.010796221322537112,0.0,0.0,0.014682539682539682,0.0,0.0,0.0,0.0,0.0,0.0
120.3202,0.0,0.0,0.010796221322537112,0.0,0.0,0.014682539682539682,0.0,0.0,0.0,0.0,0.0,0.0
120.4203,0.0,0.0,0.010796221322537112,0.0,0.0,0.014682539682539682,0.0,0.0,0.0,0.0,0.0,0.0
120.5204,0.0,0.0,0.010796221322537112,0.0,0.0,0.014682539682539682,0.0,0.0,0.0,0.0,0.0,0.0
120.6205,0.0,0.0,0.010796221322537112,0.0,0.0,0.014682539682539682,0.0,0.0,0.0,0.0,0.0,0.0
120.7206,0.0,0.0,0.010796221322537112,0.0,0.0,0.014682539682539682,0.0,0.0,0.0,0.0,0.0,0.0
120.8207,0.0,0.0,0.011133603238866396,0.0,0.0,0.014682539682539682,0.0,0.0,0.0,0.0,0.0,0.0
120.9208,0.0,0.0,0.011133603238866396,0.0,0.0,0.014682539682539682,0.0,0.0,0.0,0.0,0.0,0.0
121.0209,0.0,0.0,0.010796221322537112,0.0,0.0,0.014682539682539682,0.0,0.0,0.0,0.0,0.0,0.0
121.121,0.0,0.0,0.010796221322537112,0.0,0.0,0.014682539682539682,0.0,0.0,0.0,0.0,0.0,0.0
121.2211,0.0,0.0,0.010796221322537112,0.0,0.0,0.014682539682539682,0.0,0.0,0.0,0.0,0.0,0.0
121.3212,0.0,0.0,0.010796221322537112,0.0,0.0,0.014682539682539682,0.0027412280701754384,0.0,0.0,0.0,0.0,0.0
121.4213,0.0,0.0,0.010796221322537112,0.0,0.0,0.014682539682539682,0.0005482456140350877,0.0,0.0,0.0,0.0,0.0
121.5214,0.0,0.0,0.010796221322537112,0.0,0.0,0.014682539682539682,0.0,0.0,0.0,0.0,0.0,0.0
121.6215,0.0,0.0,0.010796221322537112,0.0,0.0,0.014682539682539682,0.00356359649122807,0.0008223684210526315,0.0,0.0,0.0,0.0
121.7216,0.0,0.0,0.010796221322537112,0.0,0.0,0.014682539682539682,0.0027412280701754384,0.0010964912280701754,0.0,0.0,0.0,0.0
121.8217,0.0,0.0,0.010796221322537112,0.0,0.0,0.014682539682539682,0.0021929824561403508,0.00027412280701754384,0.0,0.0,0.0,0.0
121.9218,0.0,0.0,0.010796221322537112,0.0,0.0,0.014682539682539682,0.003837719298245614,0.0008223684210526315,0.0,0.0,0.0,0.0
122.0219,0.0,0.0,0.010796221322537112,0.0,0.0,0.014682539682539682,0.0,0.0,0.0,0.0,0.0,0.0
122.122,0.0,0.0,0.010796221322537112,0.0,0.0,0.014682539682539682,0.0,0.0,0.0,0.0,0.0,0.0
122.2221,0.0,0.0,0.010796221322537112,0.0,0.0,0.014285714285714285,0.0,0.0,0.0,0.0,0.0,0.0
122.3222,0.0,0.0,0.010796221322537112,0.0,0.0,0.014682539682539682,0.0,0.0,0.0,0.0,0.0,0.0
122.4223,0.0,0.0,0.010458839406207827,0.0,0.0,0.014285714285714285,0.0,0.0,0.0,0.0,0.0,0.0
122.5224,0.0,0.0,0.010458839406207827,0.0,0.0,0.014285714285714285,0.0,0.0,0.0,0.0,0.0,0.0
122.6225,0.0,0.0,0.010458839406207827,0.0,0.0,0.014285714285714285,0.0,0.0,0.0,0.0,0.0,0.0
122.7226,0.0,0.0,0.010796221322537112,0.0,0.0,0.014285714285714285,0.0,0.0,0.0,0.0,0.0,0.0
122.8227,0.0,0.0,0.010796221322537112,0.0,0.0,0.014285714285714285,0.0,0.0,0.0,0.0,0.0,0.0
122.9228,0.0,0.0,0.010796221322537112,0.0,0.0,0.014285714285714285,0.0,0.0,0.0,0.0,0.0,0.0
123.0229,0.0,0.0,0.010796221322537112,0.0,0.0,0.01507936507936508,0.0,0.0,0.0,0.0,0.0,0.0
123.123,0.0,0.0,0.010458839406207827,0.0,0.0,0.013888888888888888,0.0,0.0,0.0,0.0,0.0,0.0
123.2231,0.0,0.0,0.010121457489878543,0.0,0.0,0.014682539682539682,0.0,0.0,0.0,0.0,0.0,0.0
123.3232,0.0,0.0,0.010796221322537112,0.0,0.0,0.014285714285714285,0.0,0.0,0.0,0.0,0.0,0.0
123.4233,0.0,0.0,0.011133603238866396,0.0,0.0,0.014682539682539682,0.0,0.0,0.0,0.0,0.0,0.0
123.5234,0.0,0.0,0.011133603238866396,0.0,0.0,0.01507936507936508,0.0,0.0,0.0,0.0,0.0,0.0
123.6235,0.0,0.0,0.011133603238866396,0.0,0.0,0.01507936507936508,0.0,0.0,0.0,0.0,0.0,0.0
123.7236,0.0,0.0,0.010796221322537112,0.0,0.0,0.01507936507936508,0.0,0.0,0.0,0.0,0.0,0.0
123.8237,0.0,0.0,0.010121457489878543,0.0,0.0,0.01507936507936508,0.0,0.0,0.0,0.0,0.0,0.0
123.9238,0.0,0.0,0.011133603238866396,0.0,0.0,0.014682539682539682,0.0,0.0,0.0,0.0,0.0,0.0
124.0239,0.0,0.0,0.010458839406207827,0.0,0.0,0.01507936507936508,0.0,0.0,0.0,0.0,0.0,0.0
124.124,0.0,0.0,0.011133603238866396,0.0,0.0,0.01507936507936508,0.0,0.0,0.0,0.0,0.0,0.0
124.2241,0.0,0.0,0.011470985155195682,0.0,0.0,0.015476190476190477,0.0,0.0,0.0,0.0,0.0,0.0
124.3242,0.0,0.0,0.011470985155195682,0.0,0.0,0.014682539682539682,0.0,0.0,0.0,0.0,0.0,0.0
124.4243,0.0,0.0,0.011133603238866396,0.0,0.0,0.014682539682539682,0.0,0.0,0.0,0.0,0.0,0.0
124.5244,0.0,0.0,0.011133603238866396,0.0,0.0,0.01507936507936508,0.0,0.0,0.0,0.0,0.0,0.0
124.6245,0.0,0.0,0.011470985155195682,0.0,0.0,0.014285714285714285,0.0,0.0,0.0,0.0,0.0,0.0
124.7246,0.0,0.0,0.011470985155195682,0.0,0.0,0.015476190476190477,0.0,0.0,0.0,0.0,0.0,0.0
124.8247,0.0,0.0,0.010796221322537112,0.0,0.0,0.013888888888888888,0.0,0.0,0.0,0.0,0.0,0.0
124.9248,0.0,0.0,0.010458839406207827,0.0,0.0,0.014285714285714285,0.0,0.0,0.0,0.0,0.0,0.0
125.0249,0.0,0.0,0.010796221322537112,0.0,0.0,0.013095238095238096,0.0,0.0,0.0,0.0,0.0,0.0
125.125,0.0,0.0,0.010458839406207827,0.0,0.0,0.01507936507936508,0.0,0.0,0.0,0.0,0.0,0.0
125.2251,0.0,0.0,0.010796221322537112,0.0,0.0,0.015476190476190477,0.0,0.0,0.0,0.0,0.0,0.0
125.3252,0.0,0.0,0.011470985155195682,0.0,0.0,0.014682539682539682,0.0,0.0,0.0,0.0,0.0,0.0
125.42530000000001,0.0,0.0,0.010458839406207827,0.0,0.0,0.014285714285714285,0.0,0.0,0.0,0.0,0.0,0.0
125.5254,0.0,0.0,0.011133603238866396,0.0,0.0,0.01507936507936508,0.0,0.0,0.0,0.0,0.0,0.0
125.6255,0.0,0.0,0.010458839406207827,0.0,0.0,0.014682539682539682,0.0,0.0,0.0,0.0,0.0,0.0
125.7256,0.0,0.0,0.011133603238866396,0.0,0.0,0.015476190476190477,0.0,0.0,0.0,0.0,0.0,0.0
125.8257,0.0,0.0,0.011133603238866396,0.0,0.0,0.015873015873015872,0.0,0.0,0.0,0.0,0.0,0.0
125.9258,0.0,0.0,0.010796221322537112,0.0,0.0,0.014682539682539682,0.0,0.0,0.0,0.0,0.0,0.0
126.02590000000001,0.0,0.0,0.011133603238866396,0.0,0.0,0.014285714285714285,0.0,0.0,0.0,0.0,0.0,0.0
126.126,0.0,0.0,0.010121457489878543,0.0,0.0,0.014682539682539682,0.0,0.0,0.0,0.0,0.0,0.0
126.2261,0.0,0.0,0.011470985155195682,0.0,0.0,0.013492063492063493,0.0,0.0,0.0,0.0,0.0,0.0
126.3262,0.0,0.0,0.011133603238866396,0.0,0.0,0.015873015873015872,0.0,0.0,0.0,0.0,0.0,0.0
126.4263,0.0,0.0,0.010458839406207827,0.0,0.0,0.01507936507936508,0.0,0.0,0.0,0.0,0.0,0.0
126.5264,0.0,0.0,0.011133603238866396,0.0011904761904761906,0.0,0.014285714285714285,0.0,0.0,0.0,0.0,0.0,0.0
126.62650000000001,0.0,0.0,0.011133603238866396,0.0,0.0,0.015873015873015872,0.0,0.0,0.0,0.0,0.0,0.0
126.7266,0.0,0.0,0.011133603238866396,0.0,0.0,0.014682539682539682,0.0,0.0,0.0,0.0,0.0,0.0
126.8267,0.0,0.0,0.010458839406207827,0.0,0.0,0.014682539682539682,0.0,0.0,0.0,0.0,0.0,0.0
126.9268,0.0,0.0,0.011133603238866396,0.0,0.0,0.014682539682539682,0.0,0.0,0.0,0.0,0.0,0.0
127.0269,0.0,0.0,0.010458839406207827,0.0,0.0,0.01507936507936508,0.0,0.0,0.0,0.0,0.0,0.0
127.127,0.0,0.0,0.011470985155195682,0.0,0.0,0.014682539682539682,0.0,0.0,0.0,0.0,0.0,0.0
127.22710000000001,0.0,0.0,0.010458839406207827,0.0,0.0,0.015476190476190477,0.0,0.0,0.0,0.0,0.0,0.0
127.3272,0.0,0.0,0.010796221322537112,0.0,0.0,0.01507936507936508,0.0,0.0,0.0,0.0,0.0,0.0
127.4273,0.0,0.0,0.011470985155195682,0.0,0.0,0.01507936507936508,0.0,0.0,0.0,0.0,0.0,0.0
127.5274,0.0,0.0,0.010796221322537112,0.0,0.0,0.014682539682539682,0.0,0.0,0.0,0.0,0.0,0.0
